season,episode,T00,T01,T02,T03,T04,T05,T06,T07,T08,T09,T10,T11,T12,T13,T14,T15,T16,T17,T18,T19,T20,T21,T22,T23,T24,T25,T26,T27,T28,T29,T30,T31,T32,T33,T34,T35,T36,T37,T38,T39
1,1,4.251700680276419e-05,4.2517006802764196e-05,4.2517006802764196e-05,4.2517006802764196e-05,4.2517006802764196e-05,4.2517006802764196e-05,4.2517006802764196e-05,4.2517006802764196e-05,4.2517006802764196e-05,4.251700680276419e-05,4.2517006802764196e-05,4.2517006802764196e-05,4.251700680276419e-05,4.251700680276419e-05,4.2517006802764196e-05,4.2517006802764196e-05,4.2517006802764196e-05,4.2517006802764196e-05,4.251700680276419e-05,4.2517006802764196e-05,4.2517006802764196e-05,4.2517006802764196e-05,4.251700680276419e-05,4.251700680276419e-05,0.1554433256605734,4.251700680276419e-05,4.251700680276419e-05,4.2517006802764196e-05,4.251700680276419e-05,4.2517006802764196e-05,4.251700680276419e-05,4.2517006802764196e-05,0.829830532447403,4.251700680276419e-05,4.2517006802764196e-05,4.251700680276419e-05,0.013153012640321428,4.251700680276419e-05,4.251700680276419e-05,4.251700680276419e-05
1,2,3.644314868805683e-05,3.644314868805683e-05,3.644314868805683e-05,3.644314868805683e-05,3.644314868805683e-05,3.644314868805683e-05,3.644314868805683e-05,3.644314868805683e-05,3.644314868805683e-05,3.644314868805683e-05,3.644314868805683e-05,3.644314868805683e-05,3.644314868805683e-05,3.644314868805683e-05,3.644314868805683e-05,3.644314868805683e-05,3.644314868805683e-05,3.644314868805683e-05,3.644314868805683e-05,3.644314868805683e-05,3.644314868805683e-05,0.9985787172011659,3.644314868805683e-05,3.644314868805683e-05,3.644314868805683e-05,3.644314868805683e-05,3.644314868805683e-05,3.644314868805683e-05,3.644314868805683e-05,3.644314868805683e-05,3.644314868805683e-05,3.644314868805683e-05,3.644314868805684e-05,3.644314868805683e-05,3.644314868805683e-05,3.644314868805683e-05,3.644314868805683e-05,3.644314868805683e-05,3.644314868805683e-05,3.644314868805683e-05
1,3,4.1528239202670115e-05,4.152823920267012e-05,4.1528239202670115e-05,4.1528239202670115e-05,4.1528239202670115e-05,4.1528239202670115e-05,4.1528239202670115e-05,4.1528239202670115e-05,4.1528239202670115e-05,4.1528239202670115e-05,4.1528239202670115e-05,4.1528239202670115e-05,4.1528239202670115e-05,4.1528239202670115e-05,4.1528239202670115e-05,4.1528239202670115e-05,4.1528239202670115e-05,4.152823920267012e-05,4.1528239202670115e-05,0.9983803986710961,4.1528239202670115e-05,4.1528239202670115e-05,4.1528239202670115e-05,4.1528239202670115e-05,4.1528239202670115e-05,4.1528239202670115e-05,4.1528239202670115e-05,4.1528239202670115e-05,4.1528239202670115e-05,4.1528239202670115e-05,4.1528239202670115e-05,4.1528239202670115e-05,4.152823920267012e-05,4.152823920267012e-05,4.1528239202670115e-05,4.1528239202670115e-05,4.1528239202670115e-05,4.1528239202670115e-05,4.1528239202670115e-05,4.1528239202670115e-05
1,4,3.7147102526040495e-05,3.7147102526040495e-05,3.7147102526040495e-05,3.7147102526040495e-05,3.7147102526040495e-05,3.7147102526040495e-05,3.7147102526040495e-05,3.7147102526040495e-05,3.7147102526040495e-05,3.7147102526040495e-05,3.7147102526040495e-05,3.7147102526040495e-05,3.7147102526040495e-05,3.7147102526040495e-05,3.7147102526040495e-05,3.7147102526040495e-05,3.7147102526040495e-05,3.7147102526040495e-05,3.7147102526040495e-05,3.7147102526054224e-05,3.7147102526040495e-05,3.7147102526040495e-05,3.7147102526040495e-05,3.7147102526040495e-05,3.7147102526040495e-05,3.7147102526040495e-05,3.7147102526040495e-05,3.7147102526040495e-05,0.011649600930282462,3.7147102526040495e-05,3.7147102526040495e-05,0.08030189171319431,0.9066740645630597,3.7147102526040495e-05,3.7147102526040495e-05,3.7147102526040495e-05,3.7147102526040495e-05,3.7147102526040495e-05,3.7147102526040495e-05,3.7147102526040495e-05
1,5,3.692762186117636e-05,3.692762186117636e-05,3.692762186117635e-05,3.692762186117636e-05,3.692762186117636e-05,3.692762186117636e-05,0.17428455869132775,3.692762186117635e-05,3.692762186117635e-05,3.692762186117635e-05,3.692762186117635e-05,3.692762186117636e-05,3.692762186117635e-05,3.692762186117636e-05,3.692762186117635e-05,3.692762186117635e-05,3.692762186117636e-05,3.692762186117636e-05,3.692762186117636e-05,3.692762186117636e-05,3.692762186117635e-05,3.692762186117636e-05,3.692762186117635e-05,3.692762186117635e-05,0.8243121916779474,3.692762186117635e-05,3.692762186117635e-05,3.692762186117636e-05,3.692762186117635e-05,3.692762186117635e-05,3.692762186117635e-05,3.692762186117635e-05,3.692762186117636e-05,3.692762186117635e-05,3.692762186117636e-05,3.692762186117635e-05,3.692762186117636e-05,3.692762186117635e-05,3.692762186117635e-05,3.692762186117635e-05
1,6,3.8109756097591476e-05,3.810975609759148e-05,3.8109756097591476e-05,3.8109756097591476e-05,3.8109756097591476e-05,3.810975609759148e-05,0.4250166052443877,3.8109756097591476e-05,3.8109756097591476e-05,3.8109756097591476e-05,3.8109756097591476e-05,3.810975609759148e-05,3.8109756097591476e-05,3.8109756097591476e-05,3.8109756097591476e-05,3.810975609759148e-05,3.810975609759148e-05,3.810975609759148e-05,3.8109756097591476e-05,3.810975609759148e-05,3.810975609759148e-05,3.810975609759148e-05,3.8109756097591476e-05,3.8109756097591476e-05,3.810975609759148e-05,3.8109756097591476e-05,3.8109756097591476e-05,3.810975609759148e-05,3.8109756097591476e-05,3.8109756097591476e-05,3.8109756097591476e-05,3.810975609759148e-05,0.5735352240239039,3.810975609759148e-05,3.810975609759148e-05,3.8109756097591476e-05,3.8109756097591476e-05,3.8109756097591476e-05,3.810975609759148e-05,3.8109756097591476e-05
2,1,3.649635036500063e-05,3.649635036500063e-05,3.649635036500063e-05,3.649635036500063e-05,3.649635036500063e-05,3.649635036500063e-05,3.649635036500063e-05,3.649635036500063e-05,3.649635036500063e-05,3.649635036500063e-05,3.649635036500063e-05,0.17112292812027682,3.649635036500063e-05,3.649635036500063e-05,3.649635036500063e-05,0.05667284961471313,3.649635036500063e-05,3.649635036500063e-05,3.649635036500063e-05,0.04671007265083249,3.649635036500063e-05,3.649635036500063e-05,3.649635036500063e-05,3.649635036500063e-05,3.649635036500063e-05,3.649635036500063e-05,3.649635036500063e-05,3.649635036500063e-05,0.4243590265103597,3.649635036500063e-05,3.649635036500063e-05,3.649635036500063e-05,0.29985775084104294,3.649635036500063e-05,3.649635036500063e-05,3.649635036500063e-05,3.649635036500063e-05,3.649635036500063e-05,3.649635036500063e-05,3.649635036500063e-05
2,2,4.194630872486354e-05,4.1946308724863546e-05,4.1946308724863546e-05,4.1946308724863546e-05,4.194630872486354e-05,4.1946308724863546e-05,4.1946308724863546e-05,4.1946308724863546e-05,4.194630872486354e-05,4.194630872486354e-05,4.194630872486354e-05,4.1946308724863546e-05,4.194630872486354e-05,4.194630872486354e-05,4.1946308724863546e-05,4.1946308724863546e-05,4.1946308724863546e-05,4.194630872486354e-05,4.194630872486354e-05,4.1946308724863546e-05,4.194630872486354e-05,4.1946308724863546e-05,4.194630872486354e-05,4.1946308724863546e-05,4.1946308724863546e-05,4.194630872486354e-05,4.194630872486354e-05,4.1946308724863546e-05,4.194630872486354e-05,0.03695828833668623,4.194630872486354e-05,4.1946308724863546e-05,0.9614477519317689,4.194630872486354e-05,4.1946308724863546e-05,4.194630872486354e-05,4.194630872486354e-05,4.194630872486354e-05,4.194630872486354e-05,4.194630872486354e-05
2,3,3.566333808847873e-05,3.5663338088478736e-05,3.5663338088478736e-05,3.5663338088478736e-05,3.5663338088478736e-05,3.5663338088478736e-05,3.5663338088478736e-05,3.566333808847873e-05,3.566333808847873e-05,3.566333808847873e-05,3.566333808847873e-05,0.16999427023724603,3.5663338088478736e-05,3.566333808847873e-05,3.5663338088478736e-05,3.5663338088478736e-05,0.4999311713489869,3.5663338088478736e-05,3.5663338088478736e-05,3.5663338088478736e-05,3.5663338088478736e-05,3.5663338088478736e-05,3.566333808847873e-05,3.566333808847873e-05,3.5663338088478736e-05,3.566333808847873e-05,3.566333808847873e-05,3.5663338088478736e-05,3.566333808847873e-05,3.5663338088478736e-05,3.566333808847873e-05,3.566333808847873e-05,0.3105207824918798,3.566333808847873e-05,0.01826989575070195,3.566333808847873e-05,3.5663338088478736e-05,3.566333808847873e-05,3.5663338088478736e-05,3.566333808847873e-05
2,4,3.793626707135078e-05,3.7936267071350784e-05,3.793626707135078e-05,3.7936267071350784e-05,3.793626707135078e-05,3.7936267071350784e-05,0.23257121320435917,3.793626707135078e-05,3.793626707135078e-05,3.793626707135078e-05,3.793626707135078e-05,3.7936267071350784e-05,3.793626707135078e-05,3.7936267071350784e-05,3.7936267071350784e-05,3.7936267071350784e-05,3.7936267071350784e-05,3.7936267071350784e-05,3.7936267071350784e-05,3.7936267071350784e-05,3.7936267071350784e-05,3.793626707135078e-05,3.793626707135078e-05,3.793626707135078e-05,3.7936267071350784e-05,3.793626707135078e-05,3.793626707135078e-05,3.7936267071350784e-05,3.793626707135078e-05,3.793626707135078e-05,3.793626707135078e-05,3.7936267071350784e-05,0.7659872086469294,3.7936267071350784e-05,3.7936267071350784e-05,3.793626707135078e-05,3.793626707135078e-05,3.793626707135078e-05,3.793626707135078e-05,3.793626707135078e-05
2,5,4.098360655740836e-05,4.098360655740837e-05,4.098360655740837e-05,4.098360655740837e-05,4.098360655740837e-05,4.098360655740837e-05,4.098360655740837e-05,4.098360655740836e-05,4.098360655740836e-05,4.098360655740836e-05,4.098360655740836e-05,4.098360655740837e-05,4.098360655740837e-05,4.098360655740837e-05,4.098360655740837e-05,4.098360655740837e-05,4.098360655740837e-05,4.098360655740837e-05,4.098360655740837e-05,4.098360655740837e-05,4.098360655740837e-05,0.3267253263624419,4.098360655740836e-05,4.098360655740836e-05,4.098360655740837e-05,4.098360655740836e-05,4.098360655740836e-05,4.098360655740837e-05,4.098360655740836e-05,4.098360655740837e-05,4.098360655740836e-05,4.098360655740836e-05,0.6717172965883765,4.098360655740836e-05,4.098360655740837e-05,4.098360655740836e-05,4.098360655740837e-05,4.098360655740836e-05,4.098360655740837e-05,4.098360655740837e-05
2,6,4.1186161449769774e-05,0.9983937397034591,4.1186161449769774e-05,4.1186161449769774e-05,4.1186161449769774e-05,4.1186161449769774e-05,4.1186161449769774e-05,4.1186161449769774e-05,4.1186161449769774e-05,4.1186161449769774e-05,4.1186161449769774e-05,4.1186161449769774e-05,4.1186161449769774e-05,4.1186161449769774e-05,4.1186161449769774e-05,4.1186161449769774e-05,4.1186161449769774e-05,4.1186161449769774e-05,4.1186161449769774e-05,4.1186161449769774e-05,4.1186161449769774e-05,4.1186161449769774e-05,4.1186161449769774e-05,4.1186161449769774e-05,4.1186161449769774e-05,4.1186161449769774e-05,4.1186161449769774e-05,4.1186161449769774e-05,4.1186161449769774e-05,4.1186161449769774e-05,4.1186161449769774e-05,4.1186161449769774e-05,4.1186161449769774e-05,4.1186161449769774e-05,4.1186161449769774e-05,4.1186161449769774e-05,4.1186161449769774e-05,4.1186161449769774e-05,4.1186161449769774e-05,4.1186161449769774e-05
2,7,4.6554934823136986e-05,4.6554934823136986e-05,4.655493482313698e-05,4.655493482313698e-05,0.07321150765281684,4.6554934823136986e-05,4.6554934823136986e-05,4.655493482313698e-05,4.6554934823136986e-05,4.655493482313698e-05,4.655493482313698e-05,0.12232355603538711,4.655493482313698e-05,4.655493482313698e-05,4.6554934823136986e-05,4.655493482313698e-05,0.009464057641896765,4.655493482313698e-05,4.6554934823136986e-05,4.6554934823136986e-05,0.0968747403912154,4.6554934823136986e-05,4.655493482313698e-05,4.655493482313698e-05,4.6554934823136986e-05,4.655493482313698e-05,4.655493482313698e-05,4.6554934823136986e-05,4.655493482313698e-05,4.6554934823136986e-05,4.655493482313698e-05,4.6554934823136986e-05,0.696496715559874,4.6554934823136986e-05,4.6554934823136986e-05,4.655493482313698e-05,4.655493482313698e-05,4.655493482313698e-05,4.6554934823136986e-05,4.655493482313698e-05
2,8,3.6818851251878284e-05,0.39002334268213823,3.681885125187829e-05,3.681885125187829e-05,3.6818851251878284e-05,3.6818851251878284e-05,3.681885125187829e-05,3.6818851251878284e-05,3.681885125187829e-05,3.6818851251878284e-05,3.6818851251878284e-05,3.681885125187829e-05,3.6818851251878284e-05,3.6818851251878284e-05,3.681885125187829e-05,3.681885125187829e-05,3.6818851251878284e-05,3.6818851251878284e-05,3.681885125187829e-05,3.681885125187829e-05,3.681885125187829e-05,3.681885125187829e-05,3.6818851251878284e-05,3.6818851251878284e-05,3.681885125187829e-05,3.6818851251878284e-05,3.6818851251878284e-05,3.681885125187829e-05,3.6818851251878284e-05,3.681885125187829e-05,3.6818851251878284e-05,3.681885125187829e-05,0.6085775409702905,3.681885125187829e-05,3.681885125187829e-05,3.6818851251878284e-05,3.6818851251878284e-05,3.6818851251878284e-05,3.6818851251878284e-05,3.6818851251878284e-05
2,9,3.410641200547189e-05,3.4106412005471896e-05,3.4106412005471896e-05,3.410641200547189e-05,3.4106412005471896e-05,3.410641200547189e-05,3.4106412005471896e-05,3.410641200547189e-05,3.410641200547189e-05,3.410641200547189e-05,3.410641200547189e-05,3.4106412005471896e-05,3.410641200547189e-05,3.410641200547189e-05,3.4106412005471896e-05,3.4106412005471896e-05,3.4106412005471896e-05,3.410641200547189e-05,3.410641200547189e-05,3.4106412005471896e-05,3.4106412005471896e-05,0.9777861545658492,3.410641200547189e-05,3.410641200547189e-05,3.410641200547189e-05,3.410641200547189e-05,3.410641200547189e-05,3.4106412005471896e-05,3.410641200547189e-05,3.410641200547189e-05,3.410641200547189e-05,0.0019442799156377932,0.019007628274310687,3.4106412005471896e-05,3.410641200547189e-05,3.410641200547189e-05,3.410641200547189e-05,3.410641200547189e-05,3.410641200547189e-05,3.410641200547189e-05
2,10,4.1118421052670765e-05,4.1118421052670765e-05,4.1118421052670765e-05,4.1118421052670765e-05,4.1118421052670765e-05,4.1118421052670765e-05,4.1118421052670765e-05,4.1118421052670765e-05,4.1118421052670765e-05,4.1118421052670765e-05,4.1118421052670765e-05,4.1118421052670765e-05,4.1118421052670765e-05,4.1118421052670765e-05,4.1118421052670765e-05,4.1118421052670765e-05,4.1118421052670765e-05,4.1118421052670765e-05,4.1118421052670765e-05,4.1118421052670765e-05,4.1118421052670765e-05,4.1118421052670765e-05,4.1118421052670765e-05,4.1118421052670765e-05,4.1118421052670765e-05,4.1118421052670765e-05,4.1118421052670765e-05,4.1118421052670765e-05,4.1118421052670765e-05,4.1118421052670765e-05,4.1118421052670765e-05,4.1118421052670765e-05,0.9158761870044623,4.1118421052670765e-05,4.1118421052670765e-05,4.1118421052670765e-05,0.08256131299553614,4.1118421052670765e-05,4.1118421052670765e-05,4.1118421052670765e-05
2,11,3.816793893131409e-05,3.816793893131409e-05,3.8167938931314096e-05,3.816793893131409e-05,3.8167938931314096e-05,3.816793893131409e-05,0.9985114503816785,3.816793893131409e-05,3.816793893131409e-05,3.816793893131409e-05,3.816793893131409e-05,3.816793893131409e-05,3.816793893131409e-05,3.8167938931314096e-05,3.816793893131409e-05,3.8167938931314096e-05,3.816793893131409e-05,3.816793893131409e-05,3.816793893131409e-05,3.8167938931314096e-05,3.816793893131409e-05,3.816793893131409e-05,3.816793893131409e-05,3.8167938931314096e-05,3.8167938931314096e-05,3.816793893131409e-05,3.816793893131409e-05,3.816793893131409e-05,3.816793893131409e-05,3.816793893131409e-05,3.816793893131409e-05,3.8167938931314096e-05,3.816793893167089e-05,3.8167938931314096e-05,3.8167938931314096e-05,3.816793893131409e-05,3.816793893131409e-05,3.816793893131409e-05,3.816793893131409e-05,3.816793893131409e-05
2,12,4.655493482311052e-05,4.6554934823110524e-05,4.655493482311052e-05,4.655493482311052e-05,4.655493482311052e-05,4.655493482311052e-05,4.655493482311052e-05,4.655493482311052e-05,4.655493482311052e-05,4.655493482311052e-05,4.655493482311052e-05,4.655493482311052e-05,4.655493482311052e-05,4.655493482311052e-05,4.655493482311052e-05,4.655493482311052e-05,4.6554934823110524e-05,4.655493482311052e-05,4.655493482311052e-05,4.655493482311052e-05,0.9981843575418988,4.6554934823110524e-05,4.655493482311052e-05,4.655493482311052e-05,4.655493482311052e-05,4.655493482311052e-05,4.655493482311052e-05,4.655493482311052e-05,4.6554934823110524e-05,4.655493482311052e-05,4.655493482311052e-05,4.655493482311052e-05,4.6554934823110524e-05,4.655493482311052e-05,4.6554934823110524e-05,4.655493482311052e-05,4.655493482311052e-05,4.655493482311052e-05,4.655493482311052e-05,4.6554934823110524e-05
2,13,5.252100840337968e-05,5.252100840337969e-05,0.9979516806722684,5.252100840337968e-05,5.252100840337968e-05,5.252100840337968e-05,5.252100840337968e-05,5.252100840337968e-05,5.252100840337968e-05,5.252100840337968e-05,5.252100840337968e-05,5.252100840337968e-05,5.252100840337968e-05,5.252100840337968e-05,5.252100840337968e-05,5.252100840337968e-05,5.252100840337968e-05,5.252100840337968e-05,5.252100840337968e-05,5.252100840337968e-05,5.252100840337968e-05,5.252100840337968e-05,5.252100840337968e-05,5.252100840337968e-05,5.252100840337968e-05,5.252100840337968e-05,5.252100840337968e-05,5.252100840337968e-05,5.252100840337968e-05,5.252100840337968e-05,5.252100840337968e-05,5.252100840337968e-05,5.252100840337969e-05,5.252100840337968e-05,5.252100840337968e-05,5.252100840337968e-05,5.252100840337968e-05,5.252100840337968e-05,5.252100840337968e-05,5.252100840337968e-05
2,14,3.6710719530126215e-05,3.671071953012622e-05,3.6710719530126215e-05,0.5224995886820941,3.6710719530126215e-05,3.671071953012622e-05,0.027117107617054634,3.6710719530126215e-05,3.6710719530126215e-05,3.6710719530126215e-05,3.6710719530126215e-05,3.671071953012622e-05,3.6710719530126215e-05,3.6710719530126215e-05,3.671071953012622e-05,3.671071953012622e-05,3.671071953012622e-05,3.671071953012622e-05,3.671071953012622e-05,3.671071953012622e-05,3.671071953012622e-05,3.671071953012622e-05,3.6710719530126215e-05,3.671071953012622e-05,0.029943411235604785,3.6710719530126215e-05,3.6710719530126215e-05,3.671071953012622e-05,3.6710719530126215e-05,3.671071953012622e-05,3.6710719530126215e-05,3.671071953012622e-05,0.4191183065621619,3.6710719530126215e-05,3.671071953012622e-05,3.6710719530126215e-05,3.6710719530126215e-05,3.6710719530126215e-05,3.671071953012622e-05,3.6710719530126215e-05
2,15,4.258943781945979e-05,4.25894378194598e-05,4.25894378194598e-05,4.258943781945979e-05,4.25894378194598e-05,4.25894378194598e-05,0.12813953824208152,4.258943781945979e-05,4.258943781945979e-05,4.258943781945979e-05,0.11840450058512539,4.25894378194598e-05,4.258943781945979e-05,4.258943781945979e-05,4.25894378194598e-05,4.25894378194598e-05,4.25894378194598e-05,4.25894378194598e-05,4.25894378194598e-05,4.25894378194598e-05,4.25894378194598e-05,4.25894378194598e-05,4.258943781945979e-05,4.258943781945979e-05,4.25894378194598e-05,4.258943781945979e-05,4.258943781945979e-05,4.25894378194598e-05,4.258943781945979e-05,4.25894378194598e-05,4.258943781945979e-05,4.25894378194598e-05,0.751880151973473,4.25894378194598e-05,4.25894378194598e-05,4.258943781945979e-05,4.258943781945979e-05,4.258943781945979e-05,4.258943781945979e-05,4.258943781945979e-05
2,16,5.219206680589136e-05,5.219206680589137e-05,5.219206680589137e-05,5.219206680589137e-05,5.219206680589137e-05,5.219206680589137e-05,5.219206680589137e-05,5.219206680589136e-05,5.219206680589137e-05,5.219206680589136e-05,5.219206680589137e-05,5.219206680589136e-05,5.219206680589136e-05,5.219206680589136e-05,5.219206680589137e-05,5.219206680589137e-05,5.219206680589137e-05,5.219206680589137e-05,5.219206680589137e-05,0.06765813315553004,5.219206680589137e-05,5.219206680589137e-05,5.219206680589136e-05,5.219206680589136e-05,5.219206680589137e-05,5.219206680589136e-05,5.219206680589136e-05,5.219206680589137e-05,5.219206680589136e-05,5.219206680589137e-05,5.219206680589136e-05,5.219206680589136e-05,0.9303585683058461,5.219206680589136e-05,5.219206680589137e-05,5.219206680589136e-05,5.219206680589137e-05,5.219206680589136e-05,5.219206680589136e-05,5.219206680589137e-05
2,17,4.440497335704589e-05,4.440497335704589e-05,4.440497335704589e-05,4.440497335704588e-05,4.440497335704589e-05,4.440497335704589e-05,0.1176491434024499,4.440497335704588e-05,4.440497335704588e-05,4.440497335704588e-05,4.440497335704588e-05,0.031730200682490314,4.440497335704588e-05,4.440497335704589e-05,4.440497335704589e-05,4.440497335704589e-05,4.440497335704589e-05,4.440497335704589e-05,4.440497335704589e-05,4.440497335704588e-05,4.440497335704589e-05,4.440497335704589e-05,4.440497335704588e-05,4.440497335704588e-05,4.440497335704589e-05,4.440497335704588e-05,4.440497335704588e-05,4.440497335704589e-05,4.440497335704588e-05,0.012964165665668366,4.440497335704588e-05,4.440497335704589e-05,0.5110535911331572,4.440497335704589e-05,4.440497335704589e-05,4.440497335704588e-05,4.440497335704588e-05,4.440497335704588e-05,4.440497335704588e-05,0.3250487250487375
2,18,4.562043795622202e-05,4.562043795622203e-05,4.562043795622203e-05,4.562043795622203e-05,4.562043795622202e-05,0.9627616881190745,4.562043795622203e-05,4.562043795622202e-05,4.562043795622202e-05,4.562043795622202e-05,4.562043795622202e-05,4.562043795622202e-05,4.562043795622202e-05,4.562043795622202e-05,4.562043795622202e-05,4.562043795622203e-05,4.562043795622203e-05,4.562043795622202e-05,4.562043795622202e-05,4.562043795622203e-05,4.562043795622203e-05,4.562043795622202e-05,4.562043795622202e-05,4.562043795622202e-05,4.562043795622202e-05,4.562043795622202e-05,4.562043795622202e-05,4.562043795622203e-05,4.562043795622202e-05,4.562043795622203e-05,4.562043795622202e-05,4.562043795622202e-05,0.03550473523858919,4.562043795622202e-05,4.562043795622203e-05,4.562043795622202e-05,4.562043795622202e-05,4.562043795622202e-05,4.562043795622202e-05,4.562043795622202e-05
2,19,4.3630017452016084e-05,4.3630017452016084e-05,4.363001745201609e-05,4.3630017452016084e-05,4.3630017452016084e-05,4.3630017452016084e-05,4.3630017452016084e-05,4.3630017452016084e-05,4.3630017452016084e-05,4.3630017452016084e-05,4.3630017452016084e-05,4.3630017452016084e-05,4.3630017452016084e-05,4.3630017452016084e-05,4.3630017452016084e-05,4.3630017452016084e-05,4.3630017452016084e-05,4.3630017452016084e-05,4.3630017452016084e-05,4.3630017452016084e-05,4.3630017452016084e-05,4.3630017452016084e-05,4.3630017452016084e-05,4.3630017452016084e-05,4.3630017452016084e-05,4.3630017452016084e-05,4.3630017452016084e-05,4.3630017452016084e-05,4.3630017452016084e-05,4.3630017452016084e-05,4.3630017452016084e-05,0.9956944262827974,4.363001745201609e-05,4.3630017452016084e-05,4.3630017452016084e-05,4.3630017452016084e-05,0.002647633054025841,4.3630017452016084e-05,4.3630017452016084e-05,4.3630017452016084e-05
2,20,4.201680672271432e-05,4.2016806722714325e-05,4.2016806722714325e-05,4.2016806722714325e-05,4.201680672271432e-05,4.2016806722714325e-05,4.2016806722714325e-05,4.201680672271432e-05,4.201680672271432e-05,4.201680672271432e-05,4.201680672271432e-05,4.2016806722714325e-05,4.201680672271432e-05,4.201680672271432e-05,4.2016806722714325e-05,0.8030818211319403,4.2016806722714325e-05,4.2016806722714325e-05,4.201680672271432e-05,4.2016806722714325e-05,4.2016806722714325e-05,4.2016806722714325e-05,4.201680672271432e-05,4.201680672271432e-05,0.19532154021259673,4.201680672271432e-05,4.201680672271432e-05,4.2016806722714325e-05,4.201680672271432e-05,4.2016806722714325e-05,4.201680672271432e-05,4.2016806722714325e-05,4.2016806722714325e-05,4.201680672271432e-05,4.2016806722714325e-05,4.201680672271432e-05,4.201680672271432e-05,4.201680672271432e-05,4.2016806722714325e-05,4.201680672271432e-05
2,21,3.92464678179269e-05,3.92464678179269e-05,3.92464678179269e-05,3.924646781792689e-05,3.924646781792689e-05,3.924646781792689e-05,3.92464678179269e-05,3.924646781792689e-05,3.924646781792689e-05,3.924646781792689e-05,3.924646781792689e-05,3.92464678179269e-05,3.924646781792689e-05,3.924646781792689e-05,3.924646781792689e-05,3.92464678179269e-05,3.924646781792689e-05,3.92464678179269e-05,3.92464678179269e-05,3.924646781792689e-05,3.92464678179269e-05,3.924646781792689e-05,3.924646781792689e-05,3.924646781792689e-05,3.92464678179269e-05,3.924646781792689e-05,3.924646781792689e-05,3.92464678179269e-05,3.924646781792689e-05,3.92464678179269e-05,3.924646781792689e-05,3.924646781792689e-05,0.9984693877551009,3.924646781792689e-05,3.924646781792689e-05,3.924646781792689e-05,3.92464678179269e-05,3.924646781792689e-05,3.92464678179269e-05,3.924646781792689e-05
2,22,4.2444821731769024e-05,4.244482173176903e-05,4.2444821731769024e-05,4.2444821731769024e-05,4.2444821731769024e-05,4.244482173176903e-05,4.244482173176903e-05,4.2444821731769024e-05,4.2444821731769024e-05,4.2444821731769024e-05,4.2444821731769024e-05,4.244482173176903e-05,4.2444821731769024e-05,4.2444821731769024e-05,4.2444821731769024e-05,4.244482173176903e-05,4.244482173176903e-05,4.244482173176903e-05,4.244482173176903e-05,4.244482173176903e-05,4.244482173176903e-05,4.244482173176903e-05,4.2444821731769024e-05,4.2444821731769024e-05,0.9983446519524609,4.2444821731769024e-05,4.2444821731769024e-05,4.244482173176903e-05,4.244482173176903e-05,4.244482173176903e-05,4.2444821731769024e-05,4.2444821731769024e-05,4.2444821731769756e-05,4.2444821731769024e-05,4.244482173176903e-05,4.2444821731769024e-05,4.2444821731769024e-05,4.2444821731769024e-05,4.2444821731769024e-05,4.2444821731769024e-05
3,1,7.082152974507409e-05,7.082152974507409e-05,7.082152974507409e-05,7.082152974507409e-05,7.082152974507409e-05,7.082152974507409e-05,7.082152974507409e-05,7.082152974507409e-05,7.082152974507409e-05,7.082152974507409e-05,7.082152974507409e-05,7.082152974507409e-05,7.082152974507409e-05,7.082152974507409e-05,7.082152974507409e-05,7.082152974507409e-05,7.082152974507409e-05,7.082152974507409e-05,7.082152974507409e-05,7.082152974507409e-05,7.082152974507409e-05,7.082152974507409e-05,7.082152974507409e-05,7.082152974507409e-05,7.082152974507409e-05,7.082152974507409e-05,7.082152974507409e-05,0.9972379603399422,7.082152974507409e-05,7.082152974507409e-05,7.082152974507409e-05,7.082152974507409e-05,7.082152974507415e-05,7.082152974507409e-05,7.082152974507409e-05,7.082152974507409e-05,7.082152974507409e-05,7.082152974507409e-05,7.082152974507409e-05,7.082152974507409e-05
3,2,4.699248120301734e-05,4.699248120301734e-05,4.699248120301734e-05,4.699248120301734e-05,4.699248120301734e-05,4.699248120301734e-05,4.699248120301735e-05,4.699248120301734e-05,4.699248120301734e-05,4.699248120301734e-05,4.699248120301734e-05,4.699248120301735e-05,4.699248120301734e-05,4.699248120301734e-05,4.699248120301734e-05,4.699248120301734e-05,4.699248120301734e-05,4.699248120301734e-05,4.699248120301734e-05,4.699248120301734e-05,4.699248120301734e-05,4.699248120301734e-05,4.699248120301734e-05,4.699248120301734e-05,4.699248120301735e-05,4.699248120301734e-05,4.699248120301734e-05,4.699248120301735e-05,4.699248120301734e-05,4.699248120301734e-05,4.699248120301734e-05,0.9981672932330823,4.699248120301735e-05,4.699248120301734e-05,4.699248120301734e-05,4.699248120301734e-05,4.699248120301734e-05,4.699248120301734e-05,4.699248120301734e-05,4.699248120301734e-05
3,3,5.592841163315823e-05,5.592841163315823e-05,5.592841163315823e-05,5.592841163315823e-05,5.592841163315823e-05,5.592841163315822e-05,5.592841163315823e-05,5.592841163315822e-05,5.592841163315822e-05,5.592841163315822e-05,5.592841163315822e-05,5.592841163315823e-05,5.592841163315822e-05,5.592841163315822e-05,5.592841163315822e-05,5.592841163315823e-05,5.592841163315823e-05,5.5928411633184045e-05,5.592841163315823e-05,5.592841163315823e-05,5.592841163315823e-05,5.592841163315823e-05,5.592841163315822e-05,5.592841163315822e-05,5.592841163315823e-05,5.592841163315822e-05,5.592841163315822e-05,5.592841163315823e-05,5.592841163315822e-05,5.592841163315822e-05,5.592841163315822e-05,5.592841163315822e-05,0.9978187919463067,5.592841163315823e-05,5.592841163315823e-05,5.592841163315822e-05,5.592841163315822e-05,5.592841163315822e-05,5.592841163315822e-05,5.592841163315822e-05
3,4,4.230118443319774e-05,4.2301184433197745e-05,4.2301184433197745e-05,4.230118443319774e-05,4.230118443319774e-05,4.2301184433197745e-05,4.2301184433197745e-05,4.230118443319774e-05,4.2301184433197745e-05,4.230118443319774e-05,4.230118443319774e-05,4.2301184433197745e-05,4.230118443319774e-05,4.2301184433197745e-05,4.230118443319774e-05,4.2301184433197745e-05,4.2301184433197745e-05,4.2301184433197745e-05,4.230118443319774e-05,4.2301184433197745e-05,4.2301184433197745e-05,4.2301184433197745e-05,4.230118443319774e-05,4.230118443319774e-05,0.5535715365675052,4.230118443319774e-05,4.230118443319774e-05,4.2301184433197745e-05,4.230118443319774e-05,4.2301184433197745e-05,4.230118443319774e-05,4.230118443319774e-05,0.4448210184240333,4.2301184433197745e-05,4.2301184433197745e-05,4.230118443319774e-05,4.2301184433197745e-05,4.230118443319774e-05,4.2301184433197745e-05,4.230118443319774e-05
3,5,4.244482173178452e-05,4.244482173178452e-05,4.2444821731784514e-05,4.2444821731784514e-05,4.2444821731784514e-05,4.2444821731784514e-05,4.244482173178452e-05,4.2444821731784514e-05,4.244482173178452e-05,4.2444821731784514e-05,4.2444821731784514e-05,4.244482173178452e-05,4.2444821731784514e-05,4.2444821731784514e-05,0.5219468439646393,4.244482173178452e-05,4.244482173178452e-05,4.244482173178452e-05,4.244482173178452e-05,4.244482173178452e-05,4.244482173178452e-05,4.244482173178452e-05,4.2444821731784514e-05,4.2444821731784514e-05,4.244482173178452e-05,4.2444821731784514e-05,4.2444821731784514e-05,4.244482173178452e-05,4.2444821731784514e-05,4.244482173178452e-05,4.2444821731784514e-05,4.2444821731784514e-05,0.47644025280955304,4.244482173178452e-05,4.244482173178452e-05,4.2444821731784514e-05,4.244482173178452e-05,4.2444821731784514e-05,4.244482173178452e-05,4.2444821731784514e-05
3,6,5.694760820049846e-05,5.694760820049846e-05,5.6947608200498464e-05,5.694760820049846e-05,5.694760820049846e-05,5.6947608200498464e-05,5.6947608200498464e-05,5.694760820049846e-05,5.694760820049846e-05,5.694760820049846e-05,5.6947608200498464e-05,5.6947608200498464e-05,5.6947608200498464e-05,5.6947608200498464e-05,5.6947608200498464e-05,5.694760820049846e-05,5.6947608200498464e-05,5.694760820049846e-05,5.6947608200498464e-05,0.2331900776106307,5.6947608200498464e-05,5.6947608200498464e-05,5.694760820049846e-05,5.694760820049846e-05,5.6947608200498464e-05,5.694760820049846e-05,5.694760820049846e-05,5.694760820049846e-05,5.694760820049846e-05,5.6947608200498464e-05,5.694760820049846e-05,5.6947608200498464e-05,0.7646459132777503,5.694760820049846e-05,5.6947608200498464e-05,5.694760820049846e-05,5.6947608200498464e-05,5.694760820049846e-05,5.694760820049846e-05,5.6947608200498464e-05
3,7,6.0096153846206914e-05,6.009615384620692e-05,6.009615384620692e-05,6.009615384620692e-05,6.009615384620692e-05,6.0096153846206914e-05,6.009615384620692e-05,6.0096153846206914e-05,6.0096153846206914e-05,6.0096153846206914e-05,6.0096153846206914e-05,6.009615384620692e-05,6.009615384620692e-05,6.0096153846206914e-05,6.009615384620692e-05,6.009615384620692e-05,6.009615384620692e-05,6.009615384620692e-05,6.009615384620692e-05,6.009615384620692e-05,6.009615384620692e-05,6.0096153846206914e-05,6.0096153846206914e-05,6.0096153846206914e-05,6.009615384620692e-05,6.0096153846206914e-05,6.0096153846206914e-05,6.009615384620692e-05,6.0096153846206914e-05,6.0096153846206914e-05,6.0096153846206914e-05,6.009615384620692e-05,0.9976562499999979,6.009615384620692e-05,6.0096153846206914e-05,6.0096153846206914e-05,6.0096153846206914e-05,6.0096153846206914e-05,6.0096153846206914e-05,6.0096153846206914e-05
3,8,2.9308323563921097e-05,2.93083235639211e-05,2.93083235639211e-05,2.93083235639211e-05,2.93083235639211e-05,2.93083235639211e-05,2.93083235639211e-05,0.03412482481529647,2.93083235639211e-05,2.9308323563921097e-05,2.9308323563921097e-05,0.014620653758694244,2.93083235639211e-05,2.93083235639211e-05,2.93083235639211e-05,2.93083235639211e-05,2.93083235639211e-05,2.93083235639211e-05,2.93083235639211e-05,0.032757895076869194,2.93083235639211e-05,2.93083235639211e-05,2.9308323563921097e-05,2.9308323563921097e-05,0.2191143883315731,2.9308323563921097e-05,2.9308323563921097e-05,2.93083235639211e-05,2.9308323563921097e-05,2.93083235639211e-05,2.9308323563921097e-05,2.9308323563921097e-05,0.6983564466928299,2.9308323563921097e-05,2.93083235639211e-05,2.9308323563921097e-05,2.9308323563921097e-05,2.9308323563921097e-05,2.93083235639211e-05,2.93083235639211e-05
3,9,5.630630630635345e-05,5.6306306306353456e-05,5.630630630635345e-05,5.630630630635345e-05,5.630630630635345e-05,5.6306306306353456e-05,5.6306306306353456e-05,5.630630630635345e-05,5.6306306306353456e-05,5.630630630635345e-05,5.630630630635345e-05,5.6306306306353456e-05,5.630630630635345e-05,5.630630630635345e-05,5.630630630635345e-05,5.6306306306353456e-05,5.630630630635345e-05,5.630630630635345e-05,5.630630630635345e-05,5.6306306306353456e-05,5.6306306306353456e-05,5.630630630635345e-05,5.630630630635345e-05,5.630630630635345e-05,5.6306306306353456e-05,5.630630630635345e-05,5.630630630635345e-05,5.630630630635348e-05,5.630630630635345e-05,5.630630630635345e-05,5.630630630635345e-05,5.630630630635345e-05,0.9978040540540521,5.630630630635345e-05,5.6306306306353456e-05,5.630630630635345e-05,5.630630630635345e-05,5.630630630635345e-05,5.630630630635345e-05,5.630630630635345e-05
3,10,2.434274586174142e-05,2.4342745861741423e-05,2.4342745861741423e-05,2.434274586174142e-05,2.4342745861741423e-05,2.4342745861741423e-05,2.4342745861741423e-05,2.434274586174142e-05,2.434274586174142e-05,2.434274586174142e-05,2.434274586174142e-05,2.4342745861741423e-05,2.434274586174142e-05,2.4342745861741423e-05,2.434274586174142e-05,2.4342745861741423e-05,2.4342745861741423e-05,2.434274586174142e-05,2.4342745861741423e-05,2.4342745861741423e-05,2.4342745861741423e-05,2.4342745861741423e-05,2.434274586174142e-05,2.434274586174142e-05,2.4342745861741423e-05,2.434274586174142e-05,2.434274586174142e-05,2.4342745861741423e-05,2.434274586174142e-05,2.434274586174142e-05,2.434274586174142e-05,2.4342745861741423e-05,0.06089662152330889,2.4342745861741423e-05,2.4342745861741423e-05,2.434274586174142e-05,0.938178354133945,2.434274586174142e-05,2.434274586174142e-05,2.434274586174142e-05
3,11,4.4802867383533057e-05,4.480286738353306e-05,4.480286738353306e-05,4.480286738353306e-05,4.480286738353306e-05,4.480286738353306e-05,4.480286738353306e-05,4.4802867383533057e-05,4.4802867383533057e-05,4.4802867383533057e-05,4.4802867383533057e-05,4.480286738353306e-05,4.4802867383533057e-05,4.4802867383533057e-05,4.480286738353306e-05,4.480286738353306e-05,4.480286738353306e-05,4.4802867383533057e-05,4.4802867383533057e-05,4.480286738353306e-05,0.9982526881720424,4.480286738353306e-05,4.4802867383533057e-05,4.4802867383533057e-05,4.480286738353306e-05,4.4802867383533057e-05,4.4802867383533057e-05,4.480286738353306e-05,4.480286738353306e-05,4.480286738353306e-05,4.4802867383533057e-05,4.480286738353306e-05,4.48028673835666e-05,4.4802867383533057e-05,4.480286738353306e-05,4.4802867383533057e-05,4.480286738353306e-05,4.4802867383533057e-05,4.4802867383533057e-05,4.4802867383533057e-05
3,12,5.707762557082363e-05,5.707762557082364e-05,5.707762557082364e-05,5.707762557082364e-05,5.707762557082364e-05,5.707762557082363e-05,5.707762557082364e-05,5.707762557082363e-05,5.707762557082363e-05,5.707762557082363e-05,5.707762557082363e-05,5.707762557082364e-05,5.707762557082363e-05,5.707762557082363e-05,0.015331690292531109,5.707762557082364e-05,5.707762557082364e-05,5.707762557082364e-05,0.0628833172663076,5.707762557082364e-05,5.707762557082364e-05,5.707762557082364e-05,5.707762557082363e-05,5.707762557082364e-05,5.707762557082364e-05,5.707762557082363e-05,5.707762557082363e-05,5.707762557082364e-05,5.707762557082363e-05,5.707762557082364e-05,5.707762557082363e-05,5.707762557082363e-05,0.9196731202950408,5.707762557082363e-05,5.707762557082363e-05,5.707762557082363e-05,5.707762557082363e-05,5.707762557082363e-05,5.707762557082363e-05,5.707762557082363e-05
3,13,6.77506775068442e-05,6.775067750684421e-05,6.775067750684421e-05,6.77506775068442e-05,6.77506775068442e-05,6.775067750684421e-05,6.775067750684421e-05,6.77506775068442e-05,6.77506775068442e-05,6.77506775068442e-05,6.77506775068442e-05,6.775067750684421e-05,6.775067750684421e-05,6.77506775068442e-05,0.08733947719093647,6.775067750684421e-05,6.775067750684421e-05,6.775067750686001e-05,6.775067750684421e-05,6.775067750684421e-05,6.775067750684421e-05,6.77506775068442e-05,6.77506775068442e-05,6.77506775068442e-05,6.775067750684421e-05,6.77506775068442e-05,6.77506775068442e-05,6.775067750684421e-05,6.77506775068442e-05,6.775067750684421e-05,6.77506775068442e-05,6.77506775068442e-05,0.9100859970638034,6.775067750684421e-05,6.775067750684421e-05,6.77506775068442e-05,6.775067750684421e-05,6.77506775068442e-05,6.775067750684421e-05,6.77506775068442e-05
3,14,5.882352941178335e-05,5.8823529411783356e-05,5.8823529411783356e-05,5.882352941178335e-05,5.882352941178335e-05,5.882352941178335e-05,5.8823529411783356e-05,5.882352941178335e-05,5.882352941178335e-05,5.882352941178335e-05,5.882352941178335e-05,5.8823529411783356e-05,5.882352941178335e-05,5.882352941178335e-05,5.882352941178335e-05,5.882352941178335e-05,5.882352941178335e-05,5.882352941178335e-05,5.882352941178335e-05,5.8823529411783356e-05,5.8823529411783356e-05,5.882352941178335e-05,5.882352941178335e-05,5.882352941178335e-05,5.8823529411783356e-05,5.882352941178335e-05,5.882352941178335e-05,5.882352941178335e-05,5.882352941178335e-05,5.8823529411783356e-05,5.882352941178335e-05,5.8823529411783356e-05,5.8823529411783356e-05,5.882352941178335e-05,0.9977058823529404,5.882352941178335e-05,5.882352941178335e-05,5.882352941178335e-05,5.882352941178335e-05,5.882352941178335e-05
3,15,7.552870090639904e-05,7.552870090639904e-05,7.552870090639904e-05,7.552870090639904e-05,7.552870090639904e-05,7.552870090639904e-05,7.552870090639904e-05,7.552870090639904e-05,7.552870090639904e-05,7.552870090639904e-05,7.552870090639904e-05,7.552870090639904e-05,7.552870090639904e-05,7.552870090639904e-05,7.552870090639904e-05,7.552870090639904e-05,7.552870090639904e-05,7.552870090639904e-05,0.5781881661828185,7.552870090639904e-05,7.552870090639904e-05,7.552870090639904e-05,7.552870090639904e-05,7.552870090639904e-05,7.552870090639904e-05,7.552870090639904e-05,7.552870090639904e-05,7.552870090639904e-05,7.552870090639904e-05,7.552870090639904e-05,7.552870090639904e-05,7.552870090639904e-05,0.4189417431827382,7.552870090639904e-05,7.552870090639904e-05,7.552870090639904e-05,7.552870090639904e-05,7.552870090639904e-05,7.552870090639904e-05,7.552870090639904e-05
3,16,4.6641791044825024e-05,4.664179104482503e-05,4.6641791044825024e-05,4.664179104482503e-05,4.664179104482503e-05,4.664179104482503e-05,4.6641791044825024e-05,4.6641791044825024e-05,4.6641791044825024e-05,4.6641791044825024e-05,4.6641791044825024e-05,4.6641791044825024e-05,4.6641791044825024e-05,4.6641791044825024e-05,4.664179104482503e-05,4.664179104482503e-05,4.664179104482503e-05,4.664179104482503e-05,0.29625724424973154,4.6641791044825024e-05,4.664179104482503e-05,4.664179104482503e-05,4.6641791044825024e-05,4.6641791044825024e-05,4.6641791044825024e-05,4.6641791044825024e-05,4.6641791044825024e-05,4.664179104482503e-05,4.664179104482503e-05,4.664179104482503e-05,4.6641791044825024e-05,4.6641791044825024e-05,0.701970367690565,4.664179104482503e-05,4.664179104482503e-05,4.6641791044825024e-05,4.6641791044825024e-05,4.6641791044825024e-05,4.6641791044825024e-05,4.6641791044825024e-05
3,17,5.376344086026144e-05,5.3763440860261444e-05,5.3763440860261444e-05,5.376344086026144e-05,5.376344086026144e-05,5.3763440860261444e-05,5.3763440860261444e-05,5.376344086026144e-05,5.376344086026144e-05,5.376344086026144e-05,5.376344086026144e-05,5.3763440860261444e-05,5.376344086026144e-05,5.376344086026144e-05,5.3763440860261444e-05,5.376344086026144e-05,5.3763440860261444e-05,5.376344086026144e-05,5.3763440860261444e-05,5.3763440860261444e-05,5.3763440860261444e-05,5.3763440860261444e-05,5.376344086026144e-05,5.376344086026144e-05,5.3763440860261444e-05,5.376344086026144e-05,5.376344086026144e-05,5.376344086026144e-05,5.376344086026144e-05,5.3763440860261444e-05,5.376344086026144e-05,5.3763440860261444e-05,0.9979032258064497,5.376344086026144e-05,5.3763440860261444e-05,5.376344086026144e-05,5.3763440860261444e-05,5.376344086026144e-05,5.376344086026144e-05,5.376344086026144e-05
3,18,4.3029259896767353e-05,0.3448666685209642,4.3029259896767353e-05,4.3029259896767353e-05,4.3029259896767353e-05,4.302925989676735e-05,0.007475491800369476,4.302925989676735e-05,4.3029259896767353e-05,4.302925989676735e-05,4.302925989676735e-05,4.3029259896767353e-05,4.302925989676735e-05,4.302925989676735e-05,4.302925989676735e-05,4.3029259896767353e-05,4.3029259896767353e-05,4.3029259896767353e-05,4.3029259896767353e-05,4.3029259896767353e-05,4.3029259896767353e-05,4.3029259896767353e-05,4.302925989676735e-05,4.302925989676735e-05,4.3029259896767353e-05,4.302925989676735e-05,4.302925989676735e-05,4.3029259896767353e-05,4.302925989676735e-05,4.3029259896767353e-05,4.302925989676735e-05,4.302925989676735e-05,0.6460657570624859,4.3029259896767353e-05,4.3029259896767353e-05,4.302925989676735e-05,4.302925989676735e-05,4.302925989676735e-05,4.3029259896767353e-05,4.302925989676735e-05
3,19,3.924646781793148e-05,3.9246467817931485e-05,3.9246467817931485e-05,3.9246467817931485e-05,3.924646781793148e-05,3.9246467817931485e-05,0.21210493611254694,3.924646781793148e-05,3.924646781793148e-05,3.924646781793148e-05,3.9246467817931485e-05,3.9246467817931485e-05,3.924646781793148e-05,3.924646781793148e-05,3.9246467817931485e-05,3.9246467817931485e-05,3.924646781793148e-05,3.924646781793148e-05,3.9246467817931485e-05,3.9246467817931485e-05,3.9246467817931485e-05,0.044935475840771386,3.924646781793148e-05,3.924646781793148e-05,3.9246467817931485e-05,3.924646781793148e-05,3.924646781793148e-05,3.9246467817931485e-05,3.924646781793148e-05,3.9246467817931485e-05,3.924646781793148e-05,3.924646781793148e-05,0.4558051209480334,0.2857415942572028,3.9246467817931485e-05,3.924646781793148e-05,3.924646781793148e-05,3.924646781793148e-05,3.9246467817931485e-05,3.924646781793148e-05
3,20,3.382949932342517e-05,3.382949932342517e-05,3.382949932342517e-05,0.7652545821866253,3.382949932342517e-05,3.382949932342517e-05,3.382949932342517e-05,3.382949932342517e-05,3.382949932342517e-05,3.382949932342517e-05,3.382949932342517e-05,0.2334598968390846,3.382949932342517e-05,3.382949932342517e-05,3.382949932342517e-05,3.382949932342517e-05,3.382949932342517e-05,3.382949932342517e-05,3.382949932342517e-05,3.382949932342517e-05,3.382949932342517e-05,3.382949932342517e-05,3.382949932342517e-05,3.382949932342517e-05,3.382949932342517e-05,3.382949932342517e-05,3.382949932342517e-05,3.382949932342517e-05,3.382949932342517e-05,3.382949932342517e-05,3.382949932342517e-05,3.382949932342517e-05,3.382949932342517e-05,3.382949932342517e-05,3.382949932342517e-05,3.382949932342517e-05,3.382949932342517e-05,3.382949932342517e-05,3.382949932342517e-05,3.382949932342517e-05
3,21,3.80517503805297e-05,3.80517503805297e-05,3.80517503805297e-05,3.80517503805297e-05,3.80517503805297e-05,3.80517503805297e-05,3.80517503805297e-05,3.80517503805297e-05,3.80517503805297e-05,3.80517503805297e-05,3.80517503805297e-05,3.8051750380529704e-05,3.80517503805297e-05,3.80517503805297e-05,3.80517503805297e-05,3.80517503805297e-05,3.80517503805297e-05,3.80517503805297e-05,3.80517503805297e-05,3.8051750380529704e-05,3.80517503805297e-05,3.80517503805297e-05,3.80517503805297e-05,3.80517503805297e-05,3.80517503805297e-05,3.80517503805297e-05,3.80517503805297e-05,3.8051750380529704e-05,3.80517503805297e-05,3.80517503805297e-05,3.80517503805297e-05,3.80517503805297e-05,3.8051750380529704e-05,3.80517503805297e-05,0.9985159817351593,3.80517503805297e-05,3.80517503805297e-05,3.80517503805297e-05,3.80517503805297e-05,3.80517503805297e-05
3,22,0.014916267597320175,3.192848020436705e-05,3.192848020436705e-05,3.192848020436705e-05,3.192848020436705e-05,3.192848020436705e-05,3.192848020436705e-05,3.192848020436705e-05,3.192848020436705e-05,3.192848020436705e-05,3.192848020436705e-05,3.192848020436705e-05,3.192848020436705e-05,3.192848020436705e-05,3.192848020436705e-05,3.192848020436705e-05,3.192848020436705e-05,3.192848020436705e-05,0.6574978784413597,3.192848020436705e-05,3.192848020436705e-05,3.192848020436705e-05,3.192848020436705e-05,3.192848020436705e-05,3.192848020436705e-05,3.192848020436705e-05,3.192848020436705e-05,3.192848020436705e-05,3.192848020436705e-05,3.192848020436705e-05,3.192848020436705e-05,3.192848020436705e-05,0.3264045001937586,3.192848020436705e-05,3.192848020436705e-05,3.192848020436705e-05,3.192848020436705e-05,3.192848020436705e-05,3.192848020436705e-05,3.192848020436705e-05
3,23,2.6968716289132784e-05,2.6968716289132788e-05,2.6968716289132788e-05,2.6968716289132788e-05,2.6968716289132788e-05,2.6968716289132788e-05,0.12114641418333744,2.6968716289132784e-05,2.6968716289132788e-05,2.6968716289132784e-05,2.6968716289132784e-05,2.6968716289132788e-05,2.6968716289132784e-05,2.6968716289132788e-05,2.6968716289132788e-05,2.6968716289132788e-05,2.6968716289132788e-05,2.6968716289132788e-05,2.6968716289132788e-05,2.6968716289132788e-05,2.6968716289132788e-05,2.6968716289132788e-05,2.6968716289132784e-05,2.6968716289132784e-05,2.6968716289132788e-05,2.6968716289132784e-05,2.6968716289132784e-05,0.24732126799282675,2.6968716289132784e-05,2.6968716289132788e-05,2.6968716289132784e-05,2.6968716289132788e-05,0.6305344753211378,2.6968716289132788e-05,2.6968716289132788e-05,2.6968716289132784e-05,2.6968716289132784e-05,2.6968716289132784e-05,2.6968716289132788e-05,2.6968716289132784e-05
4,1,2.3992322456834082e-05,2.3992322456834085e-05,2.3992322456834085e-05,2.3992322456834085e-05,2.3992322456834085e-05,2.3992322456834082e-05,2.3992322456834085e-05,2.3992322456834082e-05,2.3992322456834082e-05,2.3992322456834082e-05,2.3992322456834082e-05,2.3992322456834085e-05,0.003011611343484593,2.3992322456834085e-05,2.3992322456834085e-05,0.44549356681682584,2.3992322456834085e-05,2.3992322456834085e-05,2.3992322456834085e-05,2.3992322456834085e-05,0.11935096133849472,2.3992322456834085e-05,2.3992322456834082e-05,2.3992322456834082e-05,2.3992322456834085e-05,2.3992322456834082e-05,2.3992322456834082e-05,2.3992322456834085e-05,2.3992322456834082e-05,2.3992322456834082e-05,2.3992322456834082e-05,2.3992322456834085e-05,0.4312801368927489,2.3992322456834085e-05,2.3992322456834085e-05,2.3992322456834082e-05,2.3992322456834085e-05,2.3992322456834082e-05,2.3992322456834082e-05,2.3992322456834082e-05
4,2,2.1240441801212452e-05,2.1240441801212456e-05,2.1240441801212456e-05,2.1240441801212452e-05,2.1240441801212456e-05,2.1240441801212456e-05,0.05798927029028495,2.1240441801212452e-05,2.1240441801212456e-05,2.1240441801212452e-05,2.1240441801212452e-05,2.1240441801212456e-05,2.1240441801212452e-05,2.1240441801212452e-05,2.1240441801212456e-05,0.043847182087638076,2.1240441801212456e-05,2.1240441801212456e-05,2.1240441801212456e-05,2.1240441801212456e-05,2.1240441801212456e-05,2.1240441801212456e-05,2.1240441801212452e-05,2.1240441801212452e-05,2.1240441801212456e-05,2.1240441801212452e-05,2.1240441801212452e-05,2.1240441801212456e-05,2.1240441801212452e-05,2.1240441801212456e-05,2.1240441801212452e-05,2.1240441801212452e-05,0.8973776512754321,2.1240441801212452e-05,2.1240441801212456e-05,2.1240441801212452e-05,2.1240441801212452e-05,2.1240441801212452e-05,2.1240441801212456e-05,2.1240441801212452e-05
4,3,2.406159769010731e-05,2.406159769010731e-05,2.406159769010731e-05,2.406159769010731e-05,2.406159769010731e-05,2.406159769010731e-05,2.406159769010731e-05,2.4061597690107306e-05,2.4061597690107306e-05,2.4061597690107306e-05,0.0016669762874096665,2.406159769010731e-05,2.406159769010731e-05,2.4061597690107306e-05,2.406159769010731e-05,2.406159769010731e-05,2.406159769010731e-05,2.406159769010731e-05,2.406159769010731e-05,2.406159769010731e-05,2.406159769010731e-05,0.11477749441411766,2.4061597690107306e-05,2.4061597690107306e-05,2.406159769010731e-05,2.4061597690107306e-05,2.4061597690107306e-05,2.406159769010731e-05,2.4061597690107306e-05,0.4670219532225779,2.4061597690107306e-05,2.406159769010731e-05,0.41566735855905096,2.406159769010731e-05,2.406159769010731e-05,2.4061597690107306e-05,2.406159769010731e-05,2.4061597690107306e-05,2.406159769010731e-05,2.4061597690107306e-05
4,4,2.7292576419241432e-05,2.7292576419241432e-05,2.7292576419241432e-05,2.7292576419241432e-05,2.7292576419241432e-05,2.7292576419241432e-05,2.7292576419241432e-05,2.729257641924143e-05,2.729257641924143e-05,2.729257641924143e-05,2.729257641924143e-05,2.7292576419241432e-05,2.729257641924143e-05,2.729257641924143e-05,2.7292576419241432e-05,2.7292576419241432e-05,2.7292576419241432e-05,2.7292576419241432e-05,2.7292576419241432e-05,2.7292576419241432e-05,2.7292576419241432e-05,2.7292576419241432e-05,2.729257641924143e-05,2.729257641924143e-05,2.7292576419241432e-05,2.729257641924143e-05,2.729257641924143e-05,2.7292576419241432e-05,2.729257641924143e-05,2.7292576419327233e-05,2.729257641924143e-05,2.729257641924143e-05,0.9989355895196494,2.729257641924143e-05,2.7292576419241432e-05,2.729257641924143e-05,2.7292576419241432e-05,2.729257641924143e-05,2.7292576419241432e-05,2.729257641924143e-05
4,5,4.038772213249942e-05,4.0387722132499426e-05,4.0387722132499426e-05,4.0387722132499426e-05,4.0387722132499426e-05,4.0387722132499426e-05,4.0387722132499426e-05,4.038772213249942e-05,4.038772213249942e-05,4.038772213249942e-05,4.038772213249942e-05,0.3078925078647715,4.038772213249942e-05,4.038772213249942e-05,4.0387722132499426e-05,4.0387722132499426e-05,4.0387722132499426e-05,4.0387722132499426e-05,4.0387722132499426e-05,4.0387722132499426e-05,4.0387722132499426e-05,4.0387722132499426e-05,4.038772213249942e-05,4.038772213249942e-05,4.0387722132499426e-05,4.038772213249942e-05,4.038772213249942e-05,0.6905727586941937,4.038772213249942e-05,4.0387722132499426e-05,4.038772213249942e-05,4.038772213249942e-05,4.0387722132499426e-05,4.0387722132499426e-05,4.0387722132499426e-05,4.038772213249942e-05,4.0387722132499426e-05,4.038772213249942e-05,4.0387722132499426e-05,4.0387722132499426e-05
4,6,4.621072088728599e-05,4.6210720887285995e-05,4.621072088728599e-05,4.6210720887285995e-05,4.6210720887285995e-05,4.621072088728599e-05,4.6210720887285995e-05,4.621072088728599e-05,4.6210720887285995e-05,4.621072088728599e-05,4.621072088728599e-05,4.6210720887285995e-05,4.6210720887285995e-05,4.621072088728599e-05,4.6210720887285995e-05,4.6210720887285995e-05,4.6210720887285995e-05,4.6210720887285995e-05,4.6210720887285995e-05,4.6210720887285995e-05,4.6210720887285995e-05,4.6210720887285995e-05,4.621072088728599e-05,4.621072088728599e-05,4.6210720887285995e-05,4.621072088728599e-05,4.621072088728599e-05,0.227798322405089,0.0030154302245568826,4.6210720887285995e-05,4.621072088728599e-05,4.6210720887285995e-05,0.7674764506975243,4.6210720887285995e-05,4.6210720887285995e-05,4.621072088728599e-05,4.621072088728599e-05,4.621072088728599e-05,4.621072088728599e-05,4.621072088728599e-05
4,7,4.2662116040976205e-05,4.2662116040976205e-05,4.2662116040976205e-05,4.2662116040976205e-05,4.2662116040976205e-05,4.2662116040976205e-05,4.2662116040976205e-05,4.2662116040976205e-05,4.2662116040976205e-05,4.2662116040976205e-05,4.2662116040976205e-05,4.2662116040976205e-05,4.2662116040976205e-05,4.2662116040976205e-05,4.2662116040976205e-05,4.2662116040976205e-05,4.2662116040976205e-05,4.2662116040976205e-05,4.2662116040976205e-05,4.2662116040976205e-05,4.2662116040976205e-05,4.2662116040976205e-05,4.2662116040976205e-05,4.2662116040976205e-05,4.2662116040976205e-05,4.2662116040976205e-05,4.2662116040976205e-05,4.2662116040976205e-05,4.2662116040976205e-05,4.2662116040976205e-05,4.2662116040976205e-05,4.2662116040976205e-05,0.29676885998122954,0.7016099796092132,4.2662116040976205e-05,4.2662116040976205e-05,4.2662116040976205e-05,4.2662116040976205e-05,4.2662116040976205e-05,4.2662116040976205e-05
4,8,3.912363067295451e-05,3.912363067295452e-05,3.912363067295452e-05,3.912363067295452e-05,3.912363067295452e-05,3.912363067295452e-05,3.912363067295452e-05,3.912363067295451e-05,3.912363067295451e-05,3.912363067295451e-05,3.912363067295451e-05,3.912363067295452e-05,3.912363067295451e-05,3.912363067295451e-05,3.912363067295452e-05,3.912363067295452e-05,3.912363067295452e-05,3.912363067295452e-05,3.912363067295452e-05,3.912363067295451e-05,3.912363067295452e-05,3.912363067295452e-05,3.912363067295451e-05,3.912363067295451e-05,3.912363067295452e-05,3.912363067295451e-05,3.912363067295451e-05,3.912363067295452e-05,3.912363067295452e-05,0.7137134407788467,3.912363067295451e-05,3.912363067295451e-05,0.28479986125558104,3.912363067295451e-05,3.912363067295452e-05,3.912363067295451e-05,3.912363067295451e-05,3.912363067295451e-05,3.912363067295452e-05,3.912363067295451e-05
4,9,4.5787545787565046e-05,4.5787545787565046e-05,0.43555578185734833,4.578754578756505e-05,4.5787545787565046e-05,4.578754578756505e-05,4.578754578756505e-05,4.5787545787565046e-05,4.5787545787565046e-05,4.5787545787565046e-05,4.5787545787565046e-05,4.578754578756505e-05,4.5787545787565046e-05,4.5787545787565046e-05,4.5787545787565046e-05,4.578754578756505e-05,0.562704291402724,4.5787545787565046e-05,4.5787545787565046e-05,4.578754578756505e-05,4.578754578756505e-05,4.578754578756505e-05,4.5787545787565046e-05,4.5787545787565046e-05,4.578754578756505e-05,4.5787545787565046e-05,4.5787545787565046e-05,4.578754578756505e-05,4.578754578756505e-05,4.5787545787565046e-05,4.5787545787565046e-05,4.5787545787565046e-05,4.578754578756505e-05,4.5787545787565046e-05,4.578754578756505e-05,4.5787545787565046e-05,4.578754578756505e-05,4.5787545787565046e-05,4.5787545787565046e-05,4.5787545787565046e-05
4,10,4.378283712786031e-05,4.378283712786031e-05,4.378283712786031e-05,4.378283712786032e-05,4.378283712786032e-05,4.378283712786032e-05,4.378283712786032e-05,4.378283712786031e-05,4.378283712786031e-05,4.378283712786031e-05,4.378283712786031e-05,4.378283712786032e-05,4.378283712786031e-05,4.378283712786031e-05,4.378283712786032e-05,4.378283712786031e-05,4.378283712786032e-05,4.378283712786032e-05,4.378283712786031e-05,4.378283712786031e-05,4.378283712786031e-05,4.378283712786032e-05,4.378283712786031e-05,4.378283712786031e-05,4.378283712786032e-05,4.378283712786031e-05,4.378283712786031e-05,4.378283712786032e-05,4.378283712786031e-05,4.378283712786032e-05,4.378283712786031e-05,4.378283712786031e-05,4.378283712786032e-05,4.378283712786031e-05,0.9982924693520134,4.378283712786031e-05,4.378283712786031e-05,4.378283712786031e-05,4.378283712786031e-05,4.378283712786031e-05
4,11,4.0916530278278074e-05,4.091653027827808e-05,4.091653027827808e-05,4.091653027827808e-05,4.0916530278278074e-05,4.091653027827808e-05,0.049152836239015694,4.0916530278278074e-05,4.0916530278278074e-05,4.0916530278278074e-05,4.0916530278278074e-05,4.091653027827808e-05,4.0916530278278074e-05,4.0916530278278074e-05,4.091653027827808e-05,4.091653027827808e-05,4.091653027827808e-05,4.091653027827808e-05,4.091653027827808e-05,4.091653027827808e-05,4.091653027827808e-05,4.091653027827808e-05,4.0916530278278074e-05,4.091653027827808e-05,4.091653027827808e-05,4.0916530278278074e-05,4.0916530278278074e-05,4.091653027827808e-05,4.091653027827808e-05,4.091653027827808e-05,4.0916530278278074e-05,4.091653027827808e-05,0.9207799503804058,4.0916530278278074e-05,4.091653027827808e-05,4.0916530278278074e-05,0.02855330176028211,4.0916530278278074e-05,4.091653027827808e-05,4.0916530278278074e-05
4,12,5.060728744941347e-05,5.060728744941348e-05,5.060728744941347e-05,5.060728744941348e-05,5.060728744941347e-05,5.060728744941347e-05,5.060728744941347e-05,5.060728744941347e-05,5.060728744941347e-05,5.060728744941347e-05,5.060728744941347e-05,5.060728744941348e-05,5.060728744941347e-05,5.060728744941347e-05,5.060728744941347e-05,5.060728744941348e-05,5.060728744941347e-05,5.060728744941347e-05,5.060728744941347e-05,5.060728744941347e-05,5.060728744941347e-05,5.060728744941347e-05,5.060728744941347e-05,5.060728744941347e-05,5.060728744941348e-05,5.060728744941347e-05,5.060728744941347e-05,0.998026315789473,5.060728744941347e-05,5.060728744941347e-05,5.060728744941347e-05,5.060728744941347e-05,5.060728744941348e-05,5.060728744941347e-05,5.060728744941348e-05,5.060728744941347e-05,5.060728744941347e-05,5.060728744941347e-05,5.060728744941347e-05,5.060728744941347e-05
4,13,4.612546125465284e-05,4.612546125465285e-05,4.612546125465285e-05,4.612546125465285e-05,4.612546125465285e-05,4.612546125465285e-05,4.612546125465285e-05,4.612546125465284e-05,4.612546125465284e-05,4.612546125465284e-05,4.612546125465285e-05,0.5352459955350478,4.612546125465284e-05,4.612546125465284e-05,4.612546125465285e-05,4.612546125465285e-05,4.612546125465284e-05,4.612546125465285e-05,4.612546125465285e-05,4.612546125465284e-05,4.612546125465285e-05,4.612546125465285e-05,4.612546125465284e-05,4.612546125465284e-05,4.612546125465285e-05,4.612546125465284e-05,4.612546125465284e-05,4.612546125465285e-05,4.612546125465286e-05,4.612546125465285e-05,4.612546125465284e-05,4.612546125465284e-05,0.4630012369372756,4.612546125465285e-05,4.612546125465284e-05,4.612546125465284e-05,4.612546125465285e-05,4.612546125465284e-05,4.612546125465284e-05,4.612546125465284e-05
4,14,2.1008403361362956e-05,2.100840336136296e-05,2.100840336136296e-05,2.100840336136296e-05,2.1008403361362956e-05,2.100840336136296e-05,2.100840336136296e-05,2.1008403361362956e-05,2.1008403361362956e-05,2.1008403361362956e-05,2.1008403361362956e-05,2.100840336136296e-05,2.100840336136296e-05,2.1008403361362956e-05,2.100840336136296e-05,2.100840336136296e-05,2.100840336136296e-05,2.100840336136296e-05,2.100840336136296e-05,2.100840336136296e-05,2.100840336136296e-05,2.100840336136296e-05,2.1008403361362956e-05,2.1008403361362956e-05,2.100840336136296e-05,2.1008403361362956e-05,2.1008403361362956e-05,2.100840336136296e-05,2.1008403361362956e-05,2.100840336136296e-05,2.1008403361362956e-05,2.100840336136296e-05,0.9991806722689069,2.100840336136296e-05,2.100840336136296e-05,2.1008403361362956e-05,2.100840336136296e-05,2.1008403361362956e-05,2.100840336136296e-05,2.1008403361362956e-05
5,1,2.3430178069376784e-05,2.3430178069376787e-05,2.3430178069376787e-05,2.3430178069376784e-05,2.3430178069376787e-05,2.3430178069376787e-05,0.2460741915089527,2.3430178069376784e-05,2.3430178069376784e-05,2.3430178069376784e-05,2.3430178069376784e-05,2.3430178069376787e-05,2.3430178069376784e-05,2.3430178069376787e-05,2.3430178069376787e-05,2.3430178069376787e-05,2.3430178069376787e-05,2.3430178069376784e-05,2.3430178069376787e-05,2.3430178069376787e-05,2.3430178069376787e-05,2.3430178069376787e-05,2.3430178069376784e-05,2.3430178069376784e-05,2.3430178069376787e-05,2.3430178069376784e-05,2.3430178069376784e-05,2.3430178069376787e-05,2.3430178069376784e-05,2.3430178069376787e-05,2.3430178069376784e-05,2.3430178069376787e-05,0.7530354617244112,2.3430178069376787e-05,2.3430178069376787e-05,2.3430178069376784e-05,2.3430178069376787e-05,2.3430178069376784e-05,2.3430178069376787e-05,2.3430178069376787e-05
5,2,4.2808219178095325e-05,4.2808219178095325e-05,4.2808219178095325e-05,4.2808219178095325e-05,4.2808219178095325e-05,4.2808219178095325e-05,4.2808219178095325e-05,4.2808219178095325e-05,4.2808219178095325e-05,4.2808219178095325e-05,4.2808219178095325e-05,4.2808219178095325e-05,4.2808219178095325e-05,4.2808219178095325e-05,4.2808219178095325e-05,4.2808219178095325e-05,4.280821917809533e-05,4.2808219178095325e-05,4.2808219178095325e-05,4.2808219178095325e-05,4.2808219178095325e-05,4.2808219178095325e-05,4.2808219178095325e-05,4.2808219178095325e-05,4.280821917809533e-05,4.2808219178095325e-05,4.2808219178095325e-05,4.280821917809533e-05,4.2808219178095325e-05,0.9983304794520542,4.2808219178095325e-05,4.2808219178095325e-05,4.280821917809533e-05,4.2808219178095325e-05,4.2808219178095325e-05,4.2808219178095325e-05,4.2808219178095325e-05,4.2808219178095325e-05,4.2808219178095325e-05,4.2808219178095325e-05
5,3,4.54545454545664e-05,4.5454545454566404e-05,4.54545454545664e-05,4.54545454545664e-05,4.5454545454566404e-05,4.54545454545664e-05,4.5454545454566404e-05,4.54545454545664e-05,4.54545454545664e-05,4.54545454545664e-05,4.54545454545664e-05,0.9982272727272721,4.54545454545664e-05,4.5454545454566404e-05,4.54545454545664e-05,4.5454545454566404e-05,4.54545454545664e-05,4.54545454545664e-05,4.54545454545664e-05,4.5454545454566404e-05,4.5454545454566404e-05,4.54545454545664e-05,4.54545454545664e-05,4.54545454545664e-05,4.54545454545664e-05,4.54545454545664e-05,4.54545454545664e-05,4.5454545454566404e-05,4.54545454545664e-05,4.54545454545664e-05,4.54545454545664e-05,4.5454545454566404e-05,4.5454545454566404e-05,4.5454545454566404e-05,4.5454545454566404e-05,4.54545454545664e-05,4.5454545454566404e-05,4.54545454545664e-05,4.54545454545664e-05,4.54545454545664e-05
5,4,4.863813229574929e-05,4.86381322957493e-05,4.863813229574929e-05,4.86381322957493e-05,4.863813229574929e-05,4.86381322957493e-05,0.6930287550602836,4.863813229574929e-05,4.863813229574929e-05,4.863813229574929e-05,4.863813229574929e-05,0.30512299591247816,4.86381322957493e-05,4.863813229574929e-05,4.863813229574929e-05,4.86381322957493e-05,4.86381322957493e-05,4.863813229574929e-05,4.86381322957493e-05,4.86381322957493e-05,4.863813229574929e-05,4.86381322957493e-05,4.863813229574929e-05,4.863813229574929e-05,4.86381322957493e-05,4.863813229574929e-05,4.863813229574929e-05,4.86381322957493e-05,4.86381322957493e-05,4.86381322957493e-05,4.863813229574929e-05,4.86381322957493e-05,4.86381322957493e-05,4.86381322957493e-05,4.86381322957493e-05,4.863813229574929e-05,4.86381322957493e-05,4.863813229574929e-05,4.863813229574929e-05,4.863813229574929e-05
5,5,4.145936981761156e-05,4.145936981761156e-05,4.145936981761156e-05,4.145936981761156e-05,4.145936981761156e-05,4.145936981761156e-05,4.145936981761156e-05,4.1459369817611556e-05,4.145936981761156e-05,4.1459369817611556e-05,4.1459369817611556e-05,4.145936981761156e-05,4.145936981761156e-05,4.145936981761156e-05,4.145936981761156e-05,4.145936981761156e-05,4.145936981761156e-05,4.145936981761156e-05,4.145936981761156e-05,4.145936981761156e-05,0.5498980368634184,4.145936981761156e-05,4.1459369817611556e-05,4.1459369817611556e-05,4.145936981761156e-05,4.1459369817611556e-05,4.1459369817611556e-05,4.145936981761156e-05,4.1459369817611556e-05,4.145936981761156e-05,4.1459369817611556e-05,4.1459369817611556e-05,0.4485265070835125,4.1459369817611556e-05,4.145936981761156e-05,4.1459369817611556e-05,4.1459369817611556e-05,4.1459369817611556e-05,4.145936981761156e-05,4.1459369817611556e-05
5,6,4.00641025641163e-05,4.00641025641163e-05,4.00641025641163e-05,4.00641025641163e-05,4.00641025641163e-05,4.00641025641163e-05,4.00641025641163e-05,4.00641025641163e-05,4.00641025641163e-05,4.00641025641163e-05,4.00641025641163e-05,4.00641025641163e-05,4.00641025641163e-05,4.00641025641163e-05,0.9984374999999996,4.00641025641163e-05,4.00641025641163e-05,4.00641025641163e-05,4.00641025641163e-05,4.00641025641163e-05,4.00641025641163e-05,4.00641025641163e-05,4.00641025641163e-05,4.00641025641163e-05,4.00641025641163e-05,4.00641025641163e-05,4.00641025641163e-05,4.00641025641163e-05,4.00641025641163e-05,4.00641025641163e-05,4.00641025641163e-05,4.00641025641163e-05,4.0064102564116415e-05,4.00641025641163e-05,4.00641025641163e-05,4.00641025641163e-05,4.00641025641163e-05,4.00641025641163e-05,4.00641025641163e-05,4.00641025641163e-05
5,7,5.319148936172076e-05,5.319148936172077e-05,5.319148936172077e-05,5.319148936172077e-05,5.319148936172077e-05,5.319148936172076e-05,5.319148936172077e-05,5.319148936172076e-05,5.319148936172076e-05,5.319148936172076e-05,5.319148936172077e-05,5.319148936172077e-05,5.319148936172076e-05,5.319148936172076e-05,5.319148936172077e-05,5.319148936172076e-05,5.319148936172076e-05,5.319148936172077e-05,5.319148936172076e-05,0.997925531914893,5.319148936172077e-05,5.319148936172076e-05,5.319148936172076e-05,5.319148936172076e-05,5.319148936172077e-05,5.319148936172076e-05,5.319148936172076e-05,5.319148936172077e-05,5.319148936172076e-05,5.319148936172076e-05,5.319148936172076e-05,5.319148936172076e-05,5.319148936172077e-05,5.319148936172076e-05,5.319148936172077e-05,5.319148936172076e-05,5.319148936172076e-05,5.319148936172076e-05,5.319148936172077e-05,5.319148936172076e-05
5,8,5.8823529411824196e-05,5.8823529411824196e-05,5.8823529411824196e-05,0.2597119206632152,5.882352941182419e-05,5.8823529411824196e-05,5.8823529411824196e-05,5.882352941182419e-05,5.882352941182419e-05,5.882352941182419e-05,5.882352941182419e-05,5.8823529411824196e-05,5.882352941182419e-05,5.882352941182419e-05,5.8823529411824196e-05,5.8823529411824196e-05,5.8823529411824196e-05,5.8823529411824196e-05,5.8823529411824196e-05,5.8823529411824196e-05,5.8823529411824196e-05,5.882352941182419e-05,5.882352941182419e-05,5.882352941182419e-05,5.8823529411824196e-05,5.882352941182419e-05,5.882352941182419e-05,5.8823529411824196e-05,5.882352941182419e-05,5.882352941182419e-05,5.882352941182419e-05,5.882352941182419e-05,0.7380527852191353,5.8823529411824196e-05,5.8823529411824196e-05,5.882352941182419e-05,5.882352941182419e-05,5.882352941182419e-05,5.882352941182419e-05,5.882352941182419e-05
5,9,4.816955684010432e-05,4.8169556840104326e-05,4.8169556840104326e-05,4.8169556840104326e-05,4.8169556840104326e-05,4.8169556840104326e-05,4.8169556840104326e-05,4.816955684010432e-05,4.816955684010432e-05,4.816955684010432e-05,4.816955684010432e-05,4.8169556840104326e-05,4.816955684010432e-05,4.816955684010432e-05,4.816955684010432e-05,4.8169556840104326e-05,4.8169556840104326e-05,4.8169556840104326e-05,4.8169556840104326e-05,4.8169556840104326e-05,4.8169556840104326e-05,0.7252614066900736,4.816955684010432e-05,4.816955684010432e-05,0.27290815015000247,4.816955684010432e-05,4.816955684010432e-05,4.8169556840104326e-05,4.816955684010432e-05,4.816955684010432e-05,4.816955684010432e-05,4.816955684010432e-05,4.8169556840104326e-05,4.816955684010432e-05,4.8169556840104326e-05,4.816955684010432e-05,4.816955684010432e-05,4.816955684010432e-05,4.8169556840104326e-05,4.816955684010432e-05
5,10,5.296610169493486e-05,5.296610169493486e-05,5.296610169493487e-05,5.296610169493486e-05,5.296610169493486e-05,5.296610169493486e-05,5.296610169493487e-05,5.296610169493486e-05,5.296610169493486e-05,5.296610169493486e-05,5.296610169493486e-05,5.296610169493487e-05,5.296610169493486e-05,5.296610169493487e-05,5.296610169493486e-05,5.296610169493486e-05,5.296610169493486e-05,5.296610169493486e-05,5.296610169493486e-05,0.9979343220338976,5.296610169493486e-05,5.296610169493486e-05,5.296610169493486e-05,5.296610169493486e-05,5.296610169493487e-05,5.296610169493486e-05,5.296610169493486e-05,5.296610169493487e-05,5.296610169493486e-05,5.296610169493486e-05,5.296610169493486e-05,5.296610169493486e-05,5.296610169493487e-05,5.296610169493486e-05,5.296610169493486e-05,5.296610169493486e-05,5.296610169493487e-05,5.296610169493486e-05,5.296610169493486e-05,5.296610169493486e-05
5,11,5.7208237986302545e-05,5.720823798630255e-05,5.7208237986302545e-05,5.720823798630255e-05,5.7208237986302545e-05,5.720823798630255e-05,5.720823798630255e-05,5.7208237986302545e-05,5.7208237986302545e-05,5.7208237986302545e-05,5.7208237986302545e-05,5.720823798630255e-05,5.720823798630255e-05,5.7208237986302545e-05,0.12464102649586611,5.720823798630255e-05,5.7208237986302545e-05,5.7208237986302545e-05,5.720823798630255e-05,5.720823798630255e-05,5.720823798630255e-05,5.7208237986302545e-05,5.7208237986302545e-05,5.7208237986302545e-05,5.7208237986302545e-05,5.7208237986302545e-05,5.7208237986302545e-05,0.8731850604606545,5.7208237986302545e-05,5.7208237986302545e-05,5.7208237986302545e-05,5.7208237986302545e-05,5.720823798630255e-05,5.720823798630255e-05,5.720823798630255e-05,5.7208237986302545e-05,5.7208237986302545e-05,5.7208237986302545e-05,5.7208237986302545e-05,5.7208237986302545e-05
5,12,4.9701789264435835e-05,4.9701789264435835e-05,4.9701789264435835e-05,4.9701789264435835e-05,4.9701789264435835e-05,4.9701789264435835e-05,4.9701789264435835e-05,4.9701789264435835e-05,4.9701789264435835e-05,4.9701789264435835e-05,4.9701789264435835e-05,4.970178926443584e-05,4.9701789264435835e-05,4.970178926443584e-05,4.970178926443584e-05,4.9701789264435835e-05,4.9701789264435835e-05,4.9701789264435835e-05,4.9701789264435835e-05,4.9701789264435835e-05,4.970178926443584e-05,4.9701789264435835e-05,4.9701789264435835e-05,4.9701789264435835e-05,4.970178926443584e-05,4.9701789264435835e-05,4.9701789264435835e-05,0.9980616302186871,4.9701789264435835e-05,4.9701789264435835e-05,4.9701789264435835e-05,4.9701789264435835e-05,4.9701789264435896e-05,4.9701789264435835e-05,4.9701789264435835e-05,4.9701789264435835e-05,4.9701789264435835e-05,4.9701789264435835e-05,4.9701789264435835e-05,4.9701789264435835e-05
5,13,2.7746947835759276e-05,2.7746947835759276e-05,2.7746947835759276e-05,2.7746947835759276e-05,2.7746947835759276e-05,2.7746947835759276e-05,2.7746947835759276e-05,2.7746947835759273e-05,2.7746947835759273e-05,2.7746947835759273e-05,2.7746947835759273e-05,2.7746947835759276e-05,2.7746947835759273e-05,2.7746947835759273e-05,2.7746947835759276e-05,2.7746947835759276e-05,2.7746947835759276e-05,2.7746947835759276e-05,0.4568648030418255,2.7746947835759276e-05,2.7746947835759276e-05,2.7746947835759276e-05,2.7746947835759273e-05,2.7746947835759273e-05,2.7746947835759276e-05,2.7746947835759273e-05,2.7746947835759273e-05,2.7746947835759276e-05,2.7746947835759273e-05,2.7746947835759276e-05,2.7746947835759273e-05,2.7746947835759273e-05,0.5420808129404158,2.7746947835759276e-05,2.7746947835759276e-05,2.7746947835759273e-05,2.7746947835759273e-05,2.7746947835759273e-05,2.7746947835759276e-05,2.7746947835759273e-05
5,14,5.263157894741253e-05,5.263157894741254e-05,5.263157894741254e-05,5.263157894741254e-05,5.263157894741254e-05,5.263157894741253e-05,5.263157894741254e-05,5.263157894741253e-05,5.263157894741254e-05,5.263157894741253e-05,5.263157894741253e-05,5.263157894741254e-05,5.263157894741253e-05,5.263157894741254e-05,5.263157894741254e-05,5.263157894741254e-05,5.263157894741254e-05,5.263157894741254e-05,5.263157894741253e-05,5.263157894741254e-05,5.263157894741254e-05,5.263157894741253e-05,5.263157894741253e-05,5.263157894741253e-05,0.3084761527918964,5.263157894741253e-05,5.263157894741253e-05,5.263157894741254e-05,5.263157894741253e-05,5.263157894741253e-05,5.263157894741253e-05,0.044178647600081375,0.645397831186968,5.263157894741254e-05,5.263157894741254e-05,5.263157894741253e-05,5.263157894741254e-05,5.263157894741253e-05,5.263157894741254e-05,5.263157894741253e-05
5,15,5.656108597287799e-05,0.1152183250523869,5.656108597287799e-05,5.656108597287799e-05,5.656108597287799e-05,5.656108597287799e-05,5.6561085972877996e-05,5.656108597287799e-05,5.656108597287799e-05,5.656108597287799e-05,5.656108597287799e-05,5.6561085972877996e-05,5.6561085972877996e-05,5.656108597287799e-05,5.6561085972877996e-05,5.6561085972877996e-05,5.656108597287799e-05,5.656108597287799e-05,5.6561085972877996e-05,0.8826323536806437,5.656108597287799e-05,5.6561085972877996e-05,5.656108597287799e-05,5.656108597287799e-05,5.656108597287799e-05,5.656108597287799e-05,5.656108597287799e-05,5.6561085972877996e-05,5.656108597287799e-05,5.656108597287799e-05,5.656108597287799e-05,5.6561085972877996e-05,5.6561085972877996e-05,5.6561085972877996e-05,5.656108597287799e-05,5.656108597287799e-05,5.656108597287799e-05,5.656108597287799e-05,5.656108597287799e-05,5.656108597287799e-05
5,16,5.6053811659245105e-05,5.6053811659245105e-05,5.6053811659245105e-05,5.60538116592451e-05,5.60538116592451e-05,5.6053811659245105e-05,5.6053811659245105e-05,5.60538116592451e-05,5.60538116592451e-05,5.60538116592451e-05,5.60538116592451e-05,5.6053811659245105e-05,5.60538116592451e-05,0.019725731525597544,5.6053811659245105e-05,5.60538116592451e-05,5.6053811659245105e-05,5.6053811659245105e-05,5.6053811659245105e-05,5.6053811659245105e-05,5.6053811659245105e-05,5.60538116592451e-05,5.60538116592451e-05,5.60538116592451e-05,5.6053811659245105e-05,5.60538116592451e-05,5.60538116592451e-05,5.6053811659245105e-05,5.6053811659245105e-05,5.60538116592451e-05,5.60538116592451e-05,5.6053811659245105e-05,0.978144223631351,5.6053811659245105e-05,5.6053811659245105e-05,5.60538116592451e-05,5.6053811659245105e-05,5.60538116592451e-05,5.60538116592451e-05,5.60538116592451e-05
5,17,4.302925989674706e-05,0.998321858864027,4.302925989674706e-05,4.302925989674706e-05,4.302925989674706e-05,4.302925989674706e-05,4.302925989674706e-05,4.302925989674706e-05,4.302925989674706e-05,4.302925989674706e-05,4.302925989674706e-05,4.302925989674706e-05,4.302925989674706e-05,4.302925989674706e-05,4.302925989674706e-05,4.302925989674706e-05,4.302925989674706e-05,4.302925989674706e-05,4.302925989674706e-05,4.302925989674706e-05,4.302925989674706e-05,4.302925989674706e-05,4.302925989674706e-05,4.302925989674706e-05,4.302925989674706e-05,4.302925989674706e-05,4.302925989674706e-05,4.302925989674706e-05,4.302925989674706e-05,4.302925989674706e-05,4.302925989674706e-05,4.302925989674706e-05,4.302925989674706e-05,4.302925989674706e-05,4.302925989674706e-05,4.302925989674706e-05,4.302925989674706e-05,4.302925989674706e-05,4.302925989674706e-05,4.302925989674706e-05
5,18,4.94071146245172e-05,4.9407114624517204e-05,4.94071146245172e-05,4.94071146245172e-05,0.998073122529644,4.94071146245172e-05,4.94071146245172e-05,4.94071146245172e-05,4.94071146245172e-05,4.94071146245172e-05,4.94071146245172e-05,4.94071146245172e-05,4.94071146245172e-05,4.94071146245172e-05,4.94071146245172e-05,4.94071146245172e-05,4.94071146245172e-05,4.94071146245172e-05,4.94071146245172e-05,4.94071146245172e-05,4.94071146245172e-05,4.94071146245172e-05,4.94071146245172e-05,4.94071146245172e-05,4.94071146245172e-05,4.94071146245172e-05,4.94071146245172e-05,4.94071146245172e-05,4.94071146245172e-05,4.9407114624517204e-05,4.94071146245172e-05,4.94071146245172e-05,4.9407114624517204e-05,4.94071146245172e-05,4.94071146245172e-05,4.94071146245172e-05,4.94071146245172e-05,4.94071146245172e-05,4.94071146245172e-05,4.94071146245172e-05
5,19,5.319148936175819e-05,5.3191489361758194e-05,5.3191489361758194e-05,5.3191489361758194e-05,5.3191489361758194e-05,5.3191489361758194e-05,5.3191489361758194e-05,5.319148936175819e-05,5.3191489361758194e-05,5.319148936175819e-05,5.319148936175819e-05,0.14073642878015705,5.319148936175819e-05,5.3191489361758194e-05,5.3191489361758194e-05,5.3191489361758194e-05,5.319148936175819e-05,5.3191489361758194e-05,5.319148936175819e-05,5.3191489361758194e-05,5.3191489361758194e-05,0.16055568436604578,5.319148936175819e-05,5.319148936175819e-05,5.3191489361758194e-05,5.319148936175819e-05,5.319148936175819e-05,5.3191489361758194e-05,5.319148936175819e-05,5.3191489361758194e-05,5.319148936175819e-05,5.3191489361758194e-05,0.6967398017474119,5.3191489361758194e-05,5.3191489361758194e-05,5.319148936175819e-05,5.319148936175819e-05,5.319148936175819e-05,5.3191489361758194e-05,5.319148936175819e-05
5,20,4.761904761907366e-05,4.761904761907367e-05,4.761904761907366e-05,4.761904761907366e-05,4.761904761907367e-05,4.761904761907367e-05,4.761904761907367e-05,4.761904761907366e-05,4.761904761907366e-05,4.761904761907366e-05,4.761904761907366e-05,0.9981428571428563,4.761904761907366e-05,4.761904761907366e-05,4.761904761907367e-05,4.761904761907367e-05,4.761904761907366e-05,4.761904761907367e-05,4.761904761907367e-05,4.761904761907367e-05,4.761904761907367e-05,4.761904761907366e-05,4.761904761907366e-05,4.761904761907366e-05,4.761904761907367e-05,4.761904761907366e-05,4.761904761907366e-05,4.761904761907367e-05,4.761904761907366e-05,4.761904761907367e-05,4.761904761907366e-05,4.761904761907367e-05,4.761904761907367e-05,4.761904761907366e-05,4.761904761907366e-05,4.761904761907366e-05,4.761904761907366e-05,4.761904761907366e-05,4.761904761907367e-05,4.761904761907366e-05
5,21,5.733944954130854e-05,5.7339449541308544e-05,5.7339449541308544e-05,5.7339449541308544e-05,5.733944954130854e-05,5.733944954130854e-05,5.7339449541308544e-05,5.733944954130854e-05,5.733944954130854e-05,5.733944954130854e-05,5.733944954130854e-05,0.9977637614678685,5.733944954130854e-05,5.733944954130854e-05,5.7339449541308544e-05,5.7339449541308544e-05,5.7339449541308544e-05,5.7339449541308544e-05,5.733944954130854e-05,5.7339449541308544e-05,5.7339449541308544e-05,5.7339449541308544e-05,5.733944954130854e-05,5.733944954130854e-05,5.7339449541308544e-05,5.733944954130854e-05,5.733944954130854e-05,5.7339449541308544e-05,5.733944954130854e-05,5.7339449541308544e-05,5.733944954130854e-05,5.7339449541308544e-05,5.733944956205591e-05,5.733944954130854e-05,5.7339449541308544e-05,5.733944954130854e-05,5.733944954130854e-05,5.733944954130854e-05,5.7339449541308544e-05,5.733944954130854e-05
5,22,5.3191489361754365e-05,0.09529636653137175,5.319148936175437e-05,0.3972070825354962,5.319148936175437e-05,5.319148936175437e-05,5.319148936175437e-05,5.3191489361754365e-05,5.3191489361754365e-05,5.3191489361754365e-05,5.3191489361754365e-05,5.319148936175437e-05,5.3191489361754365e-05,5.319148936175437e-05,0.033418403304621744,5.319148936175437e-05,5.319148936175437e-05,5.319148936175437e-05,5.319148936175437e-05,5.3191489361754365e-05,5.319148936175437e-05,0.017282767592493885,5.3191489361754365e-05,5.319148936175437e-05,5.319148936175437e-05,5.3191489361754365e-05,5.3191489361754365e-05,5.319148936175437e-05,5.3191489361754365e-05,5.319148936175437e-05,5.3191489361754365e-05,5.319148936175437e-05,0.454933677908355,5.319148936175437e-05,5.319148936175437e-05,5.3191489361754365e-05,5.3191489361754365e-05,5.3191489361754365e-05,5.319148936175437e-05,5.3191489361754365e-05
5,23,5.399568034559904e-05,5.3995680345599045e-05,5.399568034559904e-05,5.3995680345599045e-05,0.49635655370169124,5.399568034559904e-05,5.3995680345599045e-05,5.399568034559904e-05,5.399568034559904e-05,5.399568034559904e-05,5.399568034559904e-05,0.5015916104451759,5.3995680345599045e-05,5.3995680345599045e-05,5.3995680345599045e-05,5.3995680345599045e-05,5.3995680345599045e-05,5.3995680345599045e-05,5.3995680345599045e-05,5.3995680345599045e-05,5.3995680345599045e-05,5.399568034559904e-05,5.399568034559904e-05,5.399568034559904e-05,5.3995680345599045e-05,5.399568034559904e-05,5.399568034559904e-05,5.3995680345599045e-05,5.399568034559904e-05,5.3995680345599045e-05,5.399568034559904e-05,5.399568034559904e-05,5.3995680345599045e-05,5.399568034559904e-05,5.399568034559904e-05,5.399568034559904e-05,5.399568034559904e-05,5.399568034559904e-05,5.399568034559904e-05,5.399568034559904e-05
5,24,5.050505050507273e-05,5.050505050507274e-05,5.050505050507274e-05,5.050505050507274e-05,5.050505050507274e-05,5.050505050507274e-05,5.050505050507274e-05,5.050505050507273e-05,5.050505050507273e-05,5.050505050507273e-05,5.050505050507273e-05,5.050505050507274e-05,5.050505050507273e-05,5.050505050507273e-05,0.5972965394643894,5.050505050507274e-05,5.050505050507274e-05,5.050505050507274e-05,5.050505050507273e-05,5.050505050507274e-05,5.050505050507274e-05,5.050505050507273e-05,5.050505050507273e-05,5.050505050507274e-05,5.050505050507274e-05,5.050505050507273e-05,5.050505050507273e-05,0.400784268616418,5.050505050507273e-05,5.050505050507274e-05,5.050505050507273e-05,5.050505050507274e-05,5.050505050507274e-05,5.050505050507273e-05,5.050505050507274e-05,5.050505050507273e-05,5.050505050507273e-05,5.050505050507273e-05,5.050505050507274e-05,5.050505050507273e-05
5,25,5.030181086521576e-05,5.0301810865215764e-05,5.0301810865215764e-05,5.030181086521576e-05,5.0301810865215764e-05,5.030181086521576e-05,0.9980382293762567,5.030181086521576e-05,5.030181086521576e-05,5.030181086521576e-05,5.030181086521576e-05,5.0301810865215764e-05,5.030181086521576e-05,5.0301810865215764e-05,5.0301810865215764e-05,5.0301810865215764e-05,5.0301810865215764e-05,5.030181086521576e-05,5.0301810865215764e-05,5.030181086521576e-05,5.0301810865215764e-05,5.0301810865215764e-05,5.030181086521576e-05,5.030181086521576e-05,5.0301810865215764e-05,5.030181086521576e-05,5.030181086521576e-05,5.030181086521576e-05,5.030181086521576e-05,5.030181086521576e-05,5.030181086521576e-05,5.030181086521576e-05,5.0301810865215764e-05,5.030181086521576e-05,5.0301810865215764e-05,5.030181086521576e-05,5.030181086521576e-05,5.030181086521576e-05,5.030181086521576e-05,5.030181086521576e-05
5,26,4.960317460319227e-05,4.960317460319226e-05,4.960317460319227e-05,4.960317460319226e-05,4.960317460319226e-05,0.9685916174601034,4.960317460319227e-05,4.960317460319226e-05,4.960317460319227e-05,4.960317460319226e-05,4.960317460319226e-05,4.960317460319227e-05,4.960317460319227e-05,4.960317460319226e-05,4.960317460319226e-05,4.960317460319226e-05,4.960317460319226e-05,4.960317460319226e-05,4.960317460319226e-05,4.960317460319226e-05,4.960317460319227e-05,4.960317460319227e-05,4.960317460319226e-05,4.960317460319226e-05,4.960317460319227e-05,4.960317460319226e-05,4.960317460319226e-05,4.960317460319227e-05,4.960317460319226e-05,4.960317460319226e-05,4.960317460319226e-05,4.960317460319226e-05,4.960317460319227e-05,0.029523461904975453,4.960317460319227e-05,4.960317460319226e-05,4.960317460319226e-05,4.960317460319226e-05,4.960317460319226e-05,4.960317460319226e-05
6,1,4.280821917812122e-05,4.2808219178121223e-05,4.2808219178121223e-05,4.280821917812122e-05,4.2808219178121223e-05,4.2808219178121223e-05,4.2808219178121223e-05,4.280821917812122e-05,4.2808219178121223e-05,4.280821917812122e-05,4.280821917812122e-05,4.2808219178121223e-05,4.280821917812122e-05,4.280821917812122e-05,4.2808219178121223e-05,0.06528976549857862,4.280821917812122e-05,4.2808219178121223e-05,4.2808219178121223e-05,4.2808219178121223e-05,4.2808219178121223e-05,4.2808219178121223e-05,4.280821917812122e-05,4.280821917812122e-05,4.2808219178121223e-05,4.280821917812122e-05,4.280821917812122e-05,4.2808219178121223e-05,4.280821917812122e-05,4.2808219178121223e-05,4.280821917812122e-05,4.280821917812122e-05,0.8944018811116774,4.2808219178121223e-05,0.03872444928015349,4.280821917812122e-05,4.2808219178121223e-05,4.280821917812122e-05,4.2808219178121223e-05,4.280821917812122e-05
6,2,4.9212598425241566e-05,4.921259842524157e-05,4.921259842524157e-05,4.921259842524157e-05,4.921259842524157e-05,4.921259842524157e-05,4.921259842524157e-05,4.9212598425241566e-05,4.9212598425241566e-05,4.9212598425241566e-05,4.9212598425241566e-05,4.921259842524157e-05,4.9212598425241566e-05,4.9212598425241566e-05,4.921259842524157e-05,4.921259842524157e-05,4.9212598425241566e-05,4.921259842524157e-05,4.921259842524157e-05,4.921259842524157e-05,4.921259842524157e-05,4.921259842524157e-05,4.9212598425241566e-05,4.921259842524157e-05,4.921259842524157e-05,4.9212598425241566e-05,4.9212598425241566e-05,4.921259842524157e-05,4.9212598425241566e-05,4.921259842524157e-05,4.9212598425241566e-05,4.9212598425241566e-05,0.9980807086614155,4.921259842524157e-05,4.9212598425241566e-05,4.9212598425241566e-05,4.9212598425241566e-05,4.9212598425241566e-05,4.921259842524157e-05,4.9212598425241566e-05
6,3,4.8732943469801755e-05,4.873294346980176e-05,4.8732943469801755e-05,4.8732943469801755e-05,4.8732943469801755e-05,4.8732943469801755e-05,4.8732943469801755e-05,4.8732943469801755e-05,4.8732943469801755e-05,4.8732943469801755e-05,4.8732943469801755e-05,4.8732943469801755e-05,4.8732943469801755e-05,4.8732943469801755e-05,4.8732943469801755e-05,0.9980994152046779,4.873294346980176e-05,4.873294346980176e-05,4.873294346980176e-05,4.873294346980176e-05,4.8732943469801755e-05,4.8732943469801755e-05,4.8732943469801755e-05,4.873294346980176e-05,4.8732943469801755e-05,4.8732943469801755e-05,4.8732943469801755e-05,4.873294346980176e-05,4.8732943469801755e-05,4.8732943469801755e-05,4.8732943469801755e-05,4.8732943469801755e-05,4.873294346980176e-05,4.8732943469801755e-05,4.8732943469801755e-05,4.8732943469801755e-05,4.8732943469801755e-05,4.8732943469801755e-05,4.8732943469801755e-05,4.8732943469801755e-05
6,4,2.5773195876312148e-05,2.577319587631215e-05,0.07966125861907784,2.577319587631215e-05,2.577319587631215e-05,2.577319587631215e-05,2.577319587631215e-05,2.5773195876312148e-05,2.5773195876312148e-05,2.5773195876312148e-05,2.5773195876312148e-05,2.577319587631215e-05,2.5773195876312148e-05,2.577319587631215e-05,2.577319587631215e-05,2.577319587631215e-05,2.577319587631215e-05,2.577319587631215e-05,2.577319587631215e-05,2.577319587631215e-05,2.577319587631215e-05,2.577319587631215e-05,2.5773195876312148e-05,2.577319587631215e-05,2.577319587631215e-05,2.5773195876312148e-05,2.5773195876312148e-05,2.577319587631215e-05,2.5773195876312148e-05,2.577319587631215e-05,2.5773195876312148e-05,2.5773195876312148e-05,0.7712523710191852,2.577319587631215e-05,2.577319587631215e-05,2.5773195876312148e-05,2.577319587631215e-05,2.5773195876312148e-05,0.1481327621143134,2.577319587631215e-05
6,5,4.432624113479639e-05,4.432624113479639e-05,4.432624113479639e-05,4.432624113479639e-05,4.432624113479639e-05,4.432624113479639e-05,4.432624113479639e-05,4.432624113479639e-05,4.432624113479639e-05,4.432624113479639e-05,4.432624113479639e-05,0.24016475398227052,4.432624113479639e-05,4.432624113479639e-05,4.432624113479639e-05,4.432624113479639e-05,4.432624113479639e-05,4.432624113479639e-05,4.432624113479639e-05,4.432624113479639e-05,4.432624113479639e-05,4.432624113479639e-05,4.432624113479639e-05,4.432624113479639e-05,4.432624113479639e-05,4.432624113479639e-05,4.432624113479639e-05,4.432624113479639e-05,4.432624113479639e-05,4.432624113479639e-05,4.432624113479639e-05,4.432624113479639e-05,0.7581508488546072,4.432624113479639e-05,4.432624113479639e-05,4.432624113479639e-05,4.432624113479639e-05,4.432624113479639e-05,4.432624113479639e-05,4.432624113479639e-05
6,6,4.595588235297739e-05,4.5955882352977395e-05,4.5955882352977395e-05,4.5955882352977395e-05,4.5955882352977395e-05,4.5955882352977395e-05,4.5955882352977395e-05,4.595588235297739e-05,4.595588235297739e-05,4.595588235297739e-05,4.595588235297739e-05,4.5955882352977395e-05,4.595588235297739e-05,4.5955882352977395e-05,4.595588235297739e-05,4.5955882352977395e-05,4.5955882352977395e-05,4.5955882352977395e-05,4.5955882352977395e-05,4.5955882352977395e-05,4.5955882352977395e-05,4.5955882352977395e-05,4.595588235297739e-05,4.595588235297739e-05,4.5955882352977395e-05,4.595588235297739e-05,4.595588235297739e-05,4.5955882352977395e-05,4.595588235297739e-05,4.5955882352977395e-05,4.595588235297739e-05,4.5955882352977395e-05,0.44050402660155824,4.5955882352977395e-05,0.5577496498690288,4.595588235297739e-05,4.5955882352977395e-05,4.595588235297739e-05,4.595588235297739e-05,4.595588235297739e-05
6,7,4.8169556840091126e-05,4.816955684009113e-05,4.8169556840091126e-05,4.8169556840091126e-05,4.816955684009113e-05,4.816955684009113e-05,4.816955684009113e-05,4.8169556840091126e-05,4.8169556840091126e-05,4.8169556840091126e-05,4.8169556840091126e-05,4.816955684009113e-05,4.8169556840091126e-05,4.8169556840091126e-05,4.816955684009113e-05,4.8169556840091126e-05,4.8169556840091126e-05,4.8169556840091126e-05,0.9981213872832366,4.816955684009113e-05,4.816955684009113e-05,4.816955684009113e-05,4.8169556840091126e-05,4.8169556840091126e-05,4.816955684009113e-05,4.8169556840091126e-05,4.8169556840091126e-05,4.816955684009113e-05,4.8169556840091126e-05,4.816955684009113e-05,4.8169556840091126e-05,4.816955684009113e-05,4.816955684009462e-05,4.8169556840091126e-05,4.816955684009113e-05,4.8169556840091126e-05,4.8169556840091126e-05,4.8169556840091126e-05,4.8169556840091126e-05,4.8169556840091126e-05
6,8,4.332755632584253e-05,0.998310225303292,4.332755632584253e-05,4.332755632584253e-05,4.332755632584253e-05,4.332755632584253e-05,4.332755632584253e-05,4.332755632584253e-05,4.332755632584253e-05,4.332755632584253e-05,4.332755632584253e-05,4.332755632584253e-05,4.332755632584253e-05,4.332755632584253e-05,4.332755632584253e-05,4.332755632584253e-05,4.332755632584253e-05,4.332755632584253e-05,4.332755632584253e-05,4.332755632584253e-05,4.332755632584253e-05,4.332755632584253e-05,4.332755632584253e-05,4.332755632584253e-05,4.332755632584253e-05,4.332755632584253e-05,4.332755632584253e-05,4.332755632584253e-05,4.332755632584253e-05,4.332755632584253e-05,4.332755632584253e-05,4.332755632584253e-05,4.332755632595458e-05,4.332755632584253e-05,4.332755632584253e-05,4.332755632584253e-05,4.332755632584253e-05,4.332755632584253e-05,4.332755632584253e-05,4.332755632584253e-05
6,9,0.481135041156214,5.263157894740314e-05,5.263157894740314e-05,5.263157894740313e-05,5.263157894740314e-05,5.263157894740314e-05,5.263157894740314e-05,5.263157894740313e-05,5.263157894740313e-05,5.263157894740313e-05,5.263157894740313e-05,5.263157894740313e-05,5.263157894740313e-05,5.263157894740313e-05,5.263157894740314e-05,5.263157894740314e-05,5.263157894740314e-05,5.263157894740314e-05,5.263157894740313e-05,5.263157894740314e-05,5.263157894740314e-05,5.263157894740314e-05,5.263157894740313e-05,5.263157894740314e-05,5.263157894740314e-05,5.263157894740313e-05,5.263157894740313e-05,0.006509423898928097,5.263157894740313e-05,5.263157894740314e-05,5.263157894740313e-05,5.263157894740313e-05,0.5104081665238039,5.263157894740314e-05,5.263157894740314e-05,5.263157894740313e-05,5.263157894740313e-05,5.263157894740313e-05,5.263157894740313e-05,5.263157894740313e-05
6,10,4.378283712787666e-05,4.3782837127876664e-05,4.3782837127876664e-05,4.3782837127876664e-05,4.3782837127876664e-05,4.3782837127876664e-05,0.05320366885323236,4.3782837127876664e-05,4.3782837127876664e-05,4.378283712787666e-05,4.378283712787666e-05,4.3782837127876664e-05,4.3782837127876664e-05,4.3782837127876664e-05,4.3782837127876664e-05,4.3782837127876664e-05,4.3782837127876664e-05,4.3782837127876664e-05,0.017248461286800968,4.3782837127876664e-05,4.3782837127876664e-05,4.3782837127876664e-05,4.378283712787666e-05,4.378283712787666e-05,4.3782837127876664e-05,4.378283712787666e-05,4.378283712787666e-05,4.3782837127876664e-05,4.378283712787666e-05,4.3782837127876664e-05,4.378283712787666e-05,4.378283712787666e-05,0.3851588711115098,0.5428128166118531,4.378283712787666e-05,4.378283712787666e-05,4.378283712787666e-05,4.378283712787666e-05,4.378283712787666e-05,4.378283712787666e-05
6,11,5.296610169493558e-05,5.296610169493559e-05,5.296610169493558e-05,5.296610169493558e-05,5.296610169493558e-05,5.296610169493558e-05,5.296610169493559e-05,5.296610169493558e-05,5.296610169493558e-05,5.296610169493558e-05,5.296610169493558e-05,5.296610169493559e-05,5.296610169493558e-05,5.296610169493558e-05,5.296610169493558e-05,5.296610169493559e-05,5.296610169493559e-05,5.296610169493559e-05,5.296610169493559e-05,5.296610169493558e-05,0.9979343220338975,5.296610169493558e-05,5.296610169493558e-05,5.296610169493558e-05,5.296610169493559e-05,5.296610169493558e-05,5.296610169493558e-05,5.296610169493559e-05,5.296610169493558e-05,5.296610169493559e-05,5.296610169493558e-05,5.296610169493558e-05,5.296610169493559e-05,5.296610169493559e-05,5.296610169493558e-05,5.296610169493558e-05,5.296610169493558e-05,5.296610169493558e-05,5.296610169493558e-05,5.296610169493558e-05
6,12,5.000000000002542e-05,5.000000000002543e-05,5.000000000002543e-05,5.000000000002542e-05,5.000000000002543e-05,5.000000000002543e-05,5.000000000002543e-05,5.000000000002542e-05,5.000000000002543e-05,5.000000000002542e-05,5.000000000002542e-05,5.000000000002543e-05,5.000000000002542e-05,5.000000000002542e-05,5.000000000002542e-05,5.000000000002543e-05,5.000000000002543e-05,5.000000000002543e-05,5.000000000002543e-05,5.000000000002543e-05,5.000000000002543e-05,5.000000000002543e-05,5.000000000002542e-05,5.000000000002542e-05,0.9980499999999991,5.000000000002542e-05,5.000000000002542e-05,5.000000000002543e-05,5.000000000002542e-05,5.000000000002543e-05,5.000000000002542e-05,5.000000000002543e-05,5.000000000002543e-05,5.000000000002543e-05,5.000000000002543e-05,5.000000000002542e-05,5.000000000002543e-05,5.000000000002542e-05,5.000000000002543e-05,5.000000000002542e-05
6,13,0.00011013215859031644,0.00011013215859031644,0.00011013215859031644,0.00011013215859031644,0.00011013215859031644,0.00011013215859031644,0.00011013215859031644,0.9957048458149775,0.00011013215859031644,0.00011013215859031644,0.00011013215859031644,0.00011013215859031644,0.00011013215859031644,0.00011013215859031644,0.00011013215859031644,0.00011013215859031644,0.00011013215859031644,0.00011013215859031644,0.00011013215859031644,0.00011013215859031644,0.00011013215859031644,0.00011013215859031644,0.00011013215859031644,0.00011013215859031644,0.00011013215859031644,0.00011013215859031644,0.00011013215859031644,0.00011013215859031644,0.00011013215859031644,0.00011013215859031644,0.00011013215859031644,0.00011013215859031644,0.00011013215859031644,0.00011013215859031644,0.00011013215859031644,0.00011013215859031644,0.00011013215859031644,0.00011013215859031644,0.00011013215859031644,0.00011013215859031644
6,14,4.921259842524138e-05,4.921259842524139e-05,4.921259842524139e-05,4.921259842524139e-05,4.921259842524139e-05,4.921259842524139e-05,4.921259842524139e-05,4.921259842524138e-05,4.921259842524138e-05,4.921259842524138e-05,4.921259842524139e-05,4.921259842524139e-05,4.921259842524138e-05,4.921259842524139e-05,4.921259842524138e-05,4.921259842524139e-05,4.921259842524139e-05,4.921259842524138e-05,4.921259842524139e-05,4.921259842524138e-05,4.921259842524139e-05,4.921259842524138e-05,4.921259842524138e-05,4.921259842524138e-05,4.921259842524139e-05,4.921259842524138e-05,4.921259842524138e-05,4.921259842524139e-05,4.921259842524138e-05,4.921259842524139e-05,4.921259842524138e-05,4.921259842524138e-05,0.9980807086614155,4.921259842524138e-05,4.921259842524138e-05,4.921259842524138e-05,4.921259842524138e-05,4.921259842524138e-05,4.921259842524138e-05,4.921259842524139e-05
6,15,4.780114722754778e-05,4.780114722754778e-05,4.780114722754778e-05,4.780114722754778e-05,4.780114722754778e-05,4.780114722754778e-05,4.780114722754778e-05,4.780114722754778e-05,4.780114722754778e-05,4.780114722754778e-05,4.780114722754778e-05,4.780114722754778e-05,4.780114722754778e-05,4.780114722754778e-05,4.780114722754778e-05,4.780114722754778e-05,4.780114722754778e-05,0.9981357552581258,4.780114722754778e-05,4.780114722754778e-05,4.780114722754778e-05,4.7801147227547785e-05,4.780114722754778e-05,4.780114722754778e-05,4.780114722754778e-05,4.780114722754778e-05,4.780114722754778e-05,4.7801147227547785e-05,4.780114722754778e-05,4.7801147227547785e-05,4.780114722754778e-05,4.780114722754778e-05,4.7801147227547785e-05,4.780114722754778e-05,4.7801147227547785e-05,4.780114722754778e-05,4.780114722754778e-05,4.780114722754778e-05,4.780114722754778e-05,4.780114722754778e-05
6,16,2.3696682464463348e-05,2.369668246446335e-05,2.3696682464463348e-05,2.3696682464463348e-05,2.3696682464463348e-05,2.369668246446335e-05,2.369668246446335e-05,2.3696682464463348e-05,2.3696682464463348e-05,2.3696682464463348e-05,2.3696682464463348e-05,2.369668246446335e-05,2.3696682464463348e-05,2.3696682464463348e-05,2.3696682464463348e-05,2.3696682464463348e-05,2.3696682464463348e-05,2.3696682464463348e-05,2.3696682464463348e-05,2.3696682464463348e-05,0.9990758293838858,2.3696682464463348e-05,2.3696682464463348e-05,2.3696682464463348e-05,2.3696682464463348e-05,2.3696682464463348e-05,2.3696682464463348e-05,2.3696682464463348e-05,2.3696682464463348e-05,2.3696682464463348e-05,2.3696682464463348e-05,2.369668246446335e-05,2.369668246446335e-05,2.3696682464463348e-05,2.3696682464463348e-05,2.3696682464463348e-05,2.3696682464463348e-05,2.3696682464463348e-05,2.3696682464463348e-05,2.3696682464463348e-05
6,17,4.3630017452022867e-05,0.005240866994591187,4.363001745202287e-05,4.3630017452022867e-05,4.3630017452022867e-05,0.9931011923422322,4.363001745202287e-05,4.3630017452022867e-05,4.3630017452022867e-05,4.3630017452022867e-05,4.3630017452022867e-05,4.363001745202287e-05,4.3630017452022867e-05,4.3630017452022867e-05,4.3630017452022867e-05,4.3630017452022867e-05,4.3630017452022867e-05,4.363001745202287e-05,4.3630017452022867e-05,4.363001745202287e-05,4.363001745202287e-05,4.363001745202287e-05,4.3630017452022867e-05,4.3630017452022867e-05,4.363001745202287e-05,4.3630017452022867e-05,4.3630017452022867e-05,4.363001745202287e-05,4.363001745202287e-05,4.363001745202287e-05,4.3630017452022867e-05,4.3630017452022867e-05,4.363001745202287e-05,4.3630017452022867e-05,4.3630017452022867e-05,4.3630017452022867e-05,4.3630017452022867e-05,4.3630017452022867e-05,4.3630017452022867e-05,4.3630017452022867e-05
6,18,0.001970800640599385,4.3103448275883316e-05,4.310344827588331e-05,4.310344827588331e-05,4.310344827588331e-05,4.310344827588331e-05,4.3103448275883316e-05,4.310344827588331e-05,4.310344827588331e-05,4.310344827588331e-05,4.310344827588331e-05,4.3103448275883316e-05,4.310344827588331e-05,4.310344827588331e-05,0.992390294223236,4.310344827588331e-05,4.310344827588331e-05,4.3103448275883316e-05,4.310344827588331e-05,4.310344827588331e-05,0.004044077549957158,4.3103448275883316e-05,4.310344827588331e-05,4.310344827588331e-05,4.3103448275883316e-05,4.310344827588331e-05,4.310344827588331e-05,4.310344827588331e-05,4.310344827588331e-05,4.310344827588331e-05,4.310344827588331e-05,4.310344827588331e-05,4.3103448275883316e-05,4.3103448275883316e-05,4.310344827588331e-05,4.310344827588331e-05,4.310344827588331e-05,4.310344827588331e-05,4.310344827588331e-05,4.310344827588331e-05
6,19,5.0813008130123185e-05,5.081300813012319e-05,5.081300813012319e-05,5.0813008130123185e-05,5.0813008130123185e-05,5.081300813012319e-05,5.081300813012319e-05,5.0813008130123185e-05,5.0813008130123185e-05,5.0813008130123185e-05,5.0813008130123185e-05,0.23216594786309383,5.0813008130123185e-05,5.081300813012319e-05,5.081300813012319e-05,5.0813008130123185e-05,5.081300813012319e-05,5.081300813012319e-05,5.081300813012319e-05,5.081300813012319e-05,5.081300813012319e-05,5.081300813012319e-05,5.0813008130123185e-05,5.08130081301232e-05,5.081300813012319e-05,5.0813008130123185e-05,5.0813008130123185e-05,5.0813008130123185e-05,5.0813008130123185e-05,5.081300813012319e-05,5.0813008130123185e-05,5.081300813012319e-05,0.7659031578279614,5.081300813012319e-05,5.081300813012319e-05,5.0813008130123185e-05,5.0813008130123185e-05,5.0813008130123185e-05,5.081300813012319e-05,5.0813008130123185e-05
6,20,5.3995680345594105e-05,0.997894168466522,5.399568034559411e-05,5.399568034559411e-05,5.3995680345594105e-05,5.3995680345594105e-05,5.399568034559411e-05,5.3995680345594105e-05,5.3995680345594105e-05,5.3995680345594105e-05,5.3995680345594105e-05,5.399568034559411e-05,5.3995680345594105e-05,5.399568034559411e-05,5.399568034559411e-05,5.3995680345594105e-05,5.399568034559411e-05,5.399568034559411e-05,5.3995680345594105e-05,5.399568034559411e-05,5.399568034559411e-05,5.399568034559411e-05,5.3995680345594105e-05,5.3995680345594105e-05,5.399568034559411e-05,5.3995680345594105e-05,5.3995680345594105e-05,5.399568034559411e-05,5.399568034559411e-05,5.399568034559411e-05,5.3995680345594105e-05,5.399568034559411e-05,5.399568034559411e-05,5.3995680345594105e-05,5.399568034559411e-05,5.3995680345594105e-05,5.399568034559411e-05,5.3995680345594105e-05,5.3995680345594105e-05,5.3995680345594105e-05
6,21,4.4169611307468354e-05,4.416961130746836e-05,4.4169611307468354e-05,4.416961130746836e-05,4.416961130746836e-05,4.416961130746836e-05,4.416961130746836e-05,4.4169611307468354e-05,4.416961130746836e-05,4.4169611307468354e-05,4.4169611307468354e-05,4.416961130746836e-05,4.4169611307468354e-05,4.4169611307468354e-05,4.416961130746836e-05,4.416961130746836e-05,4.416961130746836e-05,0.27879046204653285,4.416961130746836e-05,4.416961130746836e-05,4.416961130746836e-05,4.416961130746836e-05,4.4169611307468354e-05,4.4169611307468354e-05,4.416961130746836e-05,4.4169611307468354e-05,4.4169611307468354e-05,4.416961130746836e-05,4.4169611307468354e-05,4.416961130746836e-05,4.4169611307468354e-05,4.4169611307468354e-05,0.7195310927237832,4.416961130746836e-05,4.416961130746836e-05,4.4169611307468354e-05,4.4169611307468354e-05,4.4169611307468354e-05,4.416961130746836e-05,4.416961130746836e-05
6,22,5.030181086524183e-05,5.030181086524184e-05,5.030181086524184e-05,5.030181086524184e-05,5.030181086524183e-05,5.030181086524184e-05,5.030181086524184e-05,5.030181086524187e-05,5.030181086524184e-05,5.030181086524183e-05,5.030181086524183e-05,0.07129466287055176,5.030181086524183e-05,5.030181086524183e-05,5.030181086524184e-05,5.030181086524184e-05,5.030181086524184e-05,5.030181086524184e-05,5.030181086524184e-05,5.030181086524184e-05,5.030181086524184e-05,5.030181086524184e-05,5.030181086524183e-05,5.030181086524183e-05,0.026388105248517944,5.030181086524183e-05,5.030181086524183e-05,5.030181086524184e-05,5.030181086524183e-05,5.030181086524184e-05,5.030181086524183e-05,5.030181086524183e-05,0.9004560648789163,5.030181086524184e-05,5.030181086524184e-05,5.030181086524183e-05,5.030181086524183e-05,5.030181086524183e-05,5.030181086524184e-05,5.030181086524183e-05
6,23,4.1459369817597956e-05,4.145936981759796e-05,4.145936981759796e-05,4.1459369817597956e-05,4.1459369817597956e-05,4.145936981759796e-05,4.145936981759796e-05,4.1459369817597956e-05,4.145936981759796e-05,4.1459369817597956e-05,4.1459369817597956e-05,4.1459369817597956e-05,4.1459369817597956e-05,4.1459369817597956e-05,4.1459369817597956e-05,4.145936981759796e-05,4.145936981759796e-05,4.145936981759796e-05,4.1459369817597956e-05,4.145936981759796e-05,4.1459369817597956e-05,4.1459369817597956e-05,4.1459369817597956e-05,4.1459369817597956e-05,0.9983830845771137,4.1459369817597956e-05,4.1459369817597956e-05,4.145936981759796e-05,4.1459369817597956e-05,4.1459369817597956e-05,4.1459369817597956e-05,4.145936981759796e-05,4.145936981759796e-05,4.1459369817597956e-05,4.1459369817597956e-05,4.1459369817597956e-05,4.1459369817597956e-05,4.1459369817597956e-05,4.1459369817597956e-05,4.1459369817597956e-05
6,24,4.789272030654959e-05,4.789272030654959e-05,4.789272030654959e-05,4.789272030654959e-05,4.789272030654959e-05,0.49072081060106065,4.789272030654959e-05,4.789272030654959e-05,4.789272030654958e-05,4.789272030654958e-05,4.789272030654958e-05,4.789272030654959e-05,4.789272030654959e-05,4.789272030654958e-05,0.020275523157542934,4.789272030654959e-05,4.789272030654959e-05,4.789272030654959e-05,4.789272030654959e-05,4.789272030654959e-05,4.789272030654959e-05,4.789272030654959e-05,4.789272030654958e-05,4.789272030654958e-05,0.08501714037224277,4.789272030654958e-05,4.789272030654958e-05,4.789272030654959e-05,4.789272030654958e-05,4.789272030654959e-05,4.789272030654958e-05,4.789272030654958e-05,0.40226238793811814,4.789272030654959e-05,4.789272030654958e-05,4.789272030654958e-05,4.789272030654958e-05,4.789272030654958e-05,4.789272030654958e-05,4.789272030654958e-05
7,1,5.6947608200477735e-05,5.694760820047774e-05,5.694760820047774e-05,5.6947608200477735e-05,5.694760820047774e-05,5.694760820047774e-05,5.694760820047774e-05,5.6947608200477735e-05,5.6947608200477735e-05,5.6947608200477735e-05,5.6947608200477735e-05,5.694760820047774e-05,5.6947608200477735e-05,5.6947608200477735e-05,5.694760820047774e-05,0.9977790432801815,5.694760820047774e-05,5.694760820047774e-05,5.694760820047774e-05,5.694760820047774e-05,5.694760820047774e-05,5.694760820047774e-05,5.6947608200477735e-05,5.694760820047774e-05,5.694760820047774e-05,5.6947608200477735e-05,5.6947608200477735e-05,5.694760820047774e-05,5.6947608200477735e-05,5.694760820047774e-05,5.6947608200477735e-05,5.694760820047774e-05,5.694760820047849e-05,5.6947608200477735e-05,5.694760820047774e-05,5.6947608200477735e-05,5.694760820047774e-05,5.6947608200477735e-05,5.694760820047774e-05,5.6947608200477735e-05
7,2,5.1759834368555126e-05,5.1759834368555126e-05,5.175983436855513e-05,5.175983436855513e-05,5.175983436855513e-05,5.1759834368555126e-05,5.175983436855513e-05,5.1759834368555126e-05,5.1759834368555126e-05,5.1759834368555126e-05,5.1759834368555126e-05,0.9979813664596265,5.1759834368555126e-05,5.1759834368555126e-05,5.175983436855513e-05,5.1759834368555126e-05,5.175983436855513e-05,5.175983436855513e-05,5.175983436855513e-05,5.1759834368555126e-05,5.175983436855513e-05,5.175983436855513e-05,5.1759834368555126e-05,5.175983436855513e-05,5.175983436855513e-05,5.1759834368555126e-05,5.1759834368555126e-05,5.175983436855513e-05,5.1759834368555126e-05,5.175983436855513e-05,5.1759834368555126e-05,5.1759834368555126e-05,5.175983436855513e-05,5.175983436855513e-05,5.175983436855513e-05,5.1759834368555126e-05,5.1759834368555126e-05,5.1759834368555126e-05,5.1759834368555126e-05,5.1759834368555126e-05
7,3,6.08272506082919e-05,6.08272506082919e-05,6.08272506082919e-05,6.082725060829189e-05,6.082725060829189e-05,6.08272506082919e-05,6.08272506082919e-05,6.082725060829189e-05,6.082725060829189e-05,6.082725060829189e-05,6.082725060829189e-05,6.08272506082919e-05,6.082725060829189e-05,6.082725060829189e-05,6.082725060829189e-05,6.08272506082919e-05,6.082725060829189e-05,6.082725060829189e-05,6.082725060829189e-05,6.08272506082919e-05,6.08272506082919e-05,6.082725060829189e-05,6.082725060829189e-05,6.082725060829189e-05,6.08272506082919e-05,6.082725060829189e-05,6.082725060829189e-05,6.08272506082919e-05,6.082725060829189e-05,6.082725060829189e-05,6.082725060829189e-05,6.082725060829189e-05,6.08272506082919e-05,6.082725060829189e-05,0.9976277372262765,6.082725060829189e-05,6.082725060829189e-05,6.082725060829189e-05,6.082725060829189e-05,6.082725060829189e-05
7,4,5.175983436854786e-05,5.1759834368547876e-05,5.175983436854786e-05,5.175983436854786e-05,5.1759834368547876e-05,5.1759834368547876e-05,5.1759834368547876e-05,5.175983436854786e-05,5.1759834368547876e-05,5.175983436854786e-05,5.1759834368547876e-05,5.1759834368547876e-05,5.175983436854786e-05,5.175983436854786e-05,0.9979813664596269,5.1759834368547876e-05,5.1759834368547876e-05,5.1759834368547876e-05,5.175983436854786e-05,5.1759834368547876e-05,5.1759834368547876e-05,5.175983436854786e-05,5.175983436854786e-05,5.175983436854786e-05,5.1759834368547876e-05,5.175983436854786e-05,5.175983436854786e-05,5.1759834368547876e-05,5.175983436854786e-05,5.175983436854786e-05,5.175983436854786e-05,5.175983436854786e-05,5.1759834368547876e-05,5.175983436854786e-05,5.1759834368547876e-05,5.175983436854786e-05,5.175983436854786e-05,5.175983436854786e-05,5.175983436854786e-05,5.175983436854786e-05
7,5,4.266211604098818e-05,4.266211604098818e-05,4.266211604098818e-05,4.266211604098818e-05,4.266211604098818e-05,4.266211604098818e-05,0.13843929050220802,4.266211604098817e-05,0.39641285008843347,4.266211604098817e-05,4.266211604098817e-05,0.11536027206462987,4.266211604098817e-05,4.266211604098817e-05,4.266211604098818e-05,4.266211604098818e-05,4.266211604098818e-05,4.266211604098818e-05,4.266211604098818e-05,4.266211604098818e-05,4.266211604098818e-05,4.266211604098818e-05,4.266211604098817e-05,4.266211604098817e-05,0.022355624097748737,4.266211604098817e-05,4.266211604098817e-05,4.266211604098818e-05,4.266211604098817e-05,4.266211604098818e-05,4.266211604098817e-05,4.266211604098817e-05,0.32593878918554514,4.266211604098818e-05,4.266211604098818e-05,4.266211604098817e-05,4.266211604098817e-05,4.266211604098817e-05,4.266211604098818e-05,4.266211604098817e-05
7,6,4.587155963304205e-05,4.587155963304205e-05,4.587155963304205e-05,4.587155963304205e-05,4.587155963304205e-05,4.587155963304205e-05,4.587155963304205e-05,4.587155963304205e-05,4.587155963304205e-05,4.587155963304205e-05,4.587155963304205e-05,4.587155963304206e-05,4.587155963304205e-05,4.587155963304205e-05,4.587155963304205e-05,4.587155963304205e-05,0.9982110091743115,4.587155963304205e-05,4.587155963304205e-05,4.587155963304205e-05,4.587155963304205e-05,4.587155963304205e-05,4.587155963304205e-05,4.587155963304205e-05,4.587155963304205e-05,4.587155963304205e-05,4.587155963304205e-05,4.587155963304206e-05,4.587155963304205e-05,4.587155963304206e-05,4.587155963304205e-05,4.587155963304205e-05,4.587155963305087e-05,4.587155963304205e-05,4.587155963304205e-05,4.587155963304205e-05,4.587155963304205e-05,4.587155963304205e-05,4.587155963304205e-05,4.587155963304205e-05
7,7,4.2229729729747737e-05,4.2229729729747737e-05,4.2229729729747737e-05,4.2229729729747737e-05,4.2229729729747737e-05,4.2229729729747737e-05,4.2229729729747737e-05,4.2229729729747737e-05,4.2229729729747737e-05,4.2229729729747737e-05,4.2229729729747737e-05,4.222972972974774e-05,4.222972972974774e-05,4.222972972974774e-05,4.222972972974774e-05,4.2229729729747737e-05,4.2229729729747737e-05,4.2229729729747737e-05,4.2229729729747737e-05,4.2229729729747737e-05,4.222972972974774e-05,4.2229729729747737e-05,4.2229729729747737e-05,4.2229729729747737e-05,0.9983530405405397,4.2229729729747737e-05,4.2229729729747737e-05,4.2229729729747737e-05,4.2229729729747737e-05,4.2229729729747737e-05,4.2229729729747737e-05,4.2229729729747737e-05,4.222972972974774e-05,4.2229729729747737e-05,4.2229729729747737e-05,4.2229729729747737e-05,4.2229729729747737e-05,4.2229729729747737e-05,4.2229729729747737e-05,4.2229729729747737e-05
7,8,5.070993914810151e-05,5.0709939148101516e-05,5.0709939148101516e-05,5.070993914810151e-05,5.070993914810151e-05,5.0709939148101516e-05,0.9980223123732243,5.070993914810151e-05,5.070993914810151e-05,5.070993914810151e-05,5.0709939148101516e-05,5.0709939148101516e-05,5.070993914810151e-05,5.070993914810151e-05,5.070993914810151e-05,5.0709939148101516e-05,5.0709939148101516e-05,5.070993914810151e-05,5.0709939148101516e-05,5.070993914810151e-05,5.0709939148101516e-05,5.070993914810151e-05,5.070993914810151e-05,5.070993914810151e-05,5.0709939148101516e-05,5.070993914810151e-05,5.070993914810151e-05,5.0709939148101516e-05,5.070993914810151e-05,5.0709939148101516e-05,5.070993914810151e-05,5.0709939148101516e-05,5.0709939148101516e-05,5.070993914810151e-05,5.0709939148101516e-05,5.070993914810151e-05,5.0709939148101516e-05,5.070993914810151e-05,5.070993914810151e-05,5.070993914810151e-05
7,9,4.480286738356088e-05,4.480286738356088e-05,4.480286738356087e-05,4.480286738356088e-05,4.480286738356088e-05,4.480286738356088e-05,4.480286738356088e-05,4.480286738356087e-05,4.480286738356088e-05,4.480286738356087e-05,4.480286738356087e-05,0.009206755910111155,4.480286738356087e-05,4.480286738356088e-05,4.480286738356088e-05,4.480286738356088e-05,0.38613966656607407,4.480286738356088e-05,4.480286738356088e-05,4.480286738356088e-05,4.480286738356088e-05,0.06285548385270631,4.480286738356087e-05,4.480286738356087e-05,4.480286738356088e-05,4.480286738356087e-05,4.480286738356087e-05,0.09226489973889064,4.480286738356087e-05,4.480286738356088e-05,4.480286738356087e-05,4.480286738356087e-05,0.4479650935737932,4.480286738356088e-05,4.480286738356088e-05,4.480286738356087e-05,4.480286738356088e-05,4.480286738356087e-05,4.480286738356087e-05,4.480286738356087e-05
7,10,5.26315789473884e-05,5.263157894738841e-05,5.263157894738841e-05,5.263157894738841e-05,5.26315789473884e-05,5.263157894738841e-05,5.263157894738841e-05,5.26315789473884e-05,5.263157894738841e-05,5.26315789473884e-05,5.26315789473884e-05,5.263157894738841e-05,5.263157894738841e-05,5.263157894738841e-05,5.26315789473884e-05,0.997947368421052,5.263157894738841e-05,5.26315789473884e-05,5.26315789473884e-05,5.26315789473884e-05,5.263157894738841e-05,5.263157894738841e-05,5.26315789473884e-05,5.26315789473884e-05,5.263157894738841e-05,5.26315789473884e-05,5.26315789473884e-05,5.263157894738841e-05,5.26315789473884e-05,5.263157894738841e-05,5.26315789473884e-05,5.26315789473884e-05,5.263157894738841e-05,5.26315789473884e-05,5.26315789473884e-05,5.26315789473884e-05,5.26315789473884e-05,5.26315789473884e-05,5.263157894738841e-05,5.26315789473884e-05
7,11,2.424830261884149e-05,2.424830261884149e-05,2.424830261884149e-05,2.4248302618841487e-05,2.4248302618841487e-05,2.424830261884149e-05,2.424830261884149e-05,2.424830261884149e-05,2.4248302618841487e-05,2.4248302618841487e-05,2.4248302618841487e-05,0.08435302182496371,2.424830261884149e-05,2.4248302618841487e-05,2.4248302618841487e-05,2.424830261884149e-05,2.424830261884149e-05,2.424830261884149e-05,2.4248302618841487e-05,2.424830261884149e-05,2.424830261884149e-05,2.424830261884149e-05,2.4248302618841487e-05,2.4248302618841487e-05,2.424830261884149e-05,2.4248302618841487e-05,2.4248302618841487e-05,2.424830261884149e-05,2.4248302618841487e-05,2.424830261884149e-05,2.4248302618841487e-05,2.424830261884149e-05,0.9147255426755203,2.4248302618841487e-05,2.4248302618841487e-05,2.4248302618841487e-05,2.424830261884149e-05,2.4248302618841487e-05,2.424830261884149e-05,2.424830261884149e-05
7,12,5.000000000004402e-05,5.000000000004403e-05,5.000000000004403e-05,5.000000000004403e-05,5.000000000004403e-05,5.000000000004403e-05,5.000000000004403e-05,5.000000000004403e-05,5.000000000004402e-05,5.000000000004402e-05,5.000000000004402e-05,5.000000000004403e-05,5.000000000004402e-05,5.000000000004402e-05,5.000000000004403e-05,5.000000000004402e-05,5.000000000004402e-05,5.000000000004403e-05,5.000000000004403e-05,5.000000000004403e-05,5.000000000004403e-05,5.000000000004403e-05,5.000000000004402e-05,5.000000000004403e-05,0.6134314871462644,5.000000000004402e-05,5.000000000004402e-05,5.000000000004403e-05,5.000000000004403e-05,5.000000000004403e-05,5.000000000004402e-05,5.000000000004403e-05,0.38466851285373393,5.000000000004402e-05,5.000000000004403e-05,5.000000000004402e-05,5.000000000004403e-05,5.000000000004402e-05,5.000000000004403e-05,5.000000000004402e-05
7,13,4.9407114624523194e-05,4.9407114624523194e-05,4.9407114624523194e-05,4.9407114624523194e-05,4.9407114624523194e-05,4.9407114624523194e-05,4.9407114624523194e-05,4.940711462452319e-05,4.940711462452319e-05,4.940711462452319e-05,4.940711462452319e-05,4.9407114624523194e-05,4.940711462452319e-05,4.940711462452319e-05,4.940711462452319e-05,4.940711462452319e-05,4.9407114624523194e-05,4.9407114624523194e-05,4.9407114624523194e-05,0.9980731225296436,4.9407114624523194e-05,4.940711462452319e-05,4.940711462452319e-05,4.940711462452319e-05,4.9407114624523194e-05,4.940711462452319e-05,4.940711462452319e-05,4.9407114624523194e-05,4.940711462452319e-05,4.9407114624523194e-05,4.940711462452319e-05,4.940711462452319e-05,4.9407114624523194e-05,4.940711462452319e-05,4.940711462452319e-05,4.940711462452319e-05,4.940711462452319e-05,4.940711462452319e-05,4.940711462452319e-05,4.940711462452319e-05
7,14,5.364806866954375e-05,5.364806866954376e-05,5.364806866954375e-05,5.364806866954376e-05,5.364806866954375e-05,5.364806866954375e-05,5.364806866954376e-05,5.364806866954375e-05,5.364806866954375e-05,5.364806866954375e-05,5.364806866954375e-05,5.364806866954376e-05,5.364806866954375e-05,5.364806866954375e-05,5.364806866954376e-05,5.364806866954375e-05,0.9979077253218879,5.364806866954375e-05,5.364806866954375e-05,5.364806866954376e-05,5.364806866954376e-05,5.364806866954375e-05,5.364806866954375e-05,5.364806866954375e-05,5.364806866954375e-05,5.364806866954375e-05,5.364806866954375e-05,5.364806866954376e-05,5.364806866954375e-05,5.364806866954375e-05,5.364806866954375e-05,5.364806866954375e-05,5.364806866954376e-05,5.364806866954375e-05,5.364806866954376e-05,5.364806866954375e-05,5.364806866954375e-05,5.364806866954375e-05,5.364806866954375e-05,5.364806866954375e-05
7,15,5.0000000000041385e-05,5.000000000004139e-05,5.000000000004139e-05,5.0000000000041385e-05,5.0000000000041385e-05,5.000000000004139e-05,5.000000000004139e-05,5.0000000000041385e-05,5.000000000004139e-05,5.0000000000041385e-05,5.0000000000041385e-05,0.35272689451712685,5.0000000000041385e-05,5.000000000004139e-05,5.000000000004139e-05,5.000000000004139e-05,5.000000000004139e-05,5.000000000004139e-05,5.000000000004139e-05,5.000000000004139e-05,0.10181236892578303,5.000000000004139e-05,5.0000000000041385e-05,5.0000000000041385e-05,5.000000000004139e-05,5.0000000000041385e-05,5.0000000000041385e-05,5.000000000004139e-05,5.0000000000041385e-05,5.000000000004139e-05,5.0000000000041385e-05,5.000000000004139e-05,0.5436107365570885,5.0000000000041385e-05,5.000000000004139e-05,5.0000000000041385e-05,5.000000000004139e-05,5.0000000000041385e-05,5.0000000000041385e-05,5.0000000000041385e-05
7,16,0.00013513513513516373,0.0001351351351351637,0.0001351351351351637,0.0001351351351351637,0.9947297297297285,0.00013513513513516376,0.00013513513513516373,0.0001351351351351637,0.0001351351351351637,0.0001351351351351637,0.0001351351351351637,0.0001351351351351637,0.0001351351351351637,0.0001351351351351637,0.0001351351351351637,0.00013513513513516373,0.00013513513513516373,0.00013513513513516373,0.0001351351351351637,0.0001351351351351637,0.0001351351351351637,0.0001351351351351637,0.0001351351351351637,0.0001351351351351637,0.00013513513513516373,0.0001351351351351637,0.0001351351351351637,0.00013513513513516373,0.00013513513513516373,0.0001351351351351637,0.0001351351351351637,0.0001351351351351637,0.00013513513513516373,0.0001351351351351637,0.0001351351351351637,0.0001351351351351637,0.0001351351351351637,0.0001351351351351637,0.0001351351351351637,0.0001351351351351637
7,17,4.53720508167149e-05,4.537205081671491e-05,4.53720508167149e-05,4.53720508167149e-05,4.53720508167149e-05,4.53720508167149e-05,4.537205081671491e-05,4.53720508167149e-05,4.53720508167149e-05,4.53720508167149e-05,4.53720508167149e-05,4.537205081671491e-05,4.53720508167149e-05,4.53720508167149e-05,4.53720508167149e-05,4.53720508167149e-05,4.53720508167149e-05,4.53720508167149e-05,4.53720508167149e-05,4.53720508167149e-05,4.537205081671491e-05,4.53720508167149e-05,4.53720508167149e-05,4.53720508167149e-05,4.53720508167149e-05,4.53720508167149e-05,4.53720508167149e-05,0.9982304900181481,4.53720508167149e-05,4.537205081671491e-05,4.53720508167149e-05,4.53720508167149e-05,4.537205081671491e-05,4.53720508167149e-05,4.53720508167149e-05,4.53720508167149e-05,4.53720508167149e-05,4.53720508167149e-05,4.53720508167149e-05,4.53720508167149e-05
7,18,5.6433408577894235e-05,5.6433408577894235e-05,5.6433408577894235e-05,5.6433408577894235e-05,5.6433408577894235e-05,5.6433408577894235e-05,5.6433408577894235e-05,5.6433408577894235e-05,5.6433408577894235e-05,5.6433408577894235e-05,5.6433408577894235e-05,5.6433408577894235e-05,5.6433408577894235e-05,5.6433408577894235e-05,5.6433408577894235e-05,5.6433408577894235e-05,0.9977990970654622,5.6433408577894235e-05,5.6433408577894235e-05,5.6433408577894235e-05,5.6433408577894235e-05,5.6433408577894235e-05,5.6433408577894235e-05,5.6433408577894235e-05,5.6433408577894235e-05,5.6433408577894235e-05,5.6433408577894235e-05,5.6433408577894235e-05,5.6433408577894235e-05,5.6433408577894235e-05,5.6433408577894235e-05,5.6433408577894235e-05,5.643340857789424e-05,5.6433408577894235e-05,5.6433408577894235e-05,5.6433408577894235e-05,5.6433408577894235e-05,5.6433408577894235e-05,5.6433408577894235e-05,5.6433408577894235e-05
7,19,6.097560975615366e-05,6.0975609756153675e-05,6.0975609756153675e-05,6.0975609756153675e-05,6.0975609756153675e-05,6.0975609756153675e-05,6.0975609756153675e-05,6.097560975615366e-05,6.0975609756153675e-05,6.097560975615366e-05,6.097560975615366e-05,6.0975609756153675e-05,6.0975609756153675e-05,6.097560975615366e-05,0.26908067017108056,6.0975609756153675e-05,6.0975609756153675e-05,0.16110042994498477,6.0975609756153675e-05,6.0975609756153675e-05,6.0975609756153675e-05,6.0975609756153675e-05,6.097560975615366e-05,6.0975609756153675e-05,6.0975609756153675e-05,6.097560975615366e-05,6.097560975615366e-05,6.0975609756153675e-05,6.0975609756153675e-05,6.0975609756153675e-05,6.097560975615366e-05,0.0503905133548796,0.5172332645778335,6.0975609756153675e-05,6.0975609756153675e-05,6.097560975615366e-05,6.0975609756153675e-05,6.097560975615366e-05,6.0975609756153675e-05,6.0975609756153675e-05
7,20,4.96031746032162e-05,4.96031746032162e-05,4.96031746032162e-05,4.96031746032162e-05,4.9603174603216196e-05,4.96031746032162e-05,0.5252312595552289,4.9603174603216196e-05,4.96031746032162e-05,4.9603174603216196e-05,4.9603174603216196e-05,0.20883575225405912,4.96031746032162e-05,4.9603174603216196e-05,4.96031746032162e-05,0.1871433232784922,4.96031746032162e-05,4.96031746032162e-05,4.9603174603216196e-05,4.96031746032162e-05,4.96031746032162e-05,4.96031746032162e-05,4.9603174603216196e-05,4.9603174603216196e-05,4.96031746032162e-05,4.9603174603216196e-05,4.9603174603216196e-05,4.96031746032162e-05,0.07700395062650411,4.96031746032162e-05,4.9603174603216196e-05,4.96031746032162e-05,4.96031746032162e-05,4.96031746032162e-05,4.96031746032162e-05,4.9603174603216196e-05,4.9603174603216196e-05,4.9603174603216196e-05,4.9603174603216196e-05,4.9603174603216196e-05
7,21,3.1328320802032835e-05,3.1328320802032835e-05,0.02398628127920385,3.1328320802032835e-05,3.1328320802032835e-05,3.1328320802032835e-05,0.0192562830398727,3.132832080203283e-05,3.1328320802032835e-05,3.132832080203283e-05,3.132832080203283e-05,3.1328320802032835e-05,3.132832080203283e-05,3.1328320802032835e-05,3.1328320802032835e-05,0.5989285961551619,3.132832080203283e-05,3.1328320802032835e-05,3.1328320802032835e-05,3.1328320802032835e-05,3.1328320802032835e-05,3.1328320802032835e-05,3.132832080203283e-05,3.132832080203283e-05,3.1328320802032835e-05,3.132832080203283e-05,3.132832080203283e-05,3.1328320802032835e-05,3.1328320802032835e-05,3.1328320802032835e-05,3.132832080203283e-05,3.1328320802032835e-05,0.3567010199768885,3.1328320802032835e-05,3.1328320802032835e-05,3.132832080203283e-05,3.1328320802032835e-05,3.132832080203283e-05,3.1328320802032835e-05,3.132832080203283e-05
7,22,4.472271914134161e-05,4.472271914134162e-05,4.472271914134162e-05,4.472271914134162e-05,4.472271914134161e-05,4.472271914134162e-05,4.472271914134162e-05,4.472271914134161e-05,4.472271914134161e-05,4.472271914134161e-05,4.472271914134161e-05,4.472271914134162e-05,4.472271914134161e-05,4.472271914134161e-05,4.472271914134162e-05,4.472271914134162e-05,4.472271914134161e-05,0.9261195606370067,4.472271914134161e-05,4.472271914134162e-05,4.472271914134162e-05,4.472271914134161e-05,4.472271914134161e-05,4.472271914134161e-05,4.472271914134162e-05,4.472271914134161e-05,4.472271914134161e-05,4.472271914134162e-05,4.472271914134161e-05,4.472271914134162e-05,4.472271914134161e-05,4.472271914134161e-05,4.472271914134162e-05,4.472271914134161e-05,0.07218097603562239,4.472271914134161e-05,4.472271914134161e-05,4.472271914134161e-05,4.472271914134162e-05,4.472271914134161e-05
7,23,5.0100200400834204e-05,5.010020040083421e-05,5.010020040083421e-05,5.010020040083421e-05,5.010020040083421e-05,5.010020040083421e-05,5.010020040083421e-05,5.0100200400834204e-05,5.010020040083421e-05,5.0100200400834204e-05,5.010020040083421e-05,5.010020040083421e-05,5.0100200400834204e-05,5.010020040083421e-05,5.010020040083421e-05,5.010020040083421e-05,5.010020040083421e-05,5.010020040083421e-05,5.010020040083421e-05,5.010020040083421e-05,5.010020040083421e-05,5.010020040083421e-05,5.0100200400834204e-05,5.0100200400834204e-05,0.3399715045646365,5.0100200400834204e-05,5.0100200400834204e-05,0.6581246878201319,5.0100200400834204e-05,5.010020040083421e-05,5.0100200400834204e-05,5.0100200400834204e-05,5.010020040083421e-05,5.0100200400834204e-05,5.010020040083421e-05,5.0100200400834204e-05,5.0100200400834204e-05,5.0100200400834204e-05,5.0100200400834204e-05,5.0100200400834204e-05
7,24,2.1440823327630327e-05,2.144082332763033e-05,2.1440823327630327e-05,2.1440823327630327e-05,2.144082332763033e-05,2.144082332763033e-05,2.144082332763033e-05,2.144082332763033e-05,2.144082332763033e-05,2.1440823327630327e-05,2.1440823327630327e-05,0.04434401984755446,2.1440823327630327e-05,2.1440823327630327e-05,2.144082332763033e-05,2.144082332763033e-05,2.144082332763033e-05,0.6227077670753406,2.144082332763033e-05,2.144082332763033e-05,2.144082332763033e-05,2.144082332763033e-05,2.1440823327630327e-05,2.1440823327630327e-05,2.144082332763033e-05,2.1440823327630327e-05,2.1440823327630327e-05,0.052386895303389955,2.1440823327630327e-05,2.144082332763033e-05,2.1440823327630327e-05,2.1440823327630327e-05,0.27978944813392037,2.144082332763033e-05,2.144082332763033e-05,2.1440823327630327e-05,2.1440823327630327e-05,2.1440823327630327e-05,2.144082332763033e-05,2.1440823327630327e-05
8,1,4.393673110722816e-05,4.3936731107228165e-05,4.3936731107228165e-05,4.393673110722816e-05,4.393673110722816e-05,4.393673110722816e-05,4.3936731107228165e-05,4.393673110722816e-05,4.393673110722816e-05,4.393673110722816e-05,4.393673110722816e-05,4.3936731107228165e-05,4.393673110722816e-05,4.393673110722816e-05,4.3936731107228165e-05,4.3936731107228165e-05,4.393673110722816e-05,4.3936731107228165e-05,4.3936731107228165e-05,4.393673110722816e-05,0.7567780421192752,4.393673110722816e-05,4.393673110722816e-05,4.3936731107228165e-05,4.3936731107228165e-05,4.393673110722816e-05,4.393673110722816e-05,4.3936731107228165e-05,4.393673110722816e-05,0.24155236209865014,4.393673110722816e-05,4.393673110722816e-05,4.3936731107228165e-05,4.393673110722816e-05,4.393673110722816e-05,4.393673110722816e-05,4.393673110722816e-05,4.393673110722816e-05,4.3936731107228165e-05,4.393673110722816e-05
8,2,4.2087542087557065e-05,4.208754208755707e-05,4.2087542087557065e-05,4.2087542087557065e-05,4.2087542087557065e-05,4.2087542087557065e-05,4.208754208755707e-05,4.2087542087557065e-05,4.2087542087557065e-05,4.2087542087557065e-05,4.2087542087557065e-05,4.208754208755707e-05,4.2087542087557065e-05,4.2087542087557065e-05,4.2087542087557065e-05,4.2087542087557065e-05,4.208754208755707e-05,4.2087542087557065e-05,4.2087542087557065e-05,4.2087542087557065e-05,4.208754208755707e-05,4.2087542087557065e-05,4.2087542087557065e-05,4.2087542087557065e-05,4.2087542087557065e-05,4.2087542087557065e-05,4.2087542087557065e-05,4.2087542087557065e-05,4.2087542087557065e-05,0.9983585858585853,4.2087542087557065e-05,4.2087542087557065e-05,4.2087542087557086e-05,4.2087542087557065e-05,4.2087542087557065e-05,4.2087542087557065e-05,4.2087542087557065e-05,4.2087542087557065e-05,4.2087542087557065e-05,4.2087542087557065e-05
8,3,3.787878787881449e-05,3.7878787878814496e-05,3.7878787878814496e-05,3.7878787878814496e-05,3.7878787878814496e-05,3.7878787878814496e-05,3.7878787878814496e-05,3.787878787881449e-05,3.7878787878814496e-05,3.787878787881449e-05,3.787878787881449e-05,3.7878787878814496e-05,3.7878787878814496e-05,3.787878787881449e-05,3.7878787878814496e-05,3.7878787878814496e-05,3.7878787878814496e-05,3.7878787878814496e-05,3.787878787881449e-05,0.01857739739132096,0.4112801339962513,3.7878787878814496e-05,3.787878787881449e-05,3.7878787878814496e-05,3.7878787878814496e-05,3.787878787881449e-05,3.787878787881449e-05,3.7878787878814496e-05,3.787878787881449e-05,0.5687409534609118,3.787878787881449e-05,3.7878787878814496e-05,3.7878787878814496e-05,3.7878787878814496e-05,3.7878787878814496e-05,3.787878787881449e-05,3.7878787878814496e-05,3.787878787881449e-05,3.787878787881449e-05,3.787878787881449e-05
8,4,5.0200803212896985e-05,5.020080321289699e-05,5.020080321289699e-05,5.020080321289699e-05,5.020080321289699e-05,5.020080321289699e-05,5.020080321289699e-05,5.0200803212896985e-05,5.0200803212896985e-05,5.0200803212896985e-05,5.0200803212896985e-05,5.020080321289699e-05,5.0200803212896985e-05,5.020080321289699e-05,0.4626632137566586,5.020080321289699e-05,5.020080321289699e-05,5.020080321289699e-05,5.020080321289699e-05,5.020080321289699e-05,5.020080321289699e-05,5.020080321289699e-05,5.0200803212896985e-05,5.0200803212896985e-05,5.020080321289699e-05,5.0200803212896985e-05,5.0200803212896985e-05,5.020080321289699e-05,5.020080321289699e-05,5.020080321289699e-05,5.0200803212896985e-05,5.020080321289699e-05,0.5354291557212513,5.020080321289699e-05,5.020080321289699e-05,5.0200803212896985e-05,5.020080321289699e-05,5.0200803212896985e-05,5.0200803212896985e-05,5.0200803212896985e-05
8,5,5.2192066805897644e-05,5.2192066805897644e-05,5.2192066805897644e-05,5.219206680589764e-05,5.2192066805897644e-05,5.2192066805897644e-05,5.2192066805897644e-05,5.219206680589764e-05,5.2192066805897644e-05,5.219206680589764e-05,5.219206680589764e-05,5.2192066805897644e-05,5.219206680589764e-05,5.219206680589764e-05,5.2192066805897644e-05,5.219206680589764e-05,5.2192066805897644e-05,5.219206680589764e-05,5.2192066805897644e-05,5.2192066805897644e-05,5.2192066805897644e-05,5.2192066805897644e-05,5.219206680589764e-05,5.219206680589764e-05,5.2192066805897644e-05,5.219206680589764e-05,5.219206680589764e-05,5.2192066805897644e-05,5.219206680589764e-05,5.2192066805897644e-05,5.219206680589764e-05,5.2192066805897644e-05,0.9979645093945699,5.219206680589764e-05,5.2192066805897644e-05,5.219206680589764e-05,5.219206680589764e-05,5.219206680589764e-05,5.2192066805897644e-05,5.219206680589764e-05
8,6,4.47227191413603e-05,0.11035386513178616,4.472271914136031e-05,4.472271914136031e-05,4.472271914136031e-05,4.472271914136031e-05,0.050561571485965726,4.47227191413603e-05,4.472271914136031e-05,4.47227191413603e-05,4.472271914136031e-05,4.472271914136031e-05,0.011812177760398133,4.47227191413603e-05,4.472271914136031e-05,4.472271914136031e-05,4.472271914136031e-05,4.472271914136031e-05,4.472271914136031e-05,4.472271914136031e-05,4.472271914136031e-05,0.10919350970474695,4.47227191413603e-05,4.47227191413603e-05,0.6270851145567881,4.47227191413603e-05,4.47227191413603e-05,4.472271914136031e-05,4.47227191413603e-05,0.08947318890950887,4.47227191413603e-05,4.47227191413603e-05,4.472271914136031e-05,4.472271914136031e-05,4.472271914136031e-05,4.47227191413603e-05,4.472271914136031e-05,4.47227191413603e-05,4.472271914136031e-05,4.47227191413603e-05
8,7,5.827505827508166e-05,0.997727272727272,5.827505827508166e-05,5.827505827508167e-05,5.827505827508166e-05,5.827505827508167e-05,5.827505827508167e-05,5.827505827508166e-05,5.827505827508166e-05,5.827505827508166e-05,5.827505827508167e-05,5.827505827508167e-05,5.827505827508166e-05,5.827505827508166e-05,5.827505827508166e-05,5.827505827508166e-05,5.827505827508166e-05,5.827505827508166e-05,5.827505827508166e-05,5.827505827508166e-05,5.827505827508167e-05,5.827505827508166e-05,5.827505827508166e-05,5.827505827508166e-05,5.827505827508167e-05,5.827505827508166e-05,5.827505827508166e-05,5.827505827508166e-05,5.827505827508166e-05,5.827505827508167e-05,5.827505827508166e-05,5.827505827508166e-05,5.827505827508167e-05,5.827505827508166e-05,5.827505827508167e-05,5.827505827508166e-05,5.827505827508166e-05,5.827505827508166e-05,5.827505827508166e-05,5.827505827508166e-05
8,8,4.2301184433178386e-05,0.003649282242929189,4.230118443317837e-05,4.230118443317838e-05,0.006254444905492098,4.230118443317837e-05,0.00268665740489956,4.230118443317837e-05,4.230118443317837e-05,4.230118443317837e-05,4.230118443317837e-05,4.230118443317838e-05,4.230118443317837e-05,0.9858867728070848,4.230118443317837e-05,4.230118443317837e-05,4.230118443317837e-05,4.230118443317837e-05,4.230118443317837e-05,4.230118443317838e-05,4.230118443317837e-05,4.230118443317837e-05,4.230118443317837e-05,4.230118443317837e-05,4.230118443317838e-05,4.230118443317837e-05,4.230118443317837e-05,4.230118443317838e-05,4.230118443317837e-05,4.230118443317837e-05,4.230118443317837e-05,4.230118443317837e-05,4.230118443317838e-05,4.230118443317837e-05,4.230118443317838e-05,4.230118443317837e-05,4.230118443317837e-05,4.230118443317837e-05,4.230118443317837e-05,4.230118443317837e-05
8,9,4.708097928441174e-05,0.45063338407578946,4.7080979284411744e-05,4.7080979284411744e-05,4.7080979284411744e-05,4.7080979284411744e-05,4.7080979284411744e-05,4.7080979284411744e-05,4.7080979284411744e-05,4.708097928441174e-05,4.708097928441174e-05,4.7080979284411744e-05,4.708097928441174e-05,4.708097928441174e-05,4.7080979284411744e-05,4.7080979284411744e-05,4.7080979284411744e-05,4.7080979284411744e-05,4.7080979284411744e-05,4.7080979284411744e-05,4.7080979284411744e-05,4.7080979284411744e-05,4.708097928441174e-05,4.708097928441174e-05,4.7080979284411744e-05,4.708097928441174e-05,4.708097928441174e-05,4.7080979284411744e-05,4.708097928441174e-05,4.7080979284411744e-05,4.708097928441174e-05,4.7080979284411744e-05,0.5475775387114029,4.7080979284411744e-05,4.7080979284411744e-05,4.708097928441174e-05,4.708097928441174e-05,4.708097928441174e-05,4.7080979284411744e-05,4.708097928441174e-05
8,10,4.280821917812673e-05,4.280821917812673e-05,4.280821917812673e-05,4.280821917812673e-05,4.280821917812673e-05,4.280821917812673e-05,0.19221524595673176,4.2808219178126726e-05,4.2808219178126726e-05,4.2808219178126726e-05,4.2808219178126726e-05,4.280821917812673e-05,4.2808219178126726e-05,0.1535282321758176,4.280821917812673e-05,4.280821917812673e-05,4.280821917812673e-05,4.280821917812673e-05,4.280821917812673e-05,4.280821917812673e-05,4.280821917812673e-05,4.280821917812673e-05,4.2808219178126726e-05,4.280821917812673e-05,4.280821917812673e-05,4.2808219178126726e-05,4.2808219178126726e-05,4.280821917812673e-05,4.2808219178126726e-05,4.280821917812673e-05,4.2808219178126726e-05,4.280821917812673e-05,0.6526726177578599,4.280821917812673e-05,4.280821917812673e-05,4.2808219178126726e-05,4.280821917812673e-05,4.2808219178126726e-05,4.280821917812673e-05,4.2808219178126726e-05
8,11,4.187604690119017e-05,4.187604690119018e-05,4.187604690119017e-05,4.187604690119018e-05,4.187604690119017e-05,4.187604690119018e-05,4.187604690119018e-05,4.187604690119017e-05,4.187604690119017e-05,4.187604690119017e-05,4.187604690119017e-05,4.187604690119018e-05,4.187604690119017e-05,4.187604690119018e-05,4.187604690119018e-05,4.187604690119017e-05,4.187604690119018e-05,4.187604690119018e-05,0.8076613864410996,4.187604690119018e-05,4.187604690119018e-05,4.187604690119017e-05,4.187604690119017e-05,4.187604690119017e-05,4.187604690119018e-05,4.187604690119017e-05,4.187604690119017e-05,0.19074732377665524,4.187604690119018e-05,4.187604690119017e-05,4.187604690119017e-05,4.187604690119017e-05,4.187604690119018e-05,4.187604690119017e-05,4.187604690119017e-05,4.187604690119017e-05,4.187604690119017e-05,4.187604690119017e-05,4.187604690119017e-05,4.187604690119017e-05
8,12,5.091649694506398e-05,5.091649694506399e-05,0.051693859076767094,5.091649694506398e-05,5.091649694506399e-05,5.091649694506399e-05,5.091649694506399e-05,5.091649694506398e-05,5.091649694506398e-05,5.091649694506398e-05,5.091649694506398e-05,5.091649694506399e-05,5.091649694506398e-05,5.091649694506399e-05,5.091649694506399e-05,5.091649694506398e-05,5.091649694506398e-05,5.091649694506399e-05,5.091649694506399e-05,5.091649694506399e-05,5.091649694506399e-05,5.091649694506399e-05,5.091649694506398e-05,0.015527050922364252,5.091649694506399e-05,5.091649694506398e-05,5.091649694506398e-05,5.091649694506399e-05,5.091649694506399e-05,5.091649694506399e-05,5.091649694506398e-05,5.091649694506399e-05,0.9308951796139012,5.091649694506399e-05,5.091649694506399e-05,5.091649694506398e-05,5.091649694506399e-05,5.091649694506398e-05,5.091649694506399e-05,5.091649694506398e-05
8,13,4.1322314049604635e-05,4.1322314049604635e-05,4.132231404960463e-05,4.132231404960463e-05,4.132231404960463e-05,4.1322314049604635e-05,4.1322314049604635e-05,4.132231404960463e-05,4.1322314049604635e-05,4.132231404960463e-05,4.132231404960463e-05,0.9983884297520655,4.132231404960463e-05,4.132231404960463e-05,4.132231404960463e-05,4.1322314049604635e-05,4.1322314049604635e-05,4.132231404960463e-05,4.1322314049604635e-05,4.132231404960463e-05,4.132231404960477e-05,4.132231404960463e-05,4.132231404960463e-05,4.132231404960463e-05,4.132231404960463e-05,4.132231404960463e-05,4.132231404960463e-05,4.132231404960463e-05,4.132231404960463e-05,4.1322314049604635e-05,4.132231404960463e-05,4.132231404960463e-05,4.1322314049604635e-05,4.132231404960463e-05,4.132231404960463e-05,4.132231404960463e-05,4.132231404960463e-05,4.132231404960463e-05,4.1322314049604635e-05,4.132231404960463e-05
8,14,4.6904315197013065e-05,4.690431519701307e-05,0.9981707317073166,4.6904315197013065e-05,4.690431519701307e-05,4.690431519701307e-05,4.690431519701307e-05,4.6904315197013065e-05,4.6904315197013065e-05,4.6904315197013065e-05,4.6904315197013065e-05,4.690431519701307e-05,4.6904315197013065e-05,4.6904315197013065e-05,4.690431519701307e-05,4.690431519701307e-05,4.6904315197013065e-05,4.690431519701307e-05,4.690431519701307e-05,4.6904315197013065e-05,4.6904315197013065e-05,4.6904315197013065e-05,4.6904315197013065e-05,4.6904315197013065e-05,4.690431519701307e-05,4.6904315197013065e-05,4.6904315197013065e-05,4.690431519701307e-05,4.6904315197013065e-05,4.690431519701307e-05,4.6904315197013065e-05,4.6904315197013065e-05,4.690431519707047e-05,4.6904315197013065e-05,4.6904315197013065e-05,4.6904315197013065e-05,4.6904315197013065e-05,4.6904315197013065e-05,4.6904315197013065e-05,4.6904315197013065e-05
8,15,4.807692307693335e-05,4.807692307693335e-05,4.807692307693335e-05,4.807692307693335e-05,4.807692307693335e-05,4.807692307693335e-05,4.807692307693335e-05,4.807692307693335e-05,4.807692307693335e-05,4.807692307693335e-05,4.807692307693335e-05,4.807692307693335e-05,4.807692307693335e-05,4.807692307693335e-05,4.807692307693335e-05,4.807692307693335e-05,4.807692307693335e-05,4.807692307693335e-05,4.807692307693335e-05,4.807692307693335e-05,4.807692307693335e-05,4.807692307693335e-05,4.807692307693335e-05,4.807692307693335e-05,4.807692307693335e-05,4.807692307693335e-05,4.807692307693335e-05,4.807692307693335e-05,4.807692307693335e-05,4.807692307693335e-05,4.807692307693335e-05,4.807692307693335e-05,4.807692309923593e-05,4.807692307693335e-05,4.807692307693335e-05,4.807692307693335e-05,4.807692307693335e-05,4.807692307693335e-05,0.9981249999999773,4.807692307693335e-05
8,16,5.050505050508496e-05,5.050505050508496e-05,0.6516189978107572,0.01446433485864281,5.0505050505084956e-05,5.050505050508496e-05,5.050505050508496e-05,5.0505050505084956e-05,5.050505050508496e-05,5.0505050505084956e-05,5.0505050505084956e-05,5.050505050508496e-05,5.0505050505084956e-05,5.0505050505084956e-05,5.050505050508496e-05,5.050505050508496e-05,5.050505050508496e-05,5.050505050508496e-05,5.050505050508496e-05,5.050505050508496e-05,5.050505050508496e-05,5.050505050508496e-05,5.0505050505084956e-05,5.0505050505084956e-05,5.050505050508496e-05,5.0505050505084956e-05,5.0505050505084956e-05,5.050505050508496e-05,5.0505050505084956e-05,5.050505050508496e-05,5.0505050505084956e-05,5.050505050508496e-05,0.2418279525296707,5.0505050505084956e-05,5.050505050508496e-05,5.0505050505084956e-05,5.0505050505084956e-05,5.0505050505084956e-05,0.09027053298274644,5.0505050505084956e-05
8,17,4.332755632586676e-05,4.332755632586677e-05,4.332755632586677e-05,4.332755632586677e-05,4.332755632586677e-05,4.332755632586677e-05,4.332755632586677e-05,4.332755632586676e-05,4.332755632586677e-05,4.332755632586676e-05,4.332755632586676e-05,0.20289870140373334,4.332755632586677e-05,4.332755632586676e-05,0.021085379740239805,4.332755632586677e-05,4.332755632586677e-05,4.332755632586677e-05,4.332755632586676e-05,4.332755632586677e-05,4.332755632586677e-05,4.332755632586677e-05,4.332755632586676e-05,4.332755632586676e-05,4.332755632586677e-05,4.332755632586676e-05,4.332755632586676e-05,4.332755632586677e-05,4.332755632586677e-05,4.332755632586677e-05,4.332755632586676e-05,4.332755632586676e-05,0.7744127992719697,4.332755632586676e-05,4.332755632586677e-05,4.332755632586676e-05,4.332755632586676e-05,4.332755632586676e-05,4.332755632586677e-05,4.332755632586676e-05
8,18,4.770992366415091e-05,4.7709923664150916e-05,4.7709923664150916e-05,4.7709923664150916e-05,4.7709923664150916e-05,4.7709923664150916e-05,0.9981393129770981,4.7709923664150916e-05,4.770992366415091e-05,4.770992366415091e-05,4.770992366415091e-05,4.7709923664150916e-05,4.7709923664150916e-05,4.770992366415091e-05,4.7709923664150916e-05,4.7709923664150916e-05,4.7709923664150916e-05,4.770992366415091e-05,4.7709923664150916e-05,4.7709923664150916e-05,4.7709923664150916e-05,4.7709923664150916e-05,4.770992366415091e-05,4.770992366415091e-05,4.7709923664150916e-05,4.770992366415091e-05,4.770992366415091e-05,4.7709923664150916e-05,4.7709923664150916e-05,4.7709923664150916e-05,4.770992366415091e-05,4.770992366415091e-05,4.770992366426519e-05,4.7709923664150916e-05,4.7709923664150916e-05,4.770992366415091e-05,4.770992366415091e-05,4.770992366415091e-05,4.7709923664150916e-05,4.770992366415091e-05
8,19,5.8962264150969716e-05,5.8962264150969716e-05,5.8962264150969716e-05,5.896226415096971e-05,5.8962264150969716e-05,5.8962264150969716e-05,5.8962264150969716e-05,5.896226415096971e-05,5.896226415096971e-05,5.896226415096971e-05,5.896226415096971e-05,5.8962264150969716e-05,5.8962264150969716e-05,5.896226415096971e-05,5.8962264150969716e-05,5.896226415096971e-05,5.8962264150969716e-05,5.896226415096971e-05,5.8962264150969716e-05,5.8962264150969716e-05,5.8962264150969716e-05,5.8962264150969716e-05,5.896226415096971e-05,5.896226415096971e-05,5.8962264150969716e-05,5.896226415096971e-05,5.896226415096971e-05,0.9977004716981123,5.896226415096971e-05,5.8962264150969716e-05,5.896226415096971e-05,5.8962264150969716e-05,5.8962264150969716e-05,5.896226415096971e-05,5.8962264150969716e-05,5.896226415096971e-05,5.8962264150969716e-05,5.896226415096971e-05,5.8962264150969716e-05,5.896226415096971e-05
8,20,4.6210720887287716e-05,4.6210720887287716e-05,4.621072088728772e-05,4.621072088728772e-05,4.6210720887287716e-05,4.621072088728772e-05,4.621072088728772e-05,4.6210720887287716e-05,4.6210720887287716e-05,4.6210720887287716e-05,4.6210720887287716e-05,4.621072088728772e-05,4.621072088728772e-05,4.621072088728772e-05,4.621072088728772e-05,4.6210720887287716e-05,4.621072088728772e-05,4.621072088728772e-05,4.621072088728772e-05,4.621072088728772e-05,4.621072088728772e-05,4.621072088728772e-05,4.6210720887287716e-05,4.6210720887287716e-05,4.621072088728772e-05,4.6210720887287716e-05,4.6210720887287716e-05,4.621072088728772e-05,4.6210720887287716e-05,4.621072088728772e-05,4.6210720887287716e-05,4.621072088728772e-05,0.9981977818853958,4.6210720887287716e-05,4.6210720887301906e-05,4.6210720887287716e-05,4.621072088728774e-05,4.6210720887287716e-05,4.621072088728772e-05,4.6210720887287716e-05
8,21,5.081300813010519e-05,0.9894483232559413,5.0813008130105194e-05,5.081300813010519e-05,5.081300813010519e-05,5.081300813010519e-05,5.0813008130105194e-05,5.081300813010519e-05,5.081300813010519e-05,5.081300813010519e-05,5.081300813010519e-05,5.0813008130105194e-05,5.0813008130105194e-05,5.081300813010519e-05,5.081300813010519e-05,5.0813008130105194e-05,5.0813008130105194e-05,5.0813008130105194e-05,5.0813008130105194e-05,5.0813008130105194e-05,5.0813008130105194e-05,5.081300813010519e-05,5.081300813010519e-05,5.081300813010519e-05,5.0813008130105194e-05,5.081300813010519e-05,5.081300813010519e-05,0.008620782435114832,5.081300813010519e-05,5.081300813010519e-05,5.081300813010519e-05,5.081300813010519e-05,5.0813008130105194e-05,5.081300813010519e-05,5.081300813010519e-05,5.081300813010519e-05,5.081300813010519e-05,5.081300813010519e-05,5.081300813010519e-05,5.081300813010519e-05
8,22,5.175983436854929e-05,5.17598343685493e-05,5.17598343685493e-05,0.9887878643505268,5.17598343685493e-05,5.175983436854929e-05,5.17598343685493e-05,5.175983436854929e-05,5.175983436854929e-05,5.175983436854929e-05,5.175983436854929e-05,5.17598343685493e-05,5.17598343685493e-05,5.175983436854929e-05,5.175983436854929e-05,0.009245261943468485,5.17598343685493e-05,5.175983436854929e-05,5.17598343685493e-05,5.17598343685493e-05,5.17598343685493e-05,5.175983436854929e-05,5.175983436854929e-05,5.175983436854929e-05,5.17598343685493e-05,5.175983436854929e-05,5.175983436854929e-05,5.175983436854929e-05,5.175983436854929e-05,5.17598343685493e-05,5.175983436854929e-05,5.175983436854929e-05,5.17598343685493e-05,5.175983436854929e-05,5.17598343685493e-05,5.175983436854929e-05,5.175983436854929e-05,5.175983436854929e-05,5.175983436854929e-05,5.175983436854929e-05
8,23,5.0000000000048487e-05,5.0000000000048487e-05,0.11908742944966413,5.0000000000048487e-05,5.0000000000048487e-05,5.0000000000048487e-05,5.0000000000048487e-05,5.000000000004848e-05,5.0000000000048487e-05,5.000000000004848e-05,5.000000000004848e-05,0.02621937198466981,5.000000000004848e-05,5.000000000004848e-05,5.0000000000048487e-05,0.0758129138728,5.0000000000048487e-05,5.0000000000048487e-05,5.0000000000048487e-05,5.0000000000048487e-05,5.0000000000048487e-05,5.0000000000048487e-05,5.000000000004848e-05,5.000000000004848e-05,5.0000000000048487e-05,5.000000000004848e-05,5.000000000004848e-05,5.0000000000048487e-05,5.000000000004848e-05,5.0000000000048487e-05,5.000000000004848e-05,5.000000000004848e-05,0.7231646179715939,5.0000000000048487e-05,5.0000000000048487e-05,5.000000000004848e-05,5.000000000004848e-05,5.000000000004848e-05,0.05396566672127045,5.0000000000048487e-05
8,24,6.47668393783044e-05,6.47668393783044e-05,6.47668393783044e-05,6.47668393783044e-05,6.476683937830438e-05,6.47668393783044e-05,6.47668393783044e-05,6.476683937830438e-05,6.47668393783044e-05,6.476683937830438e-05,6.47668393783044e-05,6.47668393783044e-05,6.47668393783044e-05,6.476683937830438e-05,6.47668393783044e-05,6.47668393783044e-05,6.476683937830438e-05,0.07496349132246331,6.47668393783044e-05,6.476683937830438e-05,0.15332361159773814,6.47668393783044e-05,6.476683937830438e-05,6.47668393783044e-05,6.47668393783044e-05,6.476683937830438e-05,6.476683937830438e-05,6.47668393783044e-05,6.476683937830438e-05,6.47668393783044e-05,6.476683937830438e-05,6.47668393783044e-05,0.7693165240228012,6.47668393783044e-05,6.47668393783044e-05,6.476683937830438e-05,6.476683937830438e-05,6.476683937830438e-05,6.47668393783044e-05,6.476683937830438e-05
9,1,5.506607929520322e-05,0.18064959984247708,5.506607929520323e-05,5.506607929520323e-05,5.506607929520323e-05,5.506607929520323e-05,5.506607929520323e-05,5.506607929520322e-05,5.506607929520323e-05,5.506607929520322e-05,5.506607929520322e-05,5.506607929520323e-05,5.506607929520323e-05,5.506607929520323e-05,0.10724073220136422,5.506607929520323e-05,5.506607929520323e-05,5.506607929520323e-05,5.506607929520323e-05,5.506607929520323e-05,5.506607929520323e-05,5.506607929520323e-05,5.506607929520322e-05,5.506607929520322e-05,5.506607929520323e-05,5.506607929520322e-05,5.506607929520322e-05,0.11328350305347888,5.506607929520322e-05,5.506607929520323e-05,5.506607929520322e-05,5.506607929520322e-05,0.5195800012624082,5.506607929520323e-05,5.506607929520323e-05,5.506607929520322e-05,5.506607929520322e-05,5.506607929520322e-05,0.07731885086493948,5.506607929520322e-05
9,2,4.378283712785642e-05,4.378283712785642e-05,4.378283712785642e-05,4.378283712785642e-05,4.378283712785642e-05,4.378283712785642e-05,4.378283712785642e-05,4.378283712785642e-05,4.378283712785642e-05,4.378283712785642e-05,4.378283712785642e-05,4.378283712785642e-05,4.378283712785642e-05,4.378283712785642e-05,4.378283712785642e-05,4.378283712785642e-05,4.378283712785642e-05,4.378283712785642e-05,4.378283712785642e-05,4.378283712785642e-05,4.378283712785642e-05,4.378283712785642e-05,4.378283712785642e-05,4.378283712785642e-05,4.378283712785642e-05,4.378283712785642e-05,4.378283712785642e-05,4.378283712785642e-05,4.378283712785642e-05,4.378283712785642e-05,4.378283712785642e-05,4.378283712785642e-05,4.378283712785642e-05,0.9982924693520135,4.378283712785642e-05,4.378283712785642e-05,4.378283712785642e-05,4.378283712785642e-05,4.378283712785642e-05,4.378283712785642e-05
9,3,6.127450980395722e-05,6.127450980395722e-05,6.127450980395722e-05,6.127450980395722e-05,6.127450980395722e-05,6.127450980395722e-05,0.9976102941175863,6.127450980395722e-05,6.127450980395722e-05,6.127450980395722e-05,6.127450980395722e-05,6.127450980395722e-05,6.127450980395722e-05,6.127450980395722e-05,6.127450980395722e-05,6.127450980395722e-05,6.127450980395722e-05,6.127450980395722e-05,6.127450980395722e-05,6.127450980395722e-05,6.127450980395722e-05,6.127450980395722e-05,6.127450980395722e-05,6.127450980395722e-05,6.127450980395722e-05,6.127450980395722e-05,6.127450980395722e-05,6.127450980395722e-05,6.127450980395722e-05,6.127450980395722e-05,6.127450980395722e-05,6.127450980395722e-05,6.12745098635818e-05,6.127450980395722e-05,6.127450980395722e-05,6.127450980395722e-05,6.127450980395722e-05,6.127450980395722e-05,6.127450980395722e-05,6.127450980395722e-05
9,4,4.4404973357021404e-05,4.4404973357021404e-05,4.4404973357021404e-05,4.4404973357021404e-05,4.4404973357021404e-05,4.4404973357021404e-05,4.4404973357021404e-05,4.4404973357021404e-05,4.4404973357021404e-05,4.4404973357021404e-05,4.4404973357021404e-05,4.4404973357021404e-05,0.9982682060390763,4.4404973357021404e-05,4.4404973357021404e-05,4.4404973357021404e-05,4.4404973357021404e-05,4.4404973357021404e-05,4.4404973357021404e-05,4.4404973357021404e-05,4.4404973357021404e-05,4.4404973357021404e-05,4.4404973357021404e-05,4.4404973357021404e-05,4.4404973357021404e-05,4.4404973357021404e-05,4.4404973357021404e-05,4.4404973357021404e-05,4.4404973357021404e-05,4.4404973357021404e-05,4.4404973357021404e-05,4.4404973357021404e-05,4.4404973357021404e-05,4.4404973357021404e-05,4.4404973357021404e-05,4.4404973357021404e-05,4.4404973357021404e-05,4.4404973357021404e-05,4.4404973357021404e-05,4.4404973357021404e-05
9,5,5.2742616033780666e-05,5.274261603378067e-05,5.2742616033780666e-05,5.274261603378067e-05,5.2742616033780666e-05,5.274261603378067e-05,5.274261603378067e-05,5.2742616033780666e-05,5.274261603378067e-05,5.2742616033780666e-05,5.2742616033780666e-05,0.9979430379746828,5.2742616033780666e-05,5.2742616033780666e-05,5.2742616033780666e-05,5.2742616033780666e-05,5.274261603378067e-05,5.2742616033780666e-05,5.274261603378067e-05,5.2742616033780666e-05,5.274261603378067e-05,5.2742616033780666e-05,5.2742616033780666e-05,5.2742616033780666e-05,5.274261603378067e-05,5.2742616033780666e-05,5.2742616033780666e-05,5.2742616033780666e-05,5.2742616033780666e-05,5.274261603378067e-05,5.2742616033780666e-05,5.2742616033780666e-05,5.274261603378067e-05,5.2742616033780666e-05,5.2742616033780666e-05,5.2742616033780666e-05,5.274261603378067e-05,5.2742616033780666e-05,5.274261603378067e-05,5.2742616033780666e-05
9,6,4.2735042735055176e-05,4.273504273505518e-05,4.2735042735055176e-05,4.273504273505518e-05,4.273504273505518e-05,4.2735042735055176e-05,4.273504273505518e-05,4.2735042735055176e-05,4.2735042735055176e-05,4.2735042735055176e-05,4.2735042735055176e-05,4.273504273505518e-05,4.2735042735055176e-05,4.2735042735055176e-05,4.273504273505518e-05,4.273504273505518e-05,4.273504273505518e-05,4.273504273505518e-05,4.273504273505518e-05,4.273504273505518e-05,4.273504273505518e-05,4.273504273505518e-05,4.2735042735055176e-05,0.7799134252386297,4.273504273505518e-05,4.2735042735055176e-05,4.2735042735055176e-05,4.273504273505518e-05,4.2735042735055176e-05,4.273504273505518e-05,4.2735042735055176e-05,4.2735042735055176e-05,0.21846264313743835,4.2735042735055176e-05,4.273504273505518e-05,4.2735042735055176e-05,4.2735042735055176e-05,4.2735042735055176e-05,4.2735042735055176e-05,4.2735042735055176e-05
9,7,4.844961240312448e-05,4.8449612403124485e-05,4.8449612403124485e-05,4.8449612403124485e-05,4.8449612403124485e-05,4.8449612403124485e-05,0.40614906340723317,4.844961240312448e-05,4.8449612403124485e-05,4.844961240312448e-05,4.844961240312448e-05,4.8449612403124485e-05,4.844961240312448e-05,4.844961240312448e-05,4.8449612403124485e-05,4.8449612403124485e-05,4.8449612403124485e-05,4.8449612403124485e-05,4.8449612403124485e-05,4.8449612403124485e-05,4.8449612403124485e-05,4.8449612403124485e-05,4.844961240312448e-05,4.844961240312448e-05,4.8449612403124485e-05,4.844961240312448e-05,4.844961240312448e-05,4.8449612403124485e-05,4.844961240312448e-05,4.8449612403124485e-05,4.844961240312448e-05,4.8449612403124485e-05,4.8449612403124485e-05,4.844961240312448e-05,4.8449612403124485e-05,4.844961240312448e-05,4.844961240312448e-05,4.844961240312448e-05,0.5920098513214482,4.8449612403124485e-05
9,8,4.8543689320411867e-05,4.854368932041187e-05,0.5729201645032843,4.8543689320411867e-05,4.8543689320411867e-05,4.854368932041187e-05,4.854368932041187e-05,4.8543689320411867e-05,4.854368932041187e-05,4.8543689320411867e-05,4.8543689320411867e-05,0.42523517530254,4.8543689320411867e-05,4.8543689320411867e-05,4.854368932041187e-05,4.8543689320411867e-05,4.854368932041187e-05,4.854368932041187e-05,4.854368932041187e-05,4.854368932041187e-05,4.854368932041187e-05,4.854368932041187e-05,4.8543689320411867e-05,4.854368932041187e-05,4.854368932041187e-05,4.8543689320411867e-05,4.8543689320411867e-05,4.854368932041187e-05,4.8543689320411867e-05,4.854368932041187e-05,4.8543689320411867e-05,4.854368932041187e-05,4.854368932041187e-05,4.8543689320411867e-05,4.854368932041187e-05,4.8543689320411867e-05,4.8543689320411867e-05,4.8543689320411867e-05,4.854368932041187e-05,4.8543689320411867e-05
9,9,4.9309664694297025e-05,4.9309664694297025e-05,0.9980769230769196,4.9309664694297025e-05,4.9309664694297025e-05,4.9309664694297025e-05,4.9309664694297025e-05,4.9309664694297025e-05,4.9309664694297025e-05,4.9309664694297025e-05,4.9309664694297025e-05,4.9309664694297025e-05,4.9309664694297025e-05,4.9309664694297025e-05,4.930966469429703e-05,4.9309664694297025e-05,4.9309664694297025e-05,4.9309664694297025e-05,4.9309664694297025e-05,4.9309664694297025e-05,4.9309664694297025e-05,4.9309664694297025e-05,4.9309664694297025e-05,4.9309664694297025e-05,4.930966469429703e-05,4.9309664694297025e-05,4.9309664694297025e-05,4.930966469429703e-05,4.9309664694297025e-05,4.9309664694297025e-05,4.9309664694297025e-05,4.930966469429703e-05,4.9309664697223815e-05,4.9309664694297025e-05,4.9309664694297025e-05,4.9309664694297025e-05,4.930966469429703e-05,4.9309664694297025e-05,4.9309664694297025e-05,4.9309664694297025e-05
9,10,4.8355899419785e-05,4.835589941978501e-05,4.835589941978501e-05,4.8355899419785e-05,4.835589941978501e-05,4.835589941978501e-05,0.14791153672204504,4.835589941978501e-05,4.835589941978501e-05,4.8355899419785e-05,4.8355899419785e-05,0.07229547505071483,4.835589941978501e-05,4.835589941978501e-05,4.835589941978501e-05,4.835589941978501e-05,4.835589941978501e-05,0.2910678477700904,4.835589941978501e-05,4.835589941978501e-05,4.835589941978501e-05,4.835589941978501e-05,4.8355899419785e-05,4.8355899419785e-05,0.06436835949046199,4.8355899419785e-05,4.8355899419785e-05,4.835589941978501e-05,4.8355899419785e-05,4.835589941978501e-05,4.8355899419785e-05,4.835589941978501e-05,0.39251885278689763,0.030193827599517168,4.835589941978501e-05,4.8355899419785e-05,4.8355899419785e-05,4.8355899419785e-05,4.8355899419785e-05,4.8355899419785e-05
9,11,4.230118443319583e-05,4.2301184433195835e-05,4.2301184433195835e-05,4.2301184433195835e-05,4.2301184433195835e-05,0.0051057106038215816,4.2301184433195835e-05,4.230118443319583e-05,4.230118443319583e-05,4.230118443319583e-05,4.230118443319583e-05,0.03788279764154584,4.230118443319583e-05,4.230118443319583e-05,4.2301184433195835e-05,4.2301184433195835e-05,4.2301184433195835e-05,4.2301184433195835e-05,4.2301184433195835e-05,4.2301184433195835e-05,4.2301184433195835e-05,4.2301184433195835e-05,4.230118443319583e-05,4.230118443319583e-05,0.2768145649998549,4.230118443319583e-05,4.230118443319583e-05,4.2301184433195835e-05,4.230118443319583e-05,4.2301184433195835e-05,4.230118443319583e-05,4.2301184433195835e-05,0.19389389058936227,4.230118443319583e-05,4.2301184433195835e-05,4.230118443319583e-05,4.230118443319583e-05,4.230118443319583e-05,0.48482249471025346,4.230118443319583e-05
9,12,4.725897920609014e-05,4.725897920609015e-05,4.725897920609015e-05,4.725897920609015e-05,4.725897920609015e-05,4.725897920609015e-05,4.725897920609015e-05,4.725897920609015e-05,4.725897920609015e-05,4.725897920609014e-05,0.002876836963405687,0.32607852741562554,4.725897920609014e-05,4.725897920609015e-05,4.725897920609014e-05,4.725897920609015e-05,4.725897920609014e-05,4.725897920609015e-05,4.725897920609015e-05,0.20320402698597492,4.725897920609015e-05,4.725897920609015e-05,4.725897920609014e-05,4.725897920609015e-05,4.725897920609015e-05,4.725897920609014e-05,4.725897920609014e-05,4.725897920609015e-05,4.725897920609014e-05,4.725897920609015e-05,4.725897920609014e-05,4.725897920609014e-05,0.46613928538357474,4.725897920609015e-05,4.725897920609015e-05,4.725897920609014e-05,4.725897920609014e-05,4.725897920609014e-05,4.725897920609015e-05,4.725897920609014e-05
9,13,4.5372050816740205e-05,4.537205081674021e-05,4.537205081674021e-05,4.537205081674021e-05,4.5372050816740205e-05,4.537205081674021e-05,4.537205081674021e-05,4.5372050816740205e-05,4.537205081674021e-05,4.5372050816740205e-05,4.5372050816740205e-05,4.537205081674021e-05,4.537205081674021e-05,4.537205081674021e-05,4.537205081674021e-05,4.537205081674021e-05,4.537205081674021e-05,4.537205081674021e-05,4.537205081674021e-05,4.537205081674021e-05,4.537205081674021e-05,4.537205081674021e-05,4.5372050816740205e-05,4.5372050816740205e-05,4.537205081674021e-05,4.5372050816740205e-05,4.5372050816740205e-05,4.537205081674021e-05,4.5372050816740205e-05,4.537205081674021e-05,4.5372050816740205e-05,4.5372050816740205e-05,0.9982304900181471,4.5372050816740205e-05,4.537205081674021e-05,4.5372050816740205e-05,4.5372050816740205e-05,4.5372050816740205e-05,4.537205081674021e-05,4.5372050816740205e-05
9,14,4.5289855072504325e-05,4.528985507250433e-05,4.528985507250433e-05,4.528985507250433e-05,4.528985507250433e-05,4.528985507250433e-05,0.450041874046494,4.5289855072504325e-05,4.528985507250433e-05,4.5289855072504325e-05,4.5289855072504325e-05,4.528985507250433e-05,4.5289855072504325e-05,4.5289855072504325e-05,4.528985507250433e-05,4.528985507250433e-05,4.528985507250433e-05,4.528985507250433e-05,4.528985507250433e-05,0.01588912234090565,4.528985507250433e-05,4.528985507250433e-05,4.5289855072504325e-05,4.528985507250433e-05,4.528985507250433e-05,4.5289855072504325e-05,4.5289855072504325e-05,4.528985507250433e-05,4.5289855072504325e-05,4.528985507250433e-05,4.5289855072504325e-05,4.528985507250433e-05,0.5323932789749177,4.528985507250433e-05,4.528985507250433e-05,4.5289855072504325e-05,4.528985507250433e-05,4.5289855072504325e-05,4.528985507250433e-05,4.5289855072504325e-05
9,15,4.835589941975621e-05,4.8355899419756216e-05,4.8355899419756216e-05,4.8355899419756216e-05,4.8355899419756216e-05,4.8355899419756216e-05,0.9981141199226297,4.835589941975621e-05,4.835589941975621e-05,4.835589941975621e-05,4.835589941975621e-05,4.8355899419756216e-05,4.8355899419756216e-05,4.835589941975621e-05,4.8355899419756216e-05,4.8355899419756216e-05,4.8355899419756216e-05,4.8355899419756216e-05,4.8355899419756216e-05,4.8355899419756216e-05,4.8355899419756216e-05,4.8355899419756216e-05,4.835589941975621e-05,4.835589941975621e-05,4.8355899419756216e-05,4.835589941975621e-05,4.835589941975621e-05,4.8355899419756216e-05,4.835589941975621e-05,4.8355899419756216e-05,4.835589941975621e-05,4.835589941975621e-05,4.8355899419756216e-05,4.8355899419756216e-05,4.8355899419756216e-05,4.835589941975621e-05,4.835589941975621e-05,4.835589941975621e-05,4.8355899419756216e-05,4.835589941975621e-05
9,16,3.063725490198773e-05,3.063725490198773e-05,3.063725490198773e-05,3.063725490198773e-05,3.063725490198773e-05,3.063725490198773e-05,3.063725490198773e-05,3.0637254901987726e-05,3.0637254901987726e-05,3.0637254901987726e-05,3.063725490198773e-05,3.063725490198773e-05,3.063725490198773e-05,3.0637254901987726e-05,3.063725490198773e-05,3.063725490198773e-05,3.063725490198773e-05,3.063725490198773e-05,3.063725490198773e-05,3.063725490198773e-05,0.36196063154401775,3.063725490198773e-05,3.0637254901987726e-05,3.063725490198773e-05,3.063725490198773e-05,3.0637254901987726e-05,3.0637254901987726e-05,3.063725490198773e-05,3.0637254901987726e-05,3.063725490198773e-05,3.0637254901987726e-05,3.063725490198773e-05,0.6368751527697066,3.063725490198773e-05,3.063725490198773e-05,3.0637254901987726e-05,3.0637254901987726e-05,3.0637254901987726e-05,3.063725490198773e-05,3.0637254901987726e-05
9,17,5.8685446009408976e-05,5.8685446009408976e-05,5.868544600940898e-05,5.8685446009408976e-05,5.868544600940898e-05,5.8685446009408976e-05,5.868544600940898e-05,5.8685446009408976e-05,5.8685446009408976e-05,5.8685446009408976e-05,5.8685446009408976e-05,5.8685446009408976e-05,5.8685446009408976e-05,5.8685446009408976e-05,5.8685446009408976e-05,5.868544600940898e-05,5.8685446009408976e-05,5.8685446009408976e-05,5.868544600940898e-05,5.8685446009408976e-05,5.868544600940898e-05,0.9977112676056331,5.8685446009408976e-05,5.8685446009408976e-05,5.8685446009408976e-05,5.8685446009408976e-05,5.8685446009408976e-05,5.868544600940898e-05,5.8685446009408976e-05,5.8685446009408976e-05,5.8685446009408976e-05,5.8685446009408976e-05,5.868544600940898e-05,5.8685446009408976e-05,5.8685446009408976e-05,5.8685446009408976e-05,5.868544600940898e-05,5.8685446009408976e-05,5.8685446009408976e-05,5.8685446009408976e-05
9,18,4.798464491364498e-05,4.798464491364499e-05,4.798464491364498e-05,4.798464491364498e-05,4.798464491364499e-05,0.998128598848368,4.798464491364499e-05,4.798464491364498e-05,4.798464491364498e-05,4.798464491364498e-05,4.798464491364499e-05,4.798464491364499e-05,4.798464491364498e-05,4.798464491364498e-05,4.798464491364499e-05,4.798464491364498e-05,4.798464491364499e-05,4.798464491364498e-05,4.798464491364498e-05,4.798464491364498e-05,4.798464491364499e-05,4.798464491364499e-05,4.798464491364498e-05,4.798464491364499e-05,4.798464491364498e-05,4.798464491364498e-05,4.798464491364498e-05,4.798464491364499e-05,4.798464491364498e-05,4.798464491364499e-05,4.798464491364498e-05,4.798464491364498e-05,4.798464491367005e-05,4.798464491364498e-05,4.798464491364499e-05,4.798464491364498e-05,4.798464491364498e-05,4.798464491364498e-05,4.798464491364498e-05,4.798464491364498e-05
9,19,4.873294346979303e-05,4.873294346979303e-05,4.873294346979303e-05,4.873294346979303e-05,4.873294346979303e-05,4.873294346979303e-05,4.873294346979303e-05,4.873294346979303e-05,0.9980994152046783,4.873294346979303e-05,4.873294346979303e-05,4.873294346979303e-05,4.873294346979303e-05,4.873294346979303e-05,4.873294346979303e-05,4.873294346979303e-05,4.873294346979303e-05,4.8732943469793034e-05,4.873294346979303e-05,4.873294346979303e-05,4.873294346979303e-05,4.873294346979303e-05,4.873294346979303e-05,4.873294346979303e-05,4.873294346979303e-05,4.873294346979303e-05,4.873294346979303e-05,4.873294346979303e-05,4.873294346979303e-05,4.873294346979303e-05,4.873294346979303e-05,4.873294346979303e-05,4.873294346979303e-05,4.873294346979303e-05,4.873294346979303e-05,4.873294346979303e-05,4.873294346979303e-05,4.873294346979303e-05,4.873294346979303e-05,4.873294346979303e-05
9,20,5.494505494506705e-05,5.494505494506705e-05,5.494505494506705e-05,5.494505494506705e-05,0.9978571428571426,5.494505494506705e-05,5.494505494506757e-05,5.494505494506705e-05,5.494505494506705e-05,5.494505494506705e-05,5.494505494506705e-05,5.494505494506705e-05,5.494505494506705e-05,5.494505494506705e-05,5.494505494506705e-05,5.494505494506705e-05,5.494505494506705e-05,5.494505494506705e-05,5.494505494506705e-05,5.494505494506705e-05,5.494505494506705e-05,5.494505494506705e-05,5.494505494506705e-05,5.494505494506705e-05,5.494505494506705e-05,5.494505494506705e-05,5.494505494506705e-05,5.494505494506705e-05,5.494505494506705e-05,5.494505494506705e-05,5.494505494506705e-05,5.494505494506705e-05,5.494505494506705e-05,5.494505494506705e-05,5.494505494506705e-05,5.494505494506705e-05,5.494505494506705e-05,5.494505494506705e-05,5.494505494506705e-05,5.494505494506705e-05
9,21,3.401360544221633e-05,3.401360544221633e-05,3.401360544221633e-05,3.401360544221633e-05,3.401360544221633e-05,3.401360544221633e-05,0.17943027678644374,3.401360544221633e-05,3.401360544221633e-05,3.401360544221632e-05,3.401360544221632e-05,3.401360544221633e-05,3.401360544221632e-05,3.401360544221633e-05,0.006396513322737384,3.401360544221633e-05,3.401360544221633e-05,3.401360544221633e-05,3.401360544221633e-05,3.401360544221633e-05,0.06670737436413174,3.401360544221633e-05,3.401360544221632e-05,3.401360544221632e-05,0.10555951458071768,3.401360544221632e-05,3.401360544221632e-05,3.401360544221633e-05,3.401360544221632e-05,3.401360544221633e-05,3.401360544221632e-05,3.401360544221632e-05,0.6407158447554917,3.401360544221633e-05,3.401360544221633e-05,3.401360544221632e-05,3.401360544221632e-05,3.401360544221632e-05,3.401360544221633e-05,3.401360544221632e-05
9,22,2.6680896478138213e-05,2.6680896478138213e-05,2.6680896478138216e-05,2.6680896478138213e-05,2.6680896478138216e-05,2.6680896478138216e-05,0.9827499998315734,2.6680896478138213e-05,2.6680896478138213e-05,2.6680896478138213e-05,2.6680896478138213e-05,0.01623612610225749,2.6680896478138213e-05,2.6680896478138213e-05,2.6680896478138216e-05,2.6680896478138213e-05,2.6680896478138213e-05,2.6680896478138216e-05,2.6680896478138213e-05,2.6680896478138213e-05,2.6680896478138216e-05,2.6680896478138213e-05,2.6680896478138213e-05,2.6680896478138213e-05,2.6680896478138216e-05,2.6680896478138213e-05,2.6680896478138213e-05,2.6680896478138216e-05,2.6680896478138213e-05,2.6680896478138213e-05,2.6680896478138213e-05,2.6680896478138216e-05,2.6680896478138216e-05,2.6680896478138213e-05,2.6680896478138216e-05,2.6680896478138213e-05,2.6680896478138213e-05,2.6680896478138213e-05,2.6680896478138213e-05,2.6680896478138213e-05
9,23,2.5773195876317104e-05,2.5773195876317108e-05,2.5773195876317108e-05,2.5773195876317108e-05,2.5773195876317108e-05,2.5773195876317108e-05,0.29695357067872835,2.5773195876317104e-05,2.5773195876317108e-05,2.5773195876317104e-05,2.5773195876317104e-05,0.012717360095318219,2.5773195876317104e-05,2.5773195876317104e-05,2.5773195876317108e-05,0.08167444176030834,0.01888561408819768,2.5773195876317108e-05,2.5773195876317108e-05,2.5773195876317108e-05,2.5773195876317108e-05,2.5773195876317108e-05,2.5773195876317104e-05,2.5773195876317104e-05,0.06263420167235481,2.5773195876317104e-05,2.5773195876317104e-05,2.5773195876317108e-05,2.5773195876317108e-05,2.5773195876317108e-05,2.5773195876317104e-05,2.5773195876317104e-05,0.5182633296270669,2.5773195876317108e-05,0.00802096661410724,2.5773195876317104e-05,2.5773195876317108e-05,2.5773195876317104e-05,2.5773195876317108e-05,2.5773195876317108e-05
