term_str,term_rank,n,p,i,n_chars,max_pos_group,max_pos,n_pos_group,n_pos,stop,porter_stem,df,idf,dfidf,anger,anticipation,disgust,fear,joy,negative,positive,sadness,surprise,trust,sentiment
good,59,2205,0.0028095435288121554,8.475448532227936,4,JJ,JJ,5,8,0,good,1986,4.914835224284232,9760.862755428485,0,1,0,0,1,0,1,0,1,1,1
god,131,889,0.0011327365973306152,9.78597186384305,3,NN,NNP,6,10,0,god,824,6.183984604629387,5095.603314214615,0,1,0,1,1,0,1,0,0,1,1
love,141,814,0.0010371738922689772,9.913126488406574,4,VB,VBP,6,8,0,love,728,6.362690491613909,4632.038677894926,0,0,0,0,1,0,1,0,0,0,1
wait,162,621,0.0007912591979103621,10.30356201445234,4,NN,NN,8,11,0,wait,516,6.859257876389352,3539.3770642169056,0,1,0,0,0,1,0,0,0,0,-1
kind,206,457,0.0005822954161755806,10.745961117614751,4,NN,NN,2,3,0,kind,437,7.098995662312007,3102.261104430347,0,0,0,0,1,0,1,0,0,1,1
fun,220,406,0.0005173127767336668,10.916675555487643,3,NN,NN,6,9,0,fun,380,7.300629523481658,2774.23921892303,0,1,0,0,1,0,1,0,0,0,1
baby,225,386,0.00049182938871723,10.98955443540474,4,NN,NN,6,8,0,babi,332,7.495445700465681,2488.487972554606,0,0,0,0,1,0,1,0,0,0,1
bad,244,362,0.00046124932309750584,11.082165585589614,3,JJ,JJ,2,3,0,bad,338,7.469605695530421,2524.7267250892824,1,0,1,1,0,1,0,1,0,0,-1
pretty,250,353,0.0004497817984901093,11.11848709940164,6,RB,RB,4,6,0,pretti,345,7.440032580147074,2566.8112401507406,0,1,0,0,1,0,1,0,0,1,1
real,253,351,0.0004472334596884656,11.126684252368259,4,JJ,JJ,4,4,0,real,330,7.50416291756679,2476.3737627970404,0,0,0,0,0,0,1,0,0,1,1
leave,265,327,0.00041665339406874146,11.228864647174738,5,VB,VB,4,6,0,leav,318,7.55760217652825,2403.3174921359837,0,0,0,0,0,1,0,1,1,0,-1
wan,267,321,0.0004090083776638104,11.255581985550517,3,VB,VBP,6,10,0,wan,306,7.6130972891199535,2329.607770470706,0,0,0,1,0,1,0,1,0,0,-1
money,294,291,0.0003707832956391552,11.397136129764537,5,NN,NN,1,2,0,money,273,7.777727990892753,2123.3197415137215,1,1,0,0,1,0,1,0,1,1,1
happy,297,285,0.00036313827923422417,11.427193363620717,5,JJ,JJ,3,3,0,happi,256,7.870485131812606,2014.844193744027,0,1,0,0,1,0,1,0,0,1,1
friend,314,260,0.00033128404421367823,11.559643659644365,6,NN,NN,2,3,0,friend,242,7.951621894538011,1924.2924984781987,0,0,0,0,1,0,1,0,0,1,1
watch,337,233,0.00029688147039148854,11.71782532801854,5,VB,VB,3,5,0,watch,211,8.14938594310542,1719.5204339952436,0,1,0,1,0,0,0,0,0,0,0
weird,356,222,0.00028286560698244834,11.787595606322714,5,JJ,JJ,3,6,0,weird,213,8.135775511586766,1732.9201839679813,0,0,1,0,0,1,0,0,0,0,-1
crazy,358,221,0.00028159143758162646,11.794108913281388,5,JJ,JJ,3,5,0,crazi,201,8.219433440633678,1652.1061215673692,1,0,0,1,0,1,0,1,0,0,-1
important,380,208,0.00026502723537094255,11.881571754531729,9,JJ,JJ,2,3,0,import,193,8.278028094544526,1597.6594222470935,0,0,0,0,0,0,1,0,0,1,1
deal,389,202,0.0002573822189660115,11.923799989921026,4,NN,NN,3,5,0,deal,191,8.293056303776856,1583.9737540213796,0,1,0,0,1,0,1,0,1,1,1
laughing,390,200,0.00025483388016436787,11.938155282898096,8,VB,VBG,3,4,0,laugh,195,8.263154818062995,1611.315189522284,0,0,0,0,1,0,1,0,0,0,1
problem,399,195,0.00024846303316025865,11.97468115892321,7,NN,NN,2,3,0,problem,192,8.28552263109145,1590.8203451695583,0,0,0,1,0,1,0,1,0,0,-1
hit,411,186,0.0002369955085528621,12.042852661564789,3,VB,VB,4,8,0,hit,171,8.452632616926708,1445.400177494467,1,0,0,0,0,1,0,0,0,0,-1
true,415,185,0.00023572133915204026,12.050630012156509,4,JJ,JJ,2,3,0,true,175,8.419274019980277,1473.3729534965485,0,0,0,0,1,0,1,0,0,1,1
hate,425,180,0.00022935049214793107,12.090158376343146,4,VB,VBP,3,7,0,hate,150,8.641666441316724,1296.2499661975087,1,0,1,1,0,1,0,1,0,0,-1
food,427,180,0.00022935049214793107,12.090158376343146,4,NN,NN,1,2,0,food,169,8.469605695530422,1431.3633625446414,0,0,0,0,1,0,1,0,0,1,1
birthday,449,166,0.0002115121205364253,12.206972041325896,8,NN,NN,2,3,0,birthday,140,8.741202114867638,1223.7682960814693,0,1,0,0,1,0,1,0,1,0,1
hell,458,159,0.00020259293473067245,12.269128517388465,4,NN,NN,4,6,0,hell,156,8.585082912950357,1339.2729344202558,1,0,1,1,0,1,0,1,0,0,-1
perfect,460,159,0.00020259293473067245,12.269128517388465,7,JJ,JJ,3,5,0,perfect,153,8.613097289119954,1317.803885235353,0,1,0,0,1,0,1,0,0,1,1
hope,466,157,0.00020004459592902878,12.287390723781193,4,VB,VBP,3,5,0,hope,153,8.613097289119954,1317.803885235353,0,1,0,0,1,0,1,0,1,1,1
sex,478,150,0.00019112541012327589,12.35319278217694,3,NN,NN,5,7,0,sex,138,8.761960675034437,1209.1505731547525,0,1,0,0,1,0,1,0,0,1,1
damn,479,150,0.00019112541012327589,12.35319278217694,4,NN,NN,5,7,0,damn,148,8.661031766183656,1281.8327013951812,1,0,1,0,0,1,0,0,0,0,-1
top,485,147,0.00018730290192081037,12.382339127836456,3,NN,NN,3,4,0,top,139,8.751544059089099,1216.4646242133847,0,1,0,0,0,0,1,0,0,1,1
black,493,144,0.00018348039371834484,12.412086471230507,5,JJ,JJ,2,3,0,black,134,8.804395941354834,1179.7890561415477,0,0,0,0,0,1,0,1,0,0,-1
word,497,142,0.00018093205491670117,12.432264353168138,4,NN,NN,1,2,0,word,134,8.804395941354834,1179.7890561415477,0,0,0,0,0,0,1,0,0,1,1
found,505,141,0.00017965788551587932,12.442460120274026,5,VB,VBD,3,7,0,found,138,8.761960675034437,1209.1505731547525,0,0,0,0,1,0,1,0,0,1,1
pay,511,139,0.00017710954671423565,12.463070399949313,3,VB,VB,2,4,0,pay,136,8.783022290562267,1194.4910315164682,0,1,0,0,1,0,1,0,0,1,1
lost,522,136,0.00017328703851177013,12.49454863142248,4,VB,VBD,3,5,0,lost,131,8.837062130275156,1157.6551390660454,0,0,0,0,0,1,0,1,0,0,-1
laugh,523,136,0.00017328703851177013,12.49454863142248,5,IN,IN,6,8,0,laugh,131,8.837062130275156,1157.6551390660454,0,0,0,0,1,0,1,0,1,0,1
terrible,528,132,0.0001681903609084828,12.537617353314367,8,JJ,JJ,2,2,0,terribl,124,8.91628882142573,1105.6198138567906,1,0,1,1,0,1,0,1,0,0,-1
gift,534,131,0.00016691619150766094,12.54858847113537,4,NN,NN,3,6,0,gift,118,8.987842082450765,1060.5653657291903,0,1,0,0,1,0,1,0,1,0,1
case,535,131,0.00016691619150766094,12.54858847113537,4,NN,NN,1,2,0,case,123,8.927970626473366,1098.140387056224,0,0,0,1,0,1,0,1,0,0,-1
beautiful,545,127,0.0001618195139043736,12.593326785900654,9,JJ,JJ,2,4,0,beauti,117,9.000120412229201,1053.0140882308165,0,0,0,0,1,0,1,0,0,0,1
boy,573,120,0.0001529003280986207,12.675120877064302,3,NN,NN,5,8,0,boy,117,9.000120412229201,1053.0140882308165,0,0,1,0,0,1,0,0,0,0,-1
excited,575,120,0.0001529003280986207,12.675120877064302,7,JJ,JJ,2,3,0,excit,118,8.987842082450765,1060.5653657291903,0,1,0,0,1,0,1,0,1,1,1
late,578,119,0.00015162615869779888,12.687193709364877,4,JJ,JJ,2,2,0,late,116,9.012504136685033,1045.4504798554638,0,0,0,0,0,1,0,1,0,0,-1
sir,585,118,0.00015035198929697703,12.699368423310979,3,NN,NN,4,7,0,sir,113,9.050306169397418,1022.6845971419082,0,0,0,0,0,0,1,0,0,1,1
special,591,116,0.00014780365049533336,12.724030477545249,7,JJ,JJ,2,3,0,special,110,9.089125418287946,999.8037960116741,0,0,0,0,1,0,1,0,0,0,1
worry,619,109,0.00013888446468958047,12.813827147895894,5,VB,VB,2,3,0,worri,106,9.142564677249407,969.1118557884371,0,1,0,1,0,1,0,1,0,0,-1
idiot,630,107,0.0001363361258879368,12.840544486271673,5,NN,NN,5,7,0,idiot,95,9.300629523481657,883.5598047307574,0,0,1,0,0,1,0,0,0,0,-1
luck,631,106,0.00013506195648711498,12.85409101810962,4,NN,NN,3,7,0,luck,100,9.22662894203788,922.662894203788,0,1,0,0,1,0,1,0,1,0,1
die,644,103,0.00013123944828464945,12.895510945489601,3,VB,VB,4,7,0,die,93,9.331326320704575,867.8133478255254,0,0,0,1,0,1,0,1,0,0,-1
sick,646,103,0.00013123944828464945,12.895510945489601,4,JJ,JJ,4,6,0,sick,94,9.315896280134968,875.694250332687,0,0,1,0,0,1,0,1,0,0,-1
kiss,650,102,0.0001299652788838276,12.909586130701324,4,VB,VB,3,6,0,kiss,97,9.270572289625477,899.2455120936713,0,1,0,0,1,0,1,0,1,0,1
surprise,659,99,0.00012614277068136208,12.952654852593211,8,NN,NN,3,5,0,surpris,94,9.315896280134968,875.694250332687,0,0,0,1,1,0,1,0,1,0,1
favorite,661,98,0.00012486860128054023,12.967301628557612,8,JJ,JJ,3,4,0,favorit,93,9.331326320704575,867.8133478255254,0,0,0,0,1,0,1,0,0,1,1
kill,663,97,0.0001235944318797184,12.982098630485693,4,VB,VB,2,4,0,kill,83,9.49544570046568,788.1219931386514,0,0,0,1,0,1,0,1,0,0,-1
music,670,96,0.00012232026247889656,12.997048971951664,5,NN,NN,2,3,0,music,92,9.346923175755592,859.9169321695144,0,0,0,0,1,0,1,1,0,0,1
shot,673,95,0.00012104609307807473,13.012155864341873,4,NN,NN,3,7,0,shot,93,9.331326320704575,867.8133478255254,1,0,0,1,0,1,0,1,1,0,-1
crying,698,90,0.00011467524607396553,13.090158376343146,6,VB,VBG,2,3,0,cri,88,9.411053513175307,828.1727091594271,0,0,0,0,0,1,0,1,0,0,-1
sweet,702,90,0.00011467524607396553,13.090158376343146,5,JJ,JJ,3,6,0,sweet,87,9.427541635963877,820.1961223288573,0,1,0,0,1,0,1,0,1,1,1
lose,705,89,0.0001134010766731437,13.106278041706423,4,VB,VB,2,3,0,lose,86,9.444220377110508,812.2029524315037,1,0,1,1,0,1,0,1,1,0,-1
white,710,89,0.0001134010766731437,13.106278041706423,5,JJ,JJ,2,2,0,white,81,9.530635128927981,771.9814454431665,0,1,0,0,1,0,1,0,0,1,1
store,715,88,0.00011212690727232185,13.122579854035523,5,NN,NN,3,4,0,store,85,9.461094195674903,804.1930066323667,0,1,0,0,0,0,1,0,0,0,1
mother,718,87,0.00011085273787150001,13.139067976824093,6,NN,NN,2,3,0,mother,81,9.530635128927981,771.9814454431665,0,1,0,0,1,1,1,1,0,1,0
hurt,719,87,0.00011085273787150001,13.139067976824093,4,VB,VB,3,9,0,hurt,79,9.566704383635502,755.7696463072047,1,0,0,1,0,1,0,1,0,0,-1
feeling,724,86,0.00010957856847067818,13.155746717970722,7,NN,NN,4,5,0,feel,84,9.478167709033846,796.1660875588431,1,1,1,1,1,1,1,1,1,1,0
glad,732,86,0.00010957856847067818,13.155746717970722,4,JJ,JJ,4,7,0,glad,85,9.461094195674903,804.1930066323667,0,1,0,0,1,0,1,0,0,0,1
ill,737,85,0.00010830439906985634,13.172620536535119,3,NN,NNP,4,6,0,ill,83,9.49544570046568,788.1219931386514,1,0,1,1,0,1,0,1,0,0,-1
words,743,84,0.00010703022966903449,13.18969404989406,5,NN,NNS,1,1,0,word,82,9.512933127194522,780.0605164299508,1,0,0,0,0,1,0,0,0,0,-1
save,746,84,0.00010703022966903449,13.18969404989406,4,VB,VB,3,5,0,save,81,9.530635128927981,771.9814454431665,0,0,0,0,1,0,1,0,0,1,1
buddy,753,83,0.00010575606026821266,13.206972041325896,5,NN,NN,3,6,0,buddi,77,9.603698591117704,739.4847915160632,0,1,0,0,1,0,1,0,0,1,1
hospital,754,83,0.00010575606026821266,13.206972041325896,8,NN,NN,1,2,0,hospit,81,9.530635128927981,771.9814454431665,0,0,0,1,0,0,0,1,0,1,0
fight,759,82,0.00010448189086739082,13.224459468054736,5,NN,NN,3,7,0,fight,68,9.783022290562267,665.2455157582341,1,0,0,1,0,1,0,0,0,0,-1
wear,767,81,0.00010320772146656899,13.242161469788195,4,VB,VB,4,6,0,wear,77,9.603698591117704,739.4847915160632,0,0,0,0,0,1,0,0,0,1,-1
respect,770,81,0.00010320772146656899,13.242161469788195,7,VB,NN,3,5,0,respect,63,9.89320520831269,623.2719281236995,0,1,0,0,1,0,1,0,0,1,1
fall,778,79,0.0001006593826649253,13.278230724495717,4,VB,VB,2,4,0,fall,78,9.585082912950357,747.6364672101279,0,0,0,0,0,1,0,1,0,0,-1
calls,779,79,0.0001006593826649253,13.278230724495717,5,NN,NNS,2,3,0,call,74,9.661031766183656,714.9163506975906,0,1,0,0,0,1,0,0,0,1,-1
mistake,792,78,9.938521326410346e-05,13.296609253810573,7,NN,NN,3,3,0,mistak,74,9.661031766183656,714.9163506975906,0,0,0,0,0,1,0,1,0,0,-1
fat,800,77,9.811104386328163e-05,13.31522493197792,3,JJ,JJ,4,6,0,fat,64,9.870485131812606,631.7110484360068,0,0,1,0,0,1,0,1,0,0,-1
doctor,840,72,9.174019685917242e-05,13.412086471230507,6,NN,NN,2,3,0,doctor,65,9.848117318784151,640.1276257209698,0,0,0,0,0,0,1,0,0,1,1
enjoy,842,72,9.174019685917242e-05,13.412086471230507,5,VB,VB,3,6,0,enjoy,69,9.761960675034437,673.5752865773762,0,1,0,0,1,0,1,0,0,1,1
applause,850,70,8.919185805752875e-05,13.452728455727854,8,NN,NN,3,4,0,applaus,69,9.761960675034437,673.5752865773762,0,0,0,0,1,0,1,0,1,1,1
gun,851,70,8.919185805752875e-05,13.452728455727854,3,NN,NN,3,3,0,gun,65,9.848117318784151,640.1276257209698,1,0,0,1,0,1,0,0,0,0,-1
mad,859,70,8.919185805752875e-05,13.452728455727854,3,JJ,JJ,4,7,0,mad,61,9.939747794249719,606.3246154492329,1,0,1,1,0,1,0,1,0,0,-1
truth,860,70,8.919185805752875e-05,13.452728455727854,5,NN,NN,2,3,0,truth,64,9.870485131812606,631.7110484360068,0,0,0,0,0,0,1,0,0,1,1
clean,863,69,8.791768865670691e-05,13.473487015894651,5,VB,JJ,3,5,0,clean,69,9.761960675034437,673.5752865773762,0,0,0,0,1,0,1,0,0,1,1
dance,866,69,8.791768865670691e-05,13.473487015894651,5,NN,NN,4,6,0,danc,66,9.826091012454151,648.522006821974,0,0,0,0,1,0,1,0,0,1,1
tough,867,69,8.791768865670691e-05,13.473487015894651,5,JJ,JJ,2,2,0,tough,68,9.783022290562267,665.2455157582341,0,0,0,0,0,1,0,1,0,0,-1
young,868,69,8.791768865670691e-05,13.473487015894651,5,JJ,JJ,2,2,0,young,64,9.870485131812606,631.7110484360068,0,1,0,0,1,0,1,0,1,0,1
finally,870,69,8.791768865670691e-05,13.473487015894651,7,RB,RB,1,1,0,final,69,9.761960675034437,673.5752865773762,0,1,1,0,1,0,1,0,1,1,1
promise,874,68,8.664351925588507e-05,13.49454863142248,7,VB,VBP,2,3,0,promis,66,9.826091012454151,648.522006821974,0,0,0,0,1,0,1,0,0,1,1
present,882,67,8.536934985506323e-05,13.515922282215048,7,JJ,JJ,3,6,0,present,65,9.848117318784151,640.1276257209698,0,1,0,0,1,0,1,0,1,1,1
grab,884,67,8.536934985506323e-05,13.515922282215048,4,VB,VB,2,5,0,grab,65,9.848117318784151,640.1276257209698,1,0,0,0,0,1,0,0,0,0,-1
child,888,67,8.536934985506323e-05,13.515922282215048,5,NN,NN,2,3,0,child,64,9.870485131812606,631.7110484360068,0,1,0,0,1,0,1,0,0,0,1
count,889,67,8.536934985506323e-05,13.515922282215048,5,VB,VB,2,4,0,count,63,9.89320520831269,623.2719281236995,0,0,0,0,0,0,1,0,0,1,1
art,890,66,8.40951804542414e-05,13.537617353314367,3,NN,NN,4,6,0,art,60,9.963594536204088,597.8156721722453,0,1,0,0,1,0,1,1,1,0,1
wonderful,891,66,8.40951804542414e-05,13.537617353314367,9,JJ,JJ,3,4,0,wonder,63,9.89320520831269,623.2719281236995,0,0,0,0,1,0,1,0,1,1,1
brother,893,66,8.40951804542414e-05,13.537617353314367,7,NN,NN,2,3,0,brother,61,9.939747794249719,606.3246154492329,0,0,0,0,0,0,1,0,0,1,1
excellent,898,65,8.282101105341956e-05,13.559643659644365,9,NN,NN,2,3,0,excel,63,9.89320520831269,623.2719281236995,0,0,0,0,1,0,1,0,0,1,1
hug,902,65,8.282101105341956e-05,13.559643659644365,3,VB,NN,3,5,0,hug,62,9.91628882142573,614.8099069283953,0,0,0,0,1,0,1,0,0,1,1
planning,918,63,8.027267225177587e-05,13.604731549172904,8,NN,NN,2,3,0,plan,61,9.939747794249719,606.3246154492329,0,1,0,0,0,0,1,0,0,1,1
cream,927,63,8.027267225177587e-05,13.604731549172904,5,NN,NN,1,2,0,cream,55,10.089125418287946,554.901898005837,0,1,0,0,1,0,1,0,1,0,1
cry,932,62,7.899850285095404e-05,13.627815162285945,3,VB,VB,2,4,0,cri,58,10.012504136685033,580.7252399277319,0,0,0,0,0,1,0,1,0,0,-1
bitch,937,62,7.899850285095404e-05,13.627815162285945,5,NN,NN,3,4,0,bitch,57,10.037595117647864,572.1429217059283,1,0,1,1,0,1,0,1,0,0,-1
ridiculous,940,62,7.899850285095404e-05,13.627815162285945,10,JJ,JJ,1,1,0,ridicul,61,9.939747794249719,606.3246154492329,1,0,1,0,0,1,0,0,0,0,-1
daughter,941,62,7.899850285095404e-05,13.627815162285945,8,NN,NN,1,2,0,daughter,57,10.037595117647864,572.1429217059283,0,0,0,0,1,0,1,0,0,0,1
shoot,953,61,7.77243334501322e-05,13.651274135109933,5,NN,NN,3,6,0,shoot,58,10.012504136685033,580.7252399277319,1,0,0,1,0,1,0,0,0,0,-1
laughter,955,60,7.645016404931035e-05,13.675120877064302,8,NN,NN,2,3,0,laughter,59,9.987842082450765,589.2826828645951,0,1,0,0,1,0,1,0,1,0,1
jump,957,60,7.645016404931035e-05,13.675120877064302,4,VB,NN,3,5,0,jump,50,10.22662894203788,511.331447101894,0,0,0,0,1,0,1,0,0,0,1
explain,966,59,7.517599464848852e-05,13.699368423310979,7,VB,VB,2,3,0,explain,56,10.063130209755002,563.5352917462801,0,0,0,0,0,0,1,0,0,1,1
punch,973,59,7.517599464848852e-05,13.699368423310979,5,NN,NN,3,4,0,punch,51,10.19805978984111,520.1010492818966,1,0,0,1,0,1,0,1,1,0,-1
fault,984,57,7.262765584684484e-05,13.749121458508078,5,NN,NN,2,2,0,fault,56,10.063130209755002,563.5352917462801,0,0,0,0,0,1,0,1,0,0,-1
worse,987,57,7.262765584684484e-05,13.749121458508078,5,JJ,JJR,3,5,0,wors,56,10.063130209755002,563.5352917462801,0,0,0,1,0,1,0,1,0,0,-1
expect,991,57,7.262765584684484e-05,13.749121458508078,6,VB,VB,2,3,0,expect,55,10.089125418287946,554.901898005837,0,1,0,0,0,0,1,0,1,1,1
broke,995,57,7.262765584684484e-05,13.749121458508078,5,VB,VBD,4,4,0,broke,57,10.037595117647864,572.1429217059283,0,0,0,1,0,1,0,1,0,0,-1
monster,997,56,7.1353486446023e-05,13.774656550615216,7,NN,NN,2,4,0,monster,50,10.22662894203788,511.331447101894,0,0,0,1,0,1,0,0,0,0,-1
honest,1003,56,7.1353486446023e-05,13.774656550615216,6,JJ,JJS,4,6,0,honest,56,10.063130209755002,563.5352917462801,1,0,1,1,1,0,1,1,0,1,1
upset,1005,56,7.1353486446023e-05,13.774656550615216,5,JJ,JJ,3,6,0,upset,51,10.19805978984111,520.1010492818966,1,0,0,0,0,1,0,1,0,0,-1
bear,1007,56,7.1353486446023e-05,13.774656550615216,4,NN,NN,4,6,0,bear,50,10.22662894203788,511.331447101894,1,0,0,1,0,0,0,0,0,0,0
chocolate,1012,55,7.007931704520116e-05,13.800651759148161,9,NN,NN,3,5,0,chocol,49,10.255775287697398,502.5329890971725,0,1,0,0,1,0,1,0,0,1,1
tree,1020,55,7.007931704520116e-05,13.800651759148161,4,NN,NN,3,3,0,tree,47,10.315896280134968,484.8471251663435,1,1,1,0,1,0,1,0,1,1,1
nervous,1021,55,7.007931704520116e-05,13.800651759148161,7,JJ,JJ,2,2,0,nervou,52,10.170045413671513,528.8423615109186,0,1,0,1,0,1,0,0,0,0,-1
interested,1025,55,7.007931704520116e-05,13.800651759148161,10,JJ,JJ,2,3,0,interest,52,10.170045413671513,528.8423615109186,0,0,1,0,0,0,1,1,0,0,1
engaged,1028,55,7.007931704520116e-05,13.800651759148161,7,VB,VBN,3,4,0,engag,54,10.115597629649137,546.2422720010534,0,1,0,0,1,0,1,0,0,1,1
prison,1033,54,6.880514764437932e-05,13.827123970509351,6,NN,NN,2,3,0,prison,41,10.512933127194522,431.0302582149754,1,0,0,1,0,1,0,1,0,0,-1
lie,1044,53,6.753097824355749e-05,13.85409101810962,3,VB,VB,2,6,0,lie,48,10.28552263109145,493.7050862923896,1,0,1,0,0,1,0,1,0,0,-1
smell,1052,53,6.753097824355749e-05,13.85409101810962,5,VB,VB,2,5,0,smell,49,10.255775287697398,502.5329890971725,1,0,1,0,0,1,0,0,0,0,-1
awful,1053,53,6.753097824355749e-05,13.85409101810962,5,JJ,JJ,3,3,0,aw,51,10.19805978984111,520.1010492818966,1,0,1,1,0,1,0,1,0,0,-1
carol,1078,51,6.49826394419138e-05,13.909586130701324,5,NN,NNP,3,4,0,carol,46,10.346923175755592,475.9584660847572,0,0,0,0,1,0,1,0,0,1,1
romantic,1079,51,6.49826394419138e-05,13.909586130701324,8,JJ,JJ,1,1,0,romant,49,10.255775287697398,502.5329890971725,0,1,0,0,1,0,1,0,0,1,1
disgusting,1083,51,6.49826394419138e-05,13.909586130701324,10,VB,VBG,3,3,0,disgust,50,10.22662894203788,511.331447101894,1,0,1,1,0,1,0,0,0,0,-1
hire,1090,50,6.370847004109197e-05,13.938155282898096,4,VB,VB,2,4,0,hire,50,10.22662894203788,511.331447101894,0,1,0,0,1,0,1,0,0,1,1
sing,1091,50,6.370847004109197e-05,13.938155282898096,4,VB,VBG,1,3,0,sing,47,10.315896280134968,484.8471251663435,0,1,0,0,1,0,1,1,0,1,1
smile,1096,50,6.370847004109197e-05,13.938155282898096,5,NN,NN,3,5,0,smile,48,10.28552263109145,493.7050862923896,0,0,0,0,1,0,1,0,1,1,1
safe,1098,50,6.370847004109197e-05,13.938155282898096,4,JJ,JJ,2,2,0,safe,48,10.28552263109145,493.7050862923896,0,0,0,0,1,0,1,0,0,1,1
lying,1107,50,6.370847004109197e-05,13.938155282898096,5,VB,VBG,2,2,0,lie,48,10.28552263109145,493.7050862923896,1,0,1,0,0,1,0,0,0,0,-1
apologize,1110,49,6.243430064027012e-05,13.967301628557612,9,VB,VB,1,2,0,apolog,49,10.255775287697398,502.5329890971725,0,0,0,0,0,0,1,1,0,1,1
insane,1111,49,6.243430064027012e-05,13.967301628557612,6,NN,NN,3,4,0,insan,49,10.255775287697398,502.5329890971725,1,0,0,1,0,1,0,0,0,0,-1
horrible,1116,49,6.243430064027012e-05,13.967301628557612,8,JJ,JJ,1,1,0,horribl,47,10.315896280134968,484.8471251663435,1,0,1,1,0,1,0,0,0,0,-1
honor,1126,48,6.116013123944828e-05,13.997048971951664,5,NN,NN,3,5,0,honor,45,10.37863203548293,467.03844159673184,0,0,0,0,0,0,1,0,0,1,1
worried,1129,48,6.116013123944828e-05,13.997048971951664,7,JJ,JJ,2,3,0,worri,46,10.346923175755592,475.9584660847572,0,0,0,0,0,1,0,1,0,0,-1
waste,1134,48,6.116013123944828e-05,13.997048971951664,5,NN,NN,3,4,0,wast,46,10.346923175755592,475.9584660847572,0,0,1,0,0,1,0,0,0,0,-1
hilarious,1135,48,6.116013123944828e-05,13.997048971951664,9,JJ,JJ,1,1,0,hilari,48,10.28552263109145,493.7050862923896,0,0,0,0,1,0,1,0,1,0,1
war,1137,48,6.116013123944828e-05,13.997048971951664,3,NN,NN,1,2,0,war,39,10.585082912950357,412.81823360506394,0,0,0,1,0,1,0,0,0,0,-1
hanging,1146,47,5.9885961838626446e-05,14.027422620995182,7,VB,VBG,1,1,0,hang,47,10.315896280134968,484.8471251663435,1,0,1,1,0,1,0,1,0,0,-1
pain,1154,47,5.9885961838626446e-05,14.027422620995182,4,NN,NN,2,2,0,pain,38,10.62255761836902,403.6571894980228,0,0,0,1,0,1,0,1,0,0,-1
management,1155,47,5.9885961838626446e-05,14.027422620995182,10,NN,NN,1,2,0,manag,42,10.478167709033846,440.08304377942153,0,0,0,0,0,0,1,0,0,1,1
weight,1164,46,5.86117924378046e-05,14.058449516615807,6,NN,NN,3,5,0,weight,43,10.444220377110508,449.10147621575186,0,1,1,1,1,1,1,1,1,1,0
share,1170,46,5.86117924378046e-05,14.058449516615807,5,NN,NN,1,2,0,share,46,10.346923175755592,475.9584660847572,0,1,0,0,1,0,1,0,0,1,1
star,1171,46,5.86117924378046e-05,14.058449516615807,4,NN,NN,2,3,0,star,40,10.548557036925244,421.9422814770098,0,1,0,0,1,0,1,0,0,1,1
smiling,1174,46,5.86117924378046e-05,14.058449516615807,7,VB,VBG,2,2,0,smile,45,10.37863203548293,467.03844159673184,0,0,0,0,1,0,1,0,0,0,1
hungry,1179,46,5.86117924378046e-05,14.058449516615807,6,JJ,JJ,4,5,0,hungri,42,10.478167709033846,440.08304377942153,0,1,0,0,0,1,0,0,0,0,-1
police,1193,45,5.733762303698277e-05,14.090158376343146,6,NN,NN,2,4,0,polic,42,10.478167709033846,440.08304377942153,0,0,0,1,0,0,1,0,0,1,1
proud,1194,45,5.733762303698277e-05,14.090158376343146,5,JJ,JJ,3,4,0,proud,45,10.37863203548293,467.03844159673184,0,1,0,0,1,0,1,0,0,1,1
treat,1195,45,5.733762303698277e-05,14.090158376343146,5,VB,NN,3,5,0,treat,44,10.411053513175307,458.08635457971354,1,1,1,1,1,1,1,1,1,1,0
angry,1203,45,5.733762303698277e-05,14.090158376343146,5,JJ,JJ,3,3,0,angri,40,10.548557036925244,421.9422814770098,1,0,1,0,0,1,0,0,0,0,-1
gross,1210,44,5.6063453636160925e-05,14.122579854035523,5,JJ,JJ,3,4,0,gross,44,10.411053513175307,458.08635457971354,0,0,1,0,0,1,0,0,0,0,-1
lucky,1218,44,5.6063453636160925e-05,14.122579854035523,5,JJ,JJ,2,2,0,lucki,41,10.512933127194522,431.0302582149754,0,0,0,0,1,0,1,0,1,0,1
delivery,1231,43,5.478928423533909e-05,14.155746717970722,8,NN,NN,1,2,0,deliveri,43,10.444220377110508,449.10147621575186,0,1,0,0,0,0,1,0,0,0,1
toilet,1237,43,5.478928423533909e-05,14.155746717970722,6,NN,NN,4,5,0,toilet,34,10.783022290562267,366.62275787911705,0,0,1,0,0,1,0,0,0,0,-1
teach,1241,43,5.478928423533909e-05,14.155746717970722,5,VB,VB,2,4,0,teach,40,10.548557036925244,421.9422814770098,0,0,0,0,1,0,1,0,1,1,1
mug,1242,43,5.478928423533909e-05,14.155746717970722,3,NN,NN,4,7,0,mug,37,10.661031766183656,394.4581753487953,1,0,0,1,0,1,1,1,0,0,0
death,1246,43,5.478928423533909e-05,14.155746717970722,5,NN,NN,1,2,0,death,42,10.478167709033846,440.08304377942153,1,1,1,1,0,1,0,1,1,0,-1
fell,1248,43,5.478928423533909e-05,14.155746717970722,4,VB,VBD,1,2,0,fell,42,10.478167709033846,440.08304377942153,0,0,0,0,0,1,0,1,0,0,-1
belt,1256,42,5.3515114834517246e-05,14.18969404989406,4,NN,NN,2,4,0,belt,38,10.62255761836902,403.6571894980228,1,0,0,1,0,1,0,0,0,0,-1
professional,1257,42,5.3515114834517246e-05,14.18969404989406,12,JJ,JJ,2,2,0,profession,41,10.512933127194522,431.0302582149754,0,0,0,0,0,0,1,0,0,1,1
opportunity,1259,42,5.3515114834517246e-05,14.18969404989406,11,NN,NN,1,2,0,opportun,41,10.512933127194522,431.0302582149754,0,1,0,0,0,0,1,0,0,0,1
hero,1262,42,5.3515114834517246e-05,14.18969404989406,4,NN,NN,1,2,0,hero,36,10.700560130370294,385.22016469333056,0,1,0,0,1,0,1,0,1,1,1
crap,1263,42,5.3515114834517246e-05,14.18969404989406,4,NN,NN,3,4,0,crap,41,10.512933127194522,431.0302582149754,0,0,1,0,0,1,0,0,0,0,-1
steal,1281,42,5.3515114834517246e-05,14.18969404989406,5,VB,VB,3,4,0,steal,40,10.548557036925244,421.9422814770098,1,0,0,1,0,1,0,1,0,0,-1
trash,1283,41,5.224094543369541e-05,14.224459468054736,5,NN,NN,3,4,0,trash,38,10.62255761836902,403.6571894980228,0,0,1,0,0,1,0,1,0,0,-1
toast,1286,41,5.224094543369541e-05,14.224459468054736,5,NN,NN,3,4,0,toast,38,10.62255761836902,403.6571894980228,0,0,0,0,1,0,1,0,0,0,1
garbage,1294,41,5.224094543369541e-05,14.224459468054736,7,NN,NN,3,4,0,garbag,35,10.741202114867638,375.94207402036733,0,0,1,0,0,1,0,0,0,0,-1
beer,1296,41,5.224094543369541e-05,14.224459468054736,4,NN,NN,3,4,0,beer,37,10.661031766183656,394.4581753487953,0,0,0,0,1,0,1,0,0,0,1
mess,1298,41,5.224094543369541e-05,14.224459468054736,4,NN,NN,2,3,0,mess,40,10.548557036925244,421.9422814770098,0,0,1,0,0,1,0,0,0,0,-1
impossible,1302,41,5.224094543369541e-05,14.224459468054736,10,JJ,JJ,1,1,0,imposs,41,10.512933127194522,431.0302582149754,0,0,0,0,0,1,0,1,0,0,-1
cash,1305,41,5.224094543369541e-05,14.224459468054736,4,NN,NN,1,2,0,cash,37,10.661031766183656,394.4581753487953,1,1,0,1,1,0,1,0,0,1,1
credit,1308,40,5.096677603287357e-05,14.260083377785458,6,NN,NN,1,2,0,credit,38,10.62255761836902,403.6571894980228,0,0,0,0,0,0,1,0,0,1,1
delicious,1313,40,5.096677603287357e-05,14.260083377785458,9,JJ,JJ,2,2,0,delici,40,10.548557036925244,421.9422814770098,0,0,0,0,1,0,1,0,0,0,1
public,1316,40,5.096677603287357e-05,14.260083377785458,6,JJ,JJ,2,3,0,public,38,10.62255761836902,403.6571894980228,0,1,0,0,0,0,1,0,0,0,1
fear,1320,40,5.096677603287357e-05,14.260083377785458,4,NN,NN,2,4,0,fear,36,10.700560130370294,385.22016469333056,1,0,0,1,0,1,0,0,0,0,-1
broken,1331,39,4.969260663205173e-05,14.296609253810573,6,VB,VBN,4,7,0,broken,36,10.700560130370294,385.22016469333056,1,0,0,1,0,1,0,1,0,0,-1
merry,1332,39,4.969260663205173e-05,14.296609253810573,5,NN,NNP,1,2,0,merri,37,10.661031766183656,394.4581753487953,0,0,0,0,1,0,1,0,0,0,1
hearing,1338,39,4.969260663205173e-05,14.296609253810573,7,VB,VBG,2,2,0,hear,37,10.661031766183656,394.4581753487953,0,0,0,1,0,1,0,0,0,0,-1
grow,1342,39,4.969260663205173e-05,14.296609253810573,4,VB,VB,2,3,0,grow,38,10.62255761836902,403.6571894980228,0,1,0,0,1,0,1,0,0,1,1
ugly,1365,38,4.841843723122989e-05,14.334083959229234,4,RB,RB,3,3,0,ugli,35,10.741202114867638,375.94207402036733,0,0,1,0,0,1,0,0,0,0,-1
deserve,1375,38,4.841843723122989e-05,14.334083959229234,7,VB,VBP,2,4,0,deserv,38,10.62255761836902,403.6571894980228,1,1,0,0,0,0,1,0,0,1,1
award,1377,38,4.841843723122989e-05,14.334083959229234,5,NN,NN,3,5,0,award,35,10.741202114867638,375.94207402036733,0,1,0,0,1,0,1,0,1,1,1
rule,1382,38,4.841843723122989e-05,14.334083959229234,4,NN,NN,4,5,0,rule,31,10.91628882142573,338.40495346419766,0,0,0,1,0,0,0,0,0,1,0
volunteer,1398,37,4.7144267830408054e-05,14.37255810704387,9,NN,NN,3,5,0,volunt,36,10.700560130370294,385.22016469333056,0,1,0,1,1,0,1,0,0,1,1
quiet,1400,37,4.7144267830408054e-05,14.37255810704387,5,JJ,JJ,3,3,0,quiet,34,10.783022290562267,366.62275787911705,0,0,0,0,0,0,1,1,0,0,1
bout,1406,37,4.7144267830408054e-05,14.37255810704387,4,IN,IN,8,8,0,bout,36,10.700560130370294,385.22016469333056,1,0,0,0,0,1,0,0,0,0,-1
alive,1409,37,4.7144267830408054e-05,14.37255810704387,5,JJ,JJ,2,3,0,aliv,32,10.870485131812606,347.8555242180034,0,1,0,0,1,0,1,0,0,1,1
green,1413,36,4.587009842958621e-05,14.412086471230507,5,JJ,JJ,2,2,0,green,31,10.91628882142573,338.40495346419766,0,0,0,0,1,0,1,0,0,1,1
cancel,1420,36,4.587009842958621e-05,14.412086471230507,6,VB,VB,2,3,0,cancel,34,10.783022290562267,366.62275787911705,0,0,0,0,0,1,0,1,0,0,-1
force,1421,36,4.587009842958621e-05,14.412086471230507,5,NN,NN,2,4,0,forc,32,10.870485131812606,347.8555242180034,1,0,0,1,0,1,0,0,0,0,-1
shoulder,1428,36,4.587009842958621e-05,14.412086471230507,8,NN,NN,2,2,0,shoulder,35,10.741202114867638,375.94207402036733,0,0,0,0,0,0,1,0,0,1,1
losing,1431,36,4.587009842958621e-05,14.412086471230507,6,VB,VBG,2,2,0,lose,35,10.741202114867638,375.94207402036733,1,0,0,0,0,1,0,1,0,0,-1
dangerous,1436,36,4.587009842958621e-05,14.412086471230507,9,JJ,JJ,1,1,0,danger,36,10.700560130370294,385.22016469333056,0,0,0,1,0,1,0,0,0,0,-1
invite,1439,36,4.587009842958621e-05,14.412086471230507,6,VB,VB,3,5,0,invit,36,10.700560130370294,385.22016469333056,0,1,0,0,1,0,1,0,1,1,1
dare,1443,36,4.587009842958621e-05,14.412086471230507,4,NN,NN,2,4,0,dare,33,10.826091012454151,357.261003410987,0,1,0,0,0,0,0,0,0,1,0
exciting,1446,35,4.4595929028764375e-05,14.452728455727854,8,VB,VBG,3,3,0,excit,35,10.741202114867638,375.94207402036733,0,1,0,0,1,0,1,0,1,0,1
level,1452,35,4.4595929028764375e-05,14.452728455727854,5,NN,NN,3,4,0,level,35,10.741202114867638,375.94207402036733,0,0,0,0,0,0,1,0,0,1,1
inappropriate,1457,35,4.4595929028764375e-05,14.452728455727854,13,JJ,JJ,3,3,0,inappropri,35,10.741202114867638,375.94207402036733,1,0,1,0,0,1,0,1,0,0,-1
lovely,1459,35,4.4595929028764375e-05,14.452728455727854,6,RB,RB,3,3,0,love,33,10.826091012454151,357.261003410987,0,1,0,0,1,0,1,1,1,1,1
prank,1474,34,4.332175962794253e-05,14.49454863142248,5,NN,NN,2,4,0,prank,32,10.870485131812606,347.8555242180034,0,0,0,0,0,1,0,0,1,0,-1
immediately,1478,34,4.332175962794253e-05,14.49454863142248,11,RB,RB,1,1,0,immedi,34,10.783022290562267,366.62275787911705,0,1,0,0,0,1,1,0,0,0,0
president,1490,34,4.332175962794253e-05,14.49454863142248,9,NN,NN,1,2,0,presid,32,10.870485131812606,347.8555242180034,0,0,0,0,0,0,1,0,0,1,1
vacation,1495,34,4.332175962794253e-05,14.49454863142248,8,NN,NN,2,2,0,vacat,33,10.826091012454151,357.261003410987,0,1,0,0,1,0,1,0,0,0,1
marriage,1500,33,4.20475902271207e-05,14.537617353314367,8,NN,NN,2,2,0,marriag,32,10.870485131812606,347.8555242180034,0,1,0,0,1,0,1,0,0,1,1
afraid,1512,33,4.20475902271207e-05,14.537617353314367,6,JJ,JJ,3,4,0,afraid,32,10.870485131812606,347.8555242180034,0,0,0,1,0,1,0,0,0,0,-1
fancy,1524,33,4.20475902271207e-05,14.537617353314367,5,JJ,JJ,2,3,0,fanci,31,10.91628882142573,338.40495346419766,0,1,0,0,1,0,1,0,0,0,1
center,1527,32,4.0773420826298854e-05,14.58201147267282,6,NN,NN,2,3,0,center,32,10.870485131812606,347.8555242180034,0,0,0,0,0,0,1,0,0,1,1
kick,1536,32,4.0773420826298854e-05,14.58201147267282,4,VB,VB,2,5,0,kick,30,10.963594536204088,328.90783608612264,1,0,0,0,0,1,0,0,0,0,-1
winner,1538,32,4.0773420826298854e-05,14.58201147267282,6,NN,NN,1,3,0,winner,32,10.870485131812606,347.8555242180034,0,1,0,0,1,0,1,0,1,0,1
agreed,1569,31,3.949925142547702e-05,14.627815162285945,6,VB,VBD,2,4,0,agre,31,10.91628882142573,338.40495346419766,0,0,0,0,0,0,1,0,0,1,1
bonus,1580,31,3.949925142547702e-05,14.627815162285945,5,NN,NN,4,5,0,bonu,28,11.063130209755002,309.76764587314005,0,1,0,0,1,0,1,0,1,0,1
pop,1586,31,3.949925142547702e-05,14.627815162285945,3,VB,VB,4,8,0,pop,28,11.063130209755002,309.76764587314005,0,0,0,0,0,1,0,0,1,0,-1
accident,1596,31,3.949925142547702e-05,14.627815162285945,8,NN,NN,2,2,0,accid,30,10.963594536204088,328.90783608612264,0,0,0,1,0,1,0,1,1,0,-1
lower,1608,31,3.949925142547702e-05,14.627815162285945,5,JJ,JJR,2,2,0,lower,29,11.012504136685033,319.36261996386594,0,0,0,0,0,1,0,1,0,0,-1
court,1611,30,3.8225082024655176e-05,14.675120877064302,5,NN,NN,1,2,0,court,29,11.012504136685033,319.36261996386594,1,1,0,1,0,0,0,0,0,0,0
jerk,1614,30,3.8225082024655176e-05,14.675120877064302,4,NN,NN,1,1,0,jerk,28,11.063130209755002,309.76764587314005,1,0,0,0,0,0,0,0,1,0,0
dirty,1615,30,3.8225082024655176e-05,14.675120877064302,5,NN,NN,4,6,0,dirti,30,10.963594536204088,328.90783608612264,0,0,1,0,0,1,0,0,0,0,-1
success,1623,30,3.8225082024655176e-05,14.675120877064302,7,NN,NN,1,1,0,success,28,11.063130209755002,309.76764587314005,0,1,0,0,1,0,1,0,0,0,1
basketball,1629,30,3.8225082024655176e-05,14.675120877064302,10,NN,NN,4,5,0,basketbal,24,11.28552263109145,270.85254314619476,0,1,0,0,1,0,1,0,0,0,1
lesson,1640,30,3.8225082024655176e-05,14.675120877064302,6,NN,NN,1,2,0,lesson,29,11.012504136685033,319.36261996386594,0,1,0,0,0,0,1,0,0,1,1
offensive,1641,30,3.8225082024655176e-05,14.675120877064302,9,JJ,JJ,1,1,0,offens,28,11.063130209755002,309.76764587314005,1,0,1,0,0,1,0,0,0,0,-1
dying,1651,29,3.695091262383334e-05,14.724030477545249,5,VB,VBG,2,2,0,die,26,11.170045413671513,290.4211807554593,1,0,1,1,0,1,0,1,0,0,-1
missing,1652,29,3.695091262383334e-05,14.724030477545249,7,VB,VBG,1,1,0,miss,29,11.012504136685033,319.36261996386594,0,0,0,1,0,1,0,1,0,0,-1
dirt,1653,29,3.695091262383334e-05,14.724030477545249,4,NN,NN,1,1,0,dirt,26,11.170045413671513,290.4211807554593,0,0,1,0,0,1,0,0,0,0,-1
marry,1656,29,3.695091262383334e-05,14.724030477545249,5,VB,VB,2,3,0,marri,24,11.28552263109145,270.85254314619476,0,1,0,1,1,0,1,0,1,1,1
continue,1665,29,3.695091262383334e-05,14.724030477545249,8,VB,VB,2,3,0,continu,28,11.063130209755002,309.76764587314005,0,1,0,0,0,0,1,0,0,1,1
emergency,1670,29,3.695091262383334e-05,14.724030477545249,9,NN,NN,1,2,0,emerg,29,11.012504136685033,319.36261996386594,0,0,0,1,0,1,0,1,1,0,-1
trick,1688,29,3.695091262383334e-05,14.724030477545249,5,NN,NN,3,5,0,trick,29,11.012504136685033,319.36261996386594,0,0,0,0,0,1,0,0,1,0,-1
salary,1692,29,3.695091262383334e-05,14.724030477545249,6,NN,NN,2,2,0,salari,28,11.063130209755002,309.76764587314005,0,1,0,0,1,0,1,0,0,1,1
john,1693,29,3.695091262383334e-05,14.724030477545249,4,NN,NNP,1,2,0,john,26,11.170045413671513,290.4211807554593,0,0,1,0,0,1,0,0,0,0,-1
sun,1701,29,3.695091262383334e-05,14.724030477545249,3,NN,NN,2,3,0,sun,27,11.115597629649137,300.1211360005267,0,1,0,0,1,0,1,0,1,1,1
goodness,1709,28,3.56767432230115e-05,14.774656550615216,8,NN,NN,3,4,0,good,28,11.063130209755002,309.76764587314005,0,1,0,0,1,0,1,0,1,1,1
obvious,1711,28,3.56767432230115e-05,14.774656550615216,7,JJ,JJ,1,1,0,obviou,28,11.063130209755002,309.76764587314005,0,0,0,0,0,0,1,0,0,1,1
charity,1712,28,3.56767432230115e-05,14.774656550615216,7,NN,NN,1,1,0,chariti,27,11.115597629649137,300.1211360005267,0,0,0,0,1,0,1,0,0,0,1
attack,1713,28,3.56767432230115e-05,14.774656550615216,6,NN,NN,2,5,0,attack,28,11.063130209755002,309.76764587314005,1,0,0,1,0,1,0,0,0,0,-1
swear,1722,28,3.56767432230115e-05,14.774656550615216,5,VB,VBP,3,4,0,swear,28,11.063130209755002,309.76764587314005,0,0,0,0,0,0,1,0,0,1,1
shame,1742,27,3.440257382218966e-05,14.827123970509351,5,NN,NN,2,3,0,shame,25,11.22662894203788,280.665723550947,0,0,1,1,0,1,0,1,0,0,-1
helpful,1753,27,3.440257382218966e-05,14.827123970509351,7,JJ,JJ,3,3,0,help,26,11.170045413671513,290.4211807554593,0,0,0,0,1,0,1,0,0,1,1
screaming,1754,27,3.440257382218966e-05,14.827123970509351,9,VB,VBG,3,3,0,scream,25,11.22662894203788,280.665723550947,1,0,1,1,0,1,0,0,0,0,-1
wild,1773,27,3.440257382218966e-05,14.827123970509351,4,JJ,JJ,2,3,0,wild,22,11.411053513175307,251.04317728985677,0,0,0,0,0,1,0,0,1,0,-1
gentleman,1775,27,3.440257382218966e-05,14.827123970509351,9,NN,NN,1,2,0,gentleman,27,11.115597629649137,300.1211360005267,0,0,0,0,0,0,1,0,0,1,1
crime,1778,27,3.440257382218966e-05,14.827123970509351,5,NN,NN,1,2,0,crime,27,11.115597629649137,300.1211360005267,1,0,0,0,0,1,0,0,0,0,-1
agreement,1786,27,3.440257382218966e-05,14.827123970509351,9,NN,NN,1,1,0,agreement,26,11.170045413671513,290.4211807554593,0,0,0,0,0,0,1,0,0,1,1
bottom,1790,26,3.312840442136782e-05,14.881571754531729,6,NN,NN,3,4,0,bottom,25,11.22662894203788,280.665723550947,0,0,0,0,0,1,0,1,0,0,-1
screwed,1798,26,3.312840442136782e-05,14.881571754531729,7,VB,VBN,1,2,0,screw,25,11.22662894203788,280.665723550947,1,0,0,0,0,1,0,0,0,0,-1
killing,1823,26,3.312840442136782e-05,14.881571754531729,7,VB,VBG,1,1,0,kill,25,11.22662894203788,280.665723550947,1,0,0,1,0,1,0,1,0,0,-1
frank,1826,26,3.312840442136782e-05,14.881571754531729,5,NN,NNP,2,2,0,frank,23,11.346923175755592,260.9792330423786,0,0,0,0,0,0,1,0,0,1,1
pill,1829,26,3.312840442136782e-05,14.881571754531729,4,NN,NN,1,1,0,pill,24,11.28552263109145,270.85254314619476,0,0,0,0,0,0,1,0,0,1,1
shopping,1846,25,3.185423502054598e-05,14.938155282898096,8,NN,NN,2,3,0,shop,21,11.478167709033846,241.04152188971076,0,1,0,0,1,0,1,0,1,1,1
liar,1877,25,3.185423502054598e-05,14.938155282898096,4,NN,NN,3,4,0,liar,23,11.346923175755592,260.9792330423786,0,0,1,0,0,1,0,0,0,0,-1
leader,1881,25,3.185423502054598e-05,14.938155282898096,6,NN,NN,1,1,0,leader,21,11.478167709033846,241.04152188971076,0,0,0,0,0,0,1,0,0,1,1
cheer,1882,25,3.185423502054598e-05,14.938155282898096,5,NN,NN,2,4,0,cheer,25,11.22662894203788,280.665723550947,0,1,0,0,1,0,1,0,1,1,1
disappointed,1885,25,3.185423502054598e-05,14.938155282898096,12,JJ,JJ,2,3,0,disappoint,25,11.22662894203788,280.665723550947,1,0,1,0,0,1,0,1,0,0,-1
complaint,1887,25,3.185423502054598e-05,14.938155282898096,9,NN,NN,2,2,0,complaint,25,11.22662894203788,280.665723550947,1,0,0,0,0,1,0,0,0,0,-1
doubt,1888,24,3.058006561972414e-05,14.997048971951664,5,VB,NN,2,3,0,doubt,24,11.28552263109145,270.85254314619476,0,0,0,1,0,1,0,1,0,1,-1
flying,1893,24,3.058006561972414e-05,14.997048971951664,6,VB,VBG,2,2,0,fli,24,11.28552263109145,270.85254314619476,0,0,0,1,0,0,1,0,0,0,1
ruin,1897,24,3.058006561972414e-05,14.997048971951664,4,VB,VB,2,4,0,ruin,23,11.346923175755592,260.9792330423786,0,0,0,1,0,1,0,1,0,0,-1
poison,1905,24,3.058006561972414e-05,14.997048971951664,6,NN,NN,3,3,0,poison,21,11.478167709033846,241.04152188971076,1,0,1,1,0,1,0,1,0,0,-1
fighting,1909,24,3.058006561972414e-05,14.997048971951664,8,VB,VBG,2,2,0,fight,22,11.411053513175307,251.04317728985677,1,0,0,0,0,1,0,0,0,0,-1
aunt,1913,24,3.058006561972414e-05,14.997048971951664,4,NN,NN,1,2,0,aunt,24,11.28552263109145,270.85254314619476,0,0,0,0,0,0,1,0,0,1,1
concerned,1920,24,3.058006561972414e-05,14.997048971951664,9,JJ,JJ,2,3,0,concern,23,11.346923175755592,260.9792330423786,0,0,0,1,0,0,0,1,0,0,0
jealous,1930,24,3.058006561972414e-05,14.997048971951664,7,JJ,JJ,2,2,0,jealou,22,11.411053513175307,251.04317728985677,1,0,1,0,0,1,0,0,0,0,-1
interrupt,1941,23,2.93058962189023e-05,15.058449516615807,9,VB,VB,1,1,0,interrupt,22,11.411053513175307,251.04317728985677,1,0,0,0,0,1,0,0,1,0,-1
shooting,1952,23,2.93058962189023e-05,15.058449516615807,8,VB,VBG,3,3,0,shoot,20,11.548557036925244,230.9711407385049,1,0,0,1,0,1,0,0,0,0,-1
operation,1959,23,2.93058962189023e-05,15.058449516615807,9,NN,NN,1,2,0,oper,22,11.411053513175307,251.04317728985677,0,0,0,1,0,0,0,0,0,1,0
blame,1960,23,2.93058962189023e-05,15.058449516615807,5,VB,VB,3,4,0,blame,19,11.62255761836902,220.8285947490114,1,0,1,0,0,1,0,0,0,0,-1
teacher,1964,23,2.93058962189023e-05,15.058449516615807,7,NN,NN,2,2,0,teacher,20,11.548557036925244,230.9711407385049,0,0,0,0,0,0,1,0,0,1,1
sue,1965,23,2.93058962189023e-05,15.058449516615807,3,VB,VB,2,3,0,sue,19,11.62255761836902,220.8285947490114,1,0,0,0,0,1,0,1,0,0,-1
regret,1966,23,2.93058962189023e-05,15.058449516615807,6,VB,VB,2,3,0,regret,21,11.478167709033846,241.04152188971076,0,0,0,0,0,1,0,1,0,0,-1
cross,1967,23,2.93058962189023e-05,15.058449516615807,5,NN,NN,4,5,0,cross,22,11.411053513175307,251.04317728985677,1,0,0,1,0,1,0,1,0,0,-1
hunter,1968,23,2.93058962189023e-05,15.058449516615807,6,NN,NNP,1,2,0,hunter,22,11.411053513175307,251.04317728985677,0,1,0,1,0,1,0,1,0,0,-1
prefer,1975,23,2.93058962189023e-05,15.058449516615807,6,VB,VBP,1,2,0,prefer,23,11.346923175755592,260.9792330423786,0,0,0,0,0,0,1,0,0,1,1
diary,1981,23,2.93058962189023e-05,15.058449516615807,5,JJ,JJ,2,3,0,diari,21,11.478167709033846,241.04152188971076,0,0,0,0,1,0,1,0,0,1,1
depression,1985,23,2.93058962189023e-05,15.058449516615807,10,NN,NN,2,3,0,depress,19,11.62255761836902,220.8285947490114,0,0,0,0,0,1,0,1,0,0,-1
holiday,1987,23,2.93058962189023e-05,15.058449516615807,7,NN,NN,1,2,0,holiday,23,11.346923175755592,260.9792330423786,0,1,0,0,1,0,1,0,0,0,1
harry,1998,23,2.93058962189023e-05,15.058449516615807,5,NN,NNP,1,2,0,harri,20,11.548557036925244,230.9711407385049,1,0,0,0,0,1,0,1,0,0,-1
murder,2004,23,2.93058962189023e-05,15.058449516615807,6,NN,NN,3,5,0,murder,21,11.478167709033846,241.04152188971076,1,0,1,1,0,1,0,1,1,0,-1
lord,2009,22,2.8031726818080462e-05,15.122579854035523,4,NN,NNP,2,3,0,lord,22,11.411053513175307,251.04317728985677,0,0,1,0,0,1,1,0,0,1,0
weirdo,2040,22,2.8031726818080462e-05,15.122579854035523,6,NN,NN,3,4,0,weirdo,18,11.700560130370294,210.61008234666528,0,0,0,1,0,1,0,0,0,0,-1
fool,2063,22,2.8031726818080462e-05,15.122579854035523,4,NN,NN,2,3,0,fool,16,11.870485131812606,189.9277621090017,0,0,1,0,0,1,0,0,0,0,-1
manage,2072,22,2.8031726818080462e-05,15.122579854035523,6,VB,VB,2,4,0,manag,22,11.411053513175307,251.04317728985677,0,0,0,0,0,0,1,0,0,1,1
prepared,2075,22,2.8031726818080462e-05,15.122579854035523,8,JJ,JJ,2,3,0,prepar,22,11.411053513175307,251.04317728985677,0,1,0,0,0,0,1,0,0,1,1
pound,2076,22,2.8031726818080462e-05,15.122579854035523,5,NN,NN,1,1,0,pound,19,11.62255761836902,220.8285947490114,1,0,0,0,0,1,0,0,0,0,-1
loyalty,2083,21,2.6757557417258623e-05,15.18969404989406,7,NN,NN,2,3,0,loyalti,18,11.700560130370294,210.61008234666528,0,0,0,0,0,0,1,0,0,1,1
cheering,2099,21,2.6757557417258623e-05,15.18969404989406,8,VB,VBG,3,3,0,cheer,21,11.478167709033846,241.04152188971076,0,0,0,0,1,0,1,0,0,0,1
statement,2121,21,2.6757557417258623e-05,15.18969404989406,9,NN,NN,1,1,0,statement,20,11.548557036925244,230.9711407385049,0,0,0,0,0,0,1,0,0,1,1
herpes,2122,21,2.6757557417258623e-05,15.18969404989406,6,NN,NNS,2,3,0,herp,20,11.548557036925244,230.9711407385049,0,0,1,0,0,1,0,0,0,0,-1
birth,2125,21,2.6757557417258623e-05,15.18969404989406,5,NN,NN,1,1,0,birth,21,11.478167709033846,241.04152188971076,0,1,0,1,1,0,1,0,0,1,1
divorce,2126,21,2.6757557417258623e-05,15.18969404989406,7,NN,NN,1,1,0,divorc,20,11.548557036925244,230.9711407385049,1,0,1,1,0,1,0,1,1,1,-1
winning,2132,21,2.6757557417258623e-05,15.18969404989406,7,VB,VBG,1,1,0,win,21,11.478167709033846,241.04152188971076,0,1,1,0,1,0,1,1,1,1,1
disease,2147,20,2.5483388016436784e-05,15.260083377785458,7,NN,NN,2,2,0,diseas,19,11.62255761836902,220.8285947490114,1,0,1,1,0,1,0,1,0,0,-1
bang,2149,20,2.5483388016436784e-05,15.260083377785458,4,VB,VB,2,4,0,bang,19,11.62255761836902,220.8285947490114,1,0,1,1,0,1,0,1,1,0,-1
battle,2151,20,2.5483388016436784e-05,15.260083377785458,6,NN,NN,1,2,0,battl,17,11.783022290562267,200.31137893955852,1,0,0,0,0,1,0,0,0,0,-1
mate,2153,20,2.5483388016436784e-05,15.260083377785458,4,NN,NN,2,2,0,mate,17,11.783022290562267,200.31137893955852,0,0,0,0,0,0,1,0,0,1,1
football,2160,20,2.5483388016436784e-05,15.260083377785458,8,NN,NN,3,3,0,footbal,19,11.62255761836902,220.8285947490114,0,1,0,0,1,0,1,0,0,0,1
alarm,2164,20,2.5483388016436784e-05,15.260083377785458,5,NN,NN,2,2,0,alarm,19,11.62255761836902,220.8285947490114,0,0,0,1,0,1,0,0,1,0,-1
offense,2165,20,2.5483388016436784e-05,15.260083377785458,7,NN,NN,1,1,0,offens,20,11.548557036925244,230.9711407385049,1,0,1,1,0,1,0,1,0,0,-1
prepare,2168,20,2.5483388016436784e-05,15.260083377785458,7,VB,VB,3,4,0,prepar,20,11.548557036925244,230.9711407385049,0,1,0,0,0,0,1,0,0,0,1
gorgeous,2176,20,2.5483388016436784e-05,15.260083377785458,8,JJ,JJ,1,1,0,gorgeou,19,11.62255761836902,220.8285947490114,0,0,0,0,1,0,1,0,0,0,1
guilty,2177,20,2.5483388016436784e-05,15.260083377785458,6,JJ,JJ,2,3,0,guilti,19,11.62255761836902,220.8285947490114,1,0,0,0,0,1,0,1,0,0,-1
pig,2178,20,2.5483388016436784e-05,15.260083377785458,3,NN,NN,3,4,0,pig,17,11.783022290562267,200.31137893955852,0,0,1,0,0,1,0,0,0,0,-1
annoying,2183,20,2.5483388016436784e-05,15.260083377785458,8,VB,VBG,3,3,0,annoy,20,11.548557036925244,230.9711407385049,1,0,0,0,0,1,0,0,0,0,-1
row,2189,20,2.5483388016436784e-05,15.260083377785458,3,NN,NN,1,1,0,row,18,11.700560130370294,210.61008234666528,1,0,0,0,0,1,0,0,0,0,-1
church,2213,19,2.4209218615614945e-05,15.334083959229234,6,NN,NN,2,3,0,church,19,11.62255761836902,220.8285947490114,0,1,0,0,1,0,1,0,0,1,1
guarantee,2234,19,2.4209218615614945e-05,15.334083959229234,9,NN,NN,2,3,0,guarante,17,11.783022290562267,200.31137893955852,0,0,0,0,0,0,1,0,0,1,1
victim,2236,19,2.4209218615614945e-05,15.334083959229234,6,NN,NN,1,1,0,victim,17,11.783022290562267,200.31137893955852,1,0,0,1,0,1,0,1,0,0,-1
general,2240,19,2.4209218615614945e-05,15.334083959229234,7,JJ,JJ,2,2,0,gener,19,11.62255761836902,220.8285947490114,0,0,0,0,0,0,1,0,0,1,1
evil,2242,19,2.4209218615614945e-05,15.334083959229234,4,JJ,JJ,3,5,0,evil,18,11.700560130370294,210.61008234666528,1,0,1,1,0,1,0,1,0,0,-1
silly,2247,19,2.4209218615614945e-05,15.334083959229234,5,RB,RB,3,3,0,silli,18,11.700560130370294,210.61008234666528,0,0,0,0,1,1,0,0,0,0,-1
qualified,2249,19,2.4209218615614945e-05,15.334083959229234,9,VB,VBN,2,3,0,qualifi,19,11.62255761836902,220.8285947490114,0,0,0,0,0,0,1,0,0,1,1
gang,2254,19,2.4209218615614945e-05,15.334083959229234,4,NN,NN,1,1,0,gang,19,11.62255761836902,220.8285947490114,1,0,0,1,0,1,0,0,0,0,-1
shaking,2263,19,2.4209218615614945e-05,15.334083959229234,7,VB,VBG,2,2,0,shake,19,11.62255761836902,220.8285947490114,0,0,0,1,0,1,0,0,0,0,-1
friendship,2264,19,2.4209218615614945e-05,15.334083959229234,10,NN,NN,2,2,0,friendship,18,11.700560130370294,210.61008234666528,0,0,0,0,1,0,1,0,0,1,1
yell,2278,19,2.4209218615614945e-05,15.334083959229234,4,VB,VB,4,5,0,yell,17,11.783022290562267,200.31137893955852,1,0,0,1,0,1,0,0,1,0,-1
lover,2280,19,2.4209218615614945e-05,15.334083959229234,5,NN,NN,1,2,0,lover,19,11.62255761836902,220.8285947490114,0,1,0,0,1,0,1,0,0,1,1
nurse,2291,19,2.4209218615614945e-05,15.334083959229234,5,NN,NN,2,2,0,nurs,18,11.700560130370294,210.61008234666528,0,0,0,0,0,0,1,0,0,1,1
freedom,2301,19,2.4209218615614945e-05,15.334083959229234,7,NN,NN,2,3,0,freedom,18,11.700560130370294,210.61008234666528,0,0,0,0,1,0,1,0,0,1,1
scream,2311,19,2.4209218615614945e-05,15.334083959229234,6,NN,NN,3,4,0,scream,15,11.963594536204088,179.45391804306132,1,0,1,1,0,1,0,0,1,0,-1
serve,2312,19,2.4209218615614945e-05,15.334083959229234,5,VB,NN,2,3,0,serv,19,11.62255761836902,220.8285947490114,0,0,0,0,0,1,0,0,0,1,-1
title,2318,18,2.2935049214793106e-05,15.412086471230507,5,NN,NN,2,2,0,titl,18,11.700560130370294,210.61008234666528,0,0,0,0,0,0,1,0,0,1,1
blues,2327,18,2.2935049214793106e-05,15.412086471230507,5,NN,NNS,1,2,0,blue,14,12.063130209755002,168.88382293657003,0,0,0,1,0,1,0,1,0,0,-1
stolen,2340,18,2.2935049214793106e-05,15.412086471230507,6,VB,VBN,2,3,0,stolen,17,11.783022290562267,200.31137893955852,1,0,0,0,0,1,0,0,0,0,-1
responsible,2347,18,2.2935049214793106e-05,15.412086471230507,11,JJ,JJ,1,1,0,respons,18,11.700560130370294,210.61008234666528,0,0,0,0,0,0,1,0,0,1,1
enemy,2350,18,2.2935049214793106e-05,15.412086471230507,5,NN,NN,2,2,0,enemi,10,12.548557036925244,125.48557036925244,1,0,1,1,0,1,0,0,0,0,-1
lawyer,2354,18,2.2935049214793106e-05,15.412086471230507,6,NN,NN,1,1,0,lawyer,17,11.783022290562267,200.31137893955852,1,0,1,1,0,1,0,0,0,0,-1
cancer,2355,18,2.2935049214793106e-05,15.412086471230507,6,NN,NN,1,2,0,cancer,17,11.783022290562267,200.31137893955852,1,0,1,1,0,1,0,1,0,0,-1
disaster,2369,18,2.2935049214793106e-05,15.412086471230507,8,NN,NN,1,2,0,disast,16,11.870485131812606,189.9277621090017,1,0,1,1,0,1,0,1,1,0,-1
mocking,2374,18,2.2935049214793106e-05,15.412086471230507,7,VB,VBG,2,2,0,mock,18,11.700560130370294,210.61008234666528,1,0,1,0,0,1,0,1,0,0,-1
clap,2383,18,2.2935049214793106e-05,15.412086471230507,4,NN,NN,2,4,0,clap,14,12.063130209755002,168.88382293657003,0,1,0,0,1,0,1,0,0,1,1
resources,2402,18,2.2935049214793106e-05,15.412086471230507,9,NN,NNPS,1,3,0,resourc,18,11.700560130370294,210.61008234666528,0,0,0,0,1,0,1,0,0,1,1
falling,2421,17,2.1660879813971266e-05,15.49454863142248,7,VB,VBG,1,1,0,fall,17,11.783022290562267,200.31137893955852,0,0,0,0,0,1,0,1,0,0,-1
professor,2424,17,2.1660879813971266e-05,15.49454863142248,9,NN,NN,1,2,0,professor,16,11.870485131812606,189.9277621090017,0,0,0,0,0,0,1,0,0,1,1
sentence,2426,17,2.1660879813971266e-05,15.49454863142248,8,NN,NN,1,1,0,sentenc,17,11.783022290562267,200.31137893955852,1,1,1,1,0,1,0,1,0,0,-1
treasure,2428,17,2.1660879813971266e-05,15.49454863142248,8,NN,NN,1,2,0,treasur,13,12.170045413671513,158.21059037772966,0,1,0,0,1,0,1,0,0,1,1
shove,2432,17,2.1660879813971266e-05,15.49454863142248,5,VB,VB,2,3,0,shove,15,11.963594536204088,179.45391804306132,1,0,0,0,0,1,0,0,0,0,-1
swim,2434,17,2.1660879813971266e-05,15.49454863142248,4,VB,VB,2,4,0,swim,17,11.783022290562267,200.31137893955852,0,1,0,1,1,0,1,0,0,0,1
glee,2443,17,2.1660879813971266e-05,15.49454863142248,4,NN,NNP,1,2,0,glee,14,12.063130209755002,168.88382293657003,0,0,0,0,1,0,1,0,0,0,1
legal,2454,17,2.1660879813971266e-05,15.49454863142248,5,JJ,JJ,2,2,0,legal,17,11.783022290562267,200.31137893955852,0,0,0,0,0,0,1,0,0,1,1
bride,2463,17,2.1660879813971266e-05,15.49454863142248,5,NN,NN,1,2,0,bride,15,11.963594536204088,179.45391804306132,0,1,0,0,1,0,1,0,0,1,1
busted,2467,17,2.1660879813971266e-05,15.49454863142248,6,VB,VBN,3,5,0,bust,17,11.783022290562267,200.31137893955852,1,0,0,1,0,1,0,0,0,0,-1
urgent,2471,17,2.1660879813971266e-05,15.49454863142248,6,JJ,JJ,2,2,0,urgent,12,12.28552263109145,147.42627157309738,0,1,0,1,0,1,0,0,1,0,-1
risk,2513,17,2.1660879813971266e-05,15.49454863142248,4,NN,NN,2,2,0,risk,16,11.870485131812606,189.9277621090017,0,1,0,1,0,1,0,0,0,0,-1
jail,2518,17,2.1660879813971266e-05,15.49454863142248,4,NN,NN,2,2,0,jail,15,11.963594536204088,179.45391804306132,0,0,0,1,0,1,0,1,0,0,-1
electric,2524,17,2.1660879813971266e-05,15.49454863142248,8,NN,NNP,2,2,0,electr,15,11.963594536204088,179.45391804306132,0,0,0,0,1,0,1,0,1,0,1
career,2529,16,2.0386710413149427e-05,15.58201147267282,6,NN,NN,1,1,0,career,15,11.963594536204088,179.45391804306132,0,1,0,0,0,0,1,0,0,0,1
wasted,2532,16,2.0386710413149427e-05,15.58201147267282,6,VB,VBN,2,3,0,wast,16,11.870485131812606,189.9277621090017,1,0,1,0,0,1,0,0,0,0,-1
pathetic,2533,16,2.0386710413149427e-05,15.58201147267282,8,JJ,JJ,2,2,0,pathet,16,11.870485131812606,189.9277621090017,0,0,1,0,0,1,0,1,0,0,-1
labor,2536,16,2.0386710413149427e-05,15.58201147267282,5,NN,NN,1,1,0,labor,14,12.063130209755002,168.88382293657003,0,1,0,0,1,0,1,0,1,1,1
wanting,2549,16,2.0386710413149427e-05,15.58201147267282,7,VB,VBG,1,1,0,want,16,11.870485131812606,189.9277621090017,0,0,0,0,0,1,0,1,0,0,-1
pleased,2551,16,2.0386710413149427e-05,15.58201147267282,7,JJ,JJ,2,2,0,pleas,16,11.870485131812606,189.9277621090017,0,0,0,0,1,0,1,0,0,0,1
grief,2564,16,2.0386710413149427e-05,15.58201147267282,5,NN,NN,2,3,0,grief,15,11.963594536204088,179.45391804306132,0,0,0,0,0,1,0,1,0,0,-1
pretending,2565,16,2.0386710413149427e-05,15.58201147267282,10,VB,VBG,1,1,0,pretend,14,12.063130209755002,168.88382293657003,1,0,0,0,0,1,0,0,0,0,-1
brilliant,2572,16,2.0386710413149427e-05,15.58201147267282,9,JJ,JJ,2,2,0,brilliant,16,11.870485131812606,189.9277621090017,0,1,0,0,1,0,1,0,0,1,1
guard,2573,16,2.0386710413149427e-05,15.58201147267282,5,NN,NN,1,2,0,guard,16,11.870485131812606,189.9277621090017,0,0,0,1,0,0,1,0,0,1,1
precious,2592,16,2.0386710413149427e-05,15.58201147267282,8,JJ,JJ,2,2,0,preciou,15,11.963594536204088,179.45391804306132,0,1,0,0,1,0,1,0,1,0,1
pledge,2594,16,2.0386710413149427e-05,15.58201147267282,6,NN,NN,2,4,0,pledg,13,12.170045413671513,158.21059037772966,0,0,0,0,1,0,1,0,0,1,1
vote,2600,16,2.0386710413149427e-05,15.58201147267282,4,VB,VB,2,3,0,vote,14,12.063130209755002,168.88382293657003,1,1,0,0,1,1,1,1,1,1,0
devil,2605,16,2.0386710413149427e-05,15.58201147267282,5,NN,NN,2,3,0,devil,15,11.963594536204088,179.45391804306132,1,1,1,1,0,1,0,1,0,0,-1
insulting,2614,16,2.0386710413149427e-05,15.58201147267282,9,JJ,JJ,3,3,0,insult,16,11.870485131812606,189.9277621090017,1,0,1,1,0,1,0,1,0,0,-1
nap,2618,16,2.0386710413149427e-05,15.58201147267282,3,NN,NN,3,3,0,nap,15,11.963594536204088,179.45391804306132,0,0,0,0,1,0,1,0,0,0,1
rob,2627,16,2.0386710413149427e-05,15.58201147267282,3,NN,NNP,2,3,0,rob,15,11.963594536204088,179.45391804306132,1,0,1,1,0,1,0,1,0,0,-1
homeless,2628,16,2.0386710413149427e-05,15.58201147267282,8,NN,NN,2,2,0,homeless,14,12.063130209755002,168.88382293657003,1,1,1,1,0,1,0,1,0,0,-1
honeymoon,2629,16,2.0386710413149427e-05,15.58201147267282,9,NN,NN,1,1,0,honeymoon,16,11.870485131812606,189.9277621090017,0,1,0,0,1,0,1,0,1,1,1
cutting,2632,16,2.0386710413149427e-05,15.58201147267282,7,VB,VBG,1,1,0,cut,16,11.870485131812606,189.9277621090017,1,0,1,1,0,1,0,1,0,0,-1
cap,2636,16,2.0386710413149427e-05,15.58201147267282,3,NN,NN,2,2,0,cap,14,12.063130209755002,168.88382293657003,0,1,0,0,0,0,0,0,0,1,0
hunting,2644,16,2.0386710413149427e-05,15.58201147267282,7,VB,VBG,2,3,0,hunt,14,12.063130209755002,168.88382293657003,1,1,0,1,0,1,0,0,0,0,-1
desert,2655,16,2.0386710413149427e-05,15.58201147267282,6,NN,NN,2,3,0,desert,14,12.063130209755002,168.88382293657003,1,0,1,1,0,1,0,1,0,0,-1
adorable,2661,16,2.0386710413149427e-05,15.58201147267282,8,JJ,JJ,1,1,0,ador,16,11.870485131812606,189.9277621090017,0,0,0,0,1,0,1,0,0,0,1
angel,2669,15,1.9112541012327588e-05,15.675120877064302,5,NN,NN,1,2,0,angel,15,11.963594536204088,179.45391804306132,0,1,0,0,1,0,1,0,1,1,1
united,2674,15,1.9112541012327588e-05,15.675120877064302,6,NN,NNP,1,1,0,unit,14,12.063130209755002,168.88382293657003,0,0,0,0,0,0,1,0,0,1,1
badly,2681,15,1.9112541012327588e-05,15.675120877064302,5,RB,RB,1,1,0,badli,14,12.063130209755002,168.88382293657003,0,0,0,0,0,1,0,1,0,0,-1
fully,2683,15,1.9112541012327588e-05,15.675120877064302,5,RB,RB,1,1,0,fulli,15,11.963594536204088,179.45391804306132,0,0,0,0,0,0,1,0,0,1,1
illegal,2697,15,1.9112541012327588e-05,15.675120877064302,7,JJ,JJ,3,3,0,illeg,14,12.063130209755002,168.88382293657003,1,0,1,1,0,1,0,1,0,0,-1
officer,2701,15,1.9112541012327588e-05,15.675120877064302,7,NN,NN,2,3,0,offic,15,11.963594536204088,179.45391804306132,0,0,0,0,0,0,1,0,0,1,1
garden,2712,15,1.9112541012327588e-05,15.675120877064302,6,NN,NN,1,2,0,garden,14,12.063130209755002,168.88382293657003,0,0,0,0,1,0,1,0,0,0,1
mystery,2713,15,1.9112541012327588e-05,15.675120877064302,7,NN,NN,1,2,0,mysteri,15,11.963594536204088,179.45391804306132,0,1,0,0,0,0,0,0,1,0,0
routine,2714,15,1.9112541012327588e-05,15.675120877064302,7,NN,NN,3,3,0,routin,13,12.170045413671513,158.21059037772966,0,0,0,0,0,0,1,0,0,1,1
committed,2723,15,1.9112541012327588e-05,15.675120877064302,9,VB,VBN,2,3,0,commit,14,12.063130209755002,168.88382293657003,0,0,0,0,0,0,1,0,0,1,1
mafia,2731,15,1.9112541012327588e-05,15.675120877064302,5,NN,NN,3,4,0,mafia,13,12.170045413671513,158.21059037772966,0,0,0,1,0,1,0,0,0,0,-1
rumor,2742,15,1.9112541012327588e-05,15.675120877064302,5,NN,NN,1,1,0,rumor,15,11.963594536204088,179.45391804306132,0,0,0,0,0,1,0,1,0,0,-1
fortune,2743,15,1.9112541012327588e-05,15.675120877064302,7,NN,NN,1,2,0,fortun,15,11.963594536204088,179.45391804306132,0,1,0,0,1,0,1,0,1,1,1
competition,2745,15,1.9112541012327588e-05,15.675120877064302,11,NN,NN,1,1,0,competit,15,11.963594536204088,179.45391804306132,0,1,0,0,0,1,0,0,0,0,-1
bum,2762,15,1.9112541012327588e-05,15.675120877064302,3,NN,NNP,1,2,0,bum,4,13.870485131812606,55.48194052725042,0,0,1,0,0,1,0,1,0,0,-1
facts,2768,15,1.9112541012327588e-05,15.675120877064302,5,NN,NNS,1,1,0,fact,15,11.963594536204088,179.45391804306132,0,0,0,0,0,0,1,0,0,1,1
friendly,2774,15,1.9112541012327588e-05,15.675120877064302,8,JJ,JJ,3,3,0,friendli,13,12.170045413671513,158.21059037772966,0,1,0,0,1,0,1,0,0,1,1
miracle,2775,15,1.9112541012327588e-05,15.675120877064302,7,NN,NN,1,2,0,miracl,15,11.963594536204088,179.45391804306132,0,1,0,0,1,0,1,0,1,1,1
authority,2778,15,1.9112541012327588e-05,15.675120877064302,9,NN,NN,1,1,0,author,15,11.963594536204088,179.45391804306132,0,0,0,0,0,0,1,0,0,1,1
medical,2780,15,1.9112541012327588e-05,15.675120877064302,7,JJ,JJ,1,1,0,medic,15,11.963594536204088,179.45391804306132,0,1,0,1,0,0,1,0,0,1,1
beauty,2786,14,1.783837161150575e-05,15.774656550615216,6,NN,NN,1,1,0,beauti,14,12.063130209755002,168.88382293657003,0,0,0,0,1,0,1,0,0,0,1
picnic,2789,14,1.783837161150575e-05,15.774656550615216,6,NN,NN,2,3,0,picnic,14,12.063130209755002,168.88382293657003,0,1,0,0,1,0,1,0,1,1,1
gray,2791,14,1.783837161150575e-05,15.774656550615216,4,JJ,JJ,2,3,0,gray,12,12.28552263109145,147.42627157309738,0,0,1,0,0,0,0,1,0,0,0
grave,2795,14,1.783837161150575e-05,15.774656550615216,5,NN,NN,2,2,0,grave,13,12.170045413671513,158.21059037772966,0,0,0,1,0,1,0,1,0,0,-1
bee,2807,14,1.783837161150575e-05,15.774656550615216,3,NN,NN,2,3,0,bee,13,12.170045413671513,158.21059037772966,1,0,0,1,0,0,0,0,0,0,0
anger,2811,14,1.783837161150575e-05,15.774656550615216,5,NN,NN,3,4,0,anger,14,12.063130209755002,168.88382293657003,1,0,0,0,0,1,0,0,0,0,-1
clown,2814,14,1.783837161150575e-05,15.774656550615216,5,NN,NN,2,3,0,clown,14,12.063130209755002,168.88382293657003,0,1,0,0,1,0,1,0,1,0,1
conflict,2816,14,1.783837161150575e-05,15.774656550615216,8,NN,NN,1,1,0,conflict,13,12.170045413671513,158.21059037772966,1,0,0,1,0,1,0,1,0,0,-1
usual,2817,14,1.783837161150575e-05,15.774656550615216,5,JJ,JJ,1,1,0,usual,14,12.063130209755002,168.88382293657003,0,0,0,0,0,0,1,0,0,1,1
disagree,2818,14,1.783837161150575e-05,15.774656550615216,8,VB,VBP,1,2,0,disagre,14,12.063130209755002,168.88382293657003,1,0,0,0,0,1,0,0,0,0,-1
scare,2838,14,1.783837161150575e-05,15.774656550615216,5,VB,VB,2,3,0,scare,13,12.170045413671513,158.21059037772966,1,1,0,1,0,1,0,0,1,0,-1
defense,2853,14,1.783837161150575e-05,15.774656550615216,7,NN,NN,2,3,0,defens,12,12.28552263109145,147.42627157309738,1,1,0,1,0,0,1,0,0,0,1
panic,2857,14,1.783837161150575e-05,15.774656550615216,5,NN,NN,3,4,0,panic,14,12.063130209755002,168.88382293657003,0,0,0,1,0,1,0,0,0,0,-1
shout,2866,14,1.783837161150575e-05,15.774656550615216,5,NN,NN,4,6,0,shout,13,12.170045413671513,158.21059037772966,1,0,0,0,0,0,0,0,1,0,0
university,2872,14,1.783837161150575e-05,15.774656550615216,10,NN,NNP,1,2,0,univers,14,12.063130209755002,168.88382293657003,0,1,0,0,0,0,1,0,0,0,1
loss,2877,14,1.783837161150575e-05,15.774656550615216,4,NN,NN,1,2,0,loss,14,12.063130209755002,168.88382293657003,1,0,0,1,0,1,0,1,0,0,-1
ruined,2879,14,1.783837161150575e-05,15.774656550615216,6,VB,VBN,1,2,0,ruin,14,12.063130209755002,168.88382293657003,1,0,1,1,0,1,0,1,0,0,-1
celebration,2891,14,1.783837161150575e-05,15.774656550615216,11,NN,NN,1,2,0,celebr,14,12.063130209755002,168.88382293657003,0,1,0,0,1,0,1,0,1,1,1
strip,2892,14,1.783837161150575e-05,15.774656550615216,5,NN,NN,2,4,0,strip,12,12.28552263109145,147.42627157309738,0,0,0,0,0,1,0,1,0,0,-1
exchange,2896,14,1.783837161150575e-05,15.774656550615216,8,NN,NN,2,4,0,exchang,14,12.063130209755002,168.88382293657003,0,0,0,0,0,0,1,0,0,1,1
shell,2902,14,1.783837161150575e-05,15.774656550615216,5,NN,NN,2,2,0,shell,14,12.063130209755002,168.88382293657003,1,0,0,1,0,1,0,1,1,0,-1
cheat,2910,14,1.783837161150575e-05,15.774656550615216,5,VB,VB,3,4,0,cheat,13,12.170045413671513,158.21059037772966,1,0,1,0,0,1,0,0,0,0,-1
instructions,2927,14,1.783837161150575e-05,15.774656550615216,12,NN,NNS,1,1,0,instruct,14,12.063130209755002,168.88382293657003,0,1,0,0,0,0,0,0,0,1,0
strike,2935,14,1.783837161150575e-05,15.774656550615216,6,NN,NN,3,4,0,strike,12,12.28552263109145,147.42627157309738,1,0,0,0,0,1,0,0,0,0,-1
forced,2940,14,1.783837161150575e-05,15.774656550615216,6,VB,VBN,2,3,0,forc,14,12.063130209755002,168.88382293657003,0,0,0,1,0,1,0,0,0,0,-1
bomb,2944,13,1.656420221068391e-05,15.881571754531729,4,NN,NN,2,4,0,bomb,12,12.28552263109145,147.42627157309738,1,0,0,1,0,1,0,1,1,0,-1
magical,2947,13,1.656420221068391e-05,15.881571754531729,7,JJ,JJ,1,1,0,magic,12,12.28552263109145,147.42627157309738,0,1,0,0,1,0,1,0,1,0,1
depressed,2951,13,1.656420221068391e-05,15.881571754531729,9,VB,VBN,2,2,0,depress,13,12.170045413671513,158.21059037772966,1,0,0,1,0,1,0,1,0,0,-1
suspect,2970,13,1.656420221068391e-05,15.881571754531729,7,VB,NN,3,4,0,suspect,10,12.548557036925244,125.48557036925244,0,0,0,1,0,1,0,0,0,0,-1
familiar,2973,13,1.656420221068391e-05,15.881571754531729,8,JJ,JJ,1,1,0,familiar,13,12.170045413671513,158.21059037772966,0,0,0,0,0,0,1,0,0,1,1
convince,2978,13,1.656420221068391e-05,15.881571754531729,8,VB,VB,2,2,0,convinc,12,12.28552263109145,147.42627157309738,0,1,0,0,0,0,1,0,0,1,1
innocent,2984,13,1.656420221068391e-05,15.881571754531729,8,JJ,JJ,2,2,0,innoc,13,12.170045413671513,158.21059037772966,0,0,0,0,0,0,1,0,0,1,1
backwards,2988,13,1.656420221068391e-05,15.881571754531729,9,NN,NNS,2,2,0,backward,13,12.170045413671513,158.21059037772966,0,0,1,0,0,1,0,0,0,0,-1
infinity,2989,13,1.656420221068391e-05,15.881571754531729,8,NN,NNP,1,2,0,infin,12,12.28552263109145,147.42627157309738,0,1,0,0,1,0,1,0,0,1,1
shelter,2998,13,1.656420221068391e-05,15.881571754531729,7,NN,NN,1,1,0,shelter,13,12.170045413671513,158.21059037772966,0,0,0,0,0,0,1,0,0,1,1
threat,3018,13,1.656420221068391e-05,15.881571754531729,6,NN,NN,2,3,0,threat,13,12.170045413671513,158.21059037772966,1,0,0,1,0,1,0,0,0,0,-1
powerful,3020,13,1.656420221068391e-05,15.881571754531729,8,JJ,JJ,1,1,0,power,13,12.170045413671513,158.21059037772966,1,1,1,1,1,0,1,0,0,1,1
painful,3027,13,1.656420221068391e-05,15.881571754531729,7,JJ,JJ,2,2,0,pain,13,12.170045413671513,158.21059037772966,1,0,1,1,0,1,0,1,0,0,-1
manure,3029,13,1.656420221068391e-05,15.881571754531729,6,NN,NN,1,1,0,manur,10,12.548557036925244,125.48557036925244,0,0,1,0,0,1,0,0,0,0,-1
honesty,3050,13,1.656420221068391e-05,15.881571754531729,7,NN,NN,2,3,0,honesti,13,12.170045413671513,158.21059037772966,0,0,0,0,0,0,1,0,0,1,1
stone,3099,12,1.529003280986207e-05,15.997048971951664,5,NN,NN,1,2,0,stone,12,12.28552263109145,147.42627157309738,1,0,0,0,0,1,0,0,0,0,-1
gain,3125,12,1.529003280986207e-05,15.997048971951664,4,VB,VB,2,3,0,gain,11,12.411053513175307,136.52158864492839,0,1,0,0,1,0,1,0,0,0,1
danger,3127,12,1.529003280986207e-05,15.997048971951664,6,NN,NN,1,1,0,danger,12,12.28552263109145,147.42627157309738,0,0,0,1,0,1,0,1,0,0,-1
intense,3132,12,1.529003280986207e-05,15.997048971951664,7,JJ,JJ,1,1,0,intens,12,12.28552263109145,147.42627157309738,1,0,1,1,1,1,1,0,1,1,0
bastard,3141,12,1.529003280986207e-05,15.997048971951664,7,NN,NN,4,6,0,bastard,11,12.411053513175307,136.52158864492839,0,0,1,0,0,1,0,1,0,0,-1
confidence,3143,12,1.529003280986207e-05,15.997048971951664,10,NN,NN,1,1,0,confid,11,12.411053513175307,136.52158864492839,0,0,0,1,1,0,1,0,0,1,1
pride,3146,12,1.529003280986207e-05,15.997048971951664,5,NN,NN,2,3,0,pride,10,12.548557036925244,125.48557036925244,0,0,0,0,1,0,1,0,0,0,1
breakup,3149,12,1.529003280986207e-05,15.997048971951664,7,NN,NN,2,2,0,breakup,11,12.411053513175307,136.52158864492839,0,0,0,0,0,1,0,1,0,0,-1
sore,3150,12,1.529003280986207e-05,15.997048971951664,4,NN,NN,2,2,0,sore,11,12.411053513175307,136.52158864492839,1,0,0,0,0,1,0,1,0,0,-1
rat,3159,12,1.529003280986207e-05,15.997048971951664,3,NN,NN,2,2,0,rat,11,12.411053513175307,136.52158864492839,0,0,1,1,0,1,0,0,0,0,-1
destroyed,3161,12,1.529003280986207e-05,15.997048971951664,9,VB,VBN,1,4,0,destroy,12,12.28552263109145,147.42627157309738,1,0,0,1,0,1,0,1,0,0,-1
suicide,3162,12,1.529003280986207e-05,15.997048971951664,7,NN,NN,5,6,0,suicid,12,12.28552263109145,147.42627157309738,1,0,0,1,0,1,0,1,0,0,-1
launch,3169,12,1.529003280986207e-05,15.997048971951664,6,NN,NN,2,3,0,launch,12,12.28552263109145,147.42627157309738,0,1,0,0,0,0,1,0,0,0,1
fraud,3171,12,1.529003280986207e-05,15.997048971951664,5,NN,NN,2,3,0,fraud,11,12.411053513175307,136.52158864492839,1,0,0,0,0,1,0,0,0,0,-1
murderer,3175,12,1.529003280986207e-05,15.997048971951664,8,NN,NN,1,1,0,murder,11,12.411053513175307,136.52158864492839,1,0,1,1,0,1,0,1,0,0,-1
sweetheart,3182,12,1.529003280986207e-05,15.997048971951664,10,NN,NN,2,3,0,sweetheart,12,12.28552263109145,147.42627157309738,0,1,0,0,1,0,1,1,0,1,1
porn,3187,12,1.529003280986207e-05,15.997048971951664,4,NN,NN,3,3,0,porn,9,12.700560130370294,114.30504117333264,0,0,1,0,0,1,0,0,0,0,-1
cop,3195,12,1.529003280986207e-05,15.997048971951664,3,NN,NN,2,3,0,cop,11,12.411053513175307,136.52158864492839,0,0,0,1,0,0,0,0,0,1,0
pregnancy,3198,12,1.529003280986207e-05,15.997048971951664,9,NN,NN,1,1,0,pregnanc,12,12.28552263109145,147.42627157309738,0,0,1,0,0,1,0,0,0,0,-1
romance,3200,12,1.529003280986207e-05,15.997048971951664,7,NN,NN,1,1,0,romanc,12,12.28552263109145,147.42627157309738,0,1,0,1,1,0,1,1,1,1,1
harm,3201,12,1.529003280986207e-05,15.997048971951664,4,NN,NN,2,2,0,harm,12,12.28552263109145,147.42627157309738,0,0,0,1,0,1,0,0,0,0,-1
weigh,3204,12,1.529003280986207e-05,15.997048971951664,5,VB,VBP,2,4,0,weigh,12,12.28552263109145,147.42627157309738,0,1,0,0,0,0,0,0,0,1,0
bug,3206,12,1.529003280986207e-05,15.997048971951664,3,NN,NN,2,3,0,bug,11,12.411053513175307,136.52158864492839,0,0,1,1,0,1,0,0,0,0,-1
lonely,3211,12,1.529003280986207e-05,15.997048971951664,6,RB,RB,2,2,0,lone,12,12.28552263109145,147.42627157309738,1,0,1,1,0,1,0,1,0,0,-1
medal,3215,12,1.529003280986207e-05,15.997048971951664,5,NN,NN,2,2,0,medal,10,12.548557036925244,125.48557036925244,0,1,0,0,1,0,1,0,1,1,1
enjoying,3231,12,1.529003280986207e-05,15.997048971951664,8,VB,VBG,2,2,0,enjoy,12,12.28552263109145,147.42627157309738,0,1,0,0,1,0,1,0,0,1,1
error,3238,12,1.529003280986207e-05,15.997048971951664,5,NN,NN,2,2,0,error,12,12.28552263109145,147.42627157309738,0,0,0,0,0,1,0,1,0,0,-1
embrace,3242,12,1.529003280986207e-05,15.997048971951664,7,VB,NN,2,3,0,embrac,12,12.28552263109145,147.42627157309738,0,1,0,0,1,0,1,0,1,1,1
unfair,3245,12,1.529003280986207e-05,15.997048971951664,6,JJ,JJ,2,2,0,unfair,12,12.28552263109145,147.42627157309738,1,0,1,0,0,1,0,1,0,0,-1
score,3250,12,1.529003280986207e-05,15.997048971951664,5,NN,NN,2,3,0,score,11,12.411053513175307,136.52158864492839,0,1,0,0,1,0,1,0,1,0,1
negative,3252,12,1.529003280986207e-05,15.997048971951664,8,JJ,JJ,1,1,0,neg,12,12.28552263109145,147.42627157309738,0,0,0,0,0,1,0,1,0,0,-1
worm,3256,12,1.529003280986207e-05,15.997048971951664,4,NN,NN,1,2,0,worm,10,12.548557036925244,125.48557036925244,0,1,0,0,0,1,0,0,1,0,-1
escape,3264,12,1.529003280986207e-05,15.997048971951664,6,VB,VB,2,3,0,escap,12,12.28552263109145,147.42627157309738,0,1,0,1,0,1,1,0,0,0,0
compliment,3279,12,1.529003280986207e-05,15.997048971951664,10,NN,NN,2,2,0,compliment,12,12.28552263109145,147.42627157309738,0,1,0,0,1,0,1,0,1,1,1
damage,3280,12,1.529003280986207e-05,15.997048971951664,6,NN,NN,2,2,0,damag,12,12.28552263109145,147.42627157309738,1,0,1,0,0,1,0,1,0,0,-1
challenge,3283,12,1.529003280986207e-05,15.997048971951664,9,NN,NN,2,3,0,challeng,12,12.28552263109145,147.42627157309738,1,0,0,1,0,1,0,0,0,0,-1
happiness,3286,12,1.529003280986207e-05,15.997048971951664,9,NN,NN,2,2,0,happi,12,12.28552263109145,147.42627157309738,0,1,0,0,1,0,1,0,0,0,1
closure,3289,12,1.529003280986207e-05,15.997048971951664,7,NN,NN,1,1,0,closur,9,12.700560130370294,114.30504117333264,0,1,0,0,1,0,1,1,0,0,1
blast,3302,11,1.4015863409040231e-05,16.12257985403552,5,NN,NN,1,2,0,blast,8,12.870485131812606,102.96388105450085,1,0,0,1,0,1,0,0,1,0,-1
suspicious,3305,11,1.4015863409040231e-05,16.12257985403552,10,JJ,JJ,1,1,0,suspici,11,12.411053513175307,136.52158864492839,1,1,0,0,0,1,0,0,0,0,-1
approve,3306,11,1.4015863409040231e-05,16.12257985403552,7,VB,VB,2,3,0,approv,11,12.411053513175307,136.52158864492839,0,0,0,0,1,0,1,0,0,1,1
attacking,3310,11,1.4015863409040231e-05,16.12257985403552,9,VB,VBG,1,1,0,attack,11,12.411053513175307,136.52158864492839,1,0,1,1,0,1,0,1,1,0,-1
punishment,3321,11,1.4015863409040231e-05,16.12257985403552,10,NN,NN,1,1,0,punish,10,12.548557036925244,125.48557036925244,1,0,1,1,0,1,0,0,0,0,-1
mob,3325,11,1.4015863409040231e-05,16.12257985403552,3,NN,NN,1,1,0,mob,10,12.548557036925244,125.48557036925244,1,0,0,1,0,1,0,0,0,0,-1
gibberish,3327,11,1.4015863409040231e-05,16.12257985403552,9,JJ,JJ,1,1,0,gibberish,9,12.700560130370294,114.30504117333264,1,0,0,0,0,1,0,0,0,0,-1
wasting,3342,11,1.4015863409040231e-05,16.12257985403552,7,VB,VBG,2,2,0,wast,11,12.411053513175307,136.52158864492839,0,0,1,1,0,1,0,1,0,0,-1
foul,3384,11,1.4015863409040231e-05,16.12257985403552,4,NN,NN,2,2,0,foul,9,12.700560130370294,114.30504117333264,1,0,1,1,0,1,0,0,0,0,-1
passion,3394,11,1.4015863409040231e-05,16.12257985403552,7,NN,NN,1,1,0,passion,10,12.548557036925244,125.48557036925244,0,1,0,0,1,0,1,0,0,1,1
generous,3395,11,1.4015863409040231e-05,16.12257985403552,8,JJ,JJ,1,1,0,gener,11,12.411053513175307,136.52158864492839,0,0,0,0,1,0,1,0,0,1,1
cabinet,3403,11,1.4015863409040231e-05,16.12257985403552,7,NN,NN,1,1,0,cabinet,11,12.411053513175307,136.52158864492839,0,0,0,0,0,0,1,0,0,1,1
defend,3412,11,1.4015863409040231e-05,16.12257985403552,6,VB,VB,2,3,0,defend,11,12.411053513175307,136.52158864492839,0,0,0,1,0,0,1,0,0,0,1
batter,3418,11,1.4015863409040231e-05,16.12257985403552,6,NN,NN,2,2,0,batter,4,13.870485131812606,55.48194052725042,1,0,0,1,0,1,0,0,0,0,-1
slip,3426,11,1.4015863409040231e-05,16.12257985403552,4,NN,NN,2,3,0,slip,11,12.411053513175307,136.52158864492839,0,0,0,0,0,1,0,0,1,0,-1
stealing,3430,11,1.4015863409040231e-05,16.12257985403552,8,VB,VBG,1,1,0,steal,11,12.411053513175307,136.52158864492839,0,0,1,1,0,1,0,0,0,0,-1
efficient,3437,11,1.4015863409040231e-05,16.12257985403552,9,JJ,JJ,1,1,0,effici,11,12.411053513175307,136.52158864492839,0,1,0,0,0,0,1,0,0,1,1
youth,3450,11,1.4015863409040231e-05,16.12257985403552,5,NN,NN,1,2,0,youth,11,12.411053513175307,136.52158864492839,1,1,0,1,1,0,1,0,1,0,1
recommend,3456,11,1.4015863409040231e-05,16.12257985403552,9,VB,VB,1,2,0,recommend,11,12.411053513175307,136.52158864492839,0,0,0,0,0,0,1,0,0,1,1
loving,3467,11,1.4015863409040231e-05,16.12257985403552,6,VB,VBG,1,1,0,love,11,12.411053513175307,136.52158864492839,0,0,0,0,1,0,1,0,0,1,1
highest,3477,11,1.4015863409040231e-05,16.12257985403552,7,JJ,JJS,2,2,0,highest,10,12.548557036925244,125.48557036925244,0,1,0,1,1,1,1,0,1,0,0
avoid,3488,11,1.4015863409040231e-05,16.12257985403552,5,VB,VB,1,1,0,avoid,11,12.411053513175307,136.52158864492839,0,0,0,1,0,1,0,0,0,0,-1
childhood,3493,11,1.4015863409040231e-05,16.12257985403552,9,NN,NN,1,1,0,childhood,11,12.411053513175307,136.52158864492839,0,0,0,0,1,0,1,0,0,0,1
passionate,3502,10,1.2741694008218392e-05,16.26008337778546,10,JJ,JJ,2,2,0,passion,10,12.548557036925244,125.48557036925244,0,1,0,0,1,0,1,0,0,1,1
radon,3506,10,1.2741694008218392e-05,16.26008337778546,5,JJ,JJ,3,4,0,radon,6,13.28552263109145,79.71313578654869,0,0,0,1,0,1,0,0,0,0,-1
storm,3509,10,1.2741694008218392e-05,16.26008337778546,5,NN,NN,2,3,0,storm,10,12.548557036925244,125.48557036925244,1,0,0,0,0,1,0,0,0,0,-1
poisoned,3512,10,1.2741694008218392e-05,16.26008337778546,8,VB,VBD,3,4,0,poison,10,12.548557036925244,125.48557036925244,1,0,1,1,0,1,0,1,0,0,-1
haunted,3514,10,1.2741694008218392e-05,16.26008337778546,7,VB,VBN,3,3,0,haunt,10,12.548557036925244,125.48557036925244,0,0,0,1,0,1,0,1,0,0,-1
witch,3522,10,1.2741694008218392e-05,16.26008337778546,5,NN,NN,1,2,0,witch,8,12.870485131812606,102.96388105450085,1,0,1,1,0,1,0,0,0,0,-1
bankruptcy,3524,10,1.2741694008218392e-05,16.26008337778546,10,NN,NN,1,2,0,bankruptci,10,12.548557036925244,125.48557036925244,1,0,1,1,0,1,0,1,0,0,-1
government,3530,10,1.2741694008218392e-05,16.26008337778546,10,NN,NN,1,1,0,govern,9,12.700560130370294,114.30504117333264,0,0,0,1,0,1,0,0,0,0,-1
cage,3543,10,1.2741694008218392e-05,16.26008337778546,4,NN,NN,1,2,0,cage,7,13.063130209755002,91.44191146828501,0,0,0,0,0,1,0,1,0,0,-1
sucker,3546,10,1.2741694008218392e-05,16.26008337778546,6,NN,NN,3,4,0,sucker,10,12.548557036925244,125.48557036925244,1,0,0,0,0,1,0,0,0,0,-1
hostile,3558,10,1.2741694008218392e-05,16.26008337778546,7,JJ,JJ,1,1,0,hostil,10,12.548557036925244,125.48557036925244,1,0,1,1,0,1,0,0,0,0,-1
improve,3559,10,1.2741694008218392e-05,16.26008337778546,7,VB,VB,2,2,0,improv,10,12.548557036925244,125.48557036925244,0,1,0,0,1,0,1,0,0,1,1
soil,3562,10,1.2741694008218392e-05,16.26008337778546,4,NN,NN,2,2,0,soil,7,13.063130209755002,91.44191146828501,0,0,1,0,0,1,0,0,0,0,-1
tax,3566,10,1.2741694008218392e-05,16.26008337778546,3,NN,NN,1,1,0,tax,9,12.700560130370294,114.30504117333264,0,0,0,0,0,1,0,1,0,0,-1
justice,3585,10,1.2741694008218392e-05,16.26008337778546,7,NN,NN,1,2,0,justic,10,12.548557036925244,125.48557036925244,0,0,0,0,0,0,1,0,0,1,1
crash,3586,10,1.2741694008218392e-05,16.26008337778546,5,NN,NN,2,2,0,crash,10,12.548557036925244,125.48557036925244,0,0,0,1,0,1,0,1,1,0,-1
neighbor,3612,10,1.2741694008218392e-05,16.26008337778546,8,NN,NN,1,2,0,neighbor,7,13.063130209755002,91.44191146828501,0,1,0,0,0,0,1,0,0,1,1
dumps,3625,10,1.2741694008218392e-05,16.26008337778546,5,NN,NNS,2,2,0,dump,10,12.548557036925244,125.48557036925244,1,0,0,0,0,1,0,1,0,0,-1
stranger,3626,10,1.2741694008218392e-05,16.26008337778546,8,NN,NN,1,2,0,stranger,10,12.548557036925244,125.48557036925244,0,0,0,1,0,1,0,0,0,0,-1
exhausted,3638,10,1.2741694008218392e-05,16.26008337778546,9,VB,VBN,2,3,0,exhaust,10,12.548557036925244,125.48557036925244,0,0,0,0,0,1,0,1,0,0,-1
threatening,3660,10,1.2741694008218392e-05,16.26008337778546,11,VB,VBG,2,2,0,threaten,10,12.548557036925244,125.48557036925244,1,0,1,1,0,1,0,0,0,0,-1
relevant,3668,10,1.2741694008218392e-05,16.26008337778546,8,JJ,JJ,1,1,0,relev,9,12.700560130370294,114.30504117333264,0,0,0,0,0,0,1,0,0,1,1
remove,3672,10,1.2741694008218392e-05,16.26008337778546,6,VB,VB,1,1,0,remov,10,12.548557036925244,125.48557036925244,1,0,0,1,0,1,0,1,0,0,-1
unhappy,3678,10,1.2741694008218392e-05,16.26008337778546,7,JJ,JJ,1,1,0,unhappi,10,12.548557036925244,125.48557036925244,1,0,1,0,0,1,0,1,0,0,-1
accountability,3682,10,1.2741694008218392e-05,16.26008337778546,14,NN,NN,2,3,0,account,10,12.548557036925244,125.48557036925244,0,0,0,0,0,0,1,0,0,1,1
ultimatum,3686,10,1.2741694008218392e-05,16.26008337778546,9,NN,NN,2,2,0,ultimatum,10,12.548557036925244,125.48557036925244,1,0,0,1,0,1,0,0,0,0,-1
failure,3709,10,1.2741694008218392e-05,16.26008337778546,7,NN,NN,1,1,0,failur,7,13.063130209755002,91.44191146828501,0,0,1,1,0,1,0,1,0,0,-1
groan,3715,10,1.2741694008218392e-05,16.26008337778546,5,NN,NN,2,2,0,groan,10,12.548557036925244,125.48557036925244,0,0,1,0,0,1,0,1,0,0,-1
quote,3722,10,1.2741694008218392e-05,16.26008337778546,5,VB,VBP,3,4,0,quot,9,12.700560130370294,114.30504117333264,0,1,0,0,0,1,1,0,1,0,0
theft,3738,9,1.1467524607396553e-05,16.41208647123051,5,NN,NN,1,1,0,theft,9,12.700560130370294,114.30504117333264,1,0,1,1,0,1,0,1,0,0,-1
faith,3739,9,1.1467524607396553e-05,16.41208647123051,5,NN,NNP,2,4,0,faith,9,12.700560130370294,114.30504117333264,0,1,0,0,1,0,1,0,0,1,1
hog,3740,9,1.1467524607396553e-05,16.41208647123051,3,NN,NN,2,3,0,hog,8,12.870485131812606,102.96388105450085,0,0,1,0,0,1,0,0,0,0,-1
laser,3754,9,1.1467524607396553e-05,16.41208647123051,5,NN,NN,4,4,0,laser,8,12.870485131812606,102.96388105450085,0,0,0,0,0,0,1,0,0,1,1
insult,3755,9,1.1467524607396553e-05,16.41208647123051,6,NN,NN,2,3,0,insult,9,12.700560130370294,114.30504117333264,1,0,1,0,0,1,0,1,1,0,-1
hysterical,3764,9,1.1467524607396553e-05,16.41208647123051,10,JJ,JJ,1,1,0,hyster,9,12.700560130370294,114.30504117333264,1,0,0,1,0,1,0,0,0,0,-1
anxiety,3772,9,1.1467524607396553e-05,16.41208647123051,7,NN,NN,2,2,0,anxieti,7,13.063130209755002,91.44191146828501,1,1,0,1,0,1,0,1,0,0,-1
journey,3785,9,1.1467524607396553e-05,16.41208647123051,7,NN,NN,1,1,0,journey,8,12.870485131812606,102.96388105450085,0,1,0,1,1,0,1,0,0,0,1
messy,3787,9,1.1467524607396553e-05,16.41208647123051,5,JJ,JJ,2,2,0,messi,9,12.700560130370294,114.30504117333264,0,0,1,0,0,1,0,0,0,0,-1
opera,3794,9,1.1467524607396553e-05,16.41208647123051,5,NN,NN,1,1,0,opera,8,12.870485131812606,102.96388105450085,1,1,0,1,1,0,1,1,1,1,1
slap,3795,9,1.1467524607396553e-05,16.41208647123051,4,NN,NN,2,3,0,slap,9,12.700560130370294,114.30504117333264,1,0,0,0,0,1,0,0,1,0,-1
abandoned,3805,9,1.1467524607396553e-05,16.41208647123051,9,VB,VBN,2,3,0,abandon,9,12.700560130370294,114.30504117333264,1,0,0,1,0,1,0,1,0,0,-1
organization,3825,9,1.1467524607396553e-05,16.41208647123051,12,NN,NN,1,1,0,organ,9,12.700560130370294,114.30504117333264,0,1,0,0,1,0,1,0,1,1,1
create,3830,9,1.1467524607396553e-05,16.41208647123051,6,VB,VB,1,1,0,creat,9,12.700560130370294,114.30504117333264,0,0,0,0,1,0,1,0,0,0,1
criminal,3831,9,1.1467524607396553e-05,16.41208647123051,8,JJ,JJ,2,2,0,crimin,9,12.700560130370294,114.30504117333264,1,0,1,1,0,1,0,0,0,0,-1
associate,3833,9,1.1467524607396553e-05,16.41208647123051,9,VB,VBP,3,3,0,associ,9,12.700560130370294,114.30504117333264,0,0,0,0,0,0,1,0,0,1,1
explode,3844,9,1.1467524607396553e-05,16.41208647123051,7,VB,VB,2,4,0,explod,9,12.700560130370294,114.30504117333264,1,0,0,1,0,1,0,1,1,0,-1
satisfied,3847,9,1.1467524607396553e-05,16.41208647123051,9,JJ,JJ,3,4,0,satisfi,9,12.700560130370294,114.30504117333264,0,0,0,0,1,0,1,0,0,0,1
provide,3855,9,1.1467524607396553e-05,16.41208647123051,7,VB,VB,1,2,0,provid,9,12.700560130370294,114.30504117333264,0,0,0,0,0,0,1,0,0,1,1
lion,3866,9,1.1467524607396553e-05,16.41208647123051,4,NN,NN,1,2,0,lion,7,13.063130209755002,91.44191146828501,0,0,0,1,0,0,1,0,0,0,1
concussion,3871,9,1.1467524607396553e-05,16.41208647123051,10,NN,NN,1,1,0,concuss,9,12.700560130370294,114.30504117333264,1,0,0,0,0,1,0,1,0,0,-1
bless,3888,9,1.1467524607396553e-05,16.41208647123051,5,NN,NN,1,2,0,bless,8,12.870485131812606,102.96388105450085,0,1,0,0,1,0,1,0,0,1,1
bloody,3892,9,1.1467524607396553e-05,16.41208647123051,6,NN,JJ,2,3,0,bloodi,8,12.870485131812606,102.96388105450085,1,0,1,1,0,1,0,1,0,0,-1
beg,3902,9,1.1467524607396553e-05,16.41208647123051,3,VB,VB,2,3,0,beg,9,12.700560130370294,114.30504117333264,0,0,0,0,0,1,0,1,0,0,-1
disrespect,3904,9,1.1467524607396553e-05,16.41208647123051,10,NN,NN,3,3,0,disrespect,9,12.700560130370294,114.30504117333264,1,0,0,0,0,1,0,0,0,0,-1
fits,3916,9,1.1467524607396553e-05,16.41208647123051,4,VB,VBZ,2,2,0,fit,9,12.700560130370294,114.30504117333264,1,0,0,0,0,1,0,0,0,0,-1
nasty,3917,9,1.1467524607396553e-05,16.41208647123051,5,JJ,JJ,2,3,0,nasti,9,12.700560130370294,114.30504117333264,1,0,1,1,0,1,0,1,0,0,-1
hood,3923,9,1.1467524607396553e-05,16.41208647123051,4,NN,NN,1,1,0,hood,9,12.700560130370294,114.30504117333264,1,0,1,1,0,1,0,0,0,0,-1
resent,3931,9,1.1467524607396553e-05,16.41208647123051,6,VB,VB,2,3,0,resent,8,12.870485131812606,102.96388105450085,1,0,0,0,0,1,0,0,0,0,-1
crushed,3937,9,1.1467524607396553e-05,16.41208647123051,7,VB,VBD,2,3,0,crush,9,12.700560130370294,114.30504117333264,1,0,1,1,0,1,0,1,0,0,-1
stink,3939,9,1.1467524607396553e-05,16.41208647123051,5,NN,NN,2,3,0,stink,9,12.700560130370294,114.30504117333264,0,0,1,0,0,1,0,0,0,0,-1
worthy,3951,9,1.1467524607396553e-05,16.41208647123051,6,JJ,JJ,2,2,0,worthi,8,12.870485131812606,102.96388105450085,0,0,0,0,0,0,1,0,0,1,1
celebrating,3952,9,1.1467524607396553e-05,16.41208647123051,11,VB,VBG,1,1,0,celebr,9,12.700560130370294,114.30504117333264,0,1,0,0,1,0,1,0,0,0,1
loyal,3953,9,1.1467524607396553e-05,16.41208647123051,5,JJ,JJ,2,2,0,loyal,9,12.700560130370294,114.30504117333264,0,0,0,1,1,0,1,0,1,1,1
snake,3970,9,1.1467524607396553e-05,16.41208647123051,5,NN,NN,2,4,0,snake,9,12.700560130370294,114.30504117333264,0,0,1,1,0,1,0,0,0,0,-1
pervert,3971,9,1.1467524607396553e-05,16.41208647123051,7,NN,NN,1,1,0,pervert,9,12.700560130370294,114.30504117333264,1,0,1,0,0,1,0,0,0,0,-1
director,3974,9,1.1467524607396553e-05,16.41208647123051,8,NN,NN,1,2,0,director,9,12.700560130370294,114.30504117333264,0,0,0,0,0,0,1,0,0,1,1
blindfold,3975,9,1.1467524607396553e-05,16.41208647123051,9,NN,NN,3,3,0,blindfold,9,12.700560130370294,114.30504117333264,0,1,0,1,0,0,0,0,1,0,0
forgotten,3976,9,1.1467524607396553e-05,16.41208647123051,9,VB,VBN,2,4,0,forgotten,9,12.700560130370294,114.30504117333264,0,0,0,1,0,1,0,1,0,0,-1
joy,4000,9,1.1467524607396553e-05,16.41208647123051,3,NN,NN,1,1,0,joy,8,12.870485131812606,102.96388105450085,0,0,0,0,1,0,1,0,0,0,1
inviting,4001,9,1.1467524607396553e-05,16.41208647123051,8,VB,VBG,1,1,0,invit,9,12.700560130370294,114.30504117333264,0,1,0,0,1,0,1,0,1,1,1
reward,4005,9,1.1467524607396553e-05,16.41208647123051,6,NN,NN,2,2,0,reward,9,12.700560130370294,114.30504117333264,0,1,0,0,1,0,1,0,1,1,1
madness,4025,9,1.1467524607396553e-05,16.41208647123051,7,NN,VB,2,3,0,mad,8,12.870485131812606,102.96388105450085,1,0,0,1,0,1,0,0,0,0,-1
surgery,4030,9,1.1467524607396553e-05,16.41208647123051,7,NN,NN,1,1,0,surgeri,9,12.700560130370294,114.30504117333264,0,0,0,1,0,0,0,1,0,0,0
revenge,4035,9,1.1467524607396553e-05,16.41208647123051,7,NN,NN,2,2,0,reveng,8,12.870485131812606,102.96388105450085,1,1,0,1,0,1,0,0,1,0,-1
successful,4049,8,1.0193355206574714e-05,16.58201147267282,10,JJ,JJ,1,1,0,success,8,12.870485131812606,102.96388105450085,0,1,0,0,1,0,1,0,0,1,1
pilot,4055,8,1.0193355206574714e-05,16.58201147267282,5,NN,NN,1,2,0,pilot,7,13.063130209755002,91.44191146828501,0,0,0,0,0,0,1,0,0,1,1
confident,4063,8,1.0193355206574714e-05,16.58201147267282,9,JJ,JJ,1,1,0,confid,8,12.870485131812606,102.96388105450085,0,0,0,0,1,0,1,0,0,1,1
iron,4069,8,1.0193355206574714e-05,16.58201147267282,4,NN,NN,1,2,0,iron,8,12.870485131812606,102.96388105450085,0,0,0,0,0,0,1,0,0,1,1
offended,4076,8,1.0193355206574714e-05,16.58201147267282,8,VB,VBN,2,3,0,offend,8,12.870485131812606,102.96388105450085,1,0,0,0,0,1,0,1,0,0,-1
explosion,4089,8,1.0193355206574714e-05,16.58201147267282,9,NN,NN,1,2,0,explos,8,12.870485131812606,102.96388105450085,0,0,0,1,0,1,0,0,1,0,-1
protecting,4100,8,1.0193355206574714e-05,16.58201147267282,10,VB,VBG,1,1,0,protect,8,12.870485131812606,102.96388105450085,0,0,0,0,0,0,1,0,0,1,1
buried,4123,8,1.0193355206574714e-05,16.58201147267282,6,VB,VBN,2,2,0,buri,8,12.870485131812606,102.96388105450085,0,0,0,1,0,1,0,1,0,0,-1
ambulance,4126,8,1.0193355206574714e-05,16.58201147267282,9,NN,NN,1,1,0,ambul,8,12.870485131812606,102.96388105450085,0,0,0,1,0,0,0,0,0,1,0
procedure,4132,8,1.0193355206574714e-05,16.58201147267282,9,NN,NN,1,1,0,procedur,6,13.28552263109145,79.71313578654869,0,0,0,1,0,0,1,0,0,0,1
convict,4152,8,1.0193355206574714e-05,16.58201147267282,7,NN,NN,2,2,0,convict,6,13.28552263109145,79.71313578654869,1,0,1,1,0,1,0,1,0,0,-1
sneak,4157,8,1.0193355206574714e-05,16.58201147267282,5,VB,VB,1,2,0,sneak,8,12.870485131812606,102.96388105450085,1,0,0,1,0,1,0,0,1,0,-1
injury,4158,8,1.0193355206574714e-05,16.58201147267282,6,NN,NN,1,1,0,injuri,7,13.063130209755002,91.44191146828501,1,0,0,1,0,1,0,1,0,0,-1
effective,4198,8,1.0193355206574714e-05,16.58201147267282,9,JJ,JJ,1,1,0,effect,8,12.870485131812606,102.96388105450085,0,0,0,0,0,0,1,0,0,1,1
accurate,4208,8,1.0193355206574714e-05,16.58201147267282,8,JJ,JJ,2,2,0,accur,8,12.870485131812606,102.96388105450085,0,0,0,0,0,0,1,0,0,1,1
fairly,4209,8,1.0193355206574714e-05,16.58201147267282,6,RB,RB,1,1,0,fairli,8,12.870485131812606,102.96388105450085,0,0,0,0,0,0,1,0,0,1,1
lick,4217,8,1.0193355206574714e-05,16.58201147267282,4,NN,VB,2,3,0,lick,8,12.870485131812606,102.96388105450085,0,0,1,0,0,1,0,0,0,0,-1
argue,4225,8,1.0193355206574714e-05,16.58201147267282,5,VB,VBP,2,3,0,argu,8,12.870485131812606,102.96388105450085,1,0,0,0,0,1,0,0,0,0,-1
battery,4229,8,1.0193355206574714e-05,16.58201147267282,7,NN,NN,1,1,0,batteri,8,12.870485131812606,102.96388105450085,1,0,0,0,0,1,0,0,0,0,-1
diamond,4234,8,1.0193355206574714e-05,16.58201147267282,7,NN,NN,1,2,0,diamond,6,13.28552263109145,79.71313578654869,0,0,0,0,1,0,1,0,0,0,1
strength,4248,8,1.0193355206574714e-05,16.58201147267282,8,NN,NN,1,1,0,strength,8,12.870485131812606,102.96388105450085,0,0,0,0,0,0,1,0,0,1,1
inspire,4270,8,1.0193355206574714e-05,16.58201147267282,7,VB,VB,1,1,0,inspir,8,12.870485131812606,102.96388105450085,0,1,0,0,1,0,1,0,0,1,1
festival,4271,8,1.0193355206574714e-05,16.58201147267282,8,NN,NN,1,2,0,festiv,8,12.870485131812606,102.96388105450085,0,1,0,0,1,0,1,0,1,0,1
pointless,4277,8,1.0193355206574714e-05,16.58201147267282,9,JJ,JJ,3,3,0,pointless,8,12.870485131812606,102.96388105450085,0,0,0,0,0,1,0,1,0,0,-1
ceremony,4285,8,1.0193355206574714e-05,16.58201147267282,8,NN,NN,1,1,0,ceremoni,8,12.870485131812606,102.96388105450085,0,0,0,0,1,0,1,0,1,0,1
argument,4293,8,1.0193355206574714e-05,16.58201147267282,8,NN,NN,1,1,0,argument,8,12.870485131812606,102.96388105450085,1,0,0,0,0,1,0,0,0,0,-1
understanding,4296,8,1.0193355206574714e-05,16.58201147267282,13,JJ,JJ,3,3,0,understand,8,12.870485131812606,102.96388105450085,0,0,0,0,0,0,1,0,0,1,1
frustrated,4297,8,1.0193355206574714e-05,16.58201147267282,10,VB,VBN,2,3,0,frustrat,8,12.870485131812606,102.96388105450085,1,0,0,0,0,1,0,0,0,0,-1
comfort,4303,8,1.0193355206574714e-05,16.58201147267282,7,VB,VB,3,4,0,comfort,7,13.063130209755002,91.44191146828501,0,1,0,0,1,0,1,0,0,1,1
retirement,4309,8,1.0193355206574714e-05,16.58201147267282,10,NN,NN,1,1,0,retir,8,12.870485131812606,102.96388105450085,0,1,0,1,1,1,1,1,0,1,0
suffering,4326,8,1.0193355206574714e-05,16.58201147267282,9,VB,VBG,2,2,0,suffer,8,12.870485131812606,102.96388105450085,0,0,1,1,0,1,0,1,0,0,-1
progress,4339,8,1.0193355206574714e-05,16.58201147267282,8,NN,NN,1,2,0,progress,8,12.870485131812606,102.96388105450085,0,1,0,0,1,0,1,0,0,0,1
musical,4344,8,1.0193355206574714e-05,16.58201147267282,7,JJ,JJ,2,2,0,music,8,12.870485131812606,102.96388105450085,1,1,0,0,1,0,1,1,1,1,1
wilderness,4350,8,1.0193355206574714e-05,16.58201147267282,10,NN,NN,1,1,0,wilder,8,12.870485131812606,102.96388105450085,0,1,0,1,0,0,0,1,0,0,0
debt,4354,8,1.0193355206574714e-05,16.58201147267282,4,NN,NN,1,1,0,debt,8,12.870485131812606,102.96388105450085,0,0,0,0,0,1,0,1,0,0,-1
rational,4366,8,1.0193355206574714e-05,16.58201147267282,8,JJ,JJ,1,1,0,ration,8,12.870485131812606,102.96388105450085,0,0,0,0,0,0,1,0,0,1,1
cracked,4374,8,1.0193355206574714e-05,16.58201147267282,7,VB,VBD,2,3,0,crack,8,12.870485131812606,102.96388105450085,1,0,0,1,0,1,0,0,0,0,-1
toxic,4391,8,1.0193355206574714e-05,16.58201147267282,5,JJ,JJ,2,2,0,toxic,7,13.063130209755002,91.44191146828501,0,0,1,0,0,1,0,0,0,0,-1
struggle,4405,7,8.919185805752874e-06,16.774656550615216,8,NN,NN,2,3,0,struggl,7,13.063130209755002,91.44191146828501,1,0,0,1,0,1,0,1,0,0,-1
bridesmaid,4408,7,8.919185805752874e-06,16.774656550615216,10,NN,NN,1,1,0,bridesmaid,7,13.063130209755002,91.44191146828501,0,0,0,0,1,0,1,0,0,1,1
succeed,4410,7,8.919185805752874e-06,16.774656550615216,7,VB,VB,1,1,0,succeed,7,13.063130209755002,91.44191146828501,0,1,0,0,1,0,1,0,1,1,1
slaughter,4413,7,8.919185805752874e-06,16.774656550615216,9,NN,NN,2,2,0,slaughter,7,13.063130209755002,91.44191146828501,1,0,1,1,0,1,0,1,1,0,-1
unacceptable,4414,7,8.919185805752874e-06,16.774656550615216,12,JJ,JJ,1,1,0,unaccept,7,13.063130209755002,91.44191146828501,0,0,0,0,0,1,0,1,0,0,-1
shock,4415,7,8.919185805752874e-06,16.774656550615216,5,NN,NN,1,1,0,shock,7,13.063130209755002,91.44191146828501,1,0,0,1,0,1,0,0,1,0,-1
grant,4421,7,8.919185805752874e-06,16.774656550615216,5,VB,VB,2,4,0,grant,6,13.28552263109145,79.71313578654869,0,1,0,0,1,0,1,0,0,1,1
complain,4426,7,8.919185805752874e-06,16.774656550615216,8,VB,VB,2,3,0,complain,6,13.28552263109145,79.71313578654869,1,0,0,0,0,1,0,1,0,0,-1
theory,4427,7,8.919185805752874e-06,16.774656550615216,6,NN,NN,1,1,0,theori,7,13.063130209755002,91.44191146828501,0,1,0,0,0,0,0,0,0,1,0
communicate,4450,7,8.919185805752874e-06,16.774656550615216,11,VB,VB,2,2,0,commun,7,13.063130209755002,91.44191146828501,0,0,0,0,0,0,1,0,0,1,1
wound,4451,7,8.919185805752874e-06,16.774656550615216,5,NN,NN,2,2,0,wound,7,13.063130209755002,91.44191146828501,1,0,0,1,0,1,0,1,0,0,-1
nightmare,4452,7,8.919185805752874e-06,16.774656550615216,9,NN,NN,1,1,0,nightmar,7,13.063130209755002,91.44191146828501,0,0,0,1,0,1,0,0,0,0,-1
selfish,4455,7,8.919185805752874e-06,16.774656550615216,7,JJ,JJ,1,1,0,selfish,7,13.063130209755002,91.44191146828501,1,0,1,0,0,1,0,0,0,0,-1
disqualified,4459,7,8.919185805752874e-06,16.774656550615216,12,VB,VBN,2,3,0,disqualifi,7,13.063130209755002,91.44191146828501,1,0,1,0,0,1,0,1,0,0,-1
quest,4465,7,8.919185805752874e-06,16.774656550615216,5,NN,NN,2,2,0,quest,7,13.063130209755002,91.44191146828501,0,1,0,0,0,0,1,0,0,0,1
choke,4471,7,8.919185805752874e-06,16.774656550615216,5,VB,VB,2,2,0,choke,7,13.063130209755002,91.44191146828501,1,0,0,0,0,1,0,1,0,0,-1
dignity,4480,7,8.919185805752874e-06,16.774656550615216,7,NN,NN,1,1,0,digniti,7,13.063130209755002,91.44191146828501,0,0,0,0,0,0,1,0,0,1,1
limited,4485,7,8.919185805752874e-06,16.774656550615216,7,JJ,JJ,3,3,0,limit,6,13.28552263109145,79.71313578654869,1,0,0,0,0,1,0,1,0,0,-1
peace,4489,7,8.919185805752874e-06,16.774656550615216,5,NN,NN,1,1,0,peac,7,13.063130209755002,91.44191146828501,0,1,0,0,1,0,1,0,0,1,1
confess,4501,7,8.919185805752874e-06,16.774656550615216,7,VB,VB,2,2,0,confess,7,13.063130209755002,91.44191146828501,0,0,0,0,0,1,1,0,0,1,0
react,4505,7,8.919185805752874e-06,16.774656550615216,5,NN,NN,3,3,0,react,7,13.063130209755002,91.44191146828501,1,0,0,1,0,0,0,0,0,0,0
punish,4510,7,8.919185805752874e-06,16.774656550615216,6,VB,VB,1,2,0,punish,7,13.063130209755002,91.44191146828501,0,0,0,1,0,1,0,0,0,0,-1
vision,4516,7,8.919185805752874e-06,16.774656550615216,6,NN,NN,1,1,0,vision,6,13.28552263109145,79.71313578654869,0,1,0,0,0,0,1,0,0,0,1
steady,4518,7,8.919185805752874e-06,16.774656550615216,6,JJ,JJ,1,1,0,steadi,7,13.063130209755002,91.44191146828501,0,0,0,0,0,0,0,0,1,1,0
heal,4550,7,8.919185805752874e-06,16.774656550615216,4,VB,VB,2,3,0,heal,7,13.063130209755002,91.44191146828501,0,0,0,0,1,0,1,0,0,1,1
massage,4551,7,8.919185805752874e-06,16.774656550615216,7,NN,NN,2,2,0,massag,7,13.063130209755002,91.44191146828501,0,0,0,0,1,0,1,0,0,0,1
ultimate,4555,7,8.919185805752874e-06,16.774656550615216,8,JJ,JJ,1,1,0,ultim,7,13.063130209755002,91.44191146828501,0,1,0,0,0,0,0,1,0,0,0
worthless,4557,7,8.919185805752874e-06,16.774656550615216,9,NN,NN,2,2,0,worthless,7,13.063130209755002,91.44191146828501,1,0,1,0,0,1,0,1,0,0,-1
lesbian,4568,7,8.919185805752874e-06,16.774656550615216,7,JJ,JJ,1,1,0,lesbian,7,13.063130209755002,91.44191146828501,0,0,1,0,0,1,0,1,0,0,-1
discipline,4578,7,8.919185805752874e-06,16.774656550615216,10,NN,NN,2,2,0,disciplin,7,13.063130209755002,91.44191146828501,0,0,0,1,0,1,0,0,0,0,-1
smack,4579,7,8.919185805752874e-06,16.774656550615216,5,VB,VB,2,2,0,smack,6,13.28552263109145,79.71313578654869,1,0,0,0,0,1,0,0,0,0,-1
stab,4581,7,8.919185805752874e-06,16.774656550615216,4,VB,VB,1,3,0,stab,7,13.063130209755002,91.44191146828501,1,0,0,1,0,1,0,1,1,0,-1
obesity,4583,7,8.919185805752874e-06,16.774656550615216,7,NN,NN,1,1,0,obes,7,13.063130209755002,91.44191146828501,0,0,1,0,0,1,0,1,0,0,-1
achieve,4599,7,8.919185805752874e-06,16.774656550615216,7,VB,VB,1,2,0,achiev,7,13.063130209755002,91.44191146828501,0,0,0,0,1,0,1,0,0,1,1
violation,4606,7,8.919185805752874e-06,16.774656550615216,9,NN,NN,1,1,0,violat,7,13.063130209755002,91.44191146828501,1,0,0,1,0,1,0,1,1,0,-1
liking,4611,7,8.919185805752874e-06,16.774656550615216,6,VB,VBG,1,1,0,like,7,13.063130209755002,91.44191146828501,0,0,0,0,1,0,1,0,0,1,1
slut,4613,7,8.919185805752874e-06,16.774656550615216,4,NN,NN,2,2,0,slut,7,13.063130209755002,91.44191146828501,1,0,1,0,0,1,0,0,0,0,-1
erotic,4614,7,8.919185805752874e-06,16.774656550615216,6,JJ,JJ,2,2,0,erot,7,13.063130209755002,91.44191146828501,0,1,0,0,1,1,1,0,1,1,0
eager,4616,7,8.919185805752874e-06,16.774656550615216,5,JJ,JJ,2,2,0,eager,7,13.063130209755002,91.44191146828501,0,1,0,0,1,0,1,0,1,1,1
lowest,4631,7,8.919185805752874e-06,16.774656550615216,6,JJ,JJS,2,2,0,lowest,7,13.063130209755002,91.44191146828501,0,0,0,0,0,1,0,1,0,0,-1
accomplished,4643,7,8.919185805752874e-06,16.774656550615216,12,VB,VBD,2,3,0,accomplish,7,13.063130209755002,91.44191146828501,0,0,0,0,1,0,1,0,0,0,1
humble,4645,7,8.919185805752874e-06,16.774656550615216,6,JJ,JJ,1,1,0,humbl,6,13.28552263109145,79.71313578654869,0,0,1,0,0,1,1,1,0,0,0
burnt,4647,7,8.919185805752874e-06,16.774656550615216,5,NN,NN,3,5,0,burnt,6,13.28552263109145,79.71313578654869,0,0,1,0,0,1,0,0,0,0,-1
distracted,4655,7,8.919185805752874e-06,16.774656550615216,10,VB,VBN,2,2,0,distract,6,13.28552263109145,79.71313578654869,1,0,0,0,0,1,0,0,0,0,-1
celebrity,4660,7,8.919185805752874e-06,16.774656550615216,9,NN,NN,1,1,0,celebr,7,13.063130209755002,91.44191146828501,1,1,1,0,1,1,1,0,1,1,0
unique,4669,7,8.919185805752874e-06,16.774656550615216,6,JJ,JJ,2,2,0,uniqu,7,13.063130209755002,91.44191146828501,0,0,0,0,0,0,1,0,1,0,1
thoughtful,4683,7,8.919185805752874e-06,16.774656550615216,10,JJ,JJ,1,1,0,thought,7,13.063130209755002,91.44191146828501,0,0,0,0,0,0,1,0,0,1,1
bummer,4685,7,8.919185805752874e-06,16.774656550615216,6,NN,NN,1,2,0,bummer,7,13.063130209755002,91.44191146828501,1,0,1,0,0,1,0,0,0,0,-1
chuckle,4688,7,8.919185805752874e-06,16.774656550615216,7,VB,VBP,3,3,0,chuckl,7,13.063130209755002,91.44191146828501,0,1,0,0,1,0,1,0,1,1,1
develop,4718,7,8.919185805752874e-06,16.774656550615216,7,VB,VB,1,2,0,develop,7,13.063130209755002,91.44191146828501,0,1,0,0,0,0,1,0,0,0,1
grenade,4719,7,8.919185805752874e-06,16.774656550615216,7,NN,NN,1,1,0,grenad,6,13.28552263109145,79.71313578654869,0,0,0,1,0,1,0,0,0,0,-1
beating,4725,7,8.919185805752874e-06,16.774656550615216,7,NN,NN,2,2,0,beat,7,13.063130209755002,91.44191146828501,1,0,0,1,0,1,0,1,0,0,-1
traitor,4733,7,8.919185805752874e-06,16.774656550615216,7,NN,NN,1,1,0,traitor,4,13.870485131812606,55.48194052725042,1,0,1,1,0,1,0,1,0,0,-1
ignorant,4735,7,8.919185805752874e-06,16.774656550615216,8,JJ,JJ,3,3,0,ignor,7,13.063130209755002,91.44191146828501,0,0,1,0,0,1,0,0,0,0,-1
dawn,4736,7,8.919185805752874e-06,16.774656550615216,4,NN,NN,1,1,0,dawn,7,13.063130209755002,91.44191146828501,0,1,0,0,1,0,1,0,1,1,1
excitement,4746,7,8.919185805752874e-06,16.774656550615216,10,NN,NN,1,2,0,excit,7,13.063130209755002,91.44191146828501,0,1,0,0,1,0,1,0,1,0,1
flirt,4747,7,8.919185805752874e-06,16.774656550615216,5,VB,VB,2,3,0,flirt,7,13.063130209755002,91.44191146828501,0,1,0,0,1,1,1,0,1,1,0
demand,4754,7,8.919185805752874e-06,16.774656550615216,6,VB,NN,2,3,0,demand,7,13.063130209755002,91.44191146828501,1,0,0,0,0,1,0,0,0,0,-1
curse,4756,7,8.919185805752874e-06,16.774656550615216,5,NN,NN,1,2,0,curs,5,13.548557036925244,67.74278518462621,1,0,1,1,0,1,0,1,0,0,-1
worn,4778,7,8.919185805752874e-06,16.774656550615216,4,VB,VBN,2,4,0,worn,7,13.063130209755002,91.44191146828501,0,0,0,0,0,1,0,1,0,0,-1
spirits,4779,7,8.919185805752874e-06,16.774656550615216,7,NN,NNS,1,1,0,spirit,7,13.063130209755002,91.44191146828501,0,1,0,0,1,0,1,0,1,0,1
experienced,4782,7,8.919185805752874e-06,16.774656550615216,11,VB,VBD,2,2,0,experienc,7,13.063130209755002,91.44191146828501,0,0,0,0,0,0,1,0,0,1,1
cradle,4802,7,8.919185805752874e-06,16.774656550615216,6,NN,NN,1,2,0,cradl,7,13.063130209755002,91.44191146828501,0,1,0,0,1,0,1,0,0,1,1
disappointing,4814,7,8.919185805752874e-06,16.774656550615216,13,JJ,JJ,2,2,0,disappoint,6,13.28552263109145,79.71313578654869,0,0,0,0,0,1,0,1,0,0,-1
pirate,4841,6,7.645016404931035e-06,16.997048971951664,6,NN,NN,2,3,0,pirat,6,13.28552263109145,79.71313578654869,1,0,0,0,0,1,0,0,0,0,-1
accountable,4855,6,7.645016404931035e-06,16.997048971951664,11,JJ,JJ,1,1,0,account,6,13.28552263109145,79.71313578654869,0,0,0,0,0,0,1,0,0,1,1
tragedy,4861,6,7.645016404931035e-06,16.997048971951664,7,NN,NN,2,2,0,tragedi,6,13.28552263109145,79.71313578654869,0,0,0,1,0,1,0,1,0,0,-1
donkey,4863,6,7.645016404931035e-06,16.997048971951664,6,NN,NN,1,1,0,donkey,5,13.548557036925244,67.74278518462621,0,0,1,0,0,1,0,0,0,0,-1
glare,4866,6,7.645016404931035e-06,16.997048971951664,5,NN,NN,2,2,0,glare,6,13.28552263109145,79.71313578654869,1,0,0,1,0,1,0,0,0,0,-1
vampire,4867,6,7.645016404931035e-06,16.997048971951664,7,NN,NN,1,2,0,vampir,5,13.548557036925244,67.74278518462621,1,0,1,1,0,1,0,0,0,0,-1
mistress,4870,6,7.645016404931035e-06,16.997048971951664,8,NN,NN,1,2,0,mistress,6,13.28552263109145,79.71313578654869,1,0,1,0,0,1,0,0,0,0,-1
sunset,4873,6,7.645016404931035e-06,16.997048971951664,6,NN,NN,1,1,0,sunset,6,13.28552263109145,79.71313578654869,0,1,0,0,0,0,1,0,0,0,1
wreck,4879,6,7.645016404931035e-06,16.997048971951664,5,NN,NN,1,1,0,wreck,5,13.548557036925244,67.74278518462621,1,0,1,1,0,1,0,1,1,0,-1
overwhelmed,4881,6,7.645016404931035e-06,16.997048971951664,11,JJ,JJ,2,2,0,overwhelm,6,13.28552263109145,79.71313578654869,0,0,0,0,0,1,0,1,0,0,-1
intelligence,4882,6,7.645016404931035e-06,16.997048971951664,12,NN,NN,1,1,0,intellig,6,13.28552263109145,79.71313578654869,0,0,0,1,1,0,1,0,0,1,1
whore,4883,6,7.645016404931035e-06,16.997048971951664,5,NN,NN,2,2,0,whore,6,13.28552263109145,79.71313578654869,0,0,1,0,0,1,0,0,0,0,-1
intimate,4896,6,7.645016404931035e-06,16.997048971951664,8,JJ,JJ,2,2,0,intim,6,13.28552263109145,79.71313578654869,0,1,0,0,1,0,1,0,0,1,1
disorder,4938,6,7.645016404931035e-06,16.997048971951664,8,NN,NN,1,1,0,disord,5,13.548557036925244,67.74278518462621,0,0,0,1,0,1,0,0,0,0,-1
delightful,4958,6,7.645016404931035e-06,16.997048971951664,10,JJ,JJ,2,2,0,delight,6,13.28552263109145,79.71313578654869,0,1,0,0,1,0,1,0,0,1,1
adventure,4963,6,7.645016404931035e-06,16.997048971951664,9,NN,NN,1,1,0,adventur,6,13.28552263109145,79.71313578654869,0,1,0,0,0,0,1,0,0,0,1
gambling,4967,6,7.645016404931035e-06,16.997048971951664,8,NN,NN,2,2,0,gambl,6,13.28552263109145,79.71313578654869,0,1,0,0,0,1,0,0,1,0,-1
fellow,4972,6,7.645016404931035e-06,16.997048971951664,6,JJ,JJ,2,2,0,fellow,6,13.28552263109145,79.71313578654869,0,0,0,0,0,0,1,0,0,1,1
horrified,4989,6,7.645016404931035e-06,16.997048971951664,9,VB,VBD,2,3,0,horrifi,4,13.870485131812606,55.48194052725042,0,0,0,1,0,1,0,0,0,0,-1
nursery,4990,6,7.645016404931035e-06,16.997048971951664,7,NN,NN,1,1,0,nurseri,6,13.28552263109145,79.71313578654869,0,0,0,0,1,0,1,0,0,1,1
entertainment,5013,6,7.645016404931035e-06,16.997048971951664,13,NN,NN,1,1,0,entertain,6,13.28552263109145,79.71313578654869,0,1,0,0,1,0,1,0,1,1,1
respects,5022,6,7.645016404931035e-06,16.997048971951664,8,NN,NNS,2,2,0,respect,6,13.28552263109145,79.71313578654869,0,0,0,0,0,0,1,0,0,1,1
production,5023,6,7.645016404931035e-06,16.997048971951664,10,NN,NN,1,1,0,product,6,13.28552263109145,79.71313578654869,0,1,0,0,0,0,1,0,0,0,1
unfortunate,5030,6,7.645016404931035e-06,16.997048971951664,11,JJ,JJ,1,1,0,unfortun,6,13.28552263109145,79.71313578654869,0,0,0,0,0,1,0,1,0,0,-1
experiment,5037,6,7.645016404931035e-06,16.997048971951664,10,NN,NN,2,3,0,experi,6,13.28552263109145,79.71313578654869,0,1,0,0,0,0,0,0,1,0,0
corpse,5044,6,7.645016404931035e-06,16.997048971951664,6,NN,NN,1,1,0,corps,6,13.28552263109145,79.71313578654869,0,0,1,0,0,1,0,1,0,0,-1
spider,5054,6,7.645016404931035e-06,16.997048971951664,6,NN,NN,1,2,0,spider,6,13.28552263109145,79.71313578654869,0,0,1,1,0,0,0,0,0,0,0
truce,5055,6,7.645016404931035e-06,16.997048971951664,5,NN,NN,1,1,0,truce,5,13.548557036925244,67.74278518462621,0,0,0,0,1,0,1,0,0,1,1
resign,5059,6,7.645016404931035e-06,16.997048971951664,6,VB,VB,1,1,0,resign,4,13.870485131812606,55.48194052725042,1,0,1,1,0,1,0,1,0,0,-1
combat,5087,6,7.645016404931035e-06,16.997048971951664,6,NN,NN,2,2,0,combat,5,13.548557036925244,67.74278518462621,1,0,0,1,0,1,0,0,0,0,-1
patient,5100,6,7.645016404931035e-06,16.997048971951664,7,NN,NN,2,2,0,patient,6,13.28552263109145,79.71313578654869,0,1,0,0,0,0,1,0,0,0,1
tender,5105,6,7.645016404931035e-06,16.997048971951664,6,NN,NN,1,1,0,tender,6,13.28552263109145,79.71313578654869,0,0,0,0,1,0,1,0,0,1,1
crunch,5106,6,7.645016404931035e-06,16.997048971951664,6,NN,NN,2,2,0,crunch,5,13.548557036925244,67.74278518462621,1,0,0,0,0,1,0,0,0,0,-1
bait,5123,6,7.645016404931035e-06,16.997048971951664,4,NN,NN,2,2,0,bait,6,13.28552263109145,79.71313578654869,0,0,0,1,0,1,0,0,0,1,-1
cursed,5128,6,7.645016404931035e-06,16.997048971951664,6,VB,VBN,2,2,0,curs,6,13.28552263109145,79.71313578654869,1,0,0,1,0,1,0,1,0,0,-1
fatty,5130,6,7.645016404931035e-06,16.997048971951664,5,NN,NNP,3,4,0,fatti,5,13.548557036925244,67.74278518462621,0,0,1,0,0,1,0,1,0,0,-1
wireless,5153,6,7.645016404931035e-06,16.997048971951664,8,NN,NN,2,2,0,wireless,6,13.28552263109145,79.71313578654869,1,1,0,0,0,0,1,0,1,0,1
saber,5163,6,7.645016404931035e-06,16.997048971951664,5,NN,NNP,2,3,0,saber,5,13.548557036925244,67.74278518462621,1,0,0,1,0,1,0,0,0,0,-1
versus,5167,6,7.645016404931035e-06,16.997048971951664,6,NN,NN,2,4,0,versu,6,13.28552263109145,79.71313578654869,1,0,0,0,0,1,0,0,0,0,-1
hurting,5177,6,7.645016404931035e-06,16.997048971951664,7,VB,VBG,2,2,0,hurt,6,13.28552263109145,79.71313578654869,1,0,0,1,0,1,0,1,0,0,-1
violent,5184,6,7.645016404931035e-06,16.997048971951664,7,JJ,JJ,1,1,0,violent,6,13.28552263109145,79.71313578654869,1,0,1,1,0,1,0,0,1,0,-1
enthusiasm,5185,6,7.645016404931035e-06,16.997048971951664,10,NN,NN,2,2,0,enthusiasm,6,13.28552263109145,79.71313578654869,0,1,0,0,1,0,1,0,1,0,1
confusion,5199,6,7.645016404931035e-06,16.997048971951664,9,NN,NN,1,1,0,confus,6,13.28552263109145,79.71313578654869,1,0,0,1,0,1,0,0,0,0,-1
thief,5205,6,7.645016404931035e-06,16.997048971951664,5,NN,NN,1,1,0,thief,5,13.548557036925244,67.74278518462621,1,0,1,1,0,1,0,1,1,0,-1
hostage,5213,6,7.645016404931035e-06,16.997048971951664,7,NN,NN,1,1,0,hostag,6,13.28552263109145,79.71313578654869,1,0,0,1,0,1,0,0,0,0,-1
advance,5216,6,7.645016404931035e-06,16.997048971951664,7,NN,NN,3,3,0,advanc,6,13.28552263109145,79.71313578654869,0,1,0,1,1,0,1,0,1,0,1
warn,5223,6,7.645016404931035e-06,16.997048971951664,4,VB,VB,1,1,0,warn,6,13.28552263109145,79.71313578654869,0,1,0,1,0,1,0,0,1,1,-1
fee,5229,6,7.645016404931035e-06,16.997048971951664,3,NN,NN,1,1,0,fee,6,13.28552263109145,79.71313578654869,1,0,0,0,0,1,0,0,0,0,-1
butler,5267,6,7.645016404931035e-06,16.997048971951664,6,NN,NN,1,1,0,butler,6,13.28552263109145,79.71313578654869,0,0,0,0,0,0,1,0,0,1,1
disabled,5270,6,7.645016404931035e-06,16.997048971951664,8,JJ,JJ,2,3,0,disabl,6,13.28552263109145,79.71313578654869,0,0,0,1,0,1,0,1,0,0,-1
buck,5275,6,7.645016404931035e-06,16.997048971951664,4,NN,NNP,2,3,0,buck,5,13.548557036925244,67.74278518462621,0,0,0,1,0,1,1,0,1,0,0
miserable,5277,6,7.645016404931035e-06,16.997048971951664,9,JJ,JJ,2,2,0,miser,6,13.28552263109145,79.71313578654869,1,0,1,0,0,1,0,1,0,0,-1
distracting,5280,6,7.645016404931035e-06,16.997048971951664,11,VB,VBG,2,2,0,distract,6,13.28552263109145,79.71313578654869,1,1,0,0,0,1,0,0,0,0,-1
integrity,5310,6,7.645016404931035e-06,16.997048971951664,9,NN,NN,1,2,0,integr,6,13.28552263109145,79.71313578654869,0,0,0,0,0,0,1,0,0,1,1
injured,5320,6,7.645016404931035e-06,16.997048971951664,7,VB,JJ,2,3,0,injur,6,13.28552263109145,79.71313578654869,0,0,0,1,0,1,0,1,0,0,-1
unpleasant,5321,6,7.645016404931035e-06,16.997048971951664,10,JJ,JJ,1,1,0,unpleas,6,13.28552263109145,79.71313578654869,0,0,1,0,0,1,0,1,0,0,-1
dictionary,5323,6,7.645016404931035e-06,16.997048971951664,10,JJ,JJ,2,3,0,dictionari,4,13.870485131812606,55.48194052725042,0,0,0,0,0,0,1,0,0,1,1
loneliness,5327,6,7.645016404931035e-06,16.997048971951664,10,NN,NN,1,1,0,loneli,6,13.28552263109145,79.71313578654869,0,0,0,1,0,1,0,1,0,0,-1
influence,5336,6,7.645016404931035e-06,16.997048971951664,9,NN,NN,2,2,0,influenc,6,13.28552263109145,79.71313578654869,0,0,0,0,0,1,1,0,0,0,0
slave,5337,6,7.645016404931035e-06,16.997048971951664,5,NN,NN,2,4,0,slave,6,13.28552263109145,79.71313578654869,1,0,0,1,0,1,0,1,0,0,-1
invitation,5339,6,7.645016404931035e-06,16.997048971951664,10,NN,NN,1,1,0,invit,6,13.28552263109145,79.71313578654869,0,1,0,0,0,0,1,0,0,0,1
calculator,5349,6,7.645016404931035e-06,16.997048971951664,10,NN,NN,1,1,0,calcul,5,13.548557036925244,67.74278518462621,0,0,0,0,0,0,1,0,0,1,1
confession,5352,6,7.645016404931035e-06,16.997048971951664,10,NN,NN,1,1,0,confess,6,13.28552263109145,79.71313578654869,0,1,0,1,0,1,0,1,1,0,-1
constant,5357,6,7.645016404931035e-06,16.997048971951664,8,JJ,JJ,2,2,0,constant,6,13.28552263109145,79.71313578654869,0,0,0,0,0,0,1,0,0,1,1
incest,5359,6,7.645016404931035e-06,16.997048971951664,6,NN,NN,2,2,0,incest,4,13.870485131812606,55.48194052725042,1,0,1,1,0,1,0,1,0,0,-1
encourage,5360,6,7.645016404931035e-06,16.997048971951664,9,VB,VB,1,2,0,encourag,6,13.28552263109145,79.71313578654869,0,0,0,0,1,0,1,0,0,1,1
puppy,5366,6,7.645016404931035e-06,16.997048971951664,5,JJ,JJ,2,2,0,puppi,6,13.28552263109145,79.71313578654869,0,1,0,0,0,0,1,0,0,1,1
remains,5379,6,7.645016404931035e-06,16.997048971951664,7,VB,VBZ,2,2,0,remain,6,13.28552263109145,79.71313578654869,0,0,1,1,0,1,1,0,0,1,0
liquor,5382,6,7.645016404931035e-06,16.997048971951664,6,NN,NN,1,1,0,liquor,6,13.28552263109145,79.71313578654869,1,0,0,0,1,1,0,1,0,0,-1
happily,5387,6,7.645016404931035e-06,16.997048971951664,7,RB,RB,2,2,0,happili,6,13.28552263109145,79.71313578654869,0,0,0,0,1,0,1,0,0,0,1
erratic,5392,6,7.645016404931035e-06,16.997048971951664,7,JJ,JJ,2,3,0,errat,5,13.548557036925244,67.74278518462621,0,0,0,0,0,1,0,0,1,0,-1
wicked,5400,6,7.645016404931035e-06,16.997048971951664,6,JJ,JJ,3,3,0,wick,6,13.28552263109145,79.71313578654869,0,0,0,1,0,1,0,0,0,0,-1
inspired,5401,6,7.645016404931035e-06,16.997048971951664,8,VB,VBN,2,3,0,inspir,6,13.28552263109145,79.71313578654869,0,0,0,0,1,0,1,0,1,1,1
reliable,5402,6,7.645016404931035e-06,16.997048971951664,8,JJ,JJ,1,1,0,reliabl,5,13.548557036925244,67.74278518462621,0,0,0,0,0,0,1,0,0,1,1
wizard,5411,6,7.645016404931035e-06,16.997048971951664,6,NN,NN,1,1,0,wizard,6,13.28552263109145,79.71313578654869,0,1,0,0,0,0,1,0,1,0,1
termination,5412,6,7.645016404931035e-06,16.997048971951664,11,NN,NN,1,1,0,termin,5,13.548557036925244,67.74278518462621,0,0,0,0,0,1,0,1,0,0,-1
lemon,5415,6,7.645016404931035e-06,16.997048971951664,5,JJ,JJ,2,3,0,lemon,6,13.28552263109145,79.71313578654869,0,0,1,0,0,1,0,0,0,0,-1
doomsday,5422,6,7.645016404931035e-06,16.997048971951664,8,JJ,JJ,2,2,0,doomsday,6,13.28552263109145,79.71313578654869,1,1,1,1,0,1,0,1,0,0,-1
crucial,5436,5,6.370847004109196e-06,17.26008337778546,7,JJ,JJ,1,1,0,crucial,5,13.548557036925244,67.74278518462621,0,0,0,0,0,0,1,0,0,1,1
gasping,5438,5,6.370847004109196e-06,17.26008337778546,7,VB,VBG,2,2,0,gasp,5,13.548557036925244,67.74278518462621,0,0,0,1,0,1,0,0,0,0,-1
sneeze,5442,5,6.370847004109196e-06,17.26008337778546,6,VB,VB,3,3,0,sneez,4,13.870485131812606,55.48194052725042,0,0,1,0,0,1,0,0,1,0,-1
disturbed,5444,5,6.370847004109196e-06,17.26008337778546,9,VB,VBN,2,3,0,disturb,5,13.548557036925244,67.74278518462621,1,0,0,0,0,1,0,1,0,0,-1
unknown,5453,5,6.370847004109196e-06,17.26008337778546,7,JJ,JJ,1,1,0,unknown,5,13.548557036925244,67.74278518462621,0,1,0,1,0,1,0,0,0,0,-1
hobby,5464,5,6.370847004109196e-06,17.26008337778546,5,NN,NN,1,1,0,hobbi,5,13.548557036925244,67.74278518462621,0,0,0,0,1,0,1,0,0,0,1
hobo,5496,5,6.370847004109196e-06,17.26008337778546,4,NN,NN,2,2,0,hobo,5,13.548557036925244,67.74278518462621,0,0,0,0,0,1,0,1,0,0,-1
don,5500,5,6.370847004109196e-06,17.26008337778546,3,NN,NNP,3,4,1,don,5,13.548557036925244,67.74278518462621,0,0,0,0,0,0,1,0,0,1,1
giggle,5502,5,6.370847004109196e-06,17.26008337778546,6,VB,VBP,2,4,0,giggl,5,13.548557036925244,67.74278518462621,0,0,0,0,1,0,1,0,0,0,1
authentic,5506,5,6.370847004109196e-06,17.26008337778546,9,JJ,JJ,1,1,0,authent,5,13.548557036925244,67.74278518462621,0,0,0,0,1,0,1,0,0,1,1
lawsuit,5508,5,6.370847004109196e-06,17.26008337778546,7,NN,NN,1,1,0,lawsuit,5,13.548557036925244,67.74278518462621,1,0,1,1,0,1,0,1,1,0,-1
chaos,5511,5,6.370847004109196e-06,17.26008337778546,5,NN,NN,1,1,0,chao,4,13.870485131812606,55.48194052725042,1,0,0,1,0,1,0,1,0,0,-1
frustration,5515,5,6.370847004109196e-06,17.26008337778546,11,NN,NN,1,1,0,frustrat,5,13.548557036925244,67.74278518462621,1,0,0,0,0,1,0,0,0,0,-1
confirmed,5520,5,6.370847004109196e-06,17.26008337778546,9,VB,VBD,1,2,0,confirm,5,13.548557036925244,67.74278518462621,0,0,0,0,0,0,1,0,0,1,1
nameless,5528,5,6.370847004109196e-06,17.26008337778546,8,JJ,JJ,1,1,0,nameless,5,13.548557036925244,67.74278518462621,0,0,1,0,0,1,0,0,0,0,-1
organ,5531,5,6.370847004109196e-06,17.26008337778546,5,NN,NN,2,2,0,organ,5,13.548557036925244,67.74278518462621,0,1,0,0,1,0,0,0,0,0,0
torture,5533,5,6.370847004109196e-06,17.26008337778546,7,NN,NN,1,1,0,tortur,5,13.548557036925244,67.74278518462621,1,1,1,1,0,1,0,1,0,0,-1
tickle,5535,5,6.370847004109196e-06,17.26008337778546,6,VB,VB,2,2,0,tickl,5,13.548557036925244,67.74278518462621,0,1,0,0,1,0,1,0,1,1,1
denied,5551,5,6.370847004109196e-06,17.26008337778546,6,VB,VBN,2,3,0,deni,4,13.870485131812606,55.48194052725042,0,0,0,0,0,1,0,1,0,0,-1
violence,5578,5,6.370847004109196e-06,17.26008337778546,8,NN,NN,1,1,0,violenc,5,13.548557036925244,67.74278518462621,1,0,0,1,0,1,0,1,0,0,-1
abandon,5582,5,6.370847004109196e-06,17.26008337778546,7,VB,VB,2,2,0,abandon,5,13.548557036925244,67.74278518462621,0,0,0,1,0,1,0,1,0,0,-1
cocaine,5606,5,6.370847004109196e-06,17.26008337778546,7,NN,NN,1,1,0,cocain,4,13.870485131812606,55.48194052725042,0,0,0,0,0,1,0,1,0,0,-1
horrifying,5607,5,6.370847004109196e-06,17.26008337778546,10,VB,VBG,2,2,0,horrifi,5,13.548557036925244,67.74278518462621,0,0,1,1,0,1,0,1,0,0,-1
amen,5608,5,6.370847004109196e-06,17.26008337778546,4,NN,NNS,1,1,0,amen,5,13.548557036925244,67.74278518462621,0,0,0,0,1,0,1,0,0,1,1
seal,5621,5,6.370847004109196e-06,17.26008337778546,4,NN,NN,2,3,0,seal,5,13.548557036925244,67.74278518462621,0,0,0,0,0,0,1,0,0,1,1
flu,5622,5,6.370847004109196e-06,17.26008337778546,3,NN,NN,1,2,0,flu,5,13.548557036925244,67.74278518462621,0,0,0,1,0,1,0,0,0,0,-1
superstitious,5625,5,6.370847004109196e-06,17.26008337778546,13,JJ,JJ,1,1,0,superstiti,5,13.548557036925244,67.74278518462621,0,1,0,1,0,1,0,0,0,0,-1
liberty,5639,5,6.370847004109196e-06,17.26008337778546,7,NN,NN,1,1,0,liberti,5,13.548557036925244,67.74278518462621,0,1,0,0,1,0,1,0,1,1,1
aggressive,5646,5,6.370847004109196e-06,17.26008337778546,10,JJ,JJ,1,1,0,aggress,5,13.548557036925244,67.74278518462621,1,0,0,1,0,1,0,0,0,0,-1
bothering,5655,5,6.370847004109196e-06,17.26008337778546,9,VB,VBG,1,1,0,bother,5,13.548557036925244,67.74278518462621,1,0,0,0,0,1,0,1,0,0,-1
respectful,5659,5,6.370847004109196e-06,17.26008337778546,10,JJ,JJ,1,1,0,respect,5,13.548557036925244,67.74278518462621,0,0,0,0,0,0,1,0,0,1,1
bacteria,5673,5,6.370847004109196e-06,17.26008337778546,8,NN,NNS,1,2,0,bacteria,5,13.548557036925244,67.74278518462621,0,0,1,1,0,1,0,1,0,0,-1
coma,5688,5,6.370847004109196e-06,17.26008337778546,4,NN,NN,1,1,0,coma,5,13.548557036925244,67.74278518462621,0,0,0,1,0,1,0,1,0,0,-1
deadly,5693,5,6.370847004109196e-06,17.26008337778546,6,RB,RB,2,2,0,deadli,5,13.548557036925244,67.74278518462621,1,0,1,1,0,1,0,1,0,0,-1
wisdom,5698,5,6.370847004109196e-06,17.26008337778546,6,NN,NN,1,1,0,wisdom,5,13.548557036925244,67.74278518462621,0,0,0,0,0,0,1,0,0,1,1
whip,5704,5,6.370847004109196e-06,17.26008337778546,4,NN,NN,2,3,0,whip,5,13.548557036925244,67.74278518462621,1,0,0,0,0,1,0,0,0,0,-1
anxious,5723,5,6.370847004109196e-06,17.26008337778546,7,JJ,JJ,1,1,0,anxiou,5,13.548557036925244,67.74278518462621,0,1,0,1,0,1,0,0,0,0,-1
erase,5744,5,6.370847004109196e-06,17.26008337778546,5,VB,VB,2,2,0,eras,5,13.548557036925244,67.74278518462621,0,0,0,1,0,1,0,0,0,0,-1
admirable,5748,5,6.370847004109196e-06,17.26008337778546,9,JJ,JJ,2,2,0,admir,5,13.548557036925244,67.74278518462621,0,0,0,0,1,0,1,0,0,1,1
intended,5754,5,6.370847004109196e-06,17.26008337778546,8,VB,VBD,1,2,0,intend,5,13.548557036925244,67.74278518462621,0,1,0,0,0,0,1,0,0,0,1
ashes,5772,5,6.370847004109196e-06,17.26008337778546,5,NN,NNS,1,2,0,ash,5,13.548557036925244,67.74278518462621,0,0,0,0,0,1,0,1,0,0,-1
cement,5777,5,6.370847004109196e-06,17.26008337778546,6,NN,NN,1,1,0,cement,5,13.548557036925244,67.74278518462621,0,1,0,0,0,0,0,0,0,1,0
helper,5807,5,6.370847004109196e-06,17.26008337778546,6,NN,NN,1,1,0,helper,5,13.548557036925244,67.74278518462621,0,0,0,0,0,0,1,0,0,1,1
aloha,5808,5,6.370847004109196e-06,17.26008337778546,5,NN,NNP,1,2,0,aloha,3,14.28552263109145,42.856567893274345,0,1,0,0,1,0,1,0,0,0,1
hazard,5823,5,6.370847004109196e-06,17.26008337778546,6,NN,NN,1,1,0,hazard,5,13.548557036925244,67.74278518462621,0,0,0,1,0,1,0,0,0,0,-1
uncanny,5838,5,6.370847004109196e-06,17.26008337778546,7,NN,NN,2,2,0,uncanni,5,13.548557036925244,67.74278518462621,0,0,0,1,0,1,0,0,1,0,-1
spine,5853,5,6.370847004109196e-06,17.26008337778546,5,NN,NN,1,1,0,spine,4,13.870485131812606,55.48194052725042,1,0,0,0,0,1,1,0,0,0,0
inspiration,5857,5,6.370847004109196e-06,17.26008337778546,11,NN,NN,1,1,0,inspir,5,13.548557036925244,67.74278518462621,0,1,0,0,1,0,1,0,0,0,1
suspension,5861,5,6.370847004109196e-06,17.26008337778546,10,NN,NN,1,1,0,suspens,5,13.548557036925244,67.74278518462621,0,0,0,1,0,1,0,0,0,0,-1
stroke,5873,5,6.370847004109196e-06,17.26008337778546,6,NN,NN,2,2,0,stroke,4,13.870485131812606,55.48194052725042,0,0,0,1,0,1,0,1,0,0,-1
obnoxious,5875,5,6.370847004109196e-06,17.26008337778546,9,JJ,JJ,1,1,0,obnoxi,5,13.548557036925244,67.74278518462621,1,0,1,0,0,1,0,1,0,0,-1
worrying,5880,5,6.370847004109196e-06,17.26008337778546,8,VB,VBG,2,2,0,worri,5,13.548557036925244,67.74278518462621,0,1,0,1,0,1,0,1,0,0,-1
blessed,5881,5,6.370847004109196e-06,17.26008337778546,7,VB,VBN,3,3,0,bless,5,13.548557036925244,67.74278518462621,0,0,0,0,1,0,1,0,0,0,1
modest,5888,5,6.370847004109196e-06,17.26008337778546,6,JJ,JJ,1,1,0,modest,5,13.548557036925244,67.74278518462621,0,0,0,0,0,0,1,0,0,1,1
obese,5892,5,6.370847004109196e-06,17.26008337778546,5,JJ,JJ,1,1,0,obes,5,13.548557036925244,67.74278518462621,0,0,1,0,0,1,0,0,0,0,-1
crisp,5895,5,6.370847004109196e-06,17.26008337778546,5,NN,NN,1,1,0,crisp,5,13.548557036925244,67.74278518462621,0,0,0,0,0,1,0,0,0,1,-1
assured,5901,5,6.370847004109196e-06,17.26008337778546,7,VB,VBN,1,2,0,assur,4,13.870485131812606,55.48194052725042,0,0,0,0,0,0,1,0,0,1,1
superman,5904,5,6.370847004109196e-06,17.26008337778546,8,JJ,JJ,2,2,0,superman,5,13.548557036925244,67.74278518462621,0,0,0,0,1,0,1,0,0,1,1
embarrass,5907,5,6.370847004109196e-06,17.26008337778546,9,VB,VB,1,1,0,embarrass,5,13.548557036925244,67.74278518462621,0,0,0,0,0,1,0,1,0,0,-1
intelligent,5928,5,6.370847004109196e-06,17.26008337778546,11,JJ,JJ,2,2,0,intellig,5,13.548557036925244,67.74278518462621,0,0,0,0,0,0,1,0,0,1,1
disappointment,5930,5,6.370847004109196e-06,17.26008337778546,14,NN,NN,1,1,0,disappoint,5,13.548557036925244,67.74278518462621,0,0,1,0,0,1,0,1,0,0,-1
ally,5944,5,6.370847004109196e-06,17.26008337778546,4,NN,NN,2,3,0,alli,5,13.548557036925244,67.74278518462621,0,0,0,0,0,0,1,0,0,1,1
guide,5945,5,6.370847004109196e-06,17.26008337778546,5,NN,NN,1,1,0,guid,5,13.548557036925244,67.74278518462621,0,0,0,0,0,0,1,0,0,1,1
merit,5954,5,6.370847004109196e-06,17.26008337778546,5,NN,NN,1,1,0,merit,5,13.548557036925244,67.74278518462621,0,0,0,0,0,0,1,0,0,1,1
sunny,5957,5,6.370847004109196e-06,17.26008337778546,5,JJ,JJ,2,2,0,sunni,4,13.870485131812606,55.48194052725042,0,1,0,0,1,0,1,0,1,0,1
humiliating,5968,5,6.370847004109196e-06,17.26008337778546,11,VB,VBG,2,2,0,humili,5,13.548557036925244,67.74278518462621,0,0,1,0,0,1,0,0,0,0,-1
suspicion,5986,5,6.370847004109196e-06,17.26008337778546,9,NN,NN,1,1,0,suspicion,4,13.870485131812606,55.48194052725042,0,0,0,1,0,1,0,0,0,0,-1
ram,5989,5,6.370847004109196e-06,17.26008337778546,3,NN,NN,3,3,0,ram,3,14.28552263109145,42.856567893274345,1,1,0,0,0,1,0,0,0,0,-1
waffle,6000,5,6.370847004109196e-06,17.26008337778546,6,NN,NN,2,2,0,waffl,5,13.548557036925244,67.74278518462621,1,0,0,0,0,1,0,1,0,0,-1
punished,6014,5,6.370847004109196e-06,17.26008337778546,8,VB,VBN,1,2,0,punish,5,13.548557036925244,67.74278518462621,1,1,1,1,0,1,0,1,0,0,-1
arrogant,6019,5,6.370847004109196e-06,17.26008337778546,8,JJ,JJ,1,1,0,arrog,5,13.548557036925244,67.74278518462621,1,0,1,0,0,1,0,0,0,0,-1
blossom,6042,5,6.370847004109196e-06,17.26008337778546,7,NN,NNP,1,2,0,blossom,4,13.870485131812606,55.48194052725042,0,0,0,0,1,0,1,0,0,0,1
drown,6055,5,6.370847004109196e-06,17.26008337778546,5,VB,VB,1,2,0,drown,5,13.548557036925244,67.74278518462621,0,0,0,1,0,1,0,1,0,0,-1
hut,6061,5,6.370847004109196e-06,17.26008337778546,3,NN,NN,1,1,0,hut,2,14.870485131812606,29.74097026362521,0,0,0,0,0,0,1,1,0,0,1
rash,6080,5,6.370847004109196e-06,17.26008337778546,4,NN,NN,2,2,0,rash,5,13.548557036925244,67.74278518462621,0,0,1,0,0,1,0,0,0,0,-1
risky,6093,5,6.370847004109196e-06,17.26008337778546,5,JJ,JJ,2,2,0,riski,5,13.548557036925244,67.74278518462621,0,1,0,1,0,1,0,0,0,0,-1
accomplish,6100,5,6.370847004109196e-06,17.26008337778546,10,VB,VB,1,1,0,accomplish,5,13.548557036925244,67.74278518462621,0,0,0,0,1,0,1,0,0,0,1
parade,6113,5,6.370847004109196e-06,17.26008337778546,6,NN,NN,1,1,0,parad,5,13.548557036925244,67.74278518462621,0,1,0,1,1,1,1,0,1,0,0
absence,6123,5,6.370847004109196e-06,17.26008337778546,7,NN,NN,1,1,0,absenc,5,13.548557036925244,67.74278518462621,0,0,0,1,0,1,0,1,0,0,-1
disgust,6137,5,6.370847004109196e-06,17.26008337778546,7,NN,NN,2,2,0,disgust,5,13.548557036925244,67.74278518462621,1,0,1,1,0,1,0,1,0,0,-1
horror,6140,5,6.370847004109196e-06,17.26008337778546,6,NN,NN,1,1,0,horror,5,13.548557036925244,67.74278518462621,1,0,1,1,0,1,0,1,1,0,-1
patience,6152,5,6.370847004109196e-06,17.26008337778546,8,NN,NN,1,1,0,patienc,5,13.548557036925244,67.74278518462621,0,1,0,0,0,0,1,0,0,1,1
rape,6161,5,6.370847004109196e-06,17.26008337778546,4,NN,NN,2,2,0,rape,5,13.548557036925244,67.74278518462621,1,0,1,1,0,1,0,1,0,0,-1
cough,6163,5,6.370847004109196e-06,17.26008337778546,5,VB,NN,2,3,0,cough,5,13.548557036925244,67.74278518462621,0,0,1,0,0,1,0,0,0,0,-1
diabolical,6184,5,6.370847004109196e-06,17.26008337778546,10,JJ,JJ,1,1,0,diabol,5,13.548557036925244,67.74278518462621,1,0,1,1,0,1,0,0,0,0,-1
interrupted,6187,5,6.370847004109196e-06,17.26008337778546,11,VB,VBN,2,2,0,interrupt,5,13.548557036925244,67.74278518462621,0,0,0,0,0,1,0,1,0,0,-1
creature,6192,4,5.096677603287357e-06,17.58201147267282,8,NN,NN,1,1,0,creatur,4,13.870485131812606,55.48194052725042,0,0,1,1,0,1,0,0,0,0,-1
horizon,6211,4,5.096677603287357e-06,17.58201147267282,7,NN,NN,1,1,0,horizon,3,14.28552263109145,42.856567893274345,0,1,0,0,0,0,1,0,0,0,1
shattered,6212,4,5.096677603287357e-06,17.58201147267282,9,VB,VBD,1,2,0,shatter,4,13.870485131812606,55.48194052725042,0,0,0,0,0,1,0,1,0,0,-1
deny,6219,4,5.096677603287357e-06,17.58201147267282,4,VB,VB,1,2,0,deni,4,13.870485131812606,55.48194052725042,1,0,0,0,0,1,0,0,0,0,-1
murky,6229,4,5.096677603287357e-06,17.58201147267282,5,JJ,JJ,2,3,0,murki,3,14.28552263109145,42.856567893274345,0,0,1,0,0,1,0,1,0,0,-1
spite,6235,4,5.096677603287357e-06,17.58201147267282,5,NN,NN,1,2,0,spite,4,13.870485131812606,55.48194052725042,1,0,0,0,0,1,0,0,0,0,-1
playful,6246,4,5.096677603287357e-06,17.58201147267282,7,JJ,JJ,1,1,0,play,4,13.870485131812606,55.48194052725042,1,0,0,0,1,0,1,0,1,1,1
beast,6255,4,5.096677603287357e-06,17.58201147267282,5,NN,NN,1,1,0,beast,4,13.870485131812606,55.48194052725042,1,0,0,1,0,1,0,0,0,0,-1
prestige,6256,4,5.096677603287357e-06,17.58201147267282,8,NN,NNP,1,2,0,prestig,4,13.870485131812606,55.48194052725042,0,0,0,0,1,0,1,0,0,1,1
elegant,6272,4,5.096677603287357e-06,17.58201147267282,7,JJ,JJ,1,1,0,eleg,4,13.870485131812606,55.48194052725042,0,0,0,0,1,0,1,0,0,0,1
duel,6275,4,5.096677603287357e-06,17.58201147267282,4,NN,NN,2,2,0,duel,4,13.870485131812606,55.48194052725042,1,1,0,1,0,0,0,0,0,0,0
dominant,6278,4,5.096677603287357e-06,17.58201147267282,8,JJ,JJ,1,1,0,domin,4,13.870485131812606,55.48194052725042,0,0,0,1,0,1,0,0,0,0,-1
scientist,6289,4,5.096677603287357e-06,17.58201147267282,9,NN,NN,1,1,0,scientist,4,13.870485131812606,55.48194052725042,0,1,0,0,0,0,1,0,0,1,1
bridal,6311,4,5.096677603287357e-06,17.58201147267282,6,JJ,JJ,2,2,0,bridal,3,14.28552263109145,42.856567893274345,0,1,0,0,1,0,1,0,0,1,1
appendicitis,6325,4,5.096677603287357e-06,17.58201147267282,12,VB,VBN,3,3,0,append,3,14.28552263109145,42.856567893274345,0,0,0,1,0,1,0,1,0,0,-1
tasteless,6334,4,5.096677603287357e-06,17.58201147267282,9,NN,NN,2,2,0,tasteless,4,13.870485131812606,55.48194052725042,0,0,1,0,0,1,0,0,0,0,-1
intervention,6352,4,5.096677603287357e-06,17.58201147267282,12,NN,NN,1,1,0,intervent,4,13.870485131812606,55.48194052725042,0,0,0,0,0,1,1,1,0,0,0
idiotic,6358,4,5.096677603287357e-06,17.58201147267282,7,JJ,JJ,1,1,0,idiot,4,13.870485131812606,55.48194052725042,1,0,1,0,0,1,0,0,0,0,-1
flea,6361,4,5.096677603287357e-06,17.58201147267282,4,NN,NN,1,2,0,flea,4,13.870485131812606,55.48194052725042,0,0,1,0,0,1,0,0,0,0,-1
funk,6369,4,5.096677603287357e-06,17.58201147267282,4,NN,NN,1,2,0,funk,4,13.870485131812606,55.48194052725042,0,0,0,0,0,1,0,1,0,0,-1
discrimination,6380,4,5.096677603287357e-06,17.58201147267282,14,NN,NN,1,2,0,discrimin,3,14.28552263109145,42.856567893274345,1,0,1,1,0,1,0,1,0,0,-1
raffle,6394,4,5.096677603287357e-06,17.58201147267282,6,NN,NN,1,1,0,raffl,4,13.870485131812606,55.48194052725042,0,1,0,0,0,0,0,0,1,0,0
expletive,6398,4,5.096677603287357e-06,17.58201147267282,9,JJ,JJ,1,1,0,explet,4,13.870485131812606,55.48194052725042,1,0,0,0,0,1,0,0,0,0,-1
pine,6403,4,5.096677603287357e-06,17.58201147267282,4,NN,NN,1,1,0,pine,4,13.870485131812606,55.48194052725042,0,0,0,0,0,1,0,1,0,0,-1
serenity,6405,4,5.096677603287357e-06,17.58201147267282,8,NN,NN,1,2,0,seren,4,13.870485131812606,55.48194052725042,0,1,0,0,1,0,1,0,0,1,1
taboo,6418,4,5.096677603287357e-06,17.58201147267282,5,NN,NNP,2,3,0,taboo,4,13.870485131812606,55.48194052725042,0,0,1,1,0,1,0,0,0,0,-1
fate,6424,4,5.096677603287357e-06,17.58201147267282,4,NN,NN,1,2,0,fate,4,13.870485131812606,55.48194052725042,0,1,0,0,0,1,0,0,0,0,-1
bully,6431,4,5.096677603287357e-06,17.58201147267282,5,RB,RB,1,1,0,bulli,4,13.870485131812606,55.48194052725042,1,0,0,1,0,1,0,0,0,0,-1
magnet,6445,4,5.096677603287357e-06,17.58201147267282,6,NN,NN,1,1,0,magnet,2,14.870485131812606,29.74097026362521,0,0,0,0,0,0,1,0,0,1,1
purely,6461,4,5.096677603287357e-06,17.58201147267282,6,RB,RB,1,1,0,pure,4,13.870485131812606,55.48194052725042,0,0,0,0,0,0,1,0,0,1,1
disrespectful,6470,4,5.096677603287357e-06,17.58201147267282,13,JJ,JJ,1,1,0,disrespect,4,13.870485131812606,55.48194052725042,1,0,1,1,0,1,0,1,0,0,-1
expert,6471,4,5.096677603287357e-06,17.58201147267282,6,NN,NN,1,1,0,expert,4,13.870485131812606,55.48194052725042,0,0,0,0,0,0,1,0,0,1,1
accused,6474,4,5.096677603287357e-06,17.58201147267282,7,VB,VBN,2,2,0,accus,4,13.870485131812606,55.48194052725042,1,0,0,1,0,1,0,0,0,0,-1
compassion,6479,4,5.096677603287357e-06,17.58201147267282,10,NN,NN,1,1,0,compass,2,14.870485131812606,29.74097026362521,0,0,0,1,0,0,1,0,0,0,1
pleasant,6487,4,5.096677603287357e-06,17.58201147267282,8,JJ,JJ,1,1,0,pleasant,4,13.870485131812606,55.48194052725042,0,1,0,0,1,0,1,0,1,1,1
unable,6496,4,5.096677603287357e-06,17.58201147267282,6,JJ,JJ,1,1,0,unabl,4,13.870485131812606,55.48194052725042,0,0,0,0,0,1,0,1,0,0,-1
smelling,6517,4,5.096677603287357e-06,17.58201147267282,8,VB,VBG,1,1,0,smell,4,13.870485131812606,55.48194052725042,0,0,1,0,0,1,0,0,0,0,-1
spoiler,6525,4,5.096677603287357e-06,17.58201147267282,7,NN,NN,2,3,0,spoiler,4,13.870485131812606,55.48194052725042,0,0,0,0,0,1,0,1,0,0,-1
indestructible,6533,4,5.096677603287357e-06,17.58201147267282,14,JJ,JJ,1,1,0,indestruct,4,13.870485131812606,55.48194052725042,0,0,0,0,0,0,1,0,0,1,1
nauseous,6535,4,5.096677603287357e-06,17.58201147267282,8,JJ,JJ,1,1,0,nauseou,4,13.870485131812606,55.48194052725042,0,0,1,0,0,1,0,1,0,0,-1
offend,6549,4,5.096677603287357e-06,17.58201147267282,6,VB,VB,1,1,0,offend,4,13.870485131812606,55.48194052725042,1,0,1,0,0,1,0,0,0,0,-1
conscience,6556,4,5.096677603287357e-06,17.58201147267282,10,NN,NN,1,1,0,conscienc,4,13.870485131812606,55.48194052725042,0,0,0,0,0,0,1,0,0,1,1
obstacle,6565,4,5.096677603287357e-06,17.58201147267282,8,NN,NN,1,1,0,obstacl,4,13.870485131812606,55.48194052725042,1,0,0,1,0,1,0,1,0,0,-1
misunderstanding,6568,4,5.096677603287357e-06,17.58201147267282,16,NN,NN,1,1,0,misunderstand,4,13.870485131812606,55.48194052725042,1,0,0,0,0,1,0,1,0,0,-1
buzz,6582,4,5.096677603287357e-06,17.58201147267282,4,NN,NN,2,3,0,buzz,4,13.870485131812606,55.48194052725042,0,1,0,1,0,0,1,0,0,0,1
coffin,6589,4,5.096677603287357e-06,17.58201147267282,6,NN,NN,1,1,0,coffin,3,14.28552263109145,42.856567893274345,0,0,0,1,0,1,0,1,0,0,-1
drunken,6595,4,5.096677603287357e-06,17.58201147267282,7,JJ,JJ,1,1,0,drunken,2,14.870485131812606,29.74097026362521,0,0,1,0,0,1,0,0,0,0,-1
illness,6606,4,5.096677603287357e-06,17.58201147267282,7,NN,NN,2,2,0,ill,4,13.870485131812606,55.48194052725042,0,0,0,1,0,1,0,1,0,0,-1
rescue,6611,4,5.096677603287357e-06,17.58201147267282,6,NN,NN,2,2,0,rescu,4,13.870485131812606,55.48194052725042,0,1,0,0,1,0,1,0,1,1,1
vicious,6612,4,5.096677603287357e-06,17.58201147267282,7,JJ,JJ,1,1,0,viciou,4,13.870485131812606,55.48194052725042,1,0,1,0,0,1,0,0,0,0,-1
fussy,6614,4,5.096677603287357e-06,17.58201147267282,5,JJ,JJ,2,2,0,fussi,4,13.870485131812606,55.48194052725042,0,0,1,0,0,1,0,0,0,0,-1
hairy,6618,4,5.096677603287357e-06,17.58201147267282,5,JJ,JJ,2,2,0,hairi,4,13.870485131812606,55.48194052725042,0,0,1,0,0,1,0,0,0,0,-1
mentor,6622,4,5.096677603287357e-06,17.58201147267282,6,NN,NN,1,1,0,mentor,4,13.870485131812606,55.48194052725042,0,0,0,0,0,0,1,0,0,1,1
darling,6646,4,5.096677603287357e-06,17.58201147267282,7,VB,VBG,2,2,0,darl,4,13.870485131812606,55.48194052725042,0,0,0,0,1,0,1,0,0,1,1
suspense,6649,4,5.096677603287357e-06,17.58201147267282,8,NN,NN,2,2,0,suspens,4,13.870485131812606,55.48194052725042,0,1,0,1,0,0,0,0,1,0,0
morgue,6651,4,5.096677603287357e-06,17.58201147267282,6,NN,NN,1,1,0,morgu,3,14.28552263109145,42.856567893274345,0,0,1,1,0,1,0,1,0,0,-1
terrorist,6654,4,5.096677603287357e-06,17.58201147267282,9,NN,NN,2,2,0,terrorist,4,13.870485131812606,55.48194052725042,1,0,1,1,0,1,0,1,1,0,-1
honorable,6663,4,5.096677603287357e-06,17.58201147267282,9,JJ,JJ,1,1,0,honor,4,13.870485131812606,55.48194052725042,0,0,0,0,0,0,1,0,0,1,1
larger,6670,4,5.096677603287357e-06,17.58201147267282,6,JJ,JJR,1,1,0,larger,4,13.870485131812606,55.48194052725042,0,0,1,0,0,0,0,0,1,1,0
prostitute,6685,4,5.096677603287357e-06,17.58201147267282,10,NN,NN,1,1,0,prostitut,4,13.870485131812606,55.48194052725042,0,0,1,0,0,1,0,0,0,0,-1
malfeasance,6691,4,5.096677603287357e-06,17.58201147267282,11,NN,NN,1,1,0,malfeas,2,14.870485131812606,29.74097026362521,0,0,1,0,0,1,0,0,0,0,-1
spoil,6695,4,5.096677603287357e-06,17.58201147267282,5,VB,VB,2,2,0,spoil,3,14.28552263109145,42.856567893274345,0,0,1,0,0,1,0,0,0,0,-1
assurance,6712,4,5.096677603287357e-06,17.58201147267282,9,NN,NN,1,2,0,assur,4,13.870485131812606,55.48194052725042,0,0,0,0,0,0,1,0,0,1,1
curiosity,6714,4,5.096677603287357e-06,17.58201147267282,9,NN,NN,1,1,0,curios,4,13.870485131812606,55.48194052725042,0,1,0,0,0,0,1,0,1,0,1
reunion,6742,4,5.096677603287357e-06,17.58201147267282,7,NN,NN,1,2,0,reunion,4,13.870485131812606,55.48194052725042,0,1,0,0,0,0,1,0,0,1,1
failing,6752,4,5.096677603287357e-06,17.58201147267282,7,VB,VBG,1,1,0,fail,4,13.870485131812606,55.48194052725042,1,1,0,1,0,1,0,1,0,0,-1
laxative,6756,4,5.096677603287357e-06,17.58201147267282,8,NN,NN,1,1,0,lax,3,14.28552263109145,42.856567893274345,0,0,1,1,0,1,0,0,0,0,-1
unattractive,6784,4,5.096677603287357e-06,17.58201147267282,12,JJ,JJ,1,1,0,unattract,4,13.870485131812606,55.48194052725042,0,0,1,0,0,1,0,1,0,0,-1
hurricane,6788,4,5.096677603287357e-06,17.58201147267282,9,NN,NN,1,1,0,hurrican,4,13.870485131812606,55.48194052725042,0,0,0,1,0,1,0,0,0,0,-1
guidance,6818,4,5.096677603287357e-06,17.58201147267282,8,NN,NN,1,1,0,guidanc,4,13.870485131812606,55.48194052725042,0,0,0,0,0,0,1,0,0,1,1
overdue,6820,4,5.096677603287357e-06,17.58201147267282,7,JJ,JJ,1,1,0,overdu,4,13.870485131812606,55.48194052725042,0,1,0,0,0,1,0,1,1,0,-1
reject,6825,4,5.096677603287357e-06,17.58201147267282,6,VB,VB,1,2,0,reject,4,13.870485131812606,55.48194052725042,1,0,0,1,0,1,0,1,0,0,-1
winnings,6827,4,5.096677603287357e-06,17.58201147267282,8,NN,NNS,1,1,0,win,4,13.870485131812606,55.48194052725042,0,1,0,0,1,0,1,0,0,0,1
sly,6843,4,5.096677603287357e-06,17.58201147267282,3,RB,RB,2,2,0,sli,4,13.870485131812606,55.48194052725042,1,0,1,1,0,1,0,0,0,0,-1
tearful,6848,4,5.096677603287357e-06,17.58201147267282,7,JJ,JJ,2,2,0,tear,4,13.870485131812606,55.48194052725042,0,0,1,1,0,0,0,1,0,0,0
thrill,6882,4,5.096677603287357e-06,17.58201147267282,6,NN,NN,1,2,0,thrill,4,13.870485131812606,55.48194052725042,0,1,0,1,1,0,1,0,1,0,1
nepotism,6899,4,5.096677603287357e-06,17.58201147267282,8,NN,NN,1,1,0,nepot,4,13.870485131812606,55.48194052725042,1,0,1,0,0,1,0,1,0,0,-1
wealth,6901,4,5.096677603287357e-06,17.58201147267282,6,NN,NN,1,1,0,wealth,3,14.28552263109145,42.856567893274345,0,0,0,0,1,0,1,0,0,1,1
unpredictable,6902,4,5.096677603287357e-06,17.58201147267282,13,JJ,JJ,1,1,0,unpredict,4,13.870485131812606,55.48194052725042,0,0,0,0,0,1,0,0,1,0,-1
thanksgiving,6903,4,5.096677603287357e-06,17.58201147267282,12,NN,NNP,2,2,0,thanksgiv,4,13.870485131812606,55.48194052725042,0,0,0,0,1,0,1,0,0,0,1
guardian,6914,4,5.096677603287357e-06,17.58201147267282,8,NN,NNP,2,2,0,guardian,2,14.870485131812606,29.74097026362521,0,0,0,0,0,0,1,0,0,1,1
intuition,6918,4,5.096677603287357e-06,17.58201147267282,9,NN,NN,1,1,0,intuit,3,14.28552263109145,42.856567893274345,0,0,0,0,0,0,1,0,0,1,1
sunshine,6919,4,5.096677603287357e-06,17.58201147267282,8,NN,NN,2,2,0,sunshin,4,13.870485131812606,55.48194052725042,0,0,0,0,1,0,1,0,0,0,1
counselor,6924,4,5.096677603287357e-06,17.58201147267282,9,NN,NN,1,1,0,counselor,4,13.870485131812606,55.48194052725042,0,0,0,0,0,0,1,0,0,1,1
kitten,6926,4,5.096677603287357e-06,17.58201147267282,6,NN,NN,2,3,0,kitten,4,13.870485131812606,55.48194052725042,0,0,0,0,1,0,1,0,0,1,1
cemetery,6929,4,5.096677603287357e-06,17.58201147267282,8,NN,NN,1,1,0,cemeteri,4,13.870485131812606,55.48194052725042,0,0,0,1,0,1,0,1,0,0,-1
hurtful,6936,4,5.096677603287357e-06,17.58201147267282,7,JJ,JJ,1,1,0,hurt,4,13.870485131812606,55.48194052725042,1,0,1,1,0,1,0,1,0,0,-1
joker,6938,4,5.096677603287357e-06,17.58201147267282,5,NN,NNP,1,2,0,joker,4,13.870485131812606,55.48194052725042,0,0,0,0,1,0,1,0,1,0,1
bargain,6940,4,5.096677603287357e-06,17.58201147267282,7,NN,NN,1,1,0,bargain,4,13.870485131812606,55.48194052725042,0,0,0,0,0,0,1,0,0,1,1
corporation,6958,4,5.096677603287357e-06,17.58201147267282,11,NN,NN,1,1,0,corpor,4,13.870485131812606,55.48194052725042,0,0,0,0,0,0,1,0,0,1,1
receiving,6962,4,5.096677603287357e-06,17.58201147267282,9,VB,VBG,1,1,0,receiv,4,13.870485131812606,55.48194052725042,0,1,0,0,1,0,1,0,1,0,1
sneaking,6979,4,5.096677603287357e-06,17.58201147267282,8,VB,VBG,1,1,0,sneak,4,13.870485131812606,55.48194052725042,0,1,0,1,0,1,0,0,0,1,-1
competent,6993,4,5.096677603287357e-06,17.58201147267282,9,NN,NN,1,1,0,compet,4,13.870485131812606,55.48194052725042,0,0,0,0,0,0,1,0,0,1,1
instructor,6996,4,5.096677603287357e-06,17.58201147267282,10,NN,NN,1,1,0,instructor,4,13.870485131812606,55.48194052725042,0,1,0,0,0,0,1,0,0,1,1
ultimately,7004,4,5.096677603287357e-06,17.58201147267282,10,RB,RB,1,1,0,ultim,4,13.870485131812606,55.48194052725042,0,1,0,0,0,0,1,0,0,0,1
peaceful,7007,4,5.096677603287357e-06,17.58201147267282,8,JJ,JJ,2,2,0,peac,3,14.28552263109145,42.856567893274345,0,1,0,0,1,0,1,0,1,1,1
slam,7016,4,5.096677603287357e-06,17.58201147267282,4,NN,VB,2,3,0,slam,4,13.870485131812606,55.48194052725042,1,0,0,1,0,1,0,0,1,0,-1
disgruntled,7043,4,5.096677603287357e-06,17.58201147267282,11,JJ,JJ,2,2,0,disgruntl,4,13.870485131812606,55.48194052725042,1,0,1,0,0,1,0,1,0,0,-1
allegiance,7052,4,5.096677603287357e-06,17.58201147267282,10,NN,NN,1,2,0,allegi,3,14.28552263109145,42.856567893274345,0,0,0,0,0,0,1,0,0,1,1
bizarre,7059,4,5.096677603287357e-06,17.58201147267282,7,JJ,JJ,2,2,0,bizarr,4,13.870485131812606,55.48194052725042,0,0,0,0,0,1,0,0,1,0,-1
intimidate,7067,4,5.096677603287357e-06,17.58201147267282,10,VB,VB,1,1,0,intimid,4,13.870485131812606,55.48194052725042,0,0,0,1,0,1,0,0,0,0,-1
rage,7087,4,5.096677603287357e-06,17.58201147267282,4,NN,NN,1,1,0,rage,4,13.870485131812606,55.48194052725042,1,0,0,0,0,1,0,0,0,0,-1
rifle,7091,4,5.096677603287357e-06,17.58201147267282,5,NN,NN,2,2,0,rifl,4,13.870485131812606,55.48194052725042,1,0,0,1,0,1,0,0,0,0,-1
criticism,7101,4,5.096677603287357e-06,17.58201147267282,9,NN,NN,1,1,0,critic,4,13.870485131812606,55.48194052725042,1,0,0,0,0,1,0,1,0,0,-1
council,7106,4,5.096677603287357e-06,17.58201147267282,7,NN,NN,1,1,0,council,4,13.870485131812606,55.48194052725042,0,1,0,0,0,0,1,0,0,1,1
misery,7109,4,5.096677603287357e-06,17.58201147267282,6,NN,NN,1,1,0,miseri,4,13.870485131812606,55.48194052725042,1,0,1,1,0,1,0,1,0,0,-1
perpetrator,7112,4,5.096677603287357e-06,17.58201147267282,11,NN,NN,1,1,0,perpetr,4,13.870485131812606,55.48194052725042,1,0,1,1,0,1,0,1,0,0,-1
sabotage,7115,4,5.096677603287357e-06,17.58201147267282,8,NN,NN,2,2,0,sabotag,4,13.870485131812606,55.48194052725042,1,0,1,1,0,1,0,1,1,0,-1
bale,7118,4,5.096677603287357e-06,17.58201147267282,4,NN,NN,1,2,0,bale,4,13.870485131812606,55.48194052725042,0,0,0,1,0,1,0,0,0,0,-1
deceased,7124,4,5.096677603287357e-06,17.58201147267282,8,JJ,JJ,2,3,0,deceas,4,13.870485131812606,55.48194052725042,0,0,0,0,0,1,0,1,0,0,-1
importance,7133,4,5.096677603287357e-06,17.58201147267282,10,NN,NN,1,1,0,import,4,13.870485131812606,55.48194052725042,0,1,0,0,0,0,1,0,0,0,1
romp,7140,4,5.096677603287357e-06,17.58201147267282,4,NN,NN,1,1,0,romp,4,13.870485131812606,55.48194052725042,0,0,0,0,1,0,1,0,0,0,1
ashamed,7142,4,5.096677603287357e-06,17.58201147267282,7,VB,VBN,1,2,0,asham,4,13.870485131812606,55.48194052725042,0,0,1,0,0,1,0,1,0,0,-1
victory,7167,4,5.096677603287357e-06,17.58201147267282,7,NN,NN,1,1,0,victori,4,13.870485131812606,55.48194052725042,0,1,0,0,1,0,1,0,0,1,1
cruel,7169,4,5.096677603287357e-06,17.58201147267282,5,NN,NN,2,2,0,cruel,4,13.870485131812606,55.48194052725042,1,0,1,1,0,1,0,1,0,0,-1
opposed,7202,4,5.096677603287357e-06,17.58201147267282,7,VB,VBN,2,2,0,oppos,4,13.870485131812606,55.48194052725042,1,0,0,1,0,1,0,0,0,0,-1
rebel,7203,4,5.096677603287357e-06,17.58201147267282,5,NN,NNP,3,3,0,rebel,4,13.870485131812606,55.48194052725042,1,0,0,1,0,1,0,0,0,0,-1
distress,7216,4,5.096677603287357e-06,17.58201147267282,8,NN,NN,1,1,0,distress,4,13.870485131812606,55.48194052725042,1,0,1,1,0,1,0,1,1,0,-1
sincere,7223,4,5.096677603287357e-06,17.58201147267282,7,JJ,JJ,2,2,0,sincer,4,13.870485131812606,55.48194052725042,0,0,0,0,0,0,1,0,0,1,1
smash,7245,4,5.096677603287357e-06,17.58201147267282,5,VB,VB,2,2,0,smash,4,13.870485131812606,55.48194052725042,1,0,0,1,0,1,0,0,0,0,-1
stunned,7292,3,3.822508202465518e-06,17.997048971951664,7,VB,VBN,1,2,0,stun,3,14.28552263109145,42.856567893274345,0,0,0,1,0,1,0,0,1,0,-1
sting,7307,3,3.822508202465518e-06,17.997048971951664,5,NN,NN,1,1,0,sting,2,14.870485131812606,29.74097026362521,1,0,0,1,0,1,0,0,0,0,-1
mysterious,7313,3,3.822508202465518e-06,17.997048971951664,10,JJ,JJ,1,1,0,mysteri,3,14.28552263109145,42.856567893274345,0,1,0,1,0,0,0,0,1,0,0
policeman,7319,3,3.822508202465518e-06,17.997048971951664,9,NN,NN,1,1,0,policeman,3,14.28552263109145,42.856567893274345,0,0,0,1,0,0,1,0,0,1,1
livid,7335,3,3.822508202465518e-06,17.997048971951664,5,JJ,JJ,1,1,0,livid,2,14.870485131812606,29.74097026362521,1,0,1,0,0,1,0,0,0,0,-1
destination,7345,3,3.822508202465518e-06,17.997048971951664,11,NN,NN,1,1,0,destin,3,14.28552263109145,42.856567893274345,0,1,0,1,1,0,1,1,1,0,1
agreeing,7352,3,3.822508202465518e-06,17.997048971951664,8,VB,VBG,1,1,0,agre,3,14.28552263109145,42.856567893274345,0,0,0,0,0,0,1,0,0,1,1
turmoil,7357,3,3.822508202465518e-06,17.997048971951664,7,NN,NN,1,1,0,turmoil,3,14.28552263109145,42.856567893274345,1,0,0,1,0,1,0,1,0,0,-1
piles,7361,3,3.822508202465518e-06,17.997048971951664,5,NN,NNS,1,1,0,pile,2,14.870485131812606,29.74097026362521,0,0,1,0,0,1,0,0,0,0,-1
bleeding,7365,3,3.822508202465518e-06,17.997048971951664,8,VB,VBG,1,1,0,bleed,3,14.28552263109145,42.856567893274345,0,0,1,1,0,1,0,1,0,0,-1
resigned,7368,3,3.822508202465518e-06,17.997048971951664,8,VB,VBD,1,1,0,resign,3,14.28552263109145,42.856567893274345,0,0,0,0,0,1,0,1,0,0,-1
pray,7375,3,3.822508202465518e-06,17.997048971951664,4,VB,NN,2,3,0,pray,3,14.28552263109145,42.856567893274345,0,1,0,1,1,0,1,0,1,1,1
pry,7392,3,3.822508202465518e-06,17.997048971951664,3,JJ,JJ,3,3,0,pri,3,14.28552263109145,42.856567893274345,1,1,0,0,0,1,0,0,0,1,-1
mediator,7436,3,3.822508202465518e-06,17.997048971951664,8,NN,NN,1,1,0,mediat,3,14.28552263109145,42.856567893274345,0,1,0,0,0,0,1,0,0,1,1
spat,7451,3,3.822508202465518e-06,17.997048971951664,4,VB,VBD,2,2,0,spat,3,14.28552263109145,42.856567893274345,1,0,0,0,0,1,0,0,0,0,-1
dispute,7452,3,3.822508202465518e-06,17.997048971951664,7,NN,NN,1,1,0,disput,3,14.28552263109145,42.856567893274345,1,0,0,0,0,1,0,0,0,0,-1
congress,7477,3,3.822508202465518e-06,17.997048971951664,8,NN,NNP,1,2,0,congress,3,14.28552263109145,42.856567893274345,0,0,1,0,0,0,0,0,0,1,0
feces,7501,3,3.822508202465518e-06,17.997048971951664,5,NN,NNS,1,1,0,fece,3,14.28552263109145,42.856567893274345,0,0,1,0,0,1,0,0,0,0,-1
generosity,7527,3,3.822508202465518e-06,17.997048971951664,10,NN,NN,1,1,0,generos,3,14.28552263109145,42.856567893274345,0,1,0,0,1,0,1,0,1,1,1
shining,7530,3,3.822508202465518e-06,17.997048971951664,7,NN,NNP,2,2,0,shine,3,14.28552263109145,42.856567893274345,0,1,0,0,1,0,1,0,0,0,1
jackpot,7536,3,3.822508202465518e-06,17.997048971951664,7,NN,NN,1,1,0,jackpot,3,14.28552263109145,42.856567893274345,0,1,0,0,1,0,1,0,1,0,1
inheritance,7541,3,3.822508202465518e-06,17.997048971951664,11,NN,NN,1,1,0,inherit,3,14.28552263109145,42.856567893274345,0,1,0,0,1,0,1,0,1,1,1
income,7563,3,3.822508202465518e-06,17.997048971951664,6,NN,NN,1,1,0,incom,3,14.28552263109145,42.856567893274345,0,1,0,0,1,1,1,1,0,1,0
sloppy,7578,3,3.822508202465518e-06,17.997048971951664,6,JJ,JJ,1,1,0,sloppi,3,14.28552263109145,42.856567893274345,0,0,1,0,0,1,0,0,0,0,-1
seriousness,7581,3,3.822508202465518e-06,17.997048971951664,11,NN,NN,1,1,0,serious,3,14.28552263109145,42.856567893274345,0,0,0,1,0,0,0,1,0,0,0
furious,7587,3,3.822508202465518e-06,17.997048971951664,7,JJ,JJ,1,1,0,furiou,3,14.28552263109145,42.856567893274345,1,0,1,0,0,1,0,0,0,0,-1
visitor,7591,3,3.822508202465518e-06,17.997048971951664,7,NN,NN,1,2,0,visitor,3,14.28552263109145,42.856567893274345,0,1,0,0,1,0,1,0,0,0,1
paddle,7602,3,3.822508202465518e-06,17.997048971951664,6,NN,NN,2,2,0,paddl,3,14.28552263109145,42.856567893274345,0,1,0,0,0,0,1,0,0,0,1
improvement,7604,3,3.822508202465518e-06,17.997048971951664,11,NN,NN,1,2,0,improv,3,14.28552263109145,42.856567893274345,0,0,0,0,1,0,1,0,0,1,1
delegate,7605,3,3.822508202465518e-06,17.997048971951664,8,VB,VB,1,1,0,deleg,3,14.28552263109145,42.856567893274345,0,0,0,0,0,0,1,0,0,1,1
raid,7606,3,3.822508202465518e-06,17.997048971951664,4,NN,NN,2,2,0,raid,3,14.28552263109145,42.856567893274345,1,0,0,1,0,1,0,0,1,0,-1
poverty,7610,3,3.822508202465518e-06,17.997048971951664,7,NN,NN,1,1,0,poverti,3,14.28552263109145,42.856567893274345,1,0,1,1,0,1,0,1,0,0,-1
hopeless,7616,3,3.822508202465518e-06,17.997048971951664,8,JJ,JJ,3,3,0,hopeless,3,14.28552263109145,42.856567893274345,0,0,0,1,0,1,0,1,0,0,-1
asylum,7633,3,3.822508202465518e-06,17.997048971951664,6,NN,NN,1,2,0,asylum,3,14.28552263109145,42.856567893274345,0,0,0,1,0,1,0,0,0,0,-1
welcomed,7636,3,3.822508202465518e-06,17.997048971951664,8,VB,VBN,1,2,0,welcom,3,14.28552263109145,42.856567893274345,0,0,0,0,1,0,1,0,0,0,1
lamb,7637,3,3.822508202465518e-06,17.997048971951664,4,NN,NN,1,1,0,lamb,1,15.870485131812606,15.870485131812606,0,0,0,0,1,0,1,0,0,1,1
rabid,7640,3,3.822508202465518e-06,17.997048971951664,5,JJ,JJ,3,3,0,rabid,3,14.28552263109145,42.856567893274345,1,1,1,1,0,1,0,1,0,0,-1
jeopardy,7656,3,3.822508202465518e-06,17.997048971951664,8,NN,NN,1,1,0,jeopardi,3,14.28552263109145,42.856567893274345,0,1,0,1,0,1,0,0,0,0,-1
abuse,7679,3,3.822508202465518e-06,17.997048971951664,5,VB,VB,2,2,0,abus,3,14.28552263109145,42.856567893274345,1,0,1,1,0,1,0,1,0,0,-1
warrior,7690,3,3.822508202465518e-06,17.997048971951664,7,JJ,JJ,2,2,0,warrior,3,14.28552263109145,42.856567893274345,1,0,0,1,0,0,1,0,0,0,1
mighty,7692,3,3.822508202465518e-06,17.997048971951664,6,NN,NNP,2,2,0,mighti,3,14.28552263109145,42.856567893274345,1,0,0,1,1,0,1,0,0,1,1
surrender,7708,3,3.822508202465518e-06,17.997048971951664,9,VB,NN,2,3,0,surrend,3,14.28552263109145,42.856567893274345,0,0,0,1,0,1,0,1,0,0,-1
blindly,7710,3,3.822508202465518e-06,17.997048971951664,7,RB,RB,1,1,0,blindli,3,14.28552263109145,42.856567893274345,0,0,0,0,0,1,0,1,0,0,-1
opponent,7716,3,3.822508202465518e-06,17.997048971951664,8,NN,NN,1,1,0,oppon,3,14.28552263109145,42.856567893274345,1,1,1,1,0,1,0,0,0,0,-1
refused,7721,3,3.822508202465518e-06,17.997048971951664,7,VB,VBD,1,2,0,refus,3,14.28552263109145,42.856567893274345,0,0,0,0,0,1,0,1,0,0,-1
surprisingly,7722,3,3.822508202465518e-06,17.997048971951664,12,RB,RB,2,2,0,surprisingli,3,14.28552263109145,42.856567893274345,0,1,0,0,0,0,0,0,1,0,0
sterile,7729,3,3.822508202465518e-06,17.997048971951664,7,IN,IN,3,3,0,steril,3,14.28552263109145,42.856567893274345,0,0,0,0,0,1,0,1,0,0,-1
structure,7731,3,3.822508202465518e-06,17.997048971951664,9,NN,NN,1,1,0,structur,3,14.28552263109145,42.856567893274345,0,0,0,0,0,0,1,0,0,1,1
trophy,7739,3,3.822508202465518e-06,17.997048971951664,6,NN,NN,1,1,0,trophi,3,14.28552263109145,42.856567893274345,0,1,0,0,1,0,1,0,1,1,1
shady,7740,3,3.822508202465518e-06,17.997048971951664,5,NN,JJ,2,3,0,shadi,3,14.28552263109145,42.856567893274345,0,0,0,1,0,1,0,0,0,0,-1
playground,7745,3,3.822508202465518e-06,17.997048971951664,10,NN,NN,1,1,0,playground,3,14.28552263109145,42.856567893274345,0,1,0,0,1,0,1,0,1,1,1
marvelous,7748,3,3.822508202465518e-06,17.997048971951664,9,JJ,JJ,1,1,0,marvel,3,14.28552263109145,42.856567893274345,0,0,0,0,1,0,1,0,0,0,1
flounder,7754,3,3.822508202465518e-06,17.997048971951664,8,NN,NN,2,2,0,flounder,3,14.28552263109145,42.856567893274345,0,0,0,1,0,1,0,1,0,0,-1
destruction,7756,3,3.822508202465518e-06,17.997048971951664,11,NN,NN,1,1,0,destruct,3,14.28552263109145,42.856567893274345,1,0,0,0,0,1,0,0,0,0,-1
rubbish,7758,3,3.822508202465518e-06,17.997048971951664,7,NN,NN,2,2,0,rubbish,3,14.28552263109145,42.856567893274345,0,0,1,0,0,1,0,0,0,0,-1
discretion,7774,3,3.822508202465518e-06,17.997048971951664,10,NN,NN,1,1,0,discret,3,14.28552263109145,42.856567893274345,0,1,0,0,0,0,1,0,0,1,1
incompetent,7780,3,3.822508202465518e-06,17.997048971951664,11,JJ,JJ,2,2,0,incompet,3,14.28552263109145,42.856567893274345,1,0,0,0,0,1,0,1,0,0,-1
gore,7781,3,3.822508202465518e-06,17.997048971951664,4,NN,NNP,1,1,0,gore,3,14.28552263109145,42.856567893274345,1,0,1,1,0,1,0,1,0,0,-1
mule,7788,3,3.822508202465518e-06,17.997048971951664,4,NN,NN,1,1,0,mule,3,14.28552263109145,42.856567893274345,1,0,0,0,0,1,0,0,0,1,-1
resignation,7813,3,3.822508202465518e-06,17.997048971951664,11,NN,NN,1,1,0,resign,3,14.28552263109145,42.856567893274345,0,0,0,0,0,1,0,1,1,0,-1
greatness,7825,3,3.822508202465518e-06,17.997048971951664,9,NN,NN,1,1,0,great,3,14.28552263109145,42.856567893274345,0,0,0,0,1,0,1,0,1,1,1
conservation,7830,3,3.822508202465518e-06,17.997048971951664,12,NN,NN,1,1,0,conserv,3,14.28552263109145,42.856567893274345,0,1,0,0,0,0,1,0,0,1,1
lush,7838,3,3.822508202465518e-06,17.997048971951664,4,JJ,JJ,1,1,0,lush,3,14.28552263109145,42.856567893274345,0,0,1,0,0,1,0,1,0,0,-1
excellence,7842,3,3.822508202465518e-06,17.997048971951664,10,NN,NN,1,1,0,excel,3,14.28552263109145,42.856567893274345,0,0,1,0,1,0,1,0,0,1,1
fitting,7858,3,3.822508202465518e-06,17.997048971951664,7,JJ,JJ,3,3,0,fit,3,14.28552263109145,42.856567893274345,0,1,0,0,1,0,1,0,0,1,1
fanfare,7862,3,3.822508202465518e-06,17.997048971951664,7,NN,NN,1,1,0,fanfar,3,14.28552263109145,42.856567893274345,0,1,0,0,1,0,1,0,1,0,1
irritating,7867,3,3.822508202465518e-06,17.997048971951664,10,JJ,JJ,3,3,0,irrit,3,14.28552263109145,42.856567893274345,1,0,1,0,0,1,0,0,0,0,-1
witty,7870,3,3.822508202465518e-06,17.997048971951664,5,JJ,JJ,2,2,0,witti,3,14.28552263109145,42.856567893274345,0,0,0,0,1,0,1,0,0,0,1
stark,7899,3,3.822508202465518e-06,17.997048971951664,5,NN,NNP,1,1,0,stark,3,14.28552263109145,42.856567893274345,0,0,0,0,0,1,0,0,0,1,-1
destroying,7903,3,3.822508202465518e-06,17.997048971951664,10,VB,VBG,1,1,0,destroy,3,14.28552263109145,42.856567893274345,1,0,0,1,0,1,0,1,0,0,-1
ghetto,7923,3,3.822508202465518e-06,17.997048971951664,6,NN,NN,1,1,0,ghetto,3,14.28552263109145,42.856567893274345,0,0,1,1,0,1,0,1,0,0,-1
filthy,7932,3,3.822508202465518e-06,17.997048971951664,6,JJ,JJ,1,1,0,filthi,3,14.28552263109145,42.856567893274345,0,0,1,0,0,1,0,0,0,0,-1
torpedo,7948,3,3.822508202465518e-06,17.997048971951664,7,NN,NN,2,2,0,torpedo,3,14.28552263109145,42.856567893274345,1,0,0,0,0,1,0,0,0,0,-1
credibility,7962,3,3.822508202465518e-06,17.997048971951664,11,NN,NN,1,1,0,credibl,3,14.28552263109145,42.856567893274345,0,0,0,0,0,0,1,0,0,1,1
rack,7971,3,3.822508202465518e-06,17.997048971951664,4,NN,NN,1,1,0,rack,3,14.28552263109145,42.856567893274345,0,0,0,0,0,1,0,1,0,0,-1
sadly,7974,3,3.822508202465518e-06,17.997048971951664,5,RB,RB,1,1,0,sadli,3,14.28552263109145,42.856567893274345,0,0,0,0,0,1,0,1,0,0,-1
enforce,7982,3,3.822508202465518e-06,17.997048971951664,7,VB,VB,1,1,0,enforc,3,14.28552263109145,42.856567893274345,1,0,0,1,0,1,1,0,0,0,0
throne,7994,3,3.822508202465518e-06,17.997048971951664,6,NN,NN,1,1,0,throne,3,14.28552263109145,42.856567893274345,0,0,0,0,0,0,1,0,0,1,1
fearless,8005,3,3.822508202465518e-06,17.997048971951664,8,JJ,JJ,2,2,0,fearless,3,14.28552263109145,42.856567893274345,0,0,0,1,0,0,1,0,0,0,1
vulgar,8006,3,3.822508202465518e-06,17.997048971951664,6,JJ,JJ,2,2,0,vulgar,3,14.28552263109145,42.856567893274345,0,0,1,0,0,1,0,0,0,0,-1
withdraw,8022,3,3.822508202465518e-06,17.997048971951664,8,VB,VB,1,2,0,withdraw,3,14.28552263109145,42.856567893274345,0,0,0,0,0,1,0,1,0,0,-1
magnificent,8030,3,3.822508202465518e-06,17.997048971951664,11,JJ,JJ,3,3,0,magnific,3,14.28552263109145,42.856567893274345,0,1,0,0,1,0,1,0,1,1,1
excluded,8051,3,3.822508202465518e-06,17.997048971951664,8,VB,VBD,1,1,0,exclud,3,14.28552263109145,42.856567893274345,0,0,1,0,0,1,0,1,0,0,-1
clearance,8069,3,3.822508202465518e-06,17.997048971951664,9,NN,NN,1,1,0,clearanc,3,14.28552263109145,42.856567893274345,0,0,0,0,0,0,1,0,0,1,1
radiation,8078,3,3.822508202465518e-06,17.997048971951664,9,NN,NN,1,1,0,radiat,3,14.28552263109145,42.856567893274345,0,0,0,1,0,1,0,0,0,0,-1
lowly,8093,3,3.822508202465518e-06,17.997048971951664,5,RB,RB,2,2,0,lowli,3,14.28552263109145,42.856567893274345,0,0,0,0,0,1,0,1,0,0,-1
intrigue,8141,3,3.822508202465518e-06,17.997048971951664,8,NN,NN,1,1,0,intrigu,3,14.28552263109145,42.856567893274345,0,1,0,1,0,1,0,0,1,0,-1
outstanding,8145,3,3.822508202465518e-06,17.997048971951664,11,JJ,JJ,1,1,0,outstand,3,14.28552263109145,42.856567893274345,0,0,0,0,1,1,1,0,0,0,0
saint,8150,3,3.822508202465518e-06,17.997048971951664,5,NN,NN,1,2,0,saint,3,14.28552263109145,42.856567893274345,0,1,0,0,1,0,1,0,1,1,1
bias,8166,3,3.822508202465518e-06,17.997048971951664,4,NN,NN,1,2,0,bia,3,14.28552263109145,42.856567893274345,1,0,0,0,0,1,0,0,0,0,-1
greedy,8172,3,3.822508202465518e-06,17.997048971951664,6,VB,VBP,2,2,0,greedi,3,14.28552263109145,42.856567893274345,0,0,1,0,0,1,0,0,0,0,-1
dominate,8181,3,3.822508202465518e-06,17.997048971951664,8,VB,VB,1,2,0,domin,2,14.870485131812606,29.74097026362521,1,0,0,1,0,1,1,0,0,0,0
bliss,8193,3,3.822508202465518e-06,17.997048971951664,5,JJ,JJ,2,2,0,bliss,3,14.28552263109145,42.856567893274345,0,0,0,0,1,0,1,0,0,0,1
bouquet,8225,3,3.822508202465518e-06,17.997048971951664,7,NN,NN,1,1,0,bouquet,3,14.28552263109145,42.856567893274345,0,0,0,0,1,0,1,0,0,1,1
crude,8243,3,3.822508202465518e-06,17.997048971951664,5,JJ,JJ,2,2,0,crude,3,14.28552263109145,42.856567893274345,0,0,1,0,0,1,0,0,0,0,-1
genuine,8244,3,3.822508202465518e-06,17.997048971951664,7,JJ,JJ,1,1,0,genuin,3,14.28552263109145,42.856567893274345,0,0,0,0,0,0,1,0,0,1,1
radiant,8260,3,3.822508202465518e-06,17.997048971951664,7,JJ,JJ,3,3,0,radiant,3,14.28552263109145,42.856567893274345,0,0,0,0,1,0,1,0,0,0,1
misconduct,8263,3,3.822508202465518e-06,17.997048971951664,10,NN,NN,1,1,0,misconduct,3,14.28552263109145,42.856567893274345,0,0,1,0,0,1,0,0,0,0,-1
chaotic,8271,3,3.822508202465518e-06,17.997048971951664,7,JJ,JJ,1,1,0,chaotic,3,14.28552263109145,42.856567893274345,1,0,0,0,0,1,0,0,0,0,-1
khan,8272,3,3.822508202465518e-06,17.997048971951664,4,NN,NNP,1,1,0,khan,3,14.28552263109145,42.856567893274345,0,0,0,1,0,0,0,0,0,1,0
forbid,8277,3,3.822508202465518e-06,17.997048971951664,6,NN,NN,2,2,0,forbid,3,14.28552263109145,42.856567893274345,0,0,0,0,0,1,0,1,0,0,-1
amicable,8279,3,3.822508202465518e-06,17.997048971951664,8,JJ,JJ,1,1,0,amic,3,14.28552263109145,42.856567893274345,0,0,0,0,1,0,1,0,0,0,1
delay,8294,3,3.822508202465518e-06,17.997048971951664,5,NN,NN,1,1,0,delay,3,14.28552263109145,42.856567893274345,1,0,1,1,0,1,0,1,0,0,-1
grin,8297,3,3.822508202465518e-06,17.997048971951664,4,NN,NN,2,2,0,grin,3,14.28552263109145,42.856567893274345,0,1,0,0,1,0,1,0,1,1,1
untie,8302,3,3.822508202465518e-06,17.997048971951664,5,VB,VB,2,2,0,unti,3,14.28552263109145,42.856567893274345,0,0,0,0,1,1,1,0,0,0,0
entertained,8307,3,3.822508202465518e-06,17.997048971951664,11,VB,VBD,1,2,0,entertain,3,14.28552263109145,42.856567893274345,0,0,0,0,1,0,1,0,0,0,1
crawl,8311,3,3.822508202465518e-06,17.997048971951664,5,JJ,JJ,3,3,0,crawl,3,14.28552263109145,42.856567893274345,0,0,1,0,0,1,0,0,0,0,-1
splitting,8314,3,3.822508202465518e-06,17.997048971951664,9,VB,VBG,1,1,0,split,3,14.28552263109145,42.856567893274345,0,0,0,0,0,1,0,1,0,0,-1
spank,8321,3,3.822508202465518e-06,17.997048971951664,5,VB,VB,1,2,0,spank,3,14.28552263109145,42.856567893274345,1,0,0,1,0,1,0,1,0,0,-1
kite,8325,3,3.822508202465518e-06,17.997048971951664,4,NN,JJ,2,3,0,kite,2,14.870485131812606,29.74097026362521,0,0,1,0,0,1,0,0,0,0,-1
blackmail,8343,3,3.822508202465518e-06,17.997048971951664,9,VB,VB,2,2,0,blackmail,3,14.28552263109145,42.856567893274345,1,0,0,1,0,1,0,0,0,0,-1
addresses,8364,3,3.822508202465518e-06,17.997048971951664,9,NN,NNS,2,2,0,address,3,14.28552263109145,42.856567893274345,0,1,0,0,0,0,1,0,0,0,1
rating,8383,3,3.822508202465518e-06,17.997048971951664,6,NN,NN,1,1,0,rate,3,14.28552263109145,42.856567893274345,1,0,0,1,0,1,0,1,0,0,-1
content,8387,3,3.822508202465518e-06,17.997048971951664,7,NN,NN,1,1,0,content,3,14.28552263109145,42.856567893274345,0,0,0,0,1,0,1,0,0,1,1
coop,8411,3,3.822508202465518e-06,17.997048971951664,4,NN,NN,1,1,0,coop,3,14.28552263109145,42.856567893274345,1,0,1,0,0,1,0,0,0,0,-1
painfully,8414,3,3.822508202465518e-06,17.997048971951664,9,RB,RB,1,1,0,pain,3,14.28552263109145,42.856567893274345,0,0,0,0,0,1,0,1,0,0,-1
delight,8415,3,3.822508202465518e-06,17.997048971951664,7,NN,NN,2,2,0,delight,3,14.28552263109145,42.856567893274345,0,1,0,0,1,0,1,0,0,0,1
reinforcement,8426,3,3.822508202465518e-06,17.997048971951664,13,NN,NN,1,1,0,reinforc,2,14.870485131812606,29.74097026362521,0,0,0,0,0,0,1,0,0,1,1
meaningless,8453,3,3.822508202465518e-06,17.997048971951664,11,NN,NN,2,2,0,meaningless,3,14.28552263109145,42.856567893274345,0,0,0,0,0,1,0,1,0,0,-1
prey,8454,3,3.822508202465518e-06,17.997048971951664,4,VB,VB,2,2,0,prey,3,14.28552263109145,42.856567893274345,0,0,0,1,0,1,0,0,0,0,-1
crowning,8468,3,3.822508202465518e-06,17.997048971951664,8,VB,VBG,1,1,0,crown,2,14.870485131812606,29.74097026362521,0,1,0,0,1,0,1,0,1,1,1
assist,8480,3,3.822508202465518e-06,17.997048971951664,6,VB,VB,1,1,0,assist,3,14.28552263109145,42.856567893274345,0,0,0,0,0,0,1,0,0,1,1
fungus,8490,3,3.822508202465518e-06,17.997048971951664,6,NN,NN,1,1,0,fungu,2,14.870485131812606,29.74097026362521,0,0,1,0,0,1,0,0,0,0,-1
rod,8501,3,3.822508202465518e-06,17.997048971951664,3,NN,NN,1,1,0,rod,3,14.28552263109145,42.856567893274345,0,0,0,1,0,0,1,0,0,1,1
brighten,8512,3,3.822508202465518e-06,17.997048971951664,8,VB,VB,1,2,0,brighten,3,14.28552263109145,42.856567893274345,0,0,0,0,1,0,1,0,1,1,1
destructive,8520,3,3.822508202465518e-06,17.997048971951664,11,JJ,JJ,1,1,0,destruct,3,14.28552263109145,42.856567893274345,1,0,1,1,0,1,0,0,0,0,-1
miraculous,8525,3,3.822508202465518e-06,17.997048971951664,10,JJ,JJ,1,1,0,miracul,3,14.28552263109145,42.856567893274345,0,0,0,0,1,0,1,0,1,0,1
accusation,8529,3,3.822508202465518e-06,17.997048971951664,10,NN,NN,1,1,0,accus,3,14.28552263109145,42.856567893274345,1,0,1,0,0,1,0,0,0,0,-1
growl,8530,3,3.822508202465518e-06,17.997048971951664,5,NN,NN,2,2,0,growl,3,14.28552263109145,42.856567893274345,1,0,0,1,0,1,0,0,0,0,-1
affection,8535,3,3.822508202465518e-06,17.997048971951664,9,NN,NN,1,1,0,affect,3,14.28552263109145,42.856567893274345,0,0,0,0,1,0,1,0,0,1,1
endangered,8556,3,3.822508202465518e-06,17.997048971951664,10,VB,VBD,2,2,0,endang,3,14.28552263109145,42.856567893274345,0,0,0,1,0,1,0,0,0,0,-1
triumph,8557,3,3.822508202465518e-06,17.997048971951664,7,NN,NN,1,1,0,triumph,2,14.870485131812606,29.74097026362521,0,1,0,0,1,0,1,0,0,0,1
infection,8559,3,3.822508202465518e-06,17.997048971951664,9,NN,NN,1,1,0,infect,3,14.28552263109145,42.856567893274345,0,0,0,1,0,1,0,0,0,0,-1
cane,8561,3,3.822508202465518e-06,17.997048971951664,4,NN,NN,1,1,0,cane,3,14.28552263109145,42.856567893274345,1,0,0,1,0,0,0,0,0,0,0
predicament,8594,3,3.822508202465518e-06,17.997048971951664,11,NN,NN,1,1,0,predica,3,14.28552263109145,42.856567893274345,0,0,0,1,0,1,0,0,0,0,-1
depth,8597,3,3.822508202465518e-06,17.997048971951664,5,NN,NN,1,1,0,depth,3,14.28552263109145,42.856567893274345,0,0,0,0,0,0,1,0,0,1,1
burial,8603,3,3.822508202465518e-06,17.997048971951664,6,NN,NN,1,1,0,burial,3,14.28552263109145,42.856567893274345,1,0,0,1,0,1,0,1,0,0,-1
chairman,8604,3,3.822508202465518e-06,17.997048971951664,8,NN,NN,1,1,0,chairman,3,14.28552263109145,42.856567893274345,0,0,0,0,0,0,1,0,0,1,1
engaging,8608,3,3.822508202465518e-06,17.997048971951664,8,VB,VBG,1,1,0,engag,3,14.28552263109145,42.856567893274345,0,0,0,0,1,0,1,0,0,1,1
twinkle,8624,3,3.822508202465518e-06,17.997048971951664,7,NN,NN,2,2,0,twinkl,3,14.28552263109145,42.856567893274345,0,1,0,0,1,0,1,0,0,0,1
orgasm,8630,3,3.822508202465518e-06,17.997048971951664,6,VB,NN,2,3,0,orgasm,3,14.28552263109145,42.856567893274345,0,1,0,0,1,0,1,0,0,0,1
hail,8643,3,3.822508202465518e-06,17.997048971951664,4,NN,NNP,1,1,0,hail,3,14.28552263109145,42.856567893274345,0,0,0,0,0,1,1,0,0,1,0
subordinate,8674,3,3.822508202465518e-06,17.997048971951664,11,NN,NN,1,1,0,subordin,3,14.28552263109145,42.856567893274345,0,0,0,1,0,1,0,0,0,0,-1
holocaust,8675,3,3.822508202465518e-06,17.997048971951664,9,NN,NNP,1,2,0,holocaust,3,14.28552263109145,42.856567893274345,1,0,1,1,0,1,0,1,0,0,-1
disability,8680,3,3.822508202465518e-06,17.997048971951664,10,NN,NN,1,1,0,disabl,3,14.28552263109145,42.856567893274345,0,0,0,0,0,1,0,1,0,0,-1
remarkable,8692,3,3.822508202465518e-06,17.997048971951664,10,JJ,JJ,1,1,0,remark,3,14.28552263109145,42.856567893274345,0,0,0,0,1,0,1,0,1,1,1
virgin,8712,3,3.822508202465518e-06,17.997048971951664,6,NN,NN,2,2,0,virgin,3,14.28552263109145,42.856567893274345,0,0,0,0,0,0,1,0,0,1,1
punishing,8715,3,3.822508202465518e-06,17.997048971951664,9,VB,VBG,1,1,0,punish,3,14.28552263109145,42.856567893274345,1,0,0,1,0,1,0,1,0,0,-1
sham,8743,3,3.822508202465518e-06,17.997048971951664,4,NN,NN,1,1,0,sham,3,14.28552263109145,42.856567893274345,1,0,1,0,0,1,0,0,0,0,-1
slaughterhouse,8757,3,3.822508202465518e-06,17.997048971951664,14,NN,NN,1,1,0,slaughterhous,3,14.28552263109145,42.856567893274345,1,0,1,1,0,1,0,1,0,0,-1
lunatic,8801,3,3.822508202465518e-06,17.997048971951664,7,JJ,JJ,2,2,0,lunat,3,14.28552263109145,42.856567893274345,1,0,1,1,0,1,0,0,0,0,-1
interior,8813,3,3.822508202465518e-06,17.997048971951664,8,JJ,JJ,2,2,0,interior,3,14.28552263109145,42.856567893274345,0,0,1,0,0,0,1,0,0,1,1
boredom,8823,3,3.822508202465518e-06,17.997048971951664,7,NN,NN,2,2,0,boredom,3,14.28552263109145,42.856567893274345,0,0,0,0,0,1,0,1,0,0,-1
ransom,8827,3,3.822508202465518e-06,17.997048971951664,6,NN,NN,2,2,0,ransom,3,14.28552263109145,42.856567893274345,1,0,0,1,0,1,0,0,0,0,-1
fuss,8855,3,3.822508202465518e-06,17.997048971951664,4,NN,NN,1,1,0,fuss,3,14.28552263109145,42.856567893274345,1,0,0,0,0,1,0,1,0,0,-1
harmony,8857,3,3.822508202465518e-06,17.997048971951664,7,NN,NN,1,1,0,harmoni,3,14.28552263109145,42.856567893274345,0,0,0,0,1,0,1,0,0,1,1
appreciation,8875,3,3.822508202465518e-06,17.997048971951664,12,NN,NN,1,1,0,appreci,3,14.28552263109145,42.856567893274345,0,0,0,0,1,0,1,0,0,1,1
moral,8882,3,3.822508202465518e-06,17.997048971951664,5,JJ,JJ,1,1,0,moral,3,14.28552263109145,42.856567893274345,1,0,0,0,0,0,1,0,0,1,1
upright,8888,3,3.822508202465518e-06,17.997048971951664,7,VB,VBD,2,2,0,upright,3,14.28552263109145,42.856567893274345,0,0,0,0,0,0,1,0,0,1,1
courtship,8894,3,3.822508202465518e-06,17.997048971951664,9,NN,NN,1,1,0,courtship,3,14.28552263109145,42.856567893274345,0,1,0,0,1,0,1,0,0,1,1
gambler,8923,3,3.822508202465518e-06,17.997048971951664,7,NN,NN,1,1,0,gambler,3,14.28552263109145,42.856567893274345,0,1,0,0,0,1,0,0,1,0,-1
bankrupt,8928,3,3.822508202465518e-06,17.997048971951664,8,JJ,JJ,3,3,0,bankrupt,3,14.28552263109145,42.856567893274345,0,0,0,1,0,1,0,1,0,0,-1
bounty,8944,2,2.5483388016436784e-06,18.58201147267282,6,NN,NN,1,1,0,bounti,2,14.870485131812606,29.74097026362521,0,1,0,0,1,0,1,0,0,1,1
obscene,8954,2,2.5483388016436784e-06,18.58201147267282,7,JJ,JJ,2,2,0,obscen,2,14.870485131812606,29.74097026362521,0,0,1,0,0,1,0,0,0,0,-1
unspeakable,8956,2,2.5483388016436784e-06,18.58201147267282,11,JJ,JJ,1,1,0,unspeak,2,14.870485131812606,29.74097026362521,0,0,0,1,0,1,0,0,0,0,-1
gratitude,8981,2,2.5483388016436784e-06,18.58201147267282,9,NN,NN,1,1,0,gratitud,2,14.870485131812606,29.74097026362521,0,0,0,0,1,0,1,0,0,0,1
dastardly,8987,2,2.5483388016436784e-06,18.58201147267282,9,RB,RB,1,1,0,dastardli,2,14.870485131812606,29.74097026362521,1,0,1,1,0,1,0,0,0,0,-1
thankful,8989,2,2.5483388016436784e-06,18.58201147267282,8,JJ,JJ,1,1,0,thank,2,14.870485131812606,29.74097026362521,0,0,0,0,1,0,1,0,0,0,1
ungrateful,9000,2,2.5483388016436784e-06,18.58201147267282,10,JJ,JJ,1,1,0,ungrat,2,14.870485131812606,29.74097026362521,1,0,1,0,0,1,0,0,0,0,-1
cannon,9014,2,2.5483388016436784e-06,18.58201147267282,6,NN,NN,1,1,0,cannon,2,14.870485131812606,29.74097026362521,1,0,0,1,0,1,0,0,0,0,-1
infestation,9020,2,2.5483388016436784e-06,18.58201147267282,11,NN,NN,1,1,0,infest,2,14.870485131812606,29.74097026362521,0,0,1,1,0,1,0,0,0,0,-1
immoral,9027,2,2.5483388016436784e-06,18.58201147267282,7,JJ,JJ,1,1,0,immor,2,14.870485131812606,29.74097026362521,1,0,1,1,0,1,0,1,0,0,-1
sweets,9030,2,2.5483388016436784e-06,18.58201147267282,6,NN,NNS,1,1,0,sweet,2,14.870485131812606,29.74097026362521,0,1,0,0,1,0,1,0,0,0,1
console,9041,2,2.5483388016436784e-06,18.58201147267282,7,VB,VB,1,2,0,consol,2,14.870485131812606,29.74097026362521,0,0,0,0,0,0,1,1,0,0,1
swig,9045,2,2.5483388016436784e-06,18.58201147267282,4,NN,NN,1,1,0,swig,2,14.870485131812606,29.74097026362521,0,0,1,0,0,1,0,0,0,0,-1
plague,9048,2,2.5483388016436784e-06,18.58201147267282,6,NN,NN,1,1,0,plagu,2,14.870485131812606,29.74097026362521,0,0,1,1,0,1,0,1,0,0,-1
denying,9061,2,2.5483388016436784e-06,18.58201147267282,7,VB,VBG,1,1,0,deni,2,14.870485131812606,29.74097026362521,0,1,0,0,0,1,0,0,0,0,-1
insanity,9073,2,2.5483388016436784e-06,18.58201147267282,8,NN,NN,1,1,0,insan,2,14.870485131812606,29.74097026362521,1,0,1,1,0,1,0,1,0,0,-1
rotting,9078,2,2.5483388016436784e-06,18.58201147267282,7,VB,VBG,1,1,0,rot,2,14.870485131812606,29.74097026362521,0,0,1,0,0,1,0,0,0,0,-1
despise,9086,2,2.5483388016436784e-06,18.58201147267282,7,NN,NN,2,2,0,despis,2,14.870485131812606,29.74097026362521,1,0,1,0,0,1,0,0,0,0,-1
inferior,9104,2,2.5483388016436784e-06,18.58201147267282,8,JJ,JJ,1,1,0,inferior,2,14.870485131812606,29.74097026362521,0,0,0,0,0,1,0,1,0,0,-1
equality,9108,2,2.5483388016436784e-06,18.58201147267282,8,NN,NN,1,1,0,equal,2,14.870485131812606,29.74097026362521,0,0,0,0,1,0,1,0,0,1,1
negotiate,9115,2,2.5483388016436784e-06,18.58201147267282,9,VB,VB,1,1,0,negoti,2,14.870485131812606,29.74097026362521,0,0,0,0,0,0,1,0,0,1,1
pornography,9119,2,2.5483388016436784e-06,18.58201147267282,11,NN,NN,1,1,0,pornographi,2,14.870485131812606,29.74097026362521,0,0,1,0,0,1,0,0,0,0,-1
nun,9130,2,2.5483388016436784e-06,18.58201147267282,3,NN,NN,1,1,0,nun,2,14.870485131812606,29.74097026362521,0,0,0,0,0,1,0,0,0,1,-1
obituary,9152,2,2.5483388016436784e-06,18.58201147267282,8,JJ,JJ,1,1,0,obituari,2,14.870485131812606,29.74097026362521,0,0,0,0,0,1,0,1,0,0,-1
doom,9153,2,2.5483388016436784e-06,18.58201147267282,4,NN,NN,1,2,0,doom,2,14.870485131812606,29.74097026362521,0,0,0,1,0,1,0,0,0,0,-1
ecstatic,9156,2,2.5483388016436784e-06,18.58201147267282,8,JJ,JJ,1,1,0,ecstat,2,14.870485131812606,29.74097026362521,0,1,0,0,1,0,1,0,1,0,1
shepherd,9185,2,2.5483388016436784e-06,18.58201147267282,8,NN,NNP,1,1,0,shepherd,2,14.870485131812606,29.74097026362521,0,0,0,0,0,0,1,0,0,1,1
civilization,9204,2,2.5483388016436784e-06,18.58201147267282,12,NN,NN,1,1,0,civil,2,14.870485131812606,29.74097026362521,0,0,0,0,0,0,1,0,0,1,1
improvise,9210,2,2.5483388016436784e-06,18.58201147267282,9,VB,VB,1,1,0,improvis,2,14.870485131812606,29.74097026362521,0,1,0,0,0,0,1,0,1,0,1
outrage,9224,2,2.5483388016436784e-06,18.58201147267282,7,NN,NN,1,1,0,outrag,2,14.870485131812606,29.74097026362521,1,0,1,0,0,1,0,0,0,0,-1
dementia,9232,2,2.5483388016436784e-06,18.58201147267282,8,NN,NN,1,1,0,dementia,2,14.870485131812606,29.74097026362521,0,0,0,1,0,1,0,1,0,0,-1
scrutinize,9265,2,2.5483388016436784e-06,18.58201147267282,10,VB,VB,1,1,0,scrutin,2,14.870485131812606,29.74097026362521,0,1,0,0,0,1,0,0,0,0,-1
palsy,9280,2,2.5483388016436784e-06,18.58201147267282,5,NN,NN,1,1,0,palsi,2,14.870485131812606,29.74097026362521,0,0,1,1,0,1,0,1,0,0,-1
terrorism,9282,2,2.5483388016436784e-06,18.58201147267282,9,NN,NN,1,1,0,terror,2,14.870485131812606,29.74097026362521,1,0,1,1,0,1,0,1,0,0,-1
inconvenient,9291,2,2.5483388016436784e-06,18.58201147267282,12,NN,NN,1,2,0,inconveni,2,14.870485131812606,29.74097026362521,1,0,1,0,0,1,0,1,0,0,-1
usher,9292,2,2.5483388016436784e-06,18.58201147267282,5,NN,NNP,1,1,0,usher,2,14.870485131812606,29.74097026362521,0,0,0,0,0,0,1,0,0,1,1
defect,9293,2,2.5483388016436784e-06,18.58201147267282,6,NN,NN,2,2,0,defect,2,14.870485131812606,29.74097026362521,1,0,0,0,0,1,0,0,0,0,-1
shun,9295,2,2.5483388016436784e-06,18.58201147267282,4,NN,NN,2,2,0,shun,2,14.870485131812606,29.74097026362521,1,0,1,0,0,1,0,1,0,0,-1
neutral,9314,2,2.5483388016436784e-06,18.58201147267282,7,JJ,JJ,1,1,0,neutral,2,14.870485131812606,29.74097026362521,0,1,0,0,0,0,0,0,0,1,0
wimpy,9327,2,2.5483388016436784e-06,18.58201147267282,5,JJ,JJ,2,2,0,wimpi,2,14.870485131812606,29.74097026362521,1,0,1,1,0,1,0,1,0,0,-1
immature,9339,2,2.5483388016436784e-06,18.58201147267282,8,JJ,JJ,1,1,0,immatur,2,14.870485131812606,29.74097026362521,0,1,0,0,0,1,0,0,0,0,-1
mutiny,9348,2,2.5483388016436784e-06,18.58201147267282,6,JJ,JJ,2,2,0,mutini,2,14.870485131812606,29.74097026362521,1,0,1,1,0,1,0,0,1,0,-1
elf,9378,2,2.5483388016436784e-06,18.58201147267282,3,NN,NN,1,1,0,elf,2,14.870485131812606,29.74097026362521,1,0,1,1,0,0,0,0,0,0,0
howl,9390,2,2.5483388016436784e-06,18.58201147267282,4,NN,NN,2,2,0,howl,1,15.870485131812606,15.870485131812606,1,0,1,1,0,1,0,1,1,0,-1
demise,9391,2,2.5483388016436784e-06,18.58201147267282,6,NN,NN,1,1,0,demis,2,14.870485131812606,29.74097026362521,0,0,0,1,0,1,0,1,0,0,-1
oppressive,9427,2,2.5483388016436784e-06,18.58201147267282,10,JJ,JJ,1,1,0,oppress,2,14.870485131812606,29.74097026362521,1,0,1,1,0,1,0,1,0,0,-1
ravenous,9438,2,2.5483388016436784e-06,18.58201147267282,8,JJ,JJ,1,1,0,raven,2,14.870485131812606,29.74097026362521,1,0,0,1,0,1,0,1,0,0,-1
bloated,9450,2,2.5483388016436784e-06,18.58201147267282,7,JJ,JJ,2,2,0,bloat,2,14.870485131812606,29.74097026362521,0,0,1,0,0,1,0,0,0,0,-1
greeting,9473,2,2.5483388016436784e-06,18.58201147267282,8,VB,VBG,1,1,0,greet,2,14.870485131812606,29.74097026362521,0,0,0,0,0,0,1,0,1,0,1
hardy,9480,2,2.5483388016436784e-06,18.58201147267282,5,JJ,JJ,2,2,0,hardi,2,14.870485131812606,29.74097026362521,0,0,0,0,1,0,1,0,0,1,1
retaliation,9481,2,2.5483388016436784e-06,18.58201147267282,11,NN,NN,1,1,0,retali,2,14.870485131812606,29.74097026362521,1,0,0,1,0,1,0,0,0,0,-1
cutter,9485,2,2.5483388016436784e-06,18.58201147267282,6,NN,NN,1,1,0,cutter,2,14.870485131812606,29.74097026362521,0,0,0,1,0,1,0,0,0,0,-1
spectacular,9489,2,2.5483388016436784e-06,18.58201147267282,11,JJ,JJ,2,2,0,spectacular,2,14.870485131812606,29.74097026362521,0,1,0,0,0,0,0,0,1,0,0
robbery,9503,2,2.5483388016436784e-06,18.58201147267282,7,NN,NN,1,1,0,robberi,2,14.870485131812606,29.74097026362521,1,0,1,1,0,1,0,1,0,0,-1
rebellion,9505,2,2.5483388016436784e-06,18.58201147267282,9,NN,NN,1,1,0,rebellion,2,14.870485131812606,29.74097026362521,1,0,1,1,0,0,0,0,0,0,0
ministry,9520,2,2.5483388016436784e-06,18.58201147267282,8,NN,NN,1,1,0,ministri,2,14.870485131812606,29.74097026362521,0,0,0,0,1,0,1,0,0,1,1
insurrection,9522,2,2.5483388016436784e-06,18.58201147267282,12,NN,NN,1,1,0,insurrect,2,14.870485131812606,29.74097026362521,1,0,0,0,0,1,0,0,0,0,-1
companion,9532,2,2.5483388016436784e-06,18.58201147267282,9,NN,NN,1,1,0,companion,2,14.870485131812606,29.74097026362521,0,0,0,0,1,0,1,0,0,1,1
wrongly,9541,2,2.5483388016436784e-06,18.58201147267282,7,RB,RB,1,1,0,wrongli,2,14.870485131812606,29.74097026362521,1,0,0,1,0,1,0,1,0,0,-1
mistaken,9580,2,2.5483388016436784e-06,18.58201147267282,8,VB,VBN,1,1,0,mistaken,2,14.870485131812606,29.74097026362521,0,0,0,1,0,1,0,0,0,0,-1
established,9608,2,2.5483388016436784e-06,18.58201147267282,11,JJ,JJ,2,2,0,establish,2,14.870485131812606,29.74097026362521,0,0,0,0,1,0,1,0,0,0,1
tactics,9610,2,2.5483388016436784e-06,18.58201147267282,7,NN,NNS,1,1,0,tactic,2,14.870485131812606,29.74097026362521,0,0,0,1,0,0,0,0,0,1,0
censor,9616,2,2.5483388016436784e-06,18.58201147267282,6,JJ,JJ,1,1,0,censor,1,15.870485131812606,15.870485131812606,1,0,1,1,0,1,0,0,0,1,-1
violently,9628,2,2.5483388016436784e-06,18.58201147267282,9,RB,RB,1,1,0,violent,2,14.870485131812606,29.74097026362521,1,0,1,1,0,1,0,1,0,0,-1
poke,9630,2,2.5483388016436784e-06,18.58201147267282,4,VB,VB,1,1,0,poke,2,14.870485131812606,29.74097026362521,0,1,0,0,0,1,0,0,0,0,-1
pungent,9640,2,2.5483388016436784e-06,18.58201147267282,7,JJ,JJ,1,1,0,pungent,2,14.870485131812606,29.74097026362521,0,0,1,0,0,1,0,0,0,0,-1
grizzly,9649,2,2.5483388016436784e-06,18.58201147267282,7,NN,NN,1,2,0,grizzli,2,14.870485131812606,29.74097026362521,0,0,0,1,0,1,0,0,0,0,-1
buffet,9657,2,2.5483388016436784e-06,18.58201147267282,6,NN,NN,1,1,0,buffet,2,14.870485131812606,29.74097026362521,1,0,0,0,0,1,0,0,0,0,-1
havoc,9661,2,2.5483388016436784e-06,18.58201147267282,5,NN,NN,1,1,0,havoc,2,14.870485131812606,29.74097026362521,1,0,0,1,0,1,0,0,0,0,-1
cuddle,9669,2,2.5483388016436784e-06,18.58201147267282,6,VB,VB,1,1,0,cuddl,2,14.870485131812606,29.74097026362521,0,0,0,0,1,0,1,0,0,1,1
clerical,9675,2,2.5483388016436784e-06,18.58201147267282,8,JJ,JJ,1,1,0,cleric,2,14.870485131812606,29.74097026362521,0,0,0,0,0,0,1,0,0,1,1
unemployed,9677,2,2.5483388016436784e-06,18.58201147267282,10,JJ,JJ,1,1,0,unemploy,2,14.870485131812606,29.74097026362521,0,0,0,1,0,1,0,1,0,0,-1
festive,9686,2,2.5483388016436784e-06,18.58201147267282,7,JJ,JJ,1,1,0,festiv,2,14.870485131812606,29.74097026362521,0,0,0,0,1,0,1,0,0,0,1
tolerate,9693,2,2.5483388016436784e-06,18.58201147267282,8,VB,VB,1,1,0,toler,2,14.870485131812606,29.74097026362521,1,0,0,0,0,1,0,1,0,0,-1
blatant,9710,2,2.5483388016436784e-06,18.58201147267282,7,JJ,JJ,1,1,0,blatant,2,14.870485131812606,29.74097026362521,1,0,1,0,0,1,0,0,0,0,-1
expertise,9724,2,2.5483388016436784e-06,18.58201147267282,9,NN,NN,1,1,0,expertis,2,14.870485131812606,29.74097026362521,0,0,0,0,0,0,1,0,0,1,1
enliven,9727,2,2.5483388016436784e-06,18.58201147267282,7,VB,VB,1,1,0,enliven,2,14.870485131812606,29.74097026362521,0,0,0,0,1,0,1,0,1,1,1
glory,9728,2,2.5483388016436784e-06,18.58201147267282,5,NN,NN,1,1,0,glori,2,14.870485131812606,29.74097026362521,0,1,0,0,1,0,1,0,0,1,1
ambition,9739,2,2.5483388016436784e-06,18.58201147267282,8,NN,NN,1,1,0,ambit,2,14.870485131812606,29.74097026362521,0,1,0,0,1,0,1,0,0,1,1
poisoning,9760,2,2.5483388016436784e-06,18.58201147267282,9,NN,NN,1,1,0,poison,2,14.870485131812606,29.74097026362521,0,0,1,0,0,1,0,0,0,0,-1
delusion,9773,2,2.5483388016436784e-06,18.58201147267282,8,NN,NN,1,1,0,delus,2,14.870485131812606,29.74097026362521,1,0,0,1,0,1,0,1,0,0,-1
superstar,9774,2,2.5483388016436784e-06,18.58201147267282,9,NN,NN,1,1,0,superstar,2,14.870485131812606,29.74097026362521,0,0,0,0,1,0,1,0,0,1,1
betray,9781,2,2.5483388016436784e-06,18.58201147267282,6,VB,VB,1,1,0,betray,2,14.870485131812606,29.74097026362521,1,0,1,0,0,1,0,1,1,0,-1
credible,9798,2,2.5483388016436784e-06,18.58201147267282,8,JJ,JJ,1,1,0,credibl,2,14.870485131812606,29.74097026362521,0,0,0,0,0,0,1,0,0,1,1
armed,9820,2,2.5483388016436784e-06,18.58201147267282,5,VB,VBN,1,1,0,arm,2,14.870485131812606,29.74097026362521,1,0,0,1,0,1,1,0,0,0,0
slander,9847,2,2.5483388016436784e-06,18.58201147267282,7,JJ,JJR,2,2,0,slander,1,15.870485131812606,15.870485131812606,1,0,1,0,0,1,0,0,0,0,-1
soothing,9874,2,2.5483388016436784e-06,18.58201147267282,8,NN,NN,2,2,0,sooth,2,14.870485131812606,29.74097026362521,0,0,0,0,1,0,1,0,0,1,1
grumpy,9879,2,2.5483388016436784e-06,18.58201147267282,6,NN,NN,1,1,0,grumpi,2,14.870485131812606,29.74097026362521,1,0,1,0,0,1,0,1,0,0,-1
defended,9888,2,2.5483388016436784e-06,18.58201147267282,8,VB,VBD,1,2,0,defend,2,14.870485131812606,29.74097026362521,0,0,0,0,0,0,1,0,0,1,1
stinking,9897,2,2.5483388016436784e-06,18.58201147267282,8,VB,VBG,1,1,0,stink,2,14.870485131812606,29.74097026362521,0,0,1,0,0,1,0,0,0,0,-1
humility,9906,2,2.5483388016436784e-06,18.58201147267282,8,NN,NN,1,1,0,humil,2,14.870485131812606,29.74097026362521,0,0,0,0,0,0,1,0,0,1,1
diversion,9920,2,2.5483388016436784e-06,18.58201147267282,9,NN,NN,1,1,0,divers,2,14.870485131812606,29.74097026362521,0,0,0,0,0,0,1,0,1,0,1
unhealthy,9922,2,2.5483388016436784e-06,18.58201147267282,9,JJ,JJ,1,1,0,unhealthi,2,14.870485131812606,29.74097026362521,0,0,1,1,0,1,0,1,0,0,-1
stripped,9933,2,2.5483388016436784e-06,18.58201147267282,8,VB,VBD,1,2,0,strip,2,14.870485131812606,29.74097026362521,1,1,1,1,0,1,0,1,0,0,-1
infant,9937,2,2.5483388016436784e-06,18.58201147267282,6,NN,NN,1,1,0,infant,2,14.870485131812606,29.74097026362521,0,1,0,1,1,0,1,0,1,0,1
catastrophe,9940,2,2.5483388016436784e-06,18.58201147267282,11,NN,NN,1,1,0,catastroph,2,14.870485131812606,29.74097026362521,1,0,1,1,0,1,0,1,1,0,-1
nutritious,9948,2,2.5483388016436784e-06,18.58201147267282,10,JJ,JJ,1,1,0,nutriti,2,14.870485131812606,29.74097026362521,0,0,0,0,0,0,1,1,0,0,1
resistance,9958,2,2.5483388016436784e-06,18.58201147267282,10,NN,NN,1,1,0,resist,2,14.870485131812606,29.74097026362521,1,0,0,0,0,1,0,0,0,0,-1
mosquito,9970,2,2.5483388016436784e-06,18.58201147267282,8,NN,NN,1,1,0,mosquito,2,14.870485131812606,29.74097026362521,1,0,1,0,0,1,0,0,0,0,-1
insecure,9972,2,2.5483388016436784e-06,18.58201147267282,8,JJ,JJ,2,2,0,insecur,2,14.870485131812606,29.74097026362521,1,0,0,1,0,1,0,1,0,0,-1
protector,9983,2,2.5483388016436784e-06,18.58201147267282,9,NN,NN,1,1,0,protector,2,14.870485131812606,29.74097026362521,0,0,0,0,0,0,1,0,0,1,1
outburst,9992,2,2.5483388016436784e-06,18.58201147267282,8,JJ,JJ,2,2,0,outburst,2,14.870485131812606,29.74097026362521,1,0,0,1,1,1,1,1,1,0,0
screech,10029,2,2.5483388016436784e-06,18.58201147267282,7,VB,VBP,1,1,0,screech,2,14.870485131812606,29.74097026362521,0,0,0,1,0,1,0,0,1,0,-1
alien,10034,2,2.5483388016436784e-06,18.58201147267282,5,JJ,JJ,2,2,0,alien,2,14.870485131812606,29.74097026362521,0,0,1,1,0,1,0,0,0,0,-1
mourning,10051,2,2.5483388016436784e-06,18.58201147267282,8,VB,VBG,1,1,0,mourn,2,14.870485131812606,29.74097026362521,0,0,0,0,0,1,0,1,0,0,-1
growling,10057,2,2.5483388016436784e-06,18.58201147267282,8,VB,VBG,1,1,0,growl,2,14.870485131812606,29.74097026362521,1,0,1,1,0,1,0,0,0,0,-1
unstable,10058,2,2.5483388016436784e-06,18.58201147267282,8,JJ,JJ,1,1,0,unstabl,2,14.870485131812606,29.74097026362521,0,0,0,1,0,1,0,0,1,0,-1
fleece,10069,2,2.5483388016436784e-06,18.58201147267282,6,NN,NN,2,2,0,fleec,2,14.870485131812606,29.74097026362521,1,0,1,0,0,1,0,1,0,0,-1
scandal,10078,2,2.5483388016436784e-06,18.58201147267282,7,NN,NN,1,1,0,scandal,2,14.870485131812606,29.74097026362521,0,0,0,1,0,1,0,0,0,0,-1
madman,10079,2,2.5483388016436784e-06,18.58201147267282,6,NN,NN,1,1,0,madman,2,14.870485131812606,29.74097026362521,1,0,0,1,0,1,0,0,0,0,-1
antidote,10104,2,2.5483388016436784e-06,18.58201147267282,8,NN,NN,1,1,0,antidot,2,14.870485131812606,29.74097026362521,0,1,0,0,0,0,1,0,0,1,1
prostitution,10138,2,2.5483388016436784e-06,18.58201147267282,12,NN,NN,1,1,0,prostitut,2,14.870485131812606,29.74097026362521,0,0,1,0,0,1,0,1,0,0,-1
hype,10139,2,2.5483388016436784e-06,18.58201147267282,4,NN,NN,1,1,0,hype,2,14.870485131812606,29.74097026362521,0,1,0,0,0,1,0,0,0,0,-1
primer,10147,2,2.5483388016436784e-06,18.58201147267282,6,NN,NN,1,1,0,primer,1,15.870485131812606,15.870485131812606,0,0,0,0,0,0,1,0,0,1,1
dull,10155,2,2.5483388016436784e-06,18.58201147267282,4,JJ,JJ,1,1,0,dull,2,14.870485131812606,29.74097026362521,0,0,0,0,0,1,0,1,0,0,-1
believing,10161,2,2.5483388016436784e-06,18.58201147267282,9,VB,VBG,1,1,0,believ,2,14.870485131812606,29.74097026362521,0,0,0,0,0,0,1,0,0,1,1
salute,10187,2,2.5483388016436784e-06,18.58201147267282,6,NN,NN,1,1,0,salut,2,14.870485131812606,29.74097026362521,0,0,0,0,1,0,1,0,0,0,1
oath,10188,2,2.5483388016436784e-06,18.58201147267282,4,NN,NN,1,1,0,oath,1,15.870485131812606,15.870485131812606,0,0,0,0,0,0,1,0,0,1,1
attest,10196,2,2.5483388016436784e-06,18.58201147267282,6,VB,VB,1,1,0,attest,2,14.870485131812606,29.74097026362521,0,0,0,0,0,0,1,0,0,1,1
mace,10199,2,2.5483388016436784e-06,18.58201147267282,4,NN,NN,1,1,0,mace,1,15.870485131812606,15.870485131812606,0,0,0,1,0,1,0,0,0,0,-1
humiliate,10227,2,2.5483388016436784e-06,18.58201147267282,9,NN,NN,2,2,0,humili,2,14.870485131812606,29.74097026362521,1,0,0,0,0,1,0,1,0,0,-1
obey,10229,2,2.5483388016436784e-06,18.58201147267282,4,VB,VB,1,1,0,obey,2,14.870485131812606,29.74097026362521,0,0,0,1,0,0,0,0,0,1,0
teasing,10242,2,2.5483388016436784e-06,18.58201147267282,7,VB,VBG,1,1,0,teas,1,15.870485131812606,15.870485131812606,1,0,0,1,0,1,0,0,0,0,-1
nuisance,10244,2,2.5483388016436784e-06,18.58201147267282,8,NN,NN,1,1,0,nuisanc,2,14.870485131812606,29.74097026362521,1,0,0,0,0,1,0,0,0,0,-1
touchy,10246,2,2.5483388016436784e-06,18.58201147267282,6,JJ,JJ,2,2,0,touchi,2,14.870485131812606,29.74097026362521,1,0,0,0,0,1,0,1,0,0,-1
salvation,10258,2,2.5483388016436784e-06,18.58201147267282,9,NN,NN,1,2,0,salvat,2,14.870485131812606,29.74097026362521,0,1,0,0,1,0,1,0,0,1,1
aggression,10260,2,2.5483388016436784e-06,18.58201147267282,10,NN,NN,1,1,0,aggress,2,14.870485131812606,29.74097026362521,1,0,0,1,0,1,0,0,0,0,-1
betrayal,10290,2,2.5483388016436784e-06,18.58201147267282,8,NN,NN,1,2,0,betray,2,14.870485131812606,29.74097026362521,1,0,1,0,0,1,0,1,0,0,-1
revolution,10298,2,2.5483388016436784e-06,18.58201147267282,10,NN,NN,1,2,0,revolut,2,14.870485131812606,29.74097026362521,1,1,0,1,0,1,1,1,1,0,0
readiness,10308,2,2.5483388016436784e-06,18.58201147267282,9,NN,NN,1,1,0,readi,2,14.870485131812606,29.74097026362521,0,1,0,0,1,0,1,0,0,1,1
surround,10313,2,2.5483388016436784e-06,18.58201147267282,8,NN,NN,1,1,0,surround,2,14.870485131812606,29.74097026362521,0,1,0,0,0,1,1,0,0,0,0
prevail,10327,2,2.5483388016436784e-06,18.58201147267282,7,NN,NNP,2,2,0,prevail,2,14.870485131812606,29.74097026362521,0,1,0,0,1,0,1,0,0,0,1
injustice,10335,2,2.5483388016436784e-06,18.58201147267282,9,NN,NN,1,1,0,injustic,2,14.870485131812606,29.74097026362521,1,0,0,0,0,1,0,0,0,0,-1
rags,10348,2,2.5483388016436784e-06,18.58201147267282,4,NN,NN,1,2,0,rag,2,14.870485131812606,29.74097026362521,0,0,1,0,0,1,0,0,0,0,-1
snare,10350,2,2.5483388016436784e-06,18.58201147267282,5,NN,NN,2,2,0,snare,2,14.870485131812606,29.74097026362521,0,0,0,1,0,1,0,0,0,0,-1
momentum,10355,2,2.5483388016436784e-06,18.58201147267282,8,NN,NN,1,1,0,momentum,2,14.870485131812606,29.74097026362521,0,1,0,0,0,0,1,0,0,0,1
noble,10365,2,2.5483388016436784e-06,18.58201147267282,5,JJ,JJ,1,1,0,nobl,2,14.870485131812606,29.74097026362521,0,0,0,0,0,0,1,0,0,1,1
ambassador,10367,2,2.5483388016436784e-06,18.58201147267282,10,NN,NN,1,1,0,ambassador,2,14.870485131812606,29.74097026362521,0,0,0,0,0,0,1,0,0,1,1
halter,10376,2,2.5483388016436784e-06,18.58201147267282,6,JJ,JJR,2,2,0,halter,2,14.870485131812606,29.74097026362521,1,0,0,1,0,1,0,1,0,0,-1
blessing,10382,2,2.5483388016436784e-06,18.58201147267282,8,NN,NN,1,1,0,bless,2,14.870485131812606,29.74097026362521,0,1,0,0,1,0,1,0,0,1,1
hating,10396,2,2.5483388016436784e-06,18.58201147267282,6,VB,VBG,1,1,0,hate,2,14.870485131812606,29.74097026362521,1,0,0,0,0,1,0,0,0,0,-1
egregious,10398,2,2.5483388016436784e-06,18.58201147267282,9,JJ,JJ,2,2,0,egregi,1,15.870485131812606,15.870485131812606,1,0,1,0,0,1,0,0,0,0,-1
hateful,10399,2,2.5483388016436784e-06,18.58201147267282,7,JJ,JJ,2,2,0,hate,2,14.870485131812606,29.74097026362521,1,0,1,1,0,1,0,1,0,0,-1
shack,10405,2,2.5483388016436784e-06,18.58201147267282,5,NN,NN,1,2,0,shack,2,14.870485131812606,29.74097026362521,0,0,1,0,0,1,0,1,0,0,-1
luxurious,10412,2,2.5483388016436784e-06,18.58201147267282,9,JJ,JJ,1,1,0,luxuri,2,14.870485131812606,29.74097026362521,0,0,0,0,1,0,1,0,0,0,1
demon,10459,2,2.5483388016436784e-06,18.58201147267282,5,NN,NNP,1,1,0,demon,2,14.870485131812606,29.74097026362521,1,0,1,1,0,1,0,1,0,0,-1
checklist,10470,2,2.5483388016436784e-06,18.58201147267282,9,NN,NN,1,1,0,checklist,2,14.870485131812606,29.74097026362521,0,0,0,0,0,0,1,0,0,1,1
depressing,10471,2,2.5483388016436784e-06,18.58201147267282,10,JJ,JJ,2,2,0,depress,2,14.870485131812606,29.74097026362521,0,0,1,0,0,1,0,1,0,0,-1
grumble,10475,2,2.5483388016436784e-06,18.58201147267282,7,JJ,JJ,1,1,0,grumbl,1,15.870485131812606,15.870485131812606,1,0,1,0,0,1,0,0,0,0,-1
gag,10505,2,2.5483388016436784e-06,18.58201147267282,3,JJ,JJ,2,2,0,gag,2,14.870485131812606,29.74097026362521,0,0,1,0,0,1,0,0,0,0,-1
contempt,10519,2,2.5483388016436784e-06,18.58201147267282,8,NN,NN,1,1,0,contempt,2,14.870485131812606,29.74097026362521,1,0,1,1,0,1,0,0,0,0,-1
defective,10522,2,2.5483388016436784e-06,18.58201147267282,9,JJ,JJ,1,1,0,defect,2,14.870485131812606,29.74097026362521,0,0,1,0,0,1,0,0,0,0,-1
sanctuary,10526,2,2.5483388016436784e-06,18.58201147267282,9,NN,NN,1,1,0,sanctuari,2,14.870485131812606,29.74097026362521,0,1,0,0,1,0,1,0,0,1,1
warranty,10537,2,2.5483388016436784e-06,18.58201147267282,8,NN,NN,1,1,0,warranti,2,14.870485131812606,29.74097026362521,0,0,0,0,0,0,1,0,0,1,1
seniority,10541,2,2.5483388016436784e-06,18.58201147267282,9,NN,NN,1,1,0,senior,2,14.870485131812606,29.74097026362521,0,0,0,0,0,0,1,0,0,1,1
glitter,10565,2,2.5483388016436784e-06,18.58201147267282,7,NN,NN,1,2,0,glitter,2,14.870485131812606,29.74097026362521,0,0,1,0,1,0,0,0,0,0,0
fiesta,10566,2,2.5483388016436784e-06,18.58201147267282,6,NN,NN,1,1,0,fiesta,2,14.870485131812606,29.74097026362521,0,1,0,0,1,0,1,0,1,1,1
barbaric,10567,2,2.5483388016436784e-06,18.58201147267282,8,JJ,JJ,1,1,0,barbar,2,14.870485131812606,29.74097026362521,1,0,1,1,0,1,0,0,0,0,-1
impotence,10576,2,2.5483388016436784e-06,18.58201147267282,9,JJ,JJ,2,2,0,impot,2,14.870485131812606,29.74097026362521,1,0,0,1,0,1,0,1,0,0,-1
respectable,10577,2,2.5483388016436784e-06,18.58201147267282,11,JJ,JJ,1,1,0,respect,2,14.870485131812606,29.74097026362521,0,0,0,0,0,0,1,0,0,1,1
hypocrite,10581,2,2.5483388016436784e-06,18.58201147267282,9,NN,NN,1,2,0,hypocrit,1,15.870485131812606,15.870485131812606,0,0,1,0,0,1,0,0,0,0,-1
goblin,10611,2,2.5483388016436784e-06,18.58201147267282,6,NN,NN,1,2,0,goblin,2,14.870485131812606,29.74097026362521,0,0,1,1,0,1,0,0,0,0,-1
haunt,10633,2,2.5483388016436784e-06,18.58201147267282,5,VB,VB,1,2,0,haunt,2,14.870485131812606,29.74097026362521,0,0,0,1,0,1,0,0,0,0,-1
grim,10642,2,2.5483388016436784e-06,18.58201147267282,4,JJ,JJ,1,1,0,grim,2,14.870485131812606,29.74097026362521,1,1,1,1,0,1,0,1,0,0,-1
discriminate,10657,2,2.5483388016436784e-06,18.58201147267282,12,VB,VB,1,1,0,discrimin,2,14.870485131812606,29.74097026362521,1,0,0,0,0,1,0,1,0,0,-1
lesser,10676,2,2.5483388016436784e-06,18.58201147267282,6,JJ,JJR,2,2,0,lesser,2,14.870485131812606,29.74097026362521,0,0,1,0,0,1,0,0,0,0,-1
cholera,10684,2,2.5483388016436784e-06,18.58201147267282,7,NN,NN,1,1,0,cholera,2,14.870485131812606,29.74097026362521,0,0,1,1,0,1,0,1,0,0,-1
vivid,10693,2,2.5483388016436784e-06,18.58201147267282,5,JJ,JJ,2,2,0,vivid,2,14.870485131812606,29.74097026362521,0,0,0,0,1,0,1,0,0,0,1
strangle,10696,2,2.5483388016436784e-06,18.58201147267282,8,VB,VB,1,1,0,strangl,2,14.870485131812606,29.74097026362521,1,0,1,1,0,1,0,1,1,0,-1
rot,10698,2,2.5483388016436784e-06,18.58201147267282,3,NN,NN,2,2,0,rot,2,14.870485131812606,29.74097026362521,0,0,1,1,0,1,0,1,0,0,-1
downfall,10710,2,2.5483388016436784e-06,18.58201147267282,8,NN,NN,1,1,0,downfal,2,14.870485131812606,29.74097026362521,0,0,0,1,0,1,0,1,0,0,-1
gonorrhea,10728,2,2.5483388016436784e-06,18.58201147267282,9,NN,NN,1,2,0,gonorrhea,2,14.870485131812606,29.74097026362521,1,0,1,1,0,1,0,1,0,0,-1
completion,10748,2,2.5483388016436784e-06,18.58201147267282,10,NN,NN,1,1,0,complet,2,14.870485131812606,29.74097026362521,0,1,0,0,1,0,1,0,0,0,1
lumpy,10751,2,2.5483388016436784e-06,18.58201147267282,5,JJ,JJ,2,2,0,lumpi,2,14.870485131812606,29.74097026362521,0,0,1,0,0,1,0,0,0,0,-1
hoot,10774,2,2.5483388016436784e-06,18.58201147267282,4,NN,NN,1,1,0,hoot,2,14.870485131812606,29.74097026362521,1,0,1,0,0,1,0,0,0,0,-1
lava,10784,2,2.5483388016436784e-06,18.58201147267282,4,NN,NN,1,1,0,lava,2,14.870485131812606,29.74097026362521,1,0,0,1,0,1,0,0,0,0,-1
irrational,10814,2,2.5483388016436784e-06,18.58201147267282,10,JJ,JJ,1,1,0,irrat,2,14.870485131812606,29.74097026362521,0,0,1,1,0,1,0,0,0,0,-1
abnormal,10830,2,2.5483388016436784e-06,18.58201147267282,8,JJ,JJ,1,1,0,abnorm,2,14.870485131812606,29.74097026362521,0,0,1,0,0,1,0,0,0,0,-1
healing,10836,2,2.5483388016436784e-06,18.58201147267282,7,JJ,JJ,2,2,0,heal,2,14.870485131812606,29.74097026362521,0,1,0,0,1,0,1,0,0,1,1
eradicate,10878,2,2.5483388016436784e-06,18.58201147267282,9,VB,VB,1,1,0,erad,2,14.870485131812606,29.74097026362521,1,0,0,0,0,1,0,0,0,0,-1
sarcasm,10903,2,2.5483388016436784e-06,18.58201147267282,7,NN,NN,1,1,0,sarcasm,2,14.870485131812606,29.74097026362521,1,0,1,0,0,1,0,1,0,0,-1
stalk,10904,2,2.5483388016436784e-06,18.58201147267282,5,NN,NNP,2,2,0,stalk,2,14.870485131812606,29.74097026362521,0,0,0,1,0,1,0,0,0,0,-1
grandchildren,10920,2,2.5483388016436784e-06,18.58201147267282,13,NN,NNS,1,1,0,grandchildren,2,14.870485131812606,29.74097026362521,0,1,0,0,1,0,1,0,0,1,1
counsel,10921,2,2.5483388016436784e-06,18.58201147267282,7,NN,NN,1,1,0,counsel,2,14.870485131812606,29.74097026362521,0,0,0,0,0,0,1,0,0,1,1
prejudice,10928,2,2.5483388016436784e-06,18.58201147267282,9,NN,NN,1,1,0,prejudic,2,14.870485131812606,29.74097026362521,1,0,0,0,0,1,0,0,0,0,-1
darkness,10940,2,2.5483388016436784e-06,18.58201147267282,8,NN,NN,1,1,0,dark,2,14.870485131812606,29.74097026362521,1,0,0,1,0,1,0,1,0,0,-1
runaway,10969,2,2.5483388016436784e-06,18.58201147267282,7,NN,NNP,1,1,0,runaway,1,15.870485131812606,15.870485131812606,0,0,0,0,0,1,0,1,0,0,-1
swamp,11000,2,2.5483388016436784e-06,18.58201147267282,5,NN,NN,1,1,0,swamp,2,14.870485131812606,29.74097026362521,0,0,1,1,0,1,0,0,0,0,-1
lethal,11007,2,2.5483388016436784e-06,18.58201147267282,6,NN,NNP,1,1,0,lethal,2,14.870485131812606,29.74097026362521,0,0,1,1,0,1,0,1,0,0,-1
patron,11024,2,2.5483388016436784e-06,18.58201147267282,6,NN,NN,1,2,0,patron,2,14.870485131812606,29.74097026362521,0,0,0,0,0,0,1,0,0,1,1
glow,11026,2,2.5483388016436784e-06,18.58201147267282,4,NN,NN,1,1,0,glow,2,14.870485131812606,29.74097026362521,0,1,0,0,1,0,1,0,0,1,1
cuckold,11038,2,2.5483388016436784e-06,18.58201147267282,7,NN,NN,1,1,0,cuckold,1,15.870485131812606,15.870485131812606,0,0,1,0,0,1,0,0,0,0,-1
vow,11054,2,2.5483388016436784e-06,18.58201147267282,3,NN,NN,2,2,0,vow,2,14.870485131812606,29.74097026362521,0,1,0,0,1,0,1,0,0,1,1
cramp,11067,2,2.5483388016436784e-06,18.58201147267282,5,NN,NN,2,2,0,cramp,2,14.870485131812606,29.74097026362521,0,1,0,0,0,1,0,0,0,0,-1
civilized,11069,2,2.5483388016436784e-06,18.58201147267282,9,JJ,JJ,2,2,0,civil,2,14.870485131812606,29.74097026362521,0,0,0,0,1,0,1,0,0,1,1
outhouse,11079,2,2.5483388016436784e-06,18.58201147267282,8,NN,NN,1,1,0,outhous,2,14.870485131812606,29.74097026362521,0,0,1,0,0,1,0,0,0,0,-1
terror,11126,2,2.5483388016436784e-06,18.58201147267282,6,NN,NN,1,1,0,terror,2,14.870485131812606,29.74097026362521,0,0,0,1,0,1,0,0,0,0,-1
menace,11143,2,2.5483388016436784e-06,18.58201147267282,6,NN,NN,1,2,0,menac,2,14.870485131812606,29.74097026362521,1,0,0,1,0,1,0,0,0,0,-1
vengeful,11147,2,2.5483388016436784e-06,18.58201147267282,8,JJ,JJ,2,2,0,veng,2,14.870485131812606,29.74097026362521,1,0,0,1,0,1,0,0,0,0,-1
warned,11186,2,2.5483388016436784e-06,18.58201147267282,6,VB,VBD,1,2,0,warn,2,14.870485131812606,29.74097026362521,0,1,0,1,0,0,0,0,1,0,0
helmet,11198,2,2.5483388016436784e-06,18.58201147267282,6,NN,NN,2,2,0,helmet,2,14.870485131812606,29.74097026362521,0,0,0,1,0,0,1,0,0,0,1
slop,11201,2,2.5483388016436784e-06,18.58201147267282,4,NN,NN,1,1,0,slop,2,14.870485131812606,29.74097026362521,0,0,1,0,0,1,0,0,0,0,-1
dishonest,11238,2,2.5483388016436784e-06,18.58201147267282,9,JJ,JJS,2,2,0,dishonest,2,14.870485131812606,29.74097026362521,1,0,1,0,0,1,0,1,0,0,-1
expose,11306,2,2.5483388016436784e-06,18.58201147267282,6,VB,VB,1,1,0,expos,2,14.870485131812606,29.74097026362521,0,1,0,1,0,0,0,0,0,0,0
muddy,11332,2,2.5483388016436784e-06,18.58201147267282,5,JJ,JJ,2,2,0,muddi,2,14.870485131812606,29.74097026362521,0,0,1,0,0,1,0,0,0,0,-1
defeated,11357,2,2.5483388016436784e-06,18.58201147267282,8,VB,VBN,1,1,0,defeat,2,14.870485131812606,29.74097026362521,0,0,0,0,0,1,0,1,0,0,-1
disagreeing,11368,2,2.5483388016436784e-06,18.58201147267282,11,VB,VBG,1,1,0,disagre,2,14.870485131812606,29.74097026362521,1,0,0,0,0,1,0,1,0,0,-1
disapproval,11371,2,2.5483388016436784e-06,18.58201147267282,11,NN,NN,1,1,0,disapprov,2,14.870485131812606,29.74097026362521,0,0,0,0,0,1,0,1,0,0,-1
battered,11372,2,2.5483388016436784e-06,18.58201147267282,8,JJ,JJ,2,2,0,batter,2,14.870485131812606,29.74097026362521,0,0,0,1,0,1,0,1,0,0,-1
worship,11374,2,2.5483388016436784e-06,18.58201147267282,7,VB,VBP,1,1,0,worship,2,14.870485131812606,29.74097026362521,0,1,0,1,1,0,1,0,0,1,1
leeches,11394,2,2.5483388016436784e-06,18.58201147267282,7,NN,NNS,1,1,0,leech,2,14.870485131812606,29.74097026362521,0,0,1,1,0,1,0,0,0,0,-1
sour,11411,2,2.5483388016436784e-06,18.58201147267282,4,JJ,JJ,2,2,0,sour,2,14.870485131812606,29.74097026362521,0,0,1,0,0,1,0,0,0,0,-1
sacrifices,11424,2,2.5483388016436784e-06,18.58201147267282,10,NN,NNS,2,2,0,sacrific,2,14.870485131812606,29.74097026362521,0,0,1,1,0,1,0,1,0,0,-1
explosive,11462,2,2.5483388016436784e-06,18.58201147267282,9,JJ,JJ,1,1,0,explos,2,14.870485131812606,29.74097026362521,1,1,0,1,0,1,0,0,1,0,-1
wasteful,11464,2,2.5483388016436784e-06,18.58201147267282,8,JJ,JJ,1,1,0,wast,2,14.870485131812606,29.74097026362521,1,0,1,0,0,1,0,1,0,0,-1
unlucky,11469,2,2.5483388016436784e-06,18.58201147267282,7,JJ,JJ,1,1,0,unlucki,2,14.870485131812606,29.74097026362521,1,0,1,1,0,1,0,1,0,0,-1
servant,11481,2,2.5483388016436784e-06,18.58201147267282,7,JJ,JJ,2,2,0,servant,2,14.870485131812606,29.74097026362521,0,0,0,0,0,1,0,0,0,1,-1
exquisite,11488,2,2.5483388016436784e-06,18.58201147267282,9,JJ,JJ,2,2,0,exquisit,2,14.870485131812606,29.74097026362521,0,0,0,0,1,0,1,0,0,0,1
coward,11505,2,2.5483388016436784e-06,18.58201147267282,6,NN,NN,1,1,0,coward,2,14.870485131812606,29.74097026362521,0,0,1,1,0,1,0,1,0,0,-1
supporting,11533,2,2.5483388016436784e-06,18.58201147267282,10,VB,VBG,1,1,0,support,2,14.870485131812606,29.74097026362521,0,0,0,0,0,0,1,0,0,1,1
reprimand,11543,2,2.5483388016436784e-06,18.58201147267282,9,VB,VB,1,2,0,reprimand,2,14.870485131812606,29.74097026362521,1,0,0,0,0,1,0,0,0,0,-1
alerts,11547,2,2.5483388016436784e-06,18.58201147267282,6,NN,NNS,2,2,0,alert,2,14.870485131812606,29.74097026362521,0,1,0,1,0,0,0,0,1,0,0
sensual,11571,2,2.5483388016436784e-06,18.58201147267282,7,JJ,JJ,1,1,0,sensual,2,14.870485131812606,29.74097026362521,0,1,0,0,1,1,1,0,1,1,0
cautious,11579,2,2.5483388016436784e-06,18.58201147267282,8,JJ,JJ,1,1,0,cautiou,2,14.870485131812606,29.74097026362521,0,1,0,1,0,0,1,0,0,1,1
parrot,11583,2,2.5483388016436784e-06,18.58201147267282,6,JJ,JJ,2,2,0,parrot,2,14.870485131812606,29.74097026362521,0,0,1,0,0,1,0,0,0,0,-1
misleading,11587,2,2.5483388016436784e-06,18.58201147267282,10,JJ,JJ,2,2,0,mislead,2,14.870485131812606,29.74097026362521,1,0,1,0,0,1,0,0,0,0,-1
dove,11605,2,2.5483388016436784e-06,18.58201147267282,4,NN,NNP,1,1,0,dove,2,14.870485131812606,29.74097026362521,0,1,0,0,1,0,1,0,0,1,1
radioactive,11613,2,2.5483388016436784e-06,18.58201147267282,11,JJ,JJ,1,1,0,radioact,2,14.870485131812606,29.74097026362521,0,0,0,1,0,1,0,0,0,0,-1
pneumonia,11617,2,2.5483388016436784e-06,18.58201147267282,9,NN,NN,1,1,0,pneumonia,2,14.870485131812606,29.74097026362521,0,0,0,1,0,1,0,0,0,0,-1
harvest,11619,2,2.5483388016436784e-06,18.58201147267282,7,VB,VB,1,2,0,harvest,2,14.870485131812606,29.74097026362521,0,1,0,0,1,0,1,0,0,0,1
owing,11620,2,2.5483388016436784e-06,18.58201147267282,5,VB,VBG,1,1,0,owe,2,14.870485131812606,29.74097026362521,1,1,1,1,0,1,0,1,0,1,-1
cupping,11643,2,2.5483388016436784e-06,18.58201147267282,7,VB,VBG,1,1,0,cup,2,14.870485131812606,29.74097026362521,0,0,1,1,0,1,0,1,0,0,-1
revolting,11658,2,2.5483388016436784e-06,18.58201147267282,9,VB,VBG,1,1,0,revolt,2,14.870485131812606,29.74097026362521,1,0,1,1,0,1,0,0,0,0,-1
principal,11672,2,2.5483388016436784e-06,18.58201147267282,9,NN,NN,1,1,0,princip,2,14.870485131812606,29.74097026362521,0,0,0,0,0,0,1,0,0,1,1
ecstasy,11676,2,2.5483388016436784e-06,18.58201147267282,7,NN,NN,1,1,0,ecstasi,2,14.870485131812606,29.74097026362521,0,1,0,0,1,0,1,0,0,0,1
inconsiderate,11688,2,2.5483388016436784e-06,18.58201147267282,13,JJ,JJ,2,2,0,inconsider,2,14.870485131812606,29.74097026362521,1,0,1,0,0,1,0,1,0,0,-1
austere,11690,2,2.5483388016436784e-06,18.58201147267282,7,RB,RB,1,1,0,auster,2,14.870485131812606,29.74097026362521,0,0,0,1,0,1,0,1,0,0,-1
sharpen,11696,2,2.5483388016436784e-06,18.58201147267282,7,VB,VB,1,1,0,sharpen,2,14.870485131812606,29.74097026362521,1,1,0,0,0,0,0,0,0,0,0
symmetry,11704,2,2.5483388016436784e-06,18.58201147267282,8,JJ,JJ,2,2,0,symmetri,2,14.870485131812606,29.74097026362521,0,0,0,0,1,0,1,0,0,1,1
scientific,11705,2,2.5483388016436784e-06,18.58201147267282,10,JJ,JJ,1,1,0,scientif,2,14.870485131812606,29.74097026362521,0,0,0,0,0,0,1,0,0,1,1
sinister,11706,2,2.5483388016436784e-06,18.58201147267282,8,JJ,JJ,2,2,0,sinist,2,14.870485131812606,29.74097026362521,1,0,1,1,0,1,0,0,0,0,-1
gem,11721,2,2.5483388016436784e-06,18.58201147267282,3,NN,NN,1,1,0,gem,2,14.870485131812606,29.74097026362521,0,0,0,0,1,0,1,0,0,0,1
measles,11723,2,2.5483388016436784e-06,18.58201147267282,7,NN,NNS,1,1,0,measl,2,14.870485131812606,29.74097026362521,0,0,1,1,0,1,0,1,0,0,-1
slavery,11727,2,2.5483388016436784e-06,18.58201147267282,7,NN,NN,1,2,0,slaveri,2,14.870485131812606,29.74097026362521,1,0,1,1,0,1,0,1,0,0,-1
sympathy,11757,2,2.5483388016436784e-06,18.58201147267282,8,JJ,JJ,2,2,0,sympathi,2,14.870485131812606,29.74097026362521,0,0,0,0,0,0,1,1,0,0,1
swelling,11766,2,2.5483388016436784e-06,18.58201147267282,8,VB,VBG,1,1,0,swell,2,14.870485131812606,29.74097026362521,0,0,0,1,0,1,0,0,0,0,-1
frisky,11771,2,2.5483388016436784e-06,18.58201147267282,6,JJ,JJ,1,1,0,friski,2,14.870485131812606,29.74097026362521,0,1,0,0,1,0,1,0,1,0,1
spaniel,11774,2,2.5483388016436784e-06,18.58201147267282,7,NN,NN,1,2,0,spaniel,1,15.870485131812606,15.870485131812606,0,0,0,0,1,0,1,0,0,1,1
kudos,11793,2,2.5483388016436784e-06,18.58201147267282,5,NN,NN,1,2,0,kudo,2,14.870485131812606,29.74097026362521,0,0,0,0,1,0,1,0,0,0,1
disconnect,11795,2,2.5483388016436784e-06,18.58201147267282,10,NN,NN,1,1,0,disconnect,2,14.870485131812606,29.74097026362521,0,0,0,0,0,1,0,1,0,0,-1
annoy,11801,2,2.5483388016436784e-06,18.58201147267282,5,VB,VB,1,1,0,annoy,2,14.870485131812606,29.74097026362521,1,0,1,0,0,1,0,0,0,0,-1
execution,11826,2,2.5483388016436784e-06,18.58201147267282,9,NN,NN,1,1,0,execut,2,14.870485131812606,29.74097026362521,1,0,0,1,0,1,0,1,0,1,-1
threaten,11832,2,2.5483388016436784e-06,18.58201147267282,8,VB,VB,1,2,0,threaten,2,14.870485131812606,29.74097026362521,1,1,0,1,0,1,0,0,0,0,-1
maternal,11854,2,2.5483388016436784e-06,18.58201147267282,8,JJ,JJ,1,1,0,matern,2,14.870485131812606,29.74097026362521,0,1,0,0,0,1,1,0,0,0,0
veteran,11861,2,2.5483388016436784e-06,18.58201147267282,7,NN,NN,1,1,0,veteran,2,14.870485131812606,29.74097026362521,0,0,0,0,0,0,1,0,0,1,1
stain,11862,2,2.5483388016436784e-06,18.58201147267282,5,NN,NN,2,2,0,stain,2,14.870485131812606,29.74097026362521,0,0,1,0,0,1,0,0,0,0,-1
depend,11872,2,2.5483388016436784e-06,18.58201147267282,6,VB,VBP,1,1,0,depend,2,14.870485131812606,29.74097026362521,0,1,0,0,0,0,0,0,0,1,0
pimple,11891,2,2.5483388016436784e-06,18.58201147267282,6,NN,NN,1,1,0,pimpl,2,14.870485131812606,29.74097026362521,0,0,1,0,0,1,0,0,0,0,-1
endless,11896,2,2.5483388016436784e-06,18.58201147267282,7,JJ,JJ,1,1,0,endless,2,14.870485131812606,29.74097026362521,1,0,0,1,1,1,1,1,0,1,0
samurai,11902,2,2.5483388016436784e-06,18.58201147267282,7,NN,NN,1,2,0,samurai,2,14.870485131812606,29.74097026362521,0,0,0,1,0,0,1,0,0,0,1
beam,11924,2,2.5483388016436784e-06,18.58201147267282,4,NN,NN,1,1,0,beam,2,14.870485131812606,29.74097026362521,0,0,0,0,1,0,1,0,0,0,1
formula,11927,2,2.5483388016436784e-06,18.58201147267282,7,NN,NN,1,1,0,formula,2,14.870485131812606,29.74097026362521,0,0,0,0,0,0,1,0,0,1,1
humorous,11938,2,2.5483388016436784e-06,18.58201147267282,8,JJ,JJ,1,1,0,humor,2,14.870485131812606,29.74097026362521,0,0,0,0,1,0,1,0,0,0,1
grasping,11944,2,2.5483388016436784e-06,18.58201147267282,8,VB,VBG,1,1,0,grasp,2,14.870485131812606,29.74097026362521,0,1,0,0,0,1,0,0,0,0,-1
considerate,11950,2,2.5483388016436784e-06,18.58201147267282,11,JJ,JJ,1,1,0,consider,2,14.870485131812606,29.74097026362521,0,0,0,0,0,0,1,0,0,1,1
inflation,11970,2,2.5483388016436784e-06,18.58201147267282,9,NN,NN,1,1,0,inflat,2,14.870485131812606,29.74097026362521,0,0,0,1,0,1,0,0,0,0,-1
precedence,11971,2,2.5483388016436784e-06,18.58201147267282,10,NN,NN,1,1,0,preced,2,14.870485131812606,29.74097026362521,0,0,0,0,0,0,1,0,0,1,1
rehabilitation,11976,2,2.5483388016436784e-06,18.58201147267282,14,NN,NN,1,1,0,rehabilit,2,14.870485131812606,29.74097026362521,0,1,0,0,0,0,1,0,0,0,1
deceit,11977,2,2.5483388016436784e-06,18.58201147267282,6,NN,NN,1,2,0,deceit,2,14.870485131812606,29.74097026362521,1,0,1,1,0,1,0,1,1,0,-1
alcoholism,11981,2,2.5483388016436784e-06,18.58201147267282,10,NN,NN,1,1,0,alcohol,2,14.870485131812606,29.74097026362521,1,0,1,1,0,1,0,1,0,0,-1
bark,11984,2,2.5483388016436784e-06,18.58201147267282,4,NN,NN,1,1,0,bark,2,14.870485131812606,29.74097026362521,1,0,0,0,0,1,0,0,0,0,-1
thirst,11990,2,2.5483388016436784e-06,18.58201147267282,6,NN,NN,1,2,0,thirst,2,14.870485131812606,29.74097026362521,0,1,0,0,0,0,0,1,1,0,0
airs,11997,2,2.5483388016436784e-06,18.58201147267282,4,VB,VBZ,1,1,0,air,2,14.870485131812606,29.74097026362521,0,0,1,0,0,1,0,0,0,0,-1
kidnap,12020,2,2.5483388016436784e-06,18.58201147267282,6,VB,VB,1,2,0,kidnap,2,14.870485131812606,29.74097026362521,1,0,0,1,0,1,0,1,1,0,-1
impartial,12047,2,2.5483388016436784e-06,18.58201147267282,9,JJ,JJ,1,1,0,imparti,2,14.870485131812606,29.74097026362521,0,0,0,0,0,0,1,0,0,1,1
crushing,12060,2,2.5483388016436784e-06,18.58201147267282,8,NN,NN,2,2,0,crush,2,14.870485131812606,29.74097026362521,1,0,1,1,0,1,0,0,0,0,-1
ineffectual,12061,2,2.5483388016436784e-06,18.58201147267282,11,JJ,JJ,1,1,0,ineffectu,2,14.870485131812606,29.74097026362521,0,0,1,0,0,1,0,0,0,0,-1
assault,12076,2,2.5483388016436784e-06,18.58201147267282,7,NN,NN,1,1,0,assault,2,14.870485131812606,29.74097026362521,1,0,0,1,0,1,0,0,0,0,-1
wretched,12123,2,2.5483388016436784e-06,18.58201147267282,8,JJ,JJ,2,2,0,wretch,2,14.870485131812606,29.74097026362521,0,0,1,0,0,1,0,1,0,0,-1
sap,12137,2,2.5483388016436784e-06,18.58201147267282,3,NN,NN,1,1,0,sap,2,14.870485131812606,29.74097026362521,0,0,0,0,0,1,0,1,0,0,-1
damages,12177,2,2.5483388016436784e-06,18.58201147267282,7,NN,NNS,2,2,0,damag,2,14.870485131812606,29.74097026362521,0,0,0,0,0,1,0,1,0,0,-1
penalty,12182,2,2.5483388016436784e-06,18.58201147267282,7,NN,NN,1,1,0,penalti,2,14.870485131812606,29.74097026362521,1,0,0,1,0,1,0,1,0,0,-1
ribbon,12195,2,2.5483388016436784e-06,18.58201147267282,6,NN,NN,1,2,0,ribbon,2,14.870485131812606,29.74097026362521,1,1,0,0,1,0,1,0,0,0,1
gruesome,12196,2,2.5483388016436784e-06,18.58201147267282,8,JJ,JJ,2,2,0,gruesom,2,14.870485131812606,29.74097026362521,0,0,1,0,0,1,0,0,0,0,-1
massacre,12197,2,2.5483388016436784e-06,18.58201147267282,8,NN,NN,1,2,0,massacr,2,14.870485131812606,29.74097026362521,1,0,1,1,0,1,0,1,0,0,-1
bickering,12199,2,2.5483388016436784e-06,18.58201147267282,9,VB,VBG,1,1,0,bicker,2,14.870485131812606,29.74097026362521,1,0,1,0,0,1,0,0,0,0,-1
courageous,12202,2,2.5483388016436784e-06,18.58201147267282,10,JJ,JJ,1,1,0,courag,2,14.870485131812606,29.74097026362521,0,0,0,1,0,0,1,0,0,0,1
inability,12206,2,2.5483388016436784e-06,18.58201147267282,9,NN,NN,1,1,0,inabl,2,14.870485131812606,29.74097026362521,0,0,0,0,0,1,0,1,0,0,-1
soldier,12209,2,2.5483388016436784e-06,18.58201147267282,7,NN,NN,2,2,0,soldier,2,14.870485131812606,29.74097026362521,1,0,0,0,0,0,1,1,0,0,1
dashed,12214,2,2.5483388016436784e-06,18.58201147267282,6,VB,VBD,1,1,0,dash,2,14.870485131812606,29.74097026362521,1,0,0,1,0,1,0,1,0,0,-1
examination,12222,2,2.5483388016436784e-06,18.58201147267282,11,NN,NN,1,1,0,examin,2,14.870485131812606,29.74097026362521,0,0,0,1,0,1,0,0,1,0,-1
grudge,12223,2,2.5483388016436784e-06,18.58201147267282,6,NN,NN,1,1,0,grudg,1,15.870485131812606,15.870485131812606,1,0,0,0,0,1,0,0,0,0,-1
orphan,12229,2,2.5483388016436784e-06,18.58201147267282,6,NN,NN,1,2,0,orphan,2,14.870485131812606,29.74097026362521,0,0,0,1,0,1,0,1,0,0,-1
brutal,12241,2,2.5483388016436784e-06,18.58201147267282,6,JJ,JJ,2,2,0,brutal,2,14.870485131812606,29.74097026362521,1,0,0,1,0,1,0,0,0,0,-1
fulfill,12248,2,2.5483388016436784e-06,18.58201147267282,7,VB,VB,1,2,0,fulfil,2,14.870485131812606,29.74097026362521,0,0,0,0,1,0,1,0,0,0,1
fiend,12267,2,2.5483388016436784e-06,18.58201147267282,5,NN,NN,1,1,0,fiend,2,14.870485131812606,29.74097026362521,1,0,1,1,0,1,0,0,0,0,-1
entertain,12275,2,2.5483388016436784e-06,18.58201147267282,9,VB,VB,1,1,0,entertain,2,14.870485131812606,29.74097026362521,0,0,0,0,1,0,1,0,0,0,1
embarrassment,12276,2,2.5483388016436784e-06,18.58201147267282,13,NN,NN,1,1,0,embarrass,2,14.870485131812606,29.74097026362521,0,0,0,1,0,1,0,1,1,0,-1
heartily,12293,2,2.5483388016436784e-06,18.58201147267282,8,RB,RB,1,1,0,heartili,2,14.870485131812606,29.74097026362521,0,0,0,0,1,0,1,0,0,0,1
scrub,12294,2,2.5483388016436784e-06,18.58201147267282,5,JJ,JJ,2,2,0,scrub,2,14.870485131812606,29.74097026362521,0,0,1,0,0,1,0,0,0,0,-1
cringe,12299,2,2.5483388016436784e-06,18.58201147267282,6,VB,VBP,1,1,0,cring,2,14.870485131812606,29.74097026362521,0,0,1,1,0,1,0,1,0,0,-1
degrading,12302,2,2.5483388016436784e-06,18.58201147267282,9,VB,VBG,1,1,0,degrad,2,14.870485131812606,29.74097026362521,0,0,1,1,0,1,0,1,0,0,-1
acrobat,12306,2,2.5483388016436784e-06,18.58201147267282,7,NN,NN,1,2,0,acrobat,2,14.870485131812606,29.74097026362521,0,0,0,1,1,0,1,0,0,1,1
retract,12319,2,2.5483388016436784e-06,18.58201147267282,7,VB,VB,1,1,0,retract,1,15.870485131812606,15.870485131812606,1,0,0,0,0,1,0,0,0,0,-1
wrath,12330,2,2.5483388016436784e-06,18.58201147267282,5,NN,NN,1,2,0,wrath,2,14.870485131812606,29.74097026362521,1,0,0,1,0,1,0,0,0,0,-1
scarecrow,12339,2,2.5483388016436784e-06,18.58201147267282,9,NN,NN,1,1,0,scarecrow,2,14.870485131812606,29.74097026362521,0,0,0,1,0,1,1,0,0,0,0
accusing,12344,2,2.5483388016436784e-06,18.58201147267282,8,VB,VBG,1,1,0,accus,2,14.870485131812606,29.74097026362521,1,0,0,1,0,1,0,0,0,0,-1
humiliation,12352,2,2.5483388016436784e-06,18.58201147267282,11,NN,NN,1,1,0,humili,2,14.870485131812606,29.74097026362521,0,0,1,0,0,1,0,1,0,0,-1
whine,12370,1,1.2741694008218392e-06,19.58201147267282,5,VB,VB,1,1,0,whine,1,15.870485131812606,15.870485131812606,0,0,1,0,0,1,0,1,0,0,-1
virtuous,12385,1,1.2741694008218392e-06,19.58201147267282,8,JJ,JJ,1,1,0,virtuou,1,15.870485131812606,15.870485131812606,0,0,0,0,1,0,1,0,0,1,1
ferocity,12388,1,1.2741694008218392e-06,19.58201147267282,8,NN,NN,1,1,0,feroc,1,15.870485131812606,15.870485131812606,1,0,0,0,0,1,0,0,0,0,-1
pompous,12423,1,1.2741694008218392e-06,19.58201147267282,7,JJ,JJ,1,1,0,pompou,1,15.870485131812606,15.870485131812606,0,0,1,0,0,1,0,0,0,0,-1
lagging,12430,1,1.2741694008218392e-06,19.58201147267282,7,VB,VBG,1,1,0,lag,1,15.870485131812606,15.870485131812606,1,1,1,0,0,1,0,1,0,0,-1
misbehavior,12444,1,1.2741694008218392e-06,19.58201147267282,11,NN,NN,1,1,0,misbehavior,1,15.870485131812606,15.870485131812606,1,0,1,0,0,1,0,0,1,0,-1
immaturity,12511,1,1.2741694008218392e-06,19.58201147267282,10,NN,NN,1,1,0,immatur,1,15.870485131812606,15.870485131812606,1,1,0,0,0,1,0,0,0,0,-1
bureaucracy,12517,1,1.2741694008218392e-06,19.58201147267282,11,NN,NN,1,1,0,bureaucraci,1,15.870485131812606,15.870485131812606,0,0,0,0,0,1,0,0,0,1,-1
foresight,12519,1,1.2741694008218392e-06,19.58201147267282,9,NN,NN,1,1,0,foresight,1,15.870485131812606,15.870485131812606,0,1,0,0,0,0,1,0,0,1,1
cyclone,12536,1,1.2741694008218392e-06,19.58201147267282,7,NN,NNP,1,1,0,cyclon,1,15.870485131812606,15.870485131812606,0,0,0,1,0,1,0,0,1,0,-1
longing,12552,1,1.2741694008218392e-06,19.58201147267282,7,NN,NN,1,1,0,long,1,15.870485131812606,15.870485131812606,0,1,0,0,0,0,0,1,0,0,0
assassination,12622,1,1.2741694008218392e-06,19.58201147267282,13,NN,NNP,1,1,0,assassin,1,15.870485131812606,15.870485131812606,1,0,0,1,0,1,0,1,0,0,-1
whirlwind,12634,1,1.2741694008218392e-06,19.58201147267282,9,NN,NN,1,1,0,whirlwind,1,15.870485131812606,15.870485131812606,0,0,0,1,0,1,0,0,0,0,-1
cosmopolitan,12656,1,1.2741694008218392e-06,19.58201147267282,12,NN,NNP,1,1,0,cosmopolitan,1,15.870485131812606,15.870485131812606,0,0,0,0,0,0,1,0,0,1,1
deceive,12657,1,1.2741694008218392e-06,19.58201147267282,7,VB,VB,1,1,0,deceiv,1,15.870485131812606,15.870485131812606,1,0,1,0,0,1,0,1,0,0,-1
flagrant,12691,1,1.2741694008218392e-06,19.58201147267282,8,NN,NN,1,1,0,flagrant,1,15.870485131812606,15.870485131812606,1,0,1,0,0,1,0,0,0,0,-1
sisterhood,12713,1,1.2741694008218392e-06,19.58201147267282,10,NN,NNP,1,1,0,sisterhood,1,15.870485131812606,15.870485131812606,1,0,0,0,0,0,1,1,1,1,1
gloomy,12748,1,1.2741694008218392e-06,19.58201147267282,6,VB,VBN,1,1,0,gloomi,1,15.870485131812606,15.870485131812606,0,0,0,0,0,1,0,1,0,0,-1
practiced,12778,1,1.2741694008218392e-06,19.58201147267282,9,VB,VBD,1,1,0,practic,1,15.870485131812606,15.870485131812606,0,0,0,0,1,0,1,0,1,1,1
chant,12811,1,1.2741694008218392e-06,19.58201147267282,5,NN,NN,1,1,0,chant,1,15.870485131812606,15.870485131812606,1,1,0,0,1,0,1,0,1,0,1
priest,12817,1,1.2741694008218392e-06,19.58201147267282,6,NN,NN,1,1,0,priest,1,15.870485131812606,15.870485131812606,0,0,0,0,0,0,1,0,0,1,1
omniscient,12859,1,1.2741694008218392e-06,19.58201147267282,10,JJ,JJ,1,1,0,omnisci,1,15.870485131812606,15.870485131812606,0,0,0,0,0,0,1,0,0,1,1
admiration,12866,1,1.2741694008218392e-06,19.58201147267282,10,NN,NN,1,1,0,admir,1,15.870485131812606,15.870485131812606,0,0,0,0,1,0,1,0,0,1,1
cranky,12878,1,1.2741694008218392e-06,19.58201147267282,6,JJ,JJ,1,1,0,cranki,1,15.870485131812606,15.870485131812606,1,0,0,0,0,1,0,0,0,0,-1
bribery,12884,1,1.2741694008218392e-06,19.58201147267282,7,NN,NN,1,1,0,briberi,1,15.870485131812606,15.870485131812606,0,0,1,0,0,1,0,0,0,0,-1
miserably,12912,1,1.2741694008218392e-06,19.58201147267282,9,RB,RB,1,1,0,miser,1,15.870485131812606,15.870485131812606,0,0,0,0,0,1,0,1,0,0,-1
mournful,12914,1,1.2741694008218392e-06,19.58201147267282,8,JJ,JJ,1,1,0,mourn,1,15.870485131812606,15.870485131812606,1,0,0,1,0,1,0,1,0,0,-1
invasion,12922,1,1.2741694008218392e-06,19.58201147267282,8,NN,NN,1,1,0,invas,1,15.870485131812606,15.870485131812606,1,0,0,0,0,1,0,0,0,0,-1
deranged,12947,1,1.2741694008218392e-06,19.58201147267282,8,VB,VBN,1,1,0,derang,1,15.870485131812606,15.870485131812606,1,0,1,1,0,1,0,0,0,0,-1
grievance,12955,1,1.2741694008218392e-06,19.58201147267282,9,NN,NN,1,1,0,grievanc,1,15.870485131812606,15.870485131812606,1,0,1,0,0,1,0,1,0,0,-1
quarrel,12961,1,1.2741694008218392e-06,19.58201147267282,7,NN,NN,1,1,0,quarrel,1,15.870485131812606,15.870485131812606,1,0,0,0,0,1,0,0,0,0,-1
unruly,12965,1,1.2741694008218392e-06,19.58201147267282,6,JJ,JJ,1,1,0,unruli,1,15.870485131812606,15.870485131812606,1,0,1,1,0,1,0,0,0,0,-1
gluttony,12973,1,1.2741694008218392e-06,19.58201147267282,8,NN,NN,1,1,0,gluttoni,1,15.870485131812606,15.870485131812606,0,0,1,0,0,1,0,0,0,0,-1
repellent,12999,1,1.2741694008218392e-06,19.58201147267282,9,NN,NN,1,1,0,repel,1,15.870485131812606,15.870485131812606,1,0,1,1,0,1,0,0,0,0,-1
terrorize,13013,1,1.2741694008218392e-06,19.58201147267282,9,VB,VBP,1,1,0,terror,1,15.870485131812606,15.870485131812606,1,0,0,1,0,1,0,1,0,0,-1
dungeon,13033,1,1.2741694008218392e-06,19.58201147267282,7,NN,NN,1,1,0,dungeon,1,15.870485131812606,15.870485131812606,0,0,0,1,0,1,0,0,0,0,-1
mum,13037,1,1.2741694008218392e-06,19.58201147267282,3,NN,NN,1,1,0,mum,1,15.870485131812606,15.870485131812606,0,0,0,1,0,1,0,0,0,0,-1
injure,13071,1,1.2741694008218392e-06,19.58201147267282,6,VB,VB,1,1,0,injur,1,15.870485131812606,15.870485131812606,1,0,0,1,0,1,0,1,0,0,-1
flop,13083,1,1.2741694008218392e-06,19.58201147267282,4,NN,NN,1,1,0,flop,1,15.870485131812606,15.870485131812606,0,0,1,0,0,1,0,1,0,0,-1
blob,13111,1,1.2741694008218392e-06,19.58201147267282,4,NN,NN,1,1,0,blob,1,15.870485131812606,15.870485131812606,0,0,1,1,0,1,0,0,0,0,-1
shrill,13120,1,1.2741694008218392e-06,19.58201147267282,6,VB,VB,1,1,0,shrill,1,15.870485131812606,15.870485131812606,1,0,0,1,0,1,0,0,1,0,-1
assessment,13126,1,1.2741694008218392e-06,19.58201147267282,10,NN,NN,1,1,0,assess,1,15.870485131812606,15.870485131812606,0,0,0,0,0,0,0,0,1,1,0
remedy,13128,1,1.2741694008218392e-06,19.58201147267282,6,NN,NN,1,1,0,remedi,1,15.870485131812606,15.870485131812606,0,1,0,0,1,0,1,0,0,1,1
majestic,13129,1,1.2741694008218392e-06,19.58201147267282,8,JJ,JJ,1,1,0,majest,1,15.870485131812606,15.870485131812606,0,1,0,0,1,0,1,0,1,1,1
resistant,13131,1,1.2741694008218392e-06,19.58201147267282,9,NN,NN,1,1,0,resist,1,15.870485131812606,15.870485131812606,0,0,0,1,0,1,0,0,0,0,-1
anomaly,13171,1,1.2741694008218392e-06,19.58201147267282,7,NN,NN,1,1,0,anomali,1,15.870485131812606,15.870485131812606,0,0,0,1,0,1,0,0,1,0,-1
revolt,13203,1,1.2741694008218392e-06,19.58201147267282,6,VB,VB,1,1,0,revolt,1,15.870485131812606,15.870485131812606,1,0,0,0,0,1,0,0,1,0,-1
crusty,13212,1,1.2741694008218392e-06,19.58201147267282,6,JJ,JJ,1,1,0,crusti,1,15.870485131812606,15.870485131812606,0,0,1,0,0,1,0,0,0,0,-1
unpopular,13213,1,1.2741694008218392e-06,19.58201147267282,9,JJ,JJ,1,1,0,unpopular,1,15.870485131812606,15.870485131812606,0,0,1,0,0,1,0,1,0,0,-1
menacing,13231,1,1.2741694008218392e-06,19.58201147267282,8,NN,NN,1,1,0,menac,1,15.870485131812606,15.870485131812606,1,0,0,1,0,1,0,0,0,0,-1
victorious,13261,1,1.2741694008218392e-06,19.58201147267282,10,JJ,JJ,1,1,0,victori,1,15.870485131812606,15.870485131812606,0,0,0,0,1,0,1,0,0,0,1
sob,13293,1,1.2741694008218392e-06,19.58201147267282,3,NN,NNP,1,1,0,sob,1,15.870485131812606,15.870485131812606,0,0,0,0,0,1,0,1,0,0,-1
hurrah,13295,1,1.2741694008218392e-06,19.58201147267282,6,NN,NN,1,1,0,hurrah,1,15.870485131812606,15.870485131812606,0,0,0,0,1,0,1,0,0,0,1
aspire,13299,1,1.2741694008218392e-06,19.58201147267282,6,VB,VBP,1,1,0,aspir,1,15.870485131812606,15.870485131812606,0,1,0,0,1,0,1,0,0,0,1
inequality,13304,1,1.2741694008218392e-06,19.58201147267282,10,NN,NN,1,1,0,inequ,1,15.870485131812606,15.870485131812606,1,0,0,1,0,1,0,1,0,0,-1
assembly,13306,1,1.2741694008218392e-06,19.58201147267282,8,NN,NN,1,1,0,assembl,1,15.870485131812606,15.870485131812606,0,0,0,0,0,0,1,0,0,1,1
raving,13313,1,1.2741694008218392e-06,19.58201147267282,6,VB,VBG,1,1,0,rave,1,15.870485131812606,15.870485131812606,1,1,0,1,1,1,0,0,1,0,-1
conjure,13339,1,1.2741694008218392e-06,19.58201147267282,7,VB,VB,1,1,0,conjur,1,15.870485131812606,15.870485131812606,0,1,0,0,0,0,0,0,1,0,0
thorny,13347,1,1.2741694008218392e-06,19.58201147267282,6,JJ,JJ,1,1,0,thorni,1,15.870485131812606,15.870485131812606,0,0,0,1,0,1,0,0,0,0,-1
hedonism,13363,1,1.2741694008218392e-06,19.58201147267282,8,NN,NNP,1,1,0,hedon,1,15.870485131812606,15.870485131812606,0,0,0,0,1,1,1,0,0,0,0
tripping,13379,1,1.2741694008218392e-06,19.58201147267282,8,VB,VBG,1,1,0,trip,1,15.870485131812606,15.870485131812606,1,0,0,0,0,1,0,1,0,0,-1
slump,13391,1,1.2741694008218392e-06,19.58201147267282,5,NN,NN,1,1,0,slump,1,15.870485131812606,15.870485131812606,0,0,0,0,0,1,0,1,0,0,-1
grimy,13410,1,1.2741694008218392e-06,19.58201147267282,5,JJ,JJ,1,1,0,grimi,1,15.870485131812606,15.870485131812606,0,0,1,0,0,1,0,0,0,0,-1
carcass,13415,1,1.2741694008218392e-06,19.58201147267282,7,NN,NN,1,1,0,carcass,1,15.870485131812606,15.870485131812606,0,0,1,1,0,1,0,1,0,0,-1
tinsel,13432,1,1.2741694008218392e-06,19.58201147267282,6,NN,NN,1,1,0,tinsel,1,15.870485131812606,15.870485131812606,0,0,0,0,1,0,1,0,0,0,1
animated,13447,1,1.2741694008218392e-06,19.58201147267282,8,VB,VBN,1,1,0,anim,1,15.870485131812606,15.870485131812606,0,0,0,0,1,0,1,0,0,0,1
hangman,13464,1,1.2741694008218392e-06,19.58201147267282,7,JJ,JJ,1,1,0,hangman,1,15.870485131812606,15.870485131812606,0,0,0,1,0,1,0,0,0,0,-1
pleasurable,13502,1,1.2741694008218392e-06,19.58201147267282,11,JJ,JJ,1,1,0,pleasur,1,15.870485131812606,15.870485131812606,0,0,0,0,1,0,1,0,0,0,1
crouching,13510,1,1.2741694008218392e-06,19.58201147267282,9,VB,VBG,1,1,0,crouch,1,15.870485131812606,15.870485131812606,0,0,0,1,0,1,0,0,0,0,-1
trembling,13520,1,1.2741694008218392e-06,19.58201147267282,9,VB,VBG,1,1,0,trembl,1,15.870485131812606,15.870485131812606,0,0,0,1,0,1,0,0,0,0,-1
weep,13527,1,1.2741694008218392e-06,19.58201147267282,4,VB,VB,1,1,0,weep,1,15.870485131812606,15.870485131812606,0,0,0,0,0,1,0,1,0,0,-1
straightforward,13541,1,1.2741694008218392e-06,19.58201147267282,15,RB,RB,1,1,0,straightforward,1,15.870485131812606,15.870485131812606,0,0,0,0,0,0,1,0,0,1,1
wreak,13573,1,1.2741694008218392e-06,19.58201147267282,5,NN,NNP,1,1,0,wreak,1,15.870485131812606,15.870485131812606,1,0,0,0,0,1,0,0,0,0,-1
diagnosis,13628,1,1.2741694008218392e-06,19.58201147267282,9,NN,NN,1,1,0,diagnosi,1,15.870485131812606,15.870485131812606,0,1,0,1,0,1,0,0,0,1,-1
irritability,13675,1,1.2741694008218392e-06,19.58201147267282,12,NN,NN,1,1,0,irrit,1,15.870485131812606,15.870485131812606,1,0,0,0,0,1,0,0,0,0,-1
defender,13685,1,1.2741694008218392e-06,19.58201147267282,8,NN,NN,1,1,0,defend,1,15.870485131812606,15.870485131812606,0,0,0,0,0,0,1,0,0,1,1
apologetic,13686,1,1.2741694008218392e-06,19.58201147267282,10,JJ,JJ,1,1,0,apologet,1,15.870485131812606,15.870485131812606,0,0,0,0,0,0,1,0,0,1,1
unimportant,13694,1,1.2741694008218392e-06,19.58201147267282,11,JJ,JJ,1,1,0,unimport,1,15.870485131812606,15.870485131812606,0,0,0,0,0,1,0,1,0,0,-1
withstand,13702,1,1.2741694008218392e-06,19.58201147267282,9,VB,VB,1,1,0,withstand,1,15.870485131812606,15.870485131812606,0,1,0,1,0,0,1,0,0,0,1
weeds,13703,1,1.2741694008218392e-06,19.58201147267282,5,NN,NNS,1,1,0,weed,1,15.870485131812606,15.870485131812606,0,0,0,0,0,1,0,1,0,0,-1
ensemble,13744,1,1.2741694008218392e-06,19.58201147267282,8,NN,NN,1,1,0,ensembl,1,15.870485131812606,15.870485131812606,0,0,0,0,0,0,1,0,0,1,1
bedrock,13787,1,1.2741694008218392e-06,19.58201147267282,7,NN,NNP,1,1,0,bedrock,1,15.870485131812606,15.870485131812606,0,0,0,0,0,0,1,0,0,1,1
lace,13819,1,1.2741694008218392e-06,19.58201147267282,4,NN,NN,1,1,0,lace,1,15.870485131812606,15.870485131812606,1,0,0,1,0,1,1,1,0,1,0
reconciliation,13834,1,1.2741694008218392e-06,19.58201147267282,14,NN,NN,1,1,0,reconcili,1,15.870485131812606,15.870485131812606,0,1,0,0,1,0,1,0,0,1,1
measured,13848,1,1.2741694008218392e-06,19.58201147267282,8,VB,VBD,1,1,0,measur,1,15.870485131812606,15.870485131812606,0,0,0,0,0,0,1,0,0,1,1
flabby,13859,1,1.2741694008218392e-06,19.58201147267282,6,NN,NN,1,1,0,flabbi,1,15.870485131812606,15.870485131812606,0,0,1,0,0,1,0,0,0,0,-1
possess,13896,1,1.2741694008218392e-06,19.58201147267282,7,VB,VB,1,1,0,possess,1,15.870485131812606,15.870485131812606,0,1,0,0,1,0,1,0,0,1,1
authorization,13907,1,1.2741694008218392e-06,19.58201147267282,13,NN,NN,1,1,0,author,1,15.870485131812606,15.870485131812606,0,0,0,0,0,0,1,0,0,1,1
praised,13956,1,1.2741694008218392e-06,19.58201147267282,7,VB,VBN,1,1,0,prais,1,15.870485131812606,15.870485131812606,0,0,0,0,1,0,1,0,0,0,1
sickness,13969,1,1.2741694008218392e-06,19.58201147267282,8,NN,NN,1,1,0,sick,1,15.870485131812606,15.870485131812606,0,0,1,1,0,1,0,1,0,0,-1
tetanus,13986,1,1.2741694008218392e-06,19.58201147267282,7,NN,NN,1,1,0,tetanu,1,15.870485131812606,15.870485131812606,0,0,1,0,0,1,0,0,0,0,-1
contagious,13990,1,1.2741694008218392e-06,19.58201147267282,10,JJ,JJ,1,1,0,contagi,1,15.870485131812606,15.870485131812606,0,0,1,1,0,1,0,0,0,0,-1
revere,14013,1,1.2741694008218392e-06,19.58201147267282,6,VB,VBP,1,1,0,rever,1,15.870485131812606,15.870485131812606,0,1,0,0,1,0,1,0,0,1,1
autopsy,14026,1,1.2741694008218392e-06,19.58201147267282,7,NN,NN,1,1,0,autopsi,1,15.870485131812606,15.870485131812606,0,0,1,1,0,1,0,1,0,0,-1
detract,14031,1,1.2741694008218392e-06,19.58201147267282,7,VB,VB,1,1,0,detract,1,15.870485131812606,15.870485131812606,1,0,0,0,0,1,0,0,0,0,-1
ogre,14038,1,1.2741694008218392e-06,19.58201147267282,4,NN,NN,1,1,0,ogr,1,15.870485131812606,15.870485131812606,0,0,1,1,0,1,0,0,0,0,-1
infamy,14057,1,1.2741694008218392e-06,19.58201147267282,6,NN,NN,1,1,0,infami,1,15.870485131812606,15.870485131812606,0,0,0,0,0,1,0,1,0,0,-1
superstition,14066,1,1.2741694008218392e-06,19.58201147267282,12,NN,NN,1,1,0,superstit,1,15.870485131812606,15.870485131812606,0,0,0,1,0,1,1,0,0,0,0
discreet,14071,1,1.2741694008218392e-06,19.58201147267282,8,JJ,JJ,1,1,0,discreet,1,15.870485131812606,15.870485131812606,0,1,0,0,0,0,1,0,0,0,1
veal,14084,1,1.2741694008218392e-06,19.58201147267282,4,JJ,JJ,1,1,0,veal,1,15.870485131812606,15.870485131812606,0,0,0,0,0,0,0,1,0,1,0
jeopardize,14087,1,1.2741694008218392e-06,19.58201147267282,10,VB,VB,1,1,0,jeopard,1,15.870485131812606,15.870485131812606,1,0,0,1,0,1,0,0,0,0,-1
providing,14090,1,1.2741694008218392e-06,19.58201147267282,9,VB,VBG,1,1,0,provid,1,15.870485131812606,15.870485131812606,0,1,0,0,1,0,1,0,0,1,1
incase,14099,1,1.2741694008218392e-06,19.58201147267282,6,NN,NN,1,1,0,incas,1,15.870485131812606,15.870485131812606,1,0,1,1,0,1,0,1,0,0,-1
prick,14133,1,1.2741694008218392e-06,19.58201147267282,5,NN,NN,1,1,0,prick,1,15.870485131812606,15.870485131812606,1,0,1,1,0,1,0,0,1,0,-1
lifeless,14136,1,1.2741694008218392e-06,19.58201147267282,8,NN,NN,1,1,0,lifeless,1,15.870485131812606,15.870485131812606,0,0,0,1,0,1,0,1,0,0,-1
impatient,14190,1,1.2741694008218392e-06,19.58201147267282,9,NN,NN,1,1,0,impati,1,15.870485131812606,15.870485131812606,0,1,0,0,0,1,0,0,0,0,-1
forsaken,14226,1,1.2741694008218392e-06,19.58201147267282,8,JJ,JJ,1,1,0,forsaken,1,15.870485131812606,15.870485131812606,1,0,0,0,0,1,0,1,0,0,-1
agony,14228,1,1.2741694008218392e-06,19.58201147267282,5,NN,NN,1,1,0,agoni,1,15.870485131812606,15.870485131812606,1,0,0,1,0,1,0,1,0,0,-1
badger,14232,1,1.2741694008218392e-06,19.58201147267282,6,VB,VB,1,1,0,badger,1,15.870485131812606,15.870485131812606,1,0,0,0,0,1,0,0,0,0,-1
raging,14234,1,1.2741694008218392e-06,19.58201147267282,6,VB,VBG,1,1,0,rage,1,15.870485131812606,15.870485131812606,1,0,1,1,0,1,0,0,0,0,-1
educational,14241,1,1.2741694008218392e-06,19.58201147267282,11,JJ,JJ,1,1,0,educ,1,15.870485131812606,15.870485131812606,0,0,0,0,0,0,1,0,0,1,1
outcast,14246,1,1.2741694008218392e-06,19.58201147267282,7,NN,NN,1,1,0,outcast,1,15.870485131812606,15.870485131812606,0,0,1,1,0,1,0,1,0,0,-1
tutelage,14248,1,1.2741694008218392e-06,19.58201147267282,8,NN,NN,1,1,0,tutelag,1,15.870485131812606,15.870485131812606,0,0,0,0,0,0,1,0,0,1,1
epidemic,14274,1,1.2741694008218392e-06,19.58201147267282,8,JJ,JJ,1,1,0,epidem,1,15.870485131812606,15.870485131812606,1,1,1,1,0,1,0,1,1,0,-1
therapeutic,14279,1,1.2741694008218392e-06,19.58201147267282,11,JJ,JJ,1,1,0,therapeut,1,15.870485131812606,15.870485131812606,0,0,0,0,1,0,1,0,0,1,1
jealousy,14301,1,1.2741694008218392e-06,19.58201147267282,8,NN,NN,1,1,0,jealousi,1,15.870485131812606,15.870485131812606,1,0,1,1,0,1,0,1,0,0,-1
depress,14312,1,1.2741694008218392e-06,19.58201147267282,7,VB,VB,1,1,0,depress,1,15.870485131812606,15.870485131812606,0,0,0,1,0,1,0,1,0,0,-1
coexist,14320,1,1.2741694008218392e-06,19.58201147267282,7,VB,VB,1,1,0,coexist,1,15.870485131812606,15.870485131812606,0,0,0,0,0,0,1,0,0,1,1
prohibited,14331,1,1.2741694008218392e-06,19.58201147267282,10,VB,VBN,1,1,0,prohibit,1,15.870485131812606,15.870485131812606,1,0,1,1,0,1,0,0,0,0,-1
congratulatory,14341,1,1.2741694008218392e-06,19.58201147267282,14,NN,NN,1,1,0,congratulatori,1,15.870485131812606,15.870485131812606,0,0,0,0,1,0,1,0,0,0,1
rubble,14356,1,1.2741694008218392e-06,19.58201147267282,6,NN,NN,1,1,0,rubbl,1,15.870485131812606,15.870485131812606,0,0,0,1,0,1,0,1,0,0,-1
allied,14373,1,1.2741694008218392e-06,19.58201147267282,6,NN,NNP,1,1,0,alli,1,15.870485131812606,15.870485131812606,0,0,0,0,0,0,1,0,0,1,1
battled,14374,1,1.2741694008218392e-06,19.58201147267282,7,VB,VBD,1,1,0,battl,1,15.870485131812606,15.870485131812606,1,0,0,1,0,1,0,1,0,0,-1
leprosy,14386,1,1.2741694008218392e-06,19.58201147267282,7,NN,NN,1,1,0,leprosi,1,15.870485131812606,15.870485131812606,0,0,1,1,0,1,0,1,0,0,-1
handicap,14401,1,1.2741694008218392e-06,19.58201147267282,8,NN,NN,1,1,0,handicap,1,15.870485131812606,15.870485131812606,0,0,0,0,0,1,0,1,0,0,-1
admire,14425,1,1.2741694008218392e-06,19.58201147267282,6,VB,VBP,1,1,0,admir,1,15.870485131812606,15.870485131812606,0,0,0,0,0,0,1,0,0,1,1
intolerant,14455,1,1.2741694008218392e-06,19.58201147267282,10,JJ,JJ,1,1,0,intoler,1,15.870485131812606,15.870485131812606,1,0,1,1,0,1,0,1,0,0,-1
champion,14468,1,1.2741694008218392e-06,19.58201147267282,8,NN,NN,1,1,0,champion,1,15.870485131812606,15.870485131812606,0,1,0,0,1,0,1,0,0,1,1
wrecked,14484,1,1.2741694008218392e-06,19.58201147267282,7,JJ,JJ,1,1,0,wreck,1,15.870485131812606,15.870485131812606,1,0,0,1,0,1,0,1,0,0,-1
arouse,14486,1,1.2741694008218392e-06,19.58201147267282,6,VB,VB,1,1,0,arous,1,15.870485131812606,15.870485131812606,0,1,0,0,0,0,1,0,0,0,1
margin,14522,1,1.2741694008218392e-06,19.58201147267282,6,NN,NN,1,1,0,margin,1,15.870485131812606,15.870485131812606,0,0,0,0,0,1,0,1,0,0,-1
physician,14547,1,1.2741694008218392e-06,19.58201147267282,9,NN,NN,1,1,0,physician,1,15.870485131812606,15.870485131812606,0,0,0,0,0,0,1,0,0,1,1
prisoner,14551,1,1.2741694008218392e-06,19.58201147267282,8,NN,NNP,1,1,0,prison,1,15.870485131812606,15.870485131812606,1,0,1,1,0,1,0,1,0,0,-1
absent,14565,1,1.2741694008218392e-06,19.58201147267282,6,VB,VBP,1,1,0,absent,1,15.870485131812606,15.870485131812606,0,0,0,0,0,1,0,1,0,0,-1
monk,14591,1,1.2741694008218392e-06,19.58201147267282,4,NN,NN,1,1,0,monk,1,15.870485131812606,15.870485131812606,0,0,0,0,0,0,1,0,0,1,1
exceed,14605,1,1.2741694008218392e-06,19.58201147267282,6,VB,VBP,1,1,0,exceed,1,15.870485131812606,15.870485131812606,0,1,0,0,1,0,1,0,0,0,1
debris,14671,1,1.2741694008218392e-06,19.58201147267282,6,NN,NN,1,1,0,debri,1,15.870485131812606,15.870485131812606,0,0,1,0,0,1,0,0,0,0,-1
obedience,14699,1,1.2741694008218392e-06,19.58201147267282,9,NN,NN,1,1,0,obedi,1,15.870485131812606,15.870485131812606,0,0,0,0,0,0,1,0,0,1,1
advise,14708,1,1.2741694008218392e-06,19.58201147267282,6,VB,VB,1,1,0,advis,1,15.870485131812606,15.870485131812606,0,0,0,0,0,0,1,0,0,1,1
intimidation,14746,1,1.2741694008218392e-06,19.58201147267282,12,NN,NN,1,1,0,intimid,1,15.870485131812606,15.870485131812606,1,0,0,1,0,1,0,0,0,0,-1
revive,14795,1,1.2741694008218392e-06,19.58201147267282,6,VB,VB,1,1,0,reviv,1,15.870485131812606,15.870485131812606,0,1,0,0,0,1,1,0,0,0,0
proficiency,14801,1,1.2741694008218392e-06,19.58201147267282,11,NN,NN,1,1,0,profici,1,15.870485131812606,15.870485131812606,0,1,0,0,1,0,1,0,1,1,1
agitated,14806,1,1.2741694008218392e-06,19.58201147267282,8,VB,VBD,1,1,0,agit,1,15.870485131812606,15.870485131812606,1,0,0,0,0,1,0,0,0,0,-1
attorney,14811,1,1.2741694008218392e-06,19.58201147267282,8,NN,NN,1,1,0,attorney,1,15.870485131812606,15.870485131812606,1,0,0,1,0,0,1,0,0,1,1
cathedral,14831,1,1.2741694008218392e-06,19.58201147267282,9,JJ,JJ,1,1,0,cathedr,1,15.870485131812606,15.870485131812606,0,0,0,0,1,0,1,0,0,1,1
liberal,14865,1,1.2741694008218392e-06,19.58201147267282,7,JJ,JJ,1,1,0,liber,1,15.870485131812606,15.870485131812606,0,0,0,0,0,1,1,0,0,0,0
predominant,14897,1,1.2741694008218392e-06,19.58201147267282,11,NN,NN,1,1,0,predomin,1,15.870485131812606,15.870485131812606,0,0,0,0,0,0,1,0,0,1,1
oasis,14941,1,1.2741694008218392e-06,19.58201147267282,5,NN,NN,1,1,0,oasi,1,15.870485131812606,15.870485131812606,0,1,0,0,1,0,1,0,0,1,1
assassin,14974,1,1.2741694008218392e-06,19.58201147267282,8,NN,NN,1,1,0,assassin,1,15.870485131812606,15.870485131812606,1,0,0,1,0,1,0,1,0,0,-1
simmer,14978,1,1.2741694008218392e-06,19.58201147267282,6,VB,VB,1,1,0,simmer,1,15.870485131812606,15.870485131812606,1,1,0,0,0,0,0,0,0,0,0
disturbance,15001,1,1.2741694008218392e-06,19.58201147267282,11,NN,NN,1,1,0,disturb,1,15.870485131812606,15.870485131812606,1,0,0,1,0,1,0,1,1,0,-1
sage,15018,1,1.2741694008218392e-06,19.58201147267282,4,NN,NN,1,1,0,sage,1,15.870485131812606,15.870485131812606,0,0,0,0,0,0,1,0,0,1,1
troll,15027,1,1.2741694008218392e-06,19.58201147267282,5,NN,NNP,1,1,0,troll,1,15.870485131812606,15.870485131812606,1,0,0,1,0,1,0,0,0,0,-1
marshal,15058,1,1.2741694008218392e-06,19.58201147267282,7,NN,NN,1,1,0,marshal,1,15.870485131812606,15.870485131812606,0,0,0,0,0,0,1,0,0,1,1
authoritative,15072,1,1.2741694008218392e-06,19.58201147267282,13,JJ,JJ,1,1,0,authorit,1,15.870485131812606,15.870485131812606,0,0,0,0,0,0,1,0,0,1,1
disable,15079,1,1.2741694008218392e-06,19.58201147267282,7,VB,VB,1,1,0,disabl,1,15.870485131812606,15.870485131812606,0,0,0,1,0,1,0,1,0,0,-1
ovation,15110,1,1.2741694008218392e-06,19.58201147267282,7,NN,NN,1,1,0,ovat,1,15.870485131812606,15.870485131812606,0,0,0,0,0,1,0,1,0,0,-1
wrongful,15121,1,1.2741694008218392e-06,19.58201147267282,8,JJ,JJ,1,1,0,wrong,1,15.870485131812606,15.870485131812606,1,0,1,0,0,1,0,1,0,0,-1
unmanageable,15160,1,1.2741694008218392e-06,19.58201147267282,12,JJ,JJ,1,1,0,unmanag,1,15.870485131812606,15.870485131812606,0,0,1,0,0,1,0,0,0,0,-1
benefactor,15194,1,1.2741694008218392e-06,19.58201147267282,10,NN,NN,1,1,0,benefactor,1,15.870485131812606,15.870485131812606,0,0,0,0,0,0,1,0,0,1,1
joyous,15206,1,1.2741694008218392e-06,19.58201147267282,6,JJ,JJ,1,1,0,joyou,1,15.870485131812606,15.870485131812606,0,0,0,0,1,0,1,0,0,0,1
reflux,15249,1,1.2741694008218392e-06,19.58201147267282,6,NN,NN,1,1,0,reflux,1,15.870485131812606,15.870485131812606,0,0,1,0,0,1,0,0,0,0,-1
lonesome,15264,1,1.2741694008218392e-06,19.58201147267282,8,'','',1,1,0,lonesom,1,15.870485131812606,15.870485131812606,0,0,0,0,0,1,0,1,0,0,-1
perceive,15284,1,1.2741694008218392e-06,19.58201147267282,8,VB,VB,1,1,0,perceiv,1,15.870485131812606,15.870485131812606,0,0,0,0,0,0,1,0,0,1,1
fright,15287,1,1.2741694008218392e-06,19.58201147267282,6,NN,NN,1,1,0,fright,1,15.870485131812606,15.870485131812606,0,0,0,1,0,1,0,0,1,0,-1
monsoon,15310,1,1.2741694008218392e-06,19.58201147267282,7,NN,NN,1,1,0,monsoon,1,15.870485131812606,15.870485131812606,0,0,0,0,0,1,0,1,0,0,-1
spear,15345,1,1.2741694008218392e-06,19.58201147267282,5,JJ,JJ,1,1,0,spear,1,15.870485131812606,15.870485131812606,1,1,0,1,0,1,0,0,0,0,-1
familiarity,15350,1,1.2741694008218392e-06,19.58201147267282,11,NN,NN,1,1,0,familiar,1,15.870485131812606,15.870485131812606,0,1,0,0,1,0,1,0,0,1,1
shabby,15378,1,1.2741694008218392e-06,19.58201147267282,6,JJ,JJ,1,1,0,shabbi,1,15.870485131812606,15.870485131812606,0,0,1,0,0,1,0,0,0,0,-1
visor,15386,1,1.2741694008218392e-06,19.58201147267282,5,NN,NN,1,1,0,visor,1,15.870485131812606,15.870485131812606,0,1,0,0,0,0,0,0,1,0,0
reimbursement,15391,1,1.2741694008218392e-06,19.58201147267282,13,NN,NN,1,1,0,reimburs,1,15.870485131812606,15.870485131812606,0,0,0,0,0,0,1,0,0,1,1
scrimmage,15392,1,1.2741694008218392e-06,19.58201147267282,9,VB,VB,1,1,0,scrimmag,1,15.870485131812606,15.870485131812606,0,0,0,0,0,1,0,0,1,0,-1
quaint,15395,1,1.2741694008218392e-06,19.58201147267282,6,JJ,JJ,1,1,0,quaint,1,15.870485131812606,15.870485131812606,0,0,0,0,1,0,1,0,0,1,1
renegade,15442,1,1.2741694008218392e-06,19.58201147267282,8,VB,VBN,1,1,0,renegad,1,15.870485131812606,15.870485131812606,1,0,0,0,0,1,0,0,0,0,-1
cherish,15445,1,1.2741694008218392e-06,19.58201147267282,7,VB,VB,1,1,0,cherish,1,15.870485131812606,15.870485131812606,0,1,0,0,1,0,1,0,1,1,1
thump,15485,1,1.2741694008218392e-06,19.58201147267282,5,VB,VB,1,1,0,thump,1,15.870485131812606,15.870485131812606,1,0,0,0,0,1,0,0,0,0,-1
morality,15496,1,1.2741694008218392e-06,19.58201147267282,8,NN,NN,1,1,0,moral,1,15.870485131812606,15.870485131812606,0,0,0,0,0,0,1,0,0,1,1
vigilant,15498,1,1.2741694008218392e-06,19.58201147267282,8,NN,NN,1,1,0,vigil,1,15.870485131812606,15.870485131812606,0,0,0,1,0,0,1,0,0,1,1
collectively,15502,1,1.2741694008218392e-06,19.58201147267282,12,RB,RB,1,1,0,collect,1,15.870485131812606,15.870485131812606,0,0,0,0,0,0,1,0,0,1,1
merge,15507,1,1.2741694008218392e-06,19.58201147267282,5,VB,VB,1,1,0,merg,1,15.870485131812606,15.870485131812606,0,1,0,0,0,0,1,0,0,0,1
chastity,15513,1,1.2741694008218392e-06,19.58201147267282,8,NN,NN,1,1,0,chastiti,1,15.870485131812606,15.870485131812606,0,1,0,0,0,0,1,0,0,1,1
triumphant,15520,1,1.2741694008218392e-06,19.58201147267282,10,JJ,JJ,1,1,0,triumphant,1,15.870485131812606,15.870485131812606,0,1,0,0,1,0,1,0,0,1,1
ulcer,15609,1,1.2741694008218392e-06,19.58201147267282,5,NN,NN,1,1,0,ulcer,1,15.870485131812606,15.870485131812606,1,0,1,1,0,1,0,1,0,0,-1
smother,15616,1,1.2741694008218392e-06,19.58201147267282,7,VB,VB,1,1,0,smother,1,15.870485131812606,15.870485131812606,1,0,0,0,0,1,0,0,0,0,-1
quash,15630,1,1.2741694008218392e-06,19.58201147267282,5,VB,VB,1,1,0,quash,1,15.870485131812606,15.870485131812606,0,0,0,1,0,1,0,0,0,0,-1
shameless,15631,1,1.2741694008218392e-06,19.58201147267282,9,JJ,JJ,1,1,0,shameless,1,15.870485131812606,15.870485131812606,0,0,1,0,0,1,0,0,0,0,-1
exasperation,15672,1,1.2741694008218392e-06,19.58201147267282,12,NN,NN,1,1,0,exasper,1,15.870485131812606,15.870485131812606,1,0,1,0,0,1,0,0,0,0,-1
cautiously,15688,1,1.2741694008218392e-06,19.58201147267282,10,RB,RB,1,1,0,cautious,1,15.870485131812606,15.870485131812606,0,0,0,1,0,0,1,0,0,0,1
intrusive,15719,1,1.2741694008218392e-06,19.58201147267282,9,JJ,JJ,1,1,0,intrus,1,15.870485131812606,15.870485131812606,1,0,1,1,0,1,0,0,1,0,-1
attendant,15729,1,1.2741694008218392e-06,19.58201147267282,9,NN,NN,1,1,0,attend,1,15.870485131812606,15.870485131812606,0,0,0,0,0,0,1,0,0,1,1
irate,15733,1,1.2741694008218392e-06,19.58201147267282,5,JJ,JJ,1,1,0,irat,1,15.870485131812606,15.870485131812606,1,0,0,0,0,1,0,0,0,0,-1
distasteful,15737,1,1.2741694008218392e-06,19.58201147267282,11,NN,NN,1,1,0,distast,1,15.870485131812606,15.870485131812606,0,0,1,0,0,1,0,0,0,0,-1
concealed,15771,1,1.2741694008218392e-06,19.58201147267282,9,JJ,JJ,1,1,0,conceal,1,15.870485131812606,15.870485131812606,0,1,0,1,0,1,0,0,1,0,-1
defamation,15785,1,1.2741694008218392e-06,19.58201147267282,10,NN,NN,1,1,0,defam,1,15.870485131812606,15.870485131812606,0,0,1,1,0,1,0,0,0,0,-1
lovemaking,15818,1,1.2741694008218392e-06,19.58201147267282,10,VB,VBG,1,1,0,lovemak,1,15.870485131812606,15.870485131812606,0,0,0,0,1,0,1,0,0,1,1
despair,15820,1,1.2741694008218392e-06,19.58201147267282,7,NN,NN,1,1,0,despair,1,15.870485131812606,15.870485131812606,1,0,1,1,0,1,0,1,0,0,-1
incredulous,15824,1,1.2741694008218392e-06,19.58201147267282,11,JJ,JJ,1,1,0,incredul,1,15.870485131812606,15.870485131812606,1,0,1,0,0,1,0,0,0,0,-1
detention,15841,1,1.2741694008218392e-06,19.58201147267282,9,NN,NNP,1,1,0,detent,1,15.870485131812606,15.870485131812606,0,0,0,0,0,1,0,1,0,0,-1
dandy,15877,1,1.2741694008218392e-06,19.58201147267282,5,NN,NNP,1,1,0,dandi,1,15.870485131812606,15.870485131812606,0,0,1,0,0,1,0,0,0,0,-1
pastry,15894,1,1.2741694008218392e-06,19.58201147267282,6,NN,NN,1,1,0,pastri,1,15.870485131812606,15.870485131812606,0,0,0,0,1,0,1,0,0,0,1
leisure,15897,1,1.2741694008218392e-06,19.58201147267282,7,NN,NN,1,1,0,leisur,1,15.870485131812606,15.870485131812606,0,1,0,0,1,0,1,0,1,1,1
sympathetic,15906,1,1.2741694008218392e-06,19.58201147267282,11,JJ,JJ,1,1,0,sympathet,1,15.870485131812606,15.870485131812606,0,0,0,1,1,0,1,1,0,1,1
terminal,15963,1,1.2741694008218392e-06,19.58201147267282,8,JJ,JJ,1,1,0,termin,1,15.870485131812606,15.870485131812606,0,0,0,1,0,1,0,1,0,0,-1
pained,15967,1,1.2741694008218392e-06,19.58201147267282,6,VB,VBD,1,1,0,pain,1,15.870485131812606,15.870485131812606,0,0,0,1,0,1,0,1,0,0,-1
baboon,15980,1,1.2741694008218392e-06,19.58201147267282,6,RB,RB,1,1,0,baboon,1,15.870485131812606,15.870485131812606,0,0,1,0,0,1,0,0,0,0,-1
unnatural,15997,1,1.2741694008218392e-06,19.58201147267282,9,JJ,JJ,1,1,0,unnatur,1,15.870485131812606,15.870485131812606,0,0,1,1,0,1,0,0,0,0,-1
virginity,16002,1,1.2741694008218392e-06,19.58201147267282,9,NN,NN,1,1,0,virgin,1,15.870485131812606,15.870485131812606,0,1,0,0,0,0,1,0,0,0,1
excite,16023,1,1.2741694008218392e-06,19.58201147267282,6,VB,VB,1,1,0,excit,1,15.870485131812606,15.870485131812606,1,1,0,1,1,0,1,0,1,0,1
succeeding,16024,1,1.2741694008218392e-06,19.58201147267282,10,VB,VBG,1,1,0,succeed,1,15.870485131812606,15.870485131812606,0,1,0,0,1,0,1,0,0,1,1
loo,16064,1,1.2741694008218392e-06,19.58201147267282,3,NN,NNP,1,1,0,loo,1,15.870485131812606,15.870485131812606,0,0,1,0,0,1,0,0,0,0,-1
acquiring,16065,1,1.2741694008218392e-06,19.58201147267282,9,VB,VBG,1,1,0,acquir,1,15.870485131812606,15.870485131812606,0,1,0,0,0,0,1,0,0,0,1
berserk,16075,1,1.2741694008218392e-06,19.58201147267282,7,NN,NN,1,1,0,berserk,1,15.870485131812606,15.870485131812606,1,0,0,0,0,1,0,0,0,0,-1
casket,16077,1,1.2741694008218392e-06,19.58201147267282,6,NN,NN,1,1,0,casket,1,15.870485131812606,15.870485131812606,0,0,0,1,0,1,0,1,0,0,-1
socialist,16082,1,1.2741694008218392e-06,19.58201147267282,9,VB,VBP,1,1,0,socialist,1,15.870485131812606,15.870485131812606,1,0,1,1,0,1,0,1,0,0,-1
admiral,16116,1,1.2741694008218392e-06,19.58201147267282,7,NN,NNP,1,1,0,admir,1,15.870485131812606,15.870485131812606,0,0,0,0,0,0,1,0,0,1,1
siren,16131,1,1.2741694008218392e-06,19.58201147267282,5,NN,NN,1,1,0,siren,1,15.870485131812606,15.870485131812606,0,0,0,1,0,1,0,0,0,0,-1
scourge,16145,1,1.2741694008218392e-06,19.58201147267282,7,NN,NN,1,1,0,scourg,1,15.870485131812606,15.870485131812606,1,0,0,1,0,1,0,1,0,0,-1
inattention,16154,1,1.2741694008218392e-06,19.58201147267282,11,NN,NN,1,1,0,inattent,1,15.870485131812606,15.870485131812606,1,0,0,0,0,1,0,0,0,0,-1
nonsensical,16160,1,1.2741694008218392e-06,19.58201147267282,11,JJ,JJ,1,1,0,nonsens,1,15.870485131812606,15.870485131812606,0,0,0,0,0,1,0,1,0,0,-1
criticize,16169,1,1.2741694008218392e-06,19.58201147267282,9,VB,VB,1,1,0,critic,1,15.870485131812606,15.870485131812606,1,0,1,1,0,1,0,1,0,0,-1
torment,16170,1,1.2741694008218392e-06,19.58201147267282,7,NN,NN,1,1,0,torment,1,15.870485131812606,15.870485131812606,1,0,0,1,0,1,0,1,0,0,-1
proficient,16199,1,1.2741694008218392e-06,19.58201147267282,10,JJ,JJ,1,1,0,profici,1,15.870485131812606,15.870485131812606,0,0,0,0,0,0,1,0,0,1,1
barbarian,16207,1,1.2741694008218392e-06,19.58201147267282,9,NN,NN,1,1,0,barbarian,1,15.870485131812606,15.870485131812606,0,0,0,1,0,1,0,0,0,0,-1
horrific,16218,1,1.2741694008218392e-06,19.58201147267282,8,JJ,JJ,1,1,0,horrif,1,15.870485131812606,15.870485131812606,1,0,1,1,0,1,0,1,0,0,-1
tackle,16254,1,1.2741694008218392e-06,19.58201147267282,6,NN,NN,1,1,0,tackl,1,15.870485131812606,15.870485131812606,1,0,0,0,0,0,0,0,1,0,0
amusing,16272,1,1.2741694008218392e-06,19.58201147267282,7,JJ,JJ,1,1,0,amus,1,15.870485131812606,15.870485131812606,0,0,0,0,1,0,1,0,0,0,1
moan,16298,1,1.2741694008218392e-06,19.58201147267282,4,NN,NNP,1,1,0,moan,1,15.870485131812606,15.870485131812606,0,0,0,1,0,0,0,1,0,0,0
bookworm,16323,1,1.2741694008218392e-06,19.58201147267282,8,NN,NN,1,1,0,bookworm,1,15.870485131812606,15.870485131812606,0,0,0,0,0,1,1,0,0,0,0
harass,16349,1,1.2741694008218392e-06,19.58201147267282,6,VB,VB,1,1,0,harass,1,15.870485131812606,15.870485131812606,1,0,1,0,0,1,0,0,0,0,-1
diligence,16358,1,1.2741694008218392e-06,19.58201147267282,9,NN,NN,1,1,0,dilig,1,15.870485131812606,15.870485131812606,0,0,0,0,0,0,1,0,0,1,1
soulmate,16383,1,1.2741694008218392e-06,19.58201147267282,8,NN,NN,1,1,0,soulmat,1,15.870485131812606,15.870485131812606,0,0,0,1,0,1,0,0,0,0,-1
distrust,16413,1,1.2741694008218392e-06,19.58201147267282,8,VB,VBP,1,1,0,distrust,1,15.870485131812606,15.870485131812606,1,0,1,1,0,1,0,0,0,0,-1
erupt,16414,1,1.2741694008218392e-06,19.58201147267282,5,VB,VB,1,1,0,erupt,1,15.870485131812606,15.870485131812606,1,0,0,0,0,1,0,0,1,0,-1
feat,16439,1,1.2741694008218392e-06,19.58201147267282,4,NN,NN,1,1,0,feat,1,15.870485131812606,15.870485131812606,0,1,0,0,1,0,1,0,1,0,1
vouch,16471,1,1.2741694008218392e-06,19.58201147267282,5,NN,NN,1,1,0,vouch,1,15.870485131812606,15.870485131812606,0,0,0,0,0,0,1,0,0,1,1
enchanted,16480,1,1.2741694008218392e-06,19.58201147267282,9,NN,NNP,1,1,0,enchant,1,15.870485131812606,15.870485131812606,0,0,0,0,1,0,1,0,0,1,1
prudent,16491,1,1.2741694008218392e-06,19.58201147267282,7,JJ,JJ,1,1,0,prudent,1,15.870485131812606,15.870485131812606,0,0,0,0,0,0,1,0,0,1,1
retribution,16492,1,1.2741694008218392e-06,19.58201147267282,11,NN,NN,1,1,0,retribut,1,15.870485131812606,15.870485131812606,1,0,0,1,0,1,0,1,0,0,-1
forfeiture,16508,1,1.2741694008218392e-06,19.58201147267282,10,NN,NN,1,1,0,forfeitur,1,15.870485131812606,15.870485131812606,0,0,0,1,0,1,0,1,0,0,-1
infantile,16523,1,1.2741694008218392e-06,19.58201147267282,9,JJ,JJ,1,1,0,infantil,1,15.870485131812606,15.870485131812606,1,0,1,0,0,1,0,0,0,0,-1
incense,16536,1,1.2741694008218392e-06,19.58201147267282,7,NN,NN,1,1,0,incens,1,15.870485131812606,15.870485131812606,1,0,0,0,0,1,0,0,0,0,-1
sunk,16546,1,1.2741694008218392e-06,19.58201147267282,4,VB,VBN,1,1,0,sunk,1,15.870485131812606,15.870485131812606,0,0,1,1,0,1,0,1,0,0,-1
offset,16550,1,1.2741694008218392e-06,19.58201147267282,6,NN,NN,1,1,0,offset,1,15.870485131812606,15.870485131812606,0,1,0,0,0,0,1,0,0,0,1
purge,16570,1,1.2741694008218392e-06,19.58201147267282,5,VB,VB,1,1,0,purg,1,15.870485131812606,15.870485131812606,0,0,0,1,0,1,0,0,0,0,-1
brothel,16585,1,1.2741694008218392e-06,19.58201147267282,7,NN,NN,1,1,0,brothel,1,15.870485131812606,15.870485131812606,0,0,1,0,0,1,0,0,0,0,-1
shortage,16590,1,1.2741694008218392e-06,19.58201147267282,8,NN,NN,1,1,0,shortag,1,15.870485131812606,15.870485131812606,1,0,0,1,0,1,0,1,0,0,-1
heyday,16606,1,1.2741694008218392e-06,19.58201147267282,6,JJ,JJ,1,1,0,heyday,1,15.870485131812606,15.870485131812606,0,1,0,0,1,0,1,0,0,1,1
greed,16652,1,1.2741694008218392e-06,19.58201147267282,5,NN,NN,1,1,0,greed,1,15.870485131812606,15.870485131812606,1,0,1,0,0,1,0,0,0,0,-1
hag,16664,1,1.2741694008218392e-06,19.58201147267282,3,VB,VBP,1,1,0,hag,1,15.870485131812606,15.870485131812606,0,0,1,1,0,1,0,0,0,0,-1
setback,16666,1,1.2741694008218392e-06,19.58201147267282,7,NN,NN,1,1,0,setback,1,15.870485131812606,15.870485131812606,0,0,0,0,0,1,0,1,0,0,-1
coup,16688,1,1.2741694008218392e-06,19.58201147267282,4,NN,NN,1,1,0,coup,1,15.870485131812606,15.870485131812606,1,0,0,0,0,0,0,0,1,0,0
snarl,16725,1,1.2741694008218392e-06,19.58201147267282,5,NN,NN,1,1,0,snarl,1,15.870485131812606,15.870485131812606,1,0,1,0,0,1,0,0,0,0,-1
irritable,16745,1,1.2741694008218392e-06,19.58201147267282,9,JJ,JJ,1,1,0,irrit,1,15.870485131812606,15.870485131812606,1,0,0,0,0,1,0,0,0,0,-1
recreation,16749,1,1.2741694008218392e-06,19.58201147267282,10,NN,NN,1,1,0,recreat,1,15.870485131812606,15.870485131812606,0,1,0,0,1,0,1,0,0,0,1
eminence,16752,1,1.2741694008218392e-06,19.58201147267282,8,NN,NN,1,1,0,emin,1,15.870485131812606,15.870485131812606,0,0,0,0,0,0,1,0,0,1,1
regretted,16754,1,1.2741694008218392e-06,19.58201147267282,9,VB,VBD,1,1,0,regret,1,15.870485131812606,15.870485131812606,0,0,0,0,0,1,0,1,0,0,-1
instruct,16771,1,1.2741694008218392e-06,19.58201147267282,8,VB,VB,1,1,0,instruct,1,15.870485131812606,15.870485131812606,0,0,0,0,0,0,1,0,0,1,1
probation,16773,1,1.2741694008218392e-06,19.58201147267282,9,NN,NN,1,1,0,probat,1,15.870485131812606,15.870485131812606,0,1,0,1,0,0,0,1,0,0,0
uncertain,16788,1,1.2741694008218392e-06,19.58201147267282,9,JJ,JJ,1,1,0,uncertain,1,15.870485131812606,15.870485131812606,1,0,1,1,0,1,0,0,1,0,-1
adultery,16805,1,1.2741694008218392e-06,19.58201147267282,8,NN,NNP,1,1,0,adulteri,1,15.870485131812606,15.870485131812606,0,0,1,0,0,1,0,1,0,0,-1
ruthless,16811,1,1.2741694008218392e-06,19.58201147267282,8,NN,NN,1,1,0,ruthless,1,15.870485131812606,15.870485131812606,1,0,1,1,0,1,0,0,0,0,-1
antichrist,16818,1,1.2741694008218392e-06,19.58201147267282,10,JJ,JJ,1,1,0,antichrist,1,15.870485131812606,15.870485131812606,1,0,1,1,0,1,0,0,0,0,-1
sin,16825,1,1.2741694008218392e-06,19.58201147267282,3,NN,NN,1,1,0,sin,1,15.870485131812606,15.870485131812606,1,0,1,1,0,1,0,1,0,0,-1
remiss,16844,1,1.2741694008218392e-06,19.58201147267282,6,JJ,JJ,1,1,0,remiss,1,15.870485131812606,15.870485131812606,1,0,1,0,0,1,0,1,0,0,-1
insolvent,16845,1,1.2741694008218392e-06,19.58201147267282,9,NN,NN,1,1,0,insolv,1,15.870485131812606,15.870485131812606,0,0,0,1,0,1,0,1,0,1,-1
candid,16846,1,1.2741694008218392e-06,19.58201147267282,6,VB,VBN,1,1,0,candid,1,15.870485131812606,15.870485131812606,0,1,0,0,1,0,1,0,1,1,1
petroleum,16899,1,1.2741694008218392e-06,19.58201147267282,9,NN,NN,1,1,0,petroleum,1,15.870485131812606,15.870485131812606,0,0,1,0,0,1,1,0,0,0,0
sickly,16937,1,1.2741694008218392e-06,19.58201147267282,6,JJ,JJ,1,1,0,sickli,1,15.870485131812606,15.870485131812606,0,0,1,0,0,1,0,1,0,0,-1
exhilaration,16981,1,1.2741694008218392e-06,19.58201147267282,12,NN,NN,1,1,0,exhilar,1,15.870485131812606,15.870485131812606,0,0,0,0,1,0,1,0,1,0,1
thoughtless,16986,1,1.2741694008218392e-06,19.58201147267282,11,NN,NN,1,1,0,thoughtless,1,15.870485131812606,15.870485131812606,1,0,1,0,0,1,0,0,0,0,-1
beware,16990,1,1.2741694008218392e-06,19.58201147267282,6,NN,NN,1,1,0,bewar,1,15.870485131812606,15.870485131812606,0,1,0,1,0,1,0,0,0,0,-1
clash,16994,1,1.2741694008218392e-06,19.58201147267282,5,NN,NN,1,1,0,clash,1,15.870485131812606,15.870485131812606,1,0,0,0,0,1,0,0,0,0,-1
cowardly,17002,1,1.2741694008218392e-06,19.58201147267282,8,RB,RB,1,1,0,cowardli,1,15.870485131812606,15.870485131812606,0,0,0,1,0,1,0,0,0,0,-1
celebrated,17060,1,1.2741694008218392e-06,19.58201147267282,10,VB,VBD,1,1,0,celebr,1,15.870485131812606,15.870485131812606,0,1,0,0,1,0,1,0,0,0,1
gash,17074,1,1.2741694008218392e-06,19.58201147267282,4,NN,NN,1,1,0,gash,1,15.870485131812606,15.870485131812606,0,0,0,1,0,1,0,0,0,0,-1
burke,17078,1,1.2741694008218392e-06,19.58201147267282,5,NN,NNP,1,1,0,burk,1,15.870485131812606,15.870485131812606,1,0,1,1,0,1,0,1,0,0,-1
vivacious,17079,1,1.2741694008218392e-06,19.58201147267282,9,JJ,JJ,1,1,0,vivaci,1,15.870485131812606,15.870485131812606,0,0,0,0,1,0,1,0,0,0,1
scoundrel,17097,1,1.2741694008218392e-06,19.58201147267282,9,NN,NN,1,1,0,scoundrel,1,15.870485131812606,15.870485131812606,1,0,1,1,0,1,0,0,0,1,-1
agonizing,17117,1,1.2741694008218392e-06,19.58201147267282,9,VB,VBG,1,1,0,agon,1,15.870485131812606,15.870485131812606,0,0,0,1,0,1,0,0,0,0,-1
formative,17171,1,1.2741694008218392e-06,19.58201147267282,9,CD,CD,1,1,0,form,1,15.870485131812606,15.870485131812606,0,0,0,0,0,0,1,0,0,1,1
graduation,17203,1,1.2741694008218392e-06,19.58201147267282,10,NN,NN,1,1,0,graduat,1,15.870485131812606,15.870485131812606,0,1,0,1,1,0,1,0,1,1,1
lightning,17213,1,1.2741694008218392e-06,19.58201147267282,9,NN,NN,1,1,0,lightn,1,15.870485131812606,15.870485131812606,1,0,0,1,0,0,0,0,1,0,0
noose,17225,1,1.2741694008218392e-06,19.58201147267282,5,JJ,JJ,1,1,0,noos,1,15.870485131812606,15.870485131812606,0,0,0,0,0,1,0,1,0,0,-1
monetary,17236,1,1.2741694008218392e-06,19.58201147267282,8,JJ,JJ,1,1,0,monetari,1,15.870485131812606,15.870485131812606,0,1,0,0,0,0,1,0,0,0,1
infectious,17241,1,1.2741694008218392e-06,19.58201147267282,10,JJ,JJ,1,1,0,infecti,1,15.870485131812606,15.870485131812606,0,0,1,1,0,1,0,1,0,0,-1
pernicious,17269,1,1.2741694008218392e-06,19.58201147267282,10,JJ,JJ,1,1,0,pernici,1,15.870485131812606,15.870485131812606,1,0,0,1,0,1,0,1,0,0,-1
fundamental,17316,1,1.2741694008218392e-06,19.58201147267282,11,JJ,JJ,1,1,0,fundament,1,15.870485131812606,15.870485131812606,0,0,0,0,0,0,1,0,0,1,1
remorse,17323,1,1.2741694008218392e-06,19.58201147267282,7,JJ,JJR,1,1,0,remors,1,15.870485131812606,15.870485131812606,0,0,0,0,0,1,0,1,0,0,-1
hatred,17326,1,1.2741694008218392e-06,19.58201147267282,6,NN,NN,1,1,0,hatr,1,15.870485131812606,15.870485131812606,1,0,1,1,0,1,0,1,0,0,-1
toad,17347,1,1.2741694008218392e-06,19.58201147267282,4,NN,NN,1,1,0,toad,1,15.870485131812606,15.870485131812606,0,0,1,0,0,1,0,0,0,0,-1
fecal,17351,1,1.2741694008218392e-06,19.58201147267282,5,JJ,JJ,1,1,0,fecal,1,15.870485131812606,15.870485131812606,0,0,1,0,0,1,0,0,0,0,-1
praise,17354,1,1.2741694008218392e-06,19.58201147267282,6,NN,NNP,1,1,0,prais,1,15.870485131812606,15.870485131812606,0,0,0,0,1,0,1,0,0,1,1
plummet,17372,1,1.2741694008218392e-06,19.58201147267282,7,NN,NN,1,1,0,plummet,1,15.870485131812606,15.870485131812606,0,0,0,1,0,1,0,0,0,0,-1
difficulties,17379,1,1.2741694008218392e-06,19.58201147267282,12,NN,NNS,1,1,0,difficulti,1,15.870485131812606,15.870485131812606,0,0,0,0,0,1,0,1,0,0,-1
forgiving,17384,1,1.2741694008218392e-06,19.58201147267282,9,VB,VBG,1,1,0,forgiv,1,15.870485131812606,15.870485131812606,0,0,0,0,0,0,1,0,0,1,1
opium,17422,1,1.2741694008218392e-06,19.58201147267282,5,NN,NN,1,1,0,opium,1,15.870485131812606,15.870485131812606,1,0,1,1,0,1,0,1,0,0,-1
prosecute,17424,1,1.2741694008218392e-06,19.58201147267282,9,VB,VBP,1,1,0,prosecut,1,15.870485131812606,15.870485131812606,1,0,0,1,0,1,0,1,0,0,-1
repay,17426,1,1.2741694008218392e-06,19.58201147267282,5,VB,VBP,1,1,0,repay,1,15.870485131812606,15.870485131812606,1,1,0,0,1,0,1,0,0,1,1
wallow,17435,1,1.2741694008218392e-06,19.58201147267282,6,VB,VB,1,1,0,wallow,1,15.870485131812606,15.870485131812606,0,0,1,0,0,1,0,1,0,0,-1
boil,17439,1,1.2741694008218392e-06,19.58201147267282,4,NN,NN,1,1,0,boil,1,15.870485131812606,15.870485131812606,0,0,1,0,0,1,0,0,0,0,-1
congregation,17470,1,1.2741694008218392e-06,19.58201147267282,12,NN,NN,1,1,0,congreg,1,15.870485131812606,15.870485131812606,0,0,0,0,0,0,1,0,0,1,1
guillotine,17487,1,1.2741694008218392e-06,19.58201147267282,10,NN,NN,1,1,0,guillotin,1,15.870485131812606,15.870485131812606,1,1,1,1,0,1,0,1,0,0,-1
disapproving,17498,1,1.2741694008218392e-06,19.58201147267282,12,JJ,JJ,1,1,0,disapprov,1,15.870485131812606,15.870485131812606,1,0,1,0,0,1,0,1,0,0,-1
vigorous,17530,1,1.2741694008218392e-06,19.58201147267282,8,JJ,JJ,1,1,0,vigor,1,15.870485131812606,15.870485131812606,0,0,0,0,0,0,1,0,0,1,1
unfold,17540,1,1.2741694008218392e-06,19.58201147267282,6,JJ,JJ,1,1,0,unfold,1,15.870485131812606,15.870485131812606,0,1,0,0,0,0,1,0,0,0,1
controversial,17570,1,1.2741694008218392e-06,19.58201147267282,13,JJ,JJ,1,1,0,controversi,1,15.870485131812606,15.870485131812606,1,0,0,0,0,1,0,0,0,0,-1
maniac,17577,1,1.2741694008218392e-06,19.58201147267282,6,NN,NN,1,1,0,maniac,1,15.870485131812606,15.870485131812606,1,0,0,1,0,1,0,0,0,0,-1
thrash,17601,1,1.2741694008218392e-06,19.58201147267282,6,VB,VB,1,1,0,thrash,1,15.870485131812606,15.870485131812606,1,0,1,1,0,1,0,1,0,0,-1
relapse,17625,1,1.2741694008218392e-06,19.58201147267282,7,NN,NN,1,1,0,relaps,1,15.870485131812606,15.870485131812606,0,0,0,1,0,1,0,1,0,0,-1
extinguish,17653,1,1.2741694008218392e-06,19.58201147267282,10,VB,VB,1,1,0,extinguish,1,15.870485131812606,15.870485131812606,1,0,0,0,0,1,0,0,0,0,-1
infidelity,17719,1,1.2741694008218392e-06,19.58201147267282,10,NN,NN,1,1,0,infidel,1,15.870485131812606,15.870485131812606,1,0,1,1,0,1,0,1,0,0,-1
visionary,17751,1,1.2741694008218392e-06,19.58201147267282,9,JJ,JJ,1,1,0,visionari,1,15.870485131812606,15.870485131812606,0,1,0,0,1,0,1,0,0,1,1
reluctant,17782,1,1.2741694008218392e-06,19.58201147267282,9,JJ,JJ,1,1,0,reluct,1,15.870485131812606,15.870485131812606,0,0,0,1,0,1,0,0,0,0,-1
charitable,17793,1,1.2741694008218392e-06,19.58201147267282,10,JJ,JJ,1,1,0,charit,1,15.870485131812606,15.870485131812606,0,1,0,0,1,0,1,0,0,1,1
secrecy,17799,1,1.2741694008218392e-06,19.58201147267282,7,NN,NN,1,1,0,secreci,1,15.870485131812606,15.870485131812606,0,0,0,0,0,0,0,0,1,1,0
scapegoat,17813,1,1.2741694008218392e-06,19.58201147267282,9,NN,NN,1,1,0,scapegoat,1,15.870485131812606,15.870485131812606,1,0,0,1,0,1,0,0,0,0,-1
infertility,17815,1,1.2741694008218392e-06,19.58201147267282,11,NN,NN,1,1,0,infertil,1,15.870485131812606,15.870485131812606,0,0,0,0,0,1,0,1,0,0,-1
fatal,17899,1,1.2741694008218392e-06,19.58201147267282,5,JJ,JJ,1,1,0,fatal,1,15.870485131812606,15.870485131812606,1,0,0,1,0,1,0,1,0,0,-1
pastor,17959,1,1.2741694008218392e-06,19.58201147267282,6,NN,NN,1,1,0,pastor,1,15.870485131812606,15.870485131812606,0,0,0,0,1,0,1,0,0,1,1
disgraceful,17970,1,1.2741694008218392e-06,19.58201147267282,11,VB,VBD,1,1,0,disgrac,1,15.870485131812606,15.870485131812606,1,0,1,0,0,1,0,0,0,0,-1
banshee,17975,1,1.2741694008218392e-06,19.58201147267282,7,NN,NNP,1,1,0,banshe,1,15.870485131812606,15.870485131812606,1,0,1,1,0,1,0,1,0,0,-1
trickery,17986,1,1.2741694008218392e-06,19.58201147267282,8,NN,NN,1,1,0,trickeri,1,15.870485131812606,15.870485131812606,1,0,1,1,0,1,0,1,1,0,-1
wart,17989,1,1.2741694008218392e-06,19.58201147267282,4,NN,NNP,1,1,0,wart,1,15.870485131812606,15.870485131812606,0,0,1,0,0,1,0,0,0,0,-1
wench,17991,1,1.2741694008218392e-06,19.58201147267282,5,NN,NN,1,1,0,wench,1,15.870485131812606,15.870485131812606,1,0,1,0,0,1,0,0,0,0,-1
demolish,18000,1,1.2741694008218392e-06,19.58201147267282,8,VB,VB,1,1,0,demolish,1,15.870485131812606,15.870485131812606,1,0,0,0,0,1,0,1,0,0,-1
apparition,18090,1,1.2741694008218392e-06,19.58201147267282,10,NN,NN,1,1,0,apparit,1,15.870485131812606,15.870485131812606,0,0,0,1,0,0,0,0,1,0,0
altercation,18104,1,1.2741694008218392e-06,19.58201147267282,11,NN,NN,1,1,0,alterc,1,15.870485131812606,15.870485131812606,1,0,0,0,0,1,0,0,0,0,-1
possession,18106,1,1.2741694008218392e-06,19.58201147267282,10,NN,NN,1,1,0,possess,1,15.870485131812606,15.870485131812606,1,0,1,1,0,1,0,0,0,0,-1
caution,18133,1,1.2741694008218392e-06,19.58201147267282,7,NN,NN,1,1,0,caution,1,15.870485131812606,15.870485131812606,1,1,0,1,0,1,0,0,0,0,-1
orchestra,18177,1,1.2741694008218392e-06,19.58201147267282,9,NN,NNP,1,1,0,orchestra,1,15.870485131812606,15.870485131812606,1,0,0,0,1,0,1,1,0,1,1
ache,18185,1,1.2741694008218392e-06,19.58201147267282,4,NN,NN,1,1,0,ach,1,15.870485131812606,15.870485131812606,0,0,0,0,0,1,0,1,0,0,-1
backbone,18203,1,1.2741694008218392e-06,19.58201147267282,8,NN,NN,1,1,0,backbon,1,15.870485131812606,15.870485131812606,1,0,0,0,0,0,1,0,0,1,1
fearful,18242,1,1.2741694008218392e-06,19.58201147267282,7,JJ,JJ,1,1,0,fear,1,15.870485131812606,15.870485131812606,0,0,0,1,0,1,0,1,0,0,-1
senseless,18267,1,1.2741694008218392e-06,19.58201147267282,9,NN,NN,1,1,0,senseless,1,15.870485131812606,15.870485131812606,1,0,1,1,0,1,0,1,1,0,-1
overbearing,18283,1,1.2741694008218392e-06,19.58201147267282,11,NN,NN,1,1,0,overbear,1,15.870485131812606,15.870485131812606,1,0,0,0,0,1,0,0,0,0,-1
hardened,18295,1,1.2741694008218392e-06,19.58201147267282,8,VB,VBD,1,1,0,harden,1,15.870485131812606,15.870485131812606,1,0,1,1,0,1,0,0,0,0,-1
choir,18304,1,1.2741694008218392e-06,19.58201147267282,5,NN,NN,1,1,0,choir,1,15.870485131812606,15.870485131812606,0,0,0,0,1,0,1,0,0,1,1
atrocious,18313,1,1.2741694008218392e-06,19.58201147267282,9,JJ,JJ,1,1,0,atroci,1,15.870485131812606,15.870485131812606,1,0,1,0,0,1,0,0,0,0,-1
commotion,18333,1,1.2741694008218392e-06,19.58201147267282,9,NN,NN,1,1,0,commot,1,15.870485131812606,15.870485131812606,1,0,0,0,0,1,0,0,0,0,-1
vengeance,18334,1,1.2741694008218392e-06,19.58201147267282,9,NN,NN,1,1,0,vengeanc,1,15.870485131812606,15.870485131812606,1,0,0,0,0,1,0,0,0,0,-1
canker,18344,1,1.2741694008218392e-06,19.58201147267282,6,NN,NN,1,1,0,canker,1,15.870485131812606,15.870485131812606,1,0,1,0,0,1,0,0,0,0,-1
reproductive,18359,1,1.2741694008218392e-06,19.58201147267282,12,JJ,JJ,1,1,0,reproduct,1,15.870485131812606,15.870485131812606,0,0,0,0,1,0,1,0,0,0,1
ghostly,18404,1,1.2741694008218392e-06,19.58201147267282,7,JJ,JJ,1,1,0,ghostli,1,15.870485131812606,15.870485131812606,0,0,0,1,0,1,0,0,0,0,-1
futile,18420,1,1.2741694008218392e-06,19.58201147267282,6,JJ,JJ,1,1,0,futil,1,15.870485131812606,15.870485131812606,0,0,0,0,0,1,0,1,0,0,-1
possessed,18426,1,1.2741694008218392e-06,19.58201147267282,9,VB,VBN,1,1,0,possess,1,15.870485131812606,15.870485131812606,1,0,1,1,0,1,0,0,0,0,-1
abomination,18486,1,1.2741694008218392e-06,19.58201147267282,11,NN,NN,1,1,0,abomin,1,15.870485131812606,15.870485131812606,1,0,1,1,0,1,0,0,0,0,-1
faithful,18518,1,1.2741694008218392e-06,19.58201147267282,8,JJ,JJ,1,1,0,faith,1,15.870485131812606,15.870485131812606,0,0,0,0,0,0,1,0,0,1,1
disappoint,18538,1,1.2741694008218392e-06,19.58201147267282,10,VB,VB,1,1,0,disappoint,1,15.870485131812606,15.870485131812606,1,0,1,0,0,1,0,1,0,0,-1
alarming,18542,1,1.2741694008218392e-06,19.58201147267282,8,VB,VBG,1,1,0,alarm,1,15.870485131812606,15.870485131812606,0,0,0,1,0,1,0,0,1,0,-1
copycat,18576,1,1.2741694008218392e-06,19.58201147267282,7,NN,NN,1,1,0,copycat,1,15.870485131812606,15.870485131812606,1,0,1,0,0,1,0,0,0,0,-1
memorable,18580,1,1.2741694008218392e-06,19.58201147267282,9,JJ,JJ,1,1,0,memor,1,15.870485131812606,15.870485131812606,0,0,0,0,1,0,1,0,1,1,1
lurid,18581,1,1.2741694008218392e-06,19.58201147267282,5,JJ,JJ,1,1,0,lurid,1,15.870485131812606,15.870485131812606,0,0,1,0,0,1,0,0,0,0,-1
incurable,18661,1,1.2741694008218392e-06,19.58201147267282,9,JJ,JJ,1,1,0,incur,1,15.870485131812606,15.870485131812606,1,0,1,1,0,1,0,1,0,0,-1
harmful,18679,1,1.2741694008218392e-06,19.58201147267282,7,JJ,JJ,1,1,0,harm,1,15.870485131812606,15.870485131812606,1,0,1,1,0,1,0,1,0,0,-1
sorely,18684,1,1.2741694008218392e-06,19.58201147267282,6,RB,RB,1,1,0,sore,1,15.870485131812606,15.870485131812606,0,0,0,0,0,1,0,1,0,0,-1
ambush,18698,1,1.2741694008218392e-06,19.58201147267282,6,NN,NN,1,1,0,ambush,1,15.870485131812606,15.870485131812606,1,0,0,1,0,1,0,0,1,0,-1
recession,18720,1,1.2741694008218392e-06,19.58201147267282,9,NN,NN,1,1,0,recess,1,15.870485131812606,15.870485131812606,1,0,1,1,0,1,0,1,0,0,-1
devastating,18757,1,1.2741694008218392e-06,19.58201147267282,11,VB,VBG,1,1,0,devast,1,15.870485131812606,15.870485131812606,1,0,1,1,0,1,0,1,0,1,-1
ditty,18760,1,1.2741694008218392e-06,19.58201147267282,5,NN,NN,1,1,0,ditti,1,15.870485131812606,15.870485131812606,0,0,0,0,1,0,1,0,0,0,1
helpless,18774,1,1.2741694008218392e-06,19.58201147267282,8,NN,NN,1,1,0,helpless,1,15.870485131812606,15.870485131812606,0,0,0,1,0,1,0,1,0,0,-1
convent,18777,1,1.2741694008218392e-06,19.58201147267282,7,NN,NN,1,1,0,convent,1,15.870485131812606,15.870485131812606,0,0,0,0,0,0,1,0,0,1,1
alienate,18778,1,1.2741694008218392e-06,19.58201147267282,8,VB,VB,1,1,0,alien,1,15.870485131812606,15.870485131812606,1,0,1,0,0,1,0,0,0,0,-1
flaccid,18838,1,1.2741694008218392e-06,19.58201147267282,7,NN,NN,1,1,0,flaccid,1,15.870485131812606,15.870485131812606,0,0,0,0,0,1,0,1,0,0,-1
slayer,18865,1,1.2741694008218392e-06,19.58201147267282,6,NN,NN,1,1,0,slayer,1,15.870485131812606,15.870485131812606,1,0,1,1,0,1,0,1,1,0,-1
antagonist,18905,1,1.2741694008218392e-06,19.58201147267282,10,NN,NN,1,1,0,antagonist,1,15.870485131812606,15.870485131812606,1,0,0,0,0,1,0,0,0,0,-1
definitive,18967,1,1.2741694008218392e-06,19.58201147267282,10,JJ,JJ,1,1,0,definit,1,15.870485131812606,15.870485131812606,0,0,0,0,0,0,1,0,0,1,1
heroine,18978,1,1.2741694008218392e-06,19.58201147267282,7,NN,NN,1,1,0,heroin,1,15.870485131812606,15.870485131812606,0,0,0,0,0,0,1,0,0,1,1
ringer,19019,1,1.2741694008218392e-06,19.58201147267282,6,NN,NN,1,1,0,ringer,1,15.870485131812606,15.870485131812606,1,0,0,0,0,1,0,0,0,0,-1
detest,19026,1,1.2741694008218392e-06,19.58201147267282,6,VB,VBP,1,1,0,detest,1,15.870485131812606,15.870485131812606,1,0,1,0,0,1,0,0,0,0,-1
reliability,19028,1,1.2741694008218392e-06,19.58201147267282,11,NN,NN,1,1,0,reliabl,1,15.870485131812606,15.870485131812606,0,0,0,0,0,0,1,0,0,1,1
talons,19034,1,1.2741694008218392e-06,19.58201147267282,6,NN,NNS,1,1,0,talon,1,15.870485131812606,15.870485131812606,1,0,0,1,0,1,0,0,0,0,-1
elite,19040,1,1.2741694008218392e-06,19.58201147267282,5,JJ,JJ,1,1,0,elit,1,15.870485131812606,15.870485131812606,0,1,0,0,1,0,1,0,0,1,1
vermin,19054,1,1.2741694008218392e-06,19.58201147267282,6,NN,NN,1,1,0,vermin,1,15.870485131812606,15.870485131812606,1,0,1,1,0,1,0,0,0,0,-1
woefully,19063,1,1.2741694008218392e-06,19.58201147267282,8,RB,RB,1,1,0,woefulli,1,15.870485131812606,15.870485131812606,0,0,1,0,0,1,0,1,0,0,-1
apprehension,19077,1,1.2741694008218392e-06,19.58201147267282,12,NN,NN,1,1,0,apprehens,1,15.870485131812606,15.870485131812606,0,0,0,1,0,1,0,0,0,0,-1
adversity,19108,1,1.2741694008218392e-06,19.58201147267282,9,NN,NN,1,1,0,advers,1,15.870485131812606,15.870485131812606,1,0,0,1,0,1,0,1,0,0,-1
instruction,19114,1,1.2741694008218392e-06,19.58201147267282,11,NN,NN,1,1,0,instruct,1,15.870485131812606,15.870485131812606,0,0,0,0,0,0,1,0,0,1,1
majority,19138,1,1.2741694008218392e-06,19.58201147267282,8,NN,NN,1,1,0,major,1,15.870485131812606,15.870485131812606,0,0,0,0,1,0,1,0,0,1,1
playhouse,19167,1,1.2741694008218392e-06,19.58201147267282,9,NN,NNP,1,1,0,playhous,1,15.870485131812606,15.870485131812606,0,0,0,0,1,0,1,0,0,0,1
defenseless,19174,1,1.2741694008218392e-06,19.58201147267282,11,NN,NN,1,1,0,defenseless,1,15.870485131812606,15.870485131812606,0,0,0,1,0,1,0,1,0,0,-1
discourage,19183,1,1.2741694008218392e-06,19.58201147267282,10,VB,VB,1,1,0,discourag,1,15.870485131812606,15.870485131812606,0,0,0,1,0,1,0,1,0,0,-1
powerless,19219,1,1.2741694008218392e-06,19.58201147267282,9,JJ,JJ,1,1,0,powerless,1,15.870485131812606,15.870485131812606,1,0,1,1,0,1,0,1,0,0,-1
crumbling,19223,1,1.2741694008218392e-06,19.58201147267282,9,VB,VBG,1,1,0,crumbl,1,15.870485131812606,15.870485131812606,0,0,0,0,0,1,0,1,0,0,-1
occult,19247,1,1.2741694008218392e-06,19.58201147267282,6,NN,NN,1,1,0,occult,1,15.870485131812606,15.870485131812606,0,0,1,1,0,1,0,0,0,0,-1
simplify,19293,1,1.2741694008218392e-06,19.58201147267282,8,VB,VB,1,1,0,simplifi,1,15.870485131812606,15.870485131812606,0,1,0,0,1,0,1,0,1,1,1
apache,19300,1,1.2741694008218392e-06,19.58201147267282,6,NN,NNP,1,1,0,apach,1,15.870485131812606,15.870485131812606,0,0,0,1,0,1,0,0,0,0,-1
plagiarism,19301,1,1.2741694008218392e-06,19.58201147267282,10,NN,NN,1,1,0,plagiar,1,15.870485131812606,15.870485131812606,0,0,1,0,0,1,0,0,0,0,-1
sadness,19319,1,1.2741694008218392e-06,19.58201147267282,7,NN,NN,1,1,0,sad,1,15.870485131812606,15.870485131812606,0,0,0,0,0,1,0,1,0,1,-1
disparage,19332,1,1.2741694008218392e-06,19.58201147267282,9,VB,VB,1,1,0,disparag,1,15.870485131812606,15.870485131812606,1,0,1,0,0,1,0,1,0,0,-1
reporter,19344,1,1.2741694008218392e-06,19.58201147267282,8,NN,NN,1,1,0,report,1,15.870485131812606,15.870485131812606,0,0,0,0,0,0,1,0,0,1,1
dependent,19347,1,1.2741694008218392e-06,19.58201147267282,9,JJ,JJ,1,1,0,depend,1,15.870485131812606,15.870485131812606,0,0,0,0,0,1,1,0,0,1,0
fury,19363,1,1.2741694008218392e-06,19.58201147267282,4,NN,NN,1,1,0,furi,1,15.870485131812606,15.870485131812606,1,0,0,1,0,1,0,1,0,0,-1
aftermath,19392,1,1.2741694008218392e-06,19.58201147267282,9,NN,NN,1,1,0,aftermath,1,15.870485131812606,15.870485131812606,1,0,1,1,0,1,0,1,0,0,-1
aspiring,19416,1,1.2741694008218392e-06,19.58201147267282,8,VB,VBG,1,1,0,aspir,1,15.870485131812606,15.870485131812606,0,1,0,0,1,0,1,0,0,1,1
thrilling,19429,1,1.2741694008218392e-06,19.58201147267282,9,VB,VBG,1,1,0,thrill,1,15.870485131812606,15.870485131812606,0,1,0,0,1,0,1,0,1,0,1
meltdown,19442,1,1.2741694008218392e-06,19.58201147267282,8,NN,NN,1,1,0,meltdown,1,15.870485131812606,15.870485131812606,0,0,0,0,0,1,0,1,0,0,-1
bodyguard,19446,1,1.2741694008218392e-06,19.58201147267282,9,NN,NN,1,1,0,bodyguard,1,15.870485131812606,15.870485131812606,0,0,0,0,0,0,1,0,0,1,1
scholarship,19453,1,1.2741694008218392e-06,19.58201147267282,11,NN,NN,1,1,0,scholarship,1,15.870485131812606,15.870485131812606,0,0,0,0,1,0,1,0,0,0,1
gory,19458,1,1.2741694008218392e-06,19.58201147267282,4,NN,NN,1,1,0,gori,1,15.870485131812606,15.870485131812606,1,0,1,1,0,1,0,1,0,0,-1
stigma,19515,1,1.2741694008218392e-06,19.58201147267282,6,NN,NN,1,1,0,stigma,1,15.870485131812606,15.870485131812606,1,0,1,1,0,1,0,1,0,0,-1
barren,19523,1,1.2741694008218392e-06,19.58201147267282,6,JJ,JJ,1,1,0,barren,1,15.870485131812606,15.870485131812606,0,0,0,0,0,1,0,1,0,0,-1
pus,19555,1,1.2741694008218392e-06,19.58201147267282,3,NN,NN,1,1,0,pu,1,15.870485131812606,15.870485131812606,0,0,1,0,0,1,0,0,0,0,-1
ooze,19564,1,1.2741694008218392e-06,19.58201147267282,4,VB,VB,1,1,0,ooz,1,15.870485131812606,15.870485131812606,0,0,1,0,0,1,0,0,0,0,-1
pest,19601,1,1.2741694008218392e-06,19.58201147267282,4,NN,NN,1,1,0,pest,1,15.870485131812606,15.870485131812606,1,0,1,1,0,1,0,0,0,0,-1
pawn,19641,1,1.2741694008218392e-06,19.58201147267282,4,NN,NN,1,1,0,pawn,1,15.870485131812606,15.870485131812606,0,0,0,0,0,1,0,0,0,1,-1
revoke,19649,1,1.2741694008218392e-06,19.58201147267282,6,VB,VB,1,1,0,revok,1,15.870485131812606,15.870485131812606,1,0,1,1,0,1,0,1,0,0,-1
dagger,19654,1,1.2741694008218392e-06,19.58201147267282,6,NN,NN,1,1,0,dagger,1,15.870485131812606,15.870485131812606,0,0,0,1,0,1,0,0,0,0,-1
deserted,19661,1,1.2741694008218392e-06,19.58201147267282,8,JJ,JJ,1,1,0,desert,1,15.870485131812606,15.870485131812606,1,0,1,1,0,1,0,1,0,0,-1
homicidal,19662,1,1.2741694008218392e-06,19.58201147267282,9,JJ,JJ,1,1,0,homicid,1,15.870485131812606,15.870485131812606,1,0,0,1,0,1,0,0,0,0,-1
untidy,19700,1,1.2741694008218392e-06,19.58201147267282,6,JJ,JJ,1,1,0,untidi,1,15.870485131812606,15.870485131812606,0,0,1,0,0,1,0,0,0,0,-1
loom,19718,1,1.2741694008218392e-06,19.58201147267282,4,VB,VBP,1,1,0,loom,1,15.870485131812606,15.870485131812606,0,1,0,1,0,1,0,0,0,0,-1
gruff,19728,1,1.2741694008218392e-06,19.58201147267282,5,JJ,JJ,1,1,0,gruff,1,15.870485131812606,15.870485131812606,1,0,1,0,0,1,0,0,0,0,-1
flattering,19767,1,1.2741694008218392e-06,19.58201147267282,10,VB,VBG,1,1,0,flatter,1,15.870485131812606,15.870485131812606,0,0,0,0,1,0,1,0,0,0,1
stable,19784,1,1.2741694008218392e-06,19.58201147267282,6,JJ,JJ,1,1,0,stabl,1,15.870485131812606,15.870485131812606,0,0,0,0,0,0,1,0,0,1,1
achievement,19793,1,1.2741694008218392e-06,19.58201147267282,11,NN,NN,1,1,0,achiev,1,15.870485131812606,15.870485131812606,0,1,0,0,1,0,1,0,0,1,1
filth,19816,1,1.2741694008218392e-06,19.58201147267282,5,NN,NN,1,1,0,filth,1,15.870485131812606,15.870485131812606,0,0,1,0,0,1,0,0,0,0,-1
uninterested,19861,1,1.2741694008218392e-06,19.58201147267282,12,VB,VBN,1,1,0,uninterest,1,15.870485131812606,15.870485131812606,0,0,0,0,0,1,0,1,0,0,-1
dietary,19866,1,1.2741694008218392e-06,19.58201147267282,7,JJ,JJ,1,1,0,dietari,1,15.870485131812606,15.870485131812606,0,1,0,0,0,0,1,0,0,0,1
cutthroat,19878,1,1.2741694008218392e-06,19.58201147267282,9,JJ,JJ,1,1,0,cutthroat,1,15.870485131812606,15.870485131812606,1,0,0,1,0,1,0,0,0,0,-1
marrow,19897,1,1.2741694008218392e-06,19.58201147267282,6,NN,NN,1,1,0,marrow,1,15.870485131812606,15.870485131812606,0,0,0,0,1,0,1,0,0,1,1
unfriendly,19898,1,1.2741694008218392e-06,19.58201147267282,10,JJ,JJ,1,1,0,unfriendli,1,15.870485131812606,15.870485131812606,1,0,1,1,0,1,0,1,0,0,-1
unwelcome,19900,1,1.2741694008218392e-06,19.58201147267282,9,JJ,JJ,1,1,0,unwelcom,1,15.870485131812606,15.870485131812606,0,0,0,0,0,1,0,1,0,0,-1
excel,19904,1,1.2741694008218392e-06,19.58201147267282,5,NN,NNP,1,1,0,excel,1,15.870485131812606,15.870485131812606,0,1,0,0,1,0,1,0,1,1,1
diseased,19926,1,1.2741694008218392e-06,19.58201147267282,8,JJ,JJ,1,1,0,diseas,1,15.870485131812606,15.870485131812606,0,0,1,1,0,1,0,1,0,0,-1
communism,19929,1,1.2741694008218392e-06,19.58201147267282,9,NN,NN,1,1,0,commun,1,15.870485131812606,15.870485131812606,1,0,0,1,0,1,0,1,0,0,-1
affliction,19930,1,1.2741694008218392e-06,19.58201147267282,10,NN,NN,1,1,0,afflict,1,15.870485131812606,15.870485131812606,0,0,1,1,0,1,0,1,0,0,-1
lash,19940,1,1.2741694008218392e-06,19.58201147267282,4,VB,VB,1,1,0,lash,1,15.870485131812606,15.870485131812606,1,0,0,1,0,1,0,0,0,0,-1
speck,19948,1,1.2741694008218392e-06,19.58201147267282,5,NN,NN,1,1,0,speck,1,15.870485131812606,15.870485131812606,0,0,1,0,0,1,0,0,0,0,-1
inmate,19953,1,1.2741694008218392e-06,19.58201147267282,6,NN,NN,1,1,0,inmat,1,15.870485131812606,15.870485131812606,0,0,1,1,0,1,0,0,0,0,-1
objective,19971,1,1.2741694008218392e-06,19.58201147267282,9,NN,NN,1,1,0,object,1,15.870485131812606,15.870485131812606,0,1,0,0,0,0,1,0,0,1,1
repellant,19974,1,1.2741694008218392e-06,19.58201147267282,9,JJ,JJ,1,1,0,repel,1,15.870485131812606,15.870485131812606,0,0,1,1,0,1,0,0,0,0,-1
dreadful,19982,1,1.2741694008218392e-06,19.58201147267282,8,JJ,JJ,1,1,0,dread,1,15.870485131812606,15.870485131812606,1,1,1,1,0,1,0,1,0,0,-1
bovine,19987,1,1.2741694008218392e-06,19.58201147267282,6,NN,NN,1,1,0,bovin,1,15.870485131812606,15.870485131812606,0,0,1,0,0,1,0,0,0,0,-1
backwater,19998,1,1.2741694008218392e-06,19.58201147267282,9,JJ,JJ,1,1,0,backwat,1,15.870485131812606,15.870485131812606,0,0,0,0,0,1,0,1,0,0,-1
disconnected,20051,1,1.2741694008218392e-06,19.58201147267282,12,VB,VBN,1,1,0,disconnect,1,15.870485131812606,15.870485131812606,0,0,0,0,0,1,0,1,0,0,-1
merciless,20153,1,1.2741694008218392e-06,19.58201147267282,9,NN,NNP,1,1,0,merciless,1,15.870485131812606,15.870485131812606,0,0,0,1,0,1,0,0,0,0,-1
consistency,20262,1,1.2741694008218392e-06,19.58201147267282,11,NN,NN,1,1,0,consist,1,15.870485131812606,15.870485131812606,0,0,0,0,0,0,1,0,0,1,1
perverted,20270,1,1.2741694008218392e-06,19.58201147267282,9,JJ,JJ,1,1,0,pervert,1,15.870485131812606,15.870485131812606,0,0,1,0,0,1,0,0,0,0,-1
illuminate,20304,1,1.2741694008218392e-06,19.58201147267282,10,VB,VB,1,1,0,illumin,1,15.870485131812606,15.870485131812606,0,1,0,0,1,0,1,0,1,0,1
verge,20321,1,1.2741694008218392e-06,19.58201147267282,5,NN,NN,1,1,0,verg,1,15.870485131812606,15.870485131812606,0,1,0,1,0,1,0,0,0,0,-1
villain,20338,1,1.2741694008218392e-06,19.58201147267282,7,NN,NN,1,1,0,villain,1,15.870485131812606,15.870485131812606,0,0,0,1,0,1,0,0,0,0,-1
overthrow,20383,1,1.2741694008218392e-06,19.58201147267282,9,NN,NNP,1,1,0,overthrow,1,15.870485131812606,15.870485131812606,0,1,0,1,0,1,0,0,0,0,-1
veto,20421,1,1.2741694008218392e-06,19.58201147267282,4,VB,VB,1,1,0,veto,1,15.870485131812606,15.870485131812606,1,0,0,0,0,1,0,0,0,0,-1
misconception,20422,1,1.2741694008218392e-06,19.58201147267282,13,NN,NN,1,1,0,misconcept,1,15.870485131812606,15.870485131812606,1,0,1,1,0,1,0,0,0,0,-1
gush,20454,1,1.2741694008218392e-06,19.58201147267282,4,VB,VBP,1,1,0,gush,1,15.870485131812606,15.870485131812606,0,0,1,0,1,1,0,0,0,0,-1
penetration,20455,1,1.2741694008218392e-06,19.58201147267282,11,NN,NN,1,1,0,penetr,1,15.870485131812606,15.870485131812606,1,0,0,1,0,1,0,0,0,0,-1
shameful,20461,1,1.2741694008218392e-06,19.58201147267282,8,VB,VB,1,1,0,shame,1,15.870485131812606,15.870485131812606,0,0,0,0,0,1,0,1,0,0,-1
grieve,20487,1,1.2741694008218392e-06,19.58201147267282,6,VB,VB,1,1,0,griev,1,15.870485131812606,15.870485131812606,0,0,0,1,0,1,0,1,0,0,-1
soulless,20489,1,1.2741694008218392e-06,19.58201147267282,8,JJ,JJ,1,1,0,soulless,1,15.870485131812606,15.870485131812606,0,0,1,1,0,1,0,1,0,0,-1
heartless,20490,1,1.2741694008218392e-06,19.58201147267282,9,JJ,JJ,1,1,0,heartless,1,15.870485131812606,15.870485131812606,0,0,0,0,0,1,0,1,0,0,-1
paralyzed,20556,1,1.2741694008218392e-06,19.58201147267282,9,VB,VBN,1,1,0,paralyz,1,15.870485131812606,15.870485131812606,1,0,0,1,0,1,0,1,1,0,-1
amazingly,20570,1,1.2741694008218392e-06,19.58201147267282,9,RB,RB,1,1,0,amazingli,1,15.870485131812606,15.870485131812606,0,0,0,0,1,0,1,0,1,0,1
determination,20598,1,1.2741694008218392e-06,19.58201147267282,13,NN,NN,1,1,0,determin,1,15.870485131812606,15.870485131812606,0,0,0,0,0,0,1,0,0,1,1
pollute,20624,1,1.2741694008218392e-06,19.58201147267282,7,VB,VB,1,1,0,pollut,1,15.870485131812606,15.870485131812606,0,0,1,0,0,1,0,0,0,0,-1
deformed,20676,1,1.2741694008218392e-06,19.58201147267282,8,VB,VBN,1,1,0,deform,1,15.870485131812606,15.870485131812606,0,0,1,0,0,1,0,1,0,0,-1
illiterate,20677,1,1.2741694008218392e-06,19.58201147267282,10,JJ,JJ,1,1,0,illiter,1,15.870485131812606,15.870485131812606,0,0,1,0,0,1,0,0,0,0,-1
despicable,20681,1,1.2741694008218392e-06,19.58201147267282,10,JJ,JJ,1,1,0,despic,1,15.870485131812606,15.870485131812606,1,0,1,0,0,1,0,0,0,0,-1
reverend,20697,1,1.2741694008218392e-06,19.58201147267282,8,NN,NNP,1,1,0,reverend,1,15.870485131812606,15.870485131812606,0,0,0,0,1,0,1,0,0,0,1
gulp,20702,1,1.2741694008218392e-06,19.58201147267282,4,NN,NN,1,1,0,gulp,1,15.870485131812606,15.870485131812606,0,0,0,1,0,0,0,0,1,0,0
disagreement,20731,1,1.2741694008218392e-06,19.58201147267282,12,NN,NN,1,1,0,disagr,1,15.870485131812606,15.870485131812606,1,0,0,0,0,1,0,1,0,0,-1
butcher,20734,1,1.2741694008218392e-06,19.58201147267282,7,JJ,JJR,1,1,0,butcher,1,15.870485131812606,15.870485131812606,1,0,1,1,0,1,0,0,0,0,-1
banquet,20744,1,1.2741694008218392e-06,19.58201147267282,7,NN,NN,1,1,0,banquet,1,15.870485131812606,15.870485131812606,0,1,0,0,1,0,1,0,0,0,1
desist,20752,1,1.2741694008218392e-06,19.58201147267282,6,VB,VB,1,1,0,desist,1,15.870485131812606,15.870485131812606,1,0,1,0,0,1,0,0,0,0,-1
frightened,20759,1,1.2741694008218392e-06,19.58201147267282,10,VB,VBD,1,1,0,frighten,1,15.870485131812606,15.870485131812606,0,0,0,1,0,1,0,0,1,0,-1
tease,20786,1,1.2741694008218392e-06,19.58201147267282,5,NN,NN,1,1,0,teas,1,15.870485131812606,15.870485131812606,1,1,0,0,0,1,0,1,0,0,-1
waver,20793,1,1.2741694008218392e-06,19.58201147267282,5,NN,NN,1,1,0,waver,1,15.870485131812606,15.870485131812606,0,0,0,1,0,1,0,0,0,0,-1
bondage,20803,1,1.2741694008218392e-06,19.58201147267282,7,NN,NN,1,1,0,bondag,1,15.870485131812606,15.870485131812606,0,0,0,1,0,1,0,1,0,0,-1
consternation,20818,1,1.2741694008218392e-06,19.58201147267282,13,NN,NN,1,1,0,constern,1,15.870485131812606,15.870485131812606,1,0,0,1,0,1,0,0,0,0,-1
collapse,20823,1,1.2741694008218392e-06,19.58201147267282,8,NN,NN,1,1,0,collaps,1,15.870485131812606,15.870485131812606,0,0,1,1,0,1,0,1,0,0,-1
termite,20834,1,1.2741694008218392e-06,19.58201147267282,7,JJ,JJ,1,1,0,termit,1,15.870485131812606,15.870485131812606,0,0,1,0,0,1,0,0,0,0,-1
picket,20835,1,1.2741694008218392e-06,19.58201147267282,6,NN,NN,1,1,0,picket,1,15.870485131812606,15.870485131812606,1,1,0,1,0,1,0,0,0,0,-1
loathing,20838,1,1.2741694008218392e-06,19.58201147267282,8,VB,VBG,1,1,0,loath,1,15.870485131812606,15.870485131812606,0,0,1,0,0,1,0,0,0,0,-1
nausea,20839,1,1.2741694008218392e-06,19.58201147267282,6,NN,NN,1,1,0,nausea,1,15.870485131812606,15.870485131812606,0,0,1,0,0,1,0,0,0,0,-1
litigious,20856,1,1.2741694008218392e-06,19.58201147267282,9,JJ,JJ,1,1,0,litigi,1,15.870485131812606,15.870485131812606,1,0,1,0,0,1,0,0,0,0,-1
nether,20879,1,1.2741694008218392e-06,19.58201147267282,6,RB,RB,1,1,0,nether,1,15.870485131812606,15.870485131812606,1,0,0,1,0,1,0,1,0,0,-1
encyclopedia,20909,1,1.2741694008218392e-06,19.58201147267282,12,NN,NN,1,1,0,encyclopedia,1,15.870485131812606,15.870485131812606,0,0,0,0,0,0,1,0,0,1,1
coronation,20956,1,1.2741694008218392e-06,19.58201147267282,10,NN,NNP,1,1,0,coron,1,15.870485131812606,15.870485131812606,0,0,0,0,1,0,1,0,0,1,1
skid,20964,1,1.2741694008218392e-06,19.58201147267282,4,NN,NN,1,1,0,skid,1,15.870485131812606,15.870485131812606,1,0,0,1,0,1,0,1,0,0,-1
sponsor,20982,1,1.2741694008218392e-06,19.58201147267282,7,NN,NN,1,1,0,sponsor,1,15.870485131812606,15.870485131812606,0,0,0,0,0,0,1,0,0,1,1
compost,21008,1,1.2741694008218392e-06,19.58201147267282,7,NN,NN,1,1,0,compost,1,15.870485131812606,15.870485131812606,0,0,1,0,0,1,0,0,0,0,-1
subjected,21011,1,1.2741694008218392e-06,19.58201147267282,9,VB,VBN,1,1,0,subject,1,15.870485131812606,15.870485131812606,0,0,0,0,0,1,0,1,0,0,-1
illegitimate,21018,1,1.2741694008218392e-06,19.58201147267282,12,NN,NN,1,1,0,illegitim,1,15.870485131812606,15.870485131812606,1,0,1,1,0,1,0,1,1,0,-1
tyrant,21040,1,1.2741694008218392e-06,19.58201147267282,6,NN,NN,1,1,0,tyrant,1,15.870485131812606,15.870485131812606,1,0,1,1,0,1,0,1,0,0,-1
bleak,21051,1,1.2741694008218392e-06,19.58201147267282,5,JJ,JJ,1,1,0,bleak,1,15.870485131812606,15.870485131812606,0,0,0,0,0,1,0,1,0,0,-1
germ,21072,1,1.2741694008218392e-06,19.58201147267282,4,NN,NN,1,1,0,germ,1,15.870485131812606,15.870485131812606,0,1,1,0,0,0,0,0,0,0,0
confederate,21105,1,1.2741694008218392e-06,19.58201147267282,11,NN,NN,1,1,0,confeder,1,15.870485131812606,15.870485131812606,0,0,0,0,0,0,1,0,0,1,1
heroic,21130,1,1.2741694008218392e-06,19.58201147267282,6,NN,NN,1,1,0,heroic,1,15.870485131812606,15.870485131812606,0,0,0,0,1,0,1,0,1,1,1
cult,21131,1,1.2741694008218392e-06,19.58201147267282,4,NN,NN,1,1,0,cult,1,15.870485131812606,15.870485131812606,0,0,0,1,0,1,0,0,0,0,-1
averse,21142,1,1.2741694008218392e-06,19.58201147267282,6,JJ,JJ,1,1,0,avers,1,15.870485131812606,15.870485131812606,1,0,1,1,0,1,0,0,0,0,-1
rejection,21144,1,1.2741694008218392e-06,19.58201147267282,9,NN,NN,1,1,0,reject,1,15.870485131812606,15.870485131812606,1,0,1,1,0,1,0,1,0,0,-1
insignificant,21155,1,1.2741694008218392e-06,19.58201147267282,13,JJ,JJ,1,1,0,insignific,1,15.870485131812606,15.870485131812606,1,0,0,0,0,1,0,1,0,0,-1
deliverance,21176,1,1.2741694008218392e-06,19.58201147267282,11,NN,NN,1,1,0,deliver,1,15.870485131812606,15.870485131812606,0,1,0,0,1,0,1,0,0,1,1
colonel,21196,1,1.2741694008218392e-06,19.58201147267282,7,NN,NNP,1,1,0,colonel,1,15.870485131812606,15.870485131812606,0,0,0,0,0,0,1,0,0,1,1
birthplace,21217,1,1.2741694008218392e-06,19.58201147267282,10,NN,NN,1,1,0,birthplac,1,15.870485131812606,15.870485131812606,1,0,0,0,0,1,0,0,0,0,-1
maggot,21239,1,1.2741694008218392e-06,19.58201147267282,6,NN,NNP,1,1,0,maggot,1,15.870485131812606,15.870485131812606,0,0,1,0,0,1,0,0,0,0,-1
horrors,21254,1,1.2741694008218392e-06,19.58201147267282,7,NN,NNP,1,1,0,horror,1,15.870485131812606,15.870485131812606,0,0,0,1,0,1,0,1,0,0,-1
brutality,21348,1,1.2741694008218392e-06,19.58201147267282,9,NN,NN,1,1,0,brutal,1,15.870485131812606,15.870485131812606,1,0,0,1,0,1,0,0,0,0,-1
haze,21350,1,1.2741694008218392e-06,19.58201147267282,4,VB,VB,1,1,0,haze,1,15.870485131812606,15.870485131812606,0,0,0,1,0,1,0,0,0,0,-1
dysentery,21383,1,1.2741694008218392e-06,19.58201147267282,9,NN,NN,1,1,0,dysenteri,1,15.870485131812606,15.870485131812606,0,0,1,0,0,1,0,1,0,0,-1
scolding,21396,1,1.2741694008218392e-06,19.58201147267282,8,VB,VBG,1,1,0,scold,1,15.870485131812606,15.870485131812606,1,0,0,0,0,1,0,0,0,0,-1
descent,21423,1,1.2741694008218392e-06,19.58201147267282,7,NN,NN,1,1,0,descent,1,15.870485131812606,15.870485131812606,0,0,0,1,0,0,0,1,0,0,0
degrade,21436,1,1.2741694008218392e-06,19.58201147267282,7,VB,VBD,1,1,0,degrad,1,15.870485131812606,15.870485131812606,0,0,1,0,0,1,0,0,0,0,-1
uphill,21451,1,1.2741694008218392e-06,19.58201147267282,6,NN,NN,1,1,0,uphil,1,15.870485131812606,15.870485131812606,0,1,0,1,0,1,1,0,0,0,0
spouse,21501,1,1.2741694008218392e-06,19.58201147267282,6,NN,NN,1,1,0,spous,1,15.870485131812606,15.870485131812606,0,0,0,0,1,0,1,0,0,1,1
scum,21513,1,1.2741694008218392e-06,19.58201147267282,4,NN,NN,1,1,0,scum,1,15.870485131812606,15.870485131812606,0,0,1,0,0,1,0,0,0,0,-1
symphony,21515,1,1.2741694008218392e-06,19.58201147267282,8,NN,NN,1,1,0,symphoni,1,15.870485131812606,15.870485131812606,0,1,0,0,1,0,1,0,0,0,1
judicial,21534,1,1.2741694008218392e-06,19.58201147267282,8,NN,NN,1,1,0,judici,1,15.870485131812606,15.870485131812606,0,1,0,0,0,0,1,0,0,1,1
tranquility,21538,1,1.2741694008218392e-06,19.58201147267282,11,NN,NNP,1,1,0,tranquil,1,15.870485131812606,15.870485131812606,0,0,0,0,1,0,1,0,0,1,1
badness,21564,1,1.2741694008218392e-06,19.58201147267282,7,NN,NN,1,1,0,bad,1,15.870485131812606,15.870485131812606,1,0,1,1,0,1,0,0,0,0,-1
amuse,21585,1,1.2741694008218392e-06,19.58201147267282,5,IN,IN,1,1,0,amus,1,15.870485131812606,15.870485131812606,0,0,0,0,1,0,1,0,0,0,1
villainous,21592,1,1.2741694008218392e-06,19.58201147267282,10,JJ,JJ,1,1,0,villain,1,15.870485131812606,15.870485131812606,1,0,1,1,0,1,0,0,0,0,-1
bogus,21602,1,1.2741694008218392e-06,19.58201147267282,5,JJ,JJ,1,1,0,bogu,1,15.870485131812606,15.870485131812606,1,0,1,0,0,1,0,0,0,0,-1
paragon,21619,1,1.2741694008218392e-06,19.58201147267282,7,NN,NN,1,1,0,paragon,1,15.870485131812606,15.870485131812606,0,1,0,0,1,0,1,0,0,1,1
accidental,21620,1,1.2741694008218392e-06,19.58201147267282,10,JJ,JJ,1,1,0,accident,1,15.870485131812606,15.870485131812606,0,0,0,1,0,1,0,0,1,0,-1
durable,21626,1,1.2741694008218392e-06,19.58201147267282,7,JJ,JJ,1,1,0,durabl,1,15.870485131812606,15.870485131812606,0,0,0,0,0,0,1,0,0,1,1
haggard,21647,1,1.2741694008218392e-06,19.58201147267282,7,NN,NN,1,1,0,haggard,1,15.870485131812606,15.870485131812606,0,0,0,0,0,1,0,1,0,0,-1
excrement,21650,1,1.2741694008218392e-06,19.58201147267282,9,NN,NN,1,1,0,excrement,1,15.870485131812606,15.870485131812606,0,0,1,0,0,1,0,0,0,0,-1
masterpiece,21669,1,1.2741694008218392e-06,19.58201147267282,11,NN,NN,1,1,0,masterpiec,1,15.870485131812606,15.870485131812606,0,0,0,0,1,0,1,0,0,0,1
appalling,21715,1,1.2741694008218392e-06,19.58201147267282,9,VB,VBG,1,1,0,appal,1,15.870485131812606,15.870485131812606,0,0,1,1,0,1,0,0,0,0,-1
rogue,21719,1,1.2741694008218392e-06,19.58201147267282,5,NN,NN,1,1,0,rogu,1,15.870485131812606,15.870485131812606,0,0,1,0,0,1,0,0,0,0,-1
yelp,21782,1,1.2741694008218392e-06,19.58201147267282,4,NN,NN,1,1,0,yelp,1,15.870485131812606,15.870485131812606,1,0,0,1,0,1,0,0,1,0,-1
forfeit,21811,1,1.2741694008218392e-06,19.58201147267282,7,VB,VB,1,1,0,forfeit,1,15.870485131812606,15.870485131812606,1,0,0,0,0,1,0,1,0,0,-1
uneducated,21823,1,1.2741694008218392e-06,19.58201147267282,10,JJ,JJ,1,1,0,uneduc,1,15.870485131812606,15.870485131812606,0,0,0,0,0,1,0,1,0,0,-1
dismay,21840,1,1.2741694008218392e-06,19.58201147267282,6,NN,NN,1,1,0,dismay,1,15.870485131812606,15.870485131812606,1,1,0,1,0,1,0,1,1,0,-1
expire,21844,1,1.2741694008218392e-06,19.58201147267282,6,VB,VB,1,1,0,expir,1,15.870485131812606,15.870485131812606,0,0,0,0,0,1,0,1,0,0,-1
grounded,21853,1,1.2741694008218392e-06,19.58201147267282,8,JJ,JJ,1,1,0,ground,1,15.870485131812606,15.870485131812606,0,0,0,1,0,1,0,1,0,0,-1
strained,21857,1,1.2741694008218392e-06,19.58201147267282,8,VB,VBN,1,1,0,strain,1,15.870485131812606,15.870485131812606,1,0,0,0,0,1,0,0,0,0,-1
resentment,21904,1,1.2741694008218392e-06,19.58201147267282,10,NN,NN,1,1,0,resent,1,15.870485131812606,15.870485131812606,1,0,1,0,0,1,0,1,0,0,-1
amused,21914,1,1.2741694008218392e-06,19.58201147267282,6,VB,VBN,1,1,0,amus,1,15.870485131812606,15.870485131812606,0,0,0,0,1,0,1,0,0,0,1
travesty,21915,1,1.2741694008218392e-06,19.58201147267282,8,NN,NN,1,1,0,travesti,1,15.870485131812606,15.870485131812606,0,0,1,1,0,1,0,1,0,0,-1
rejects,21919,1,1.2741694008218392e-06,19.58201147267282,7,NN,NNS,1,1,0,reject,1,15.870485131812606,15.870485131812606,1,0,0,1,0,1,0,1,0,0,-1
debacle,21930,1,1.2741694008218392e-06,19.58201147267282,7,NN,NN,1,1,0,debacl,1,15.870485131812606,15.870485131812606,0,0,0,1,0,1,0,1,0,0,-1
spinster,21958,1,1.2741694008218392e-06,19.58201147267282,8,NN,NN,1,1,0,spinster,1,15.870485131812606,15.870485131812606,0,0,0,1,0,1,0,1,0,0,-1
privileged,21974,1,1.2741694008218392e-06,19.58201147267282,10,VB,VBD,1,1,0,privileg,1,15.870485131812606,15.870485131812606,0,0,0,0,1,0,1,0,0,1,1
tumor,22027,1,1.2741694008218392e-06,19.58201147267282,5,NN,NN,1,1,0,tumor,1,15.870485131812606,15.870485131812606,0,0,0,1,0,1,0,0,0,0,-1
benign,22028,1,1.2741694008218392e-06,19.58201147267282,6,JJ,JJ,1,1,0,benign,1,15.870485131812606,15.870485131812606,0,0,0,0,1,0,1,0,0,0,1
dutiful,22078,1,1.2741694008218392e-06,19.58201147267282,7,JJ,JJ,1,1,0,duti,1,15.870485131812606,15.870485131812606,0,1,0,0,0,0,1,0,0,1,1
hoax,22093,1,1.2741694008218392e-06,19.58201147267282,4,NN,NN,1,1,0,hoax,1,15.870485131812606,15.870485131812606,1,0,1,0,0,1,0,1,1,0,-1
evanescence,22103,1,1.2741694008218392e-06,19.58201147267282,11,NN,NNP,1,1,0,evanesc,1,15.870485131812606,15.870485131812606,0,0,0,0,0,0,0,1,1,0,0
jubilee,22117,1,1.2741694008218392e-06,19.58201147267282,7,VB,VBP,1,1,0,jubile,1,15.870485131812606,15.870485131812606,0,0,0,0,1,0,1,0,1,0,1
diplomatic,22174,1,1.2741694008218392e-06,19.58201147267282,10,JJ,JJ,1,1,0,diplomat,1,15.870485131812606,15.870485131812606,0,0,0,0,0,0,1,0,0,1,1
adore,22191,1,1.2741694008218392e-06,19.58201147267282,5,RB,RB,1,1,0,ador,1,15.870485131812606,15.870485131812606,0,1,0,0,1,0,1,0,0,1,1
apostle,22211,1,1.2741694008218392e-06,19.58201147267282,7,JJ,JJ,1,1,0,apostl,1,15.870485131812606,15.870485131812606,0,0,0,0,0,0,1,0,0,1,1
opinionated,22229,1,1.2741694008218392e-06,19.58201147267282,11,VB,VBN,1,1,0,opinion,1,15.870485131812606,15.870485131812606,1,0,0,0,0,1,0,0,0,0,-1
mange,22259,1,1.2741694008218392e-06,19.58201147267282,5,NN,NN,1,1,0,mang,1,15.870485131812606,15.870485131812606,0,0,1,1,0,1,0,0,0,0,-1
muzzle,22271,1,1.2741694008218392e-06,19.58201147267282,6,NN,NN,1,1,0,muzzl,1,15.870485131812606,15.870485131812606,0,0,0,1,0,1,0,0,0,0,-1
philanthropist,22277,1,1.2741694008218392e-06,19.58201147267282,14,NN,NN,1,1,0,philanthropist,1,15.870485131812606,15.870485131812606,0,0,0,0,0,0,1,0,0,1,1
slimy,22278,1,1.2741694008218392e-06,19.58201147267282,5,JJ,JJ,1,1,0,slimi,1,15.870485131812606,15.870485131812606,0,0,1,0,0,1,0,0,0,0,-1
taunt,22328,1,1.2741694008218392e-06,19.58201147267282,5,NN,NN,1,1,0,taunt,1,15.870485131812606,15.870485131812606,1,0,0,1,0,1,0,1,0,0,-1
hopeful,22331,1,1.2741694008218392e-06,19.58201147267282,7,JJ,JJ,1,1,0,hope,1,15.870485131812606,15.870485131812606,0,1,0,0,1,0,1,0,1,1,1
