season,episode,scene,anger,anticipation,disgust,fear,joy,sadness,surprise,trust,sentiment
1,1,1,0.0,0.17552982943872256,0.0,0.0,0.17552982943872256,0.0,0.17552982943872256,0.5834852744920345,0.5834852744920345
1,1,2,0.0,0.018511286392359053,0.0,0.0,0.018511286392359053,0.02156480304951709,0.018511286392359053,0.06352446451523083,0.04195966146571374
1,1,3,0.0,0.0,0.0,0.0,0.18935677954766553,0.0,0.0,0.25856361485781887,0.44792039440548437
1,1,4,0.03613909073282595,0.04618310910093716,0.0,0.05710175040953573,0.11075084912170288,0.03613909073282595,0.034866178410479495,0.07588467071122339,0.11075084912170288
1,1,6,0.0,0.19961414296732424,0.0,0.0,0.19961414296732424,0.0,0.0,0.19961414296732424,0.19961414296732424
1,1,7,0.0,0.0,0.0,0.0,0.7953363114517387,0.0,0.0,0.0,0.7953363114517387
1,1,10,0.016455073963357155,0.14366123759489852,0.07291952755488881,0.4075970639827745,0.23038563882797752,0.295601128627443,0.19016405709567036,0.28350512807753264,-0.1240835201843625
1,1,11,0.37512350109581705,0.19950812826576675,0.621460901767185,0.8209690300329517,0.1124360837205343,0.40898546698188304,0.07557602176528251,0.1124360837205343,-0.6716728843571658
1,1,15,0.8283123161874766,0.0,0.8283123161874766,0.0,0.0,0.0,0.0,0.5912877210388947,-0.23702459514858187
1,1,16,0.10615335396902943,0.11968939307289594,0.10615335396902943,0.10615335396902943,0.0,0.10615335396902943,0.0,0.08872177764670407,0.10225781675057057
1,1,17,2.905639404592255,0.13144170875976482,0.0,0.13144170875976482,0.0,2.905639404592255,0.0,0.0,-2.905639404592255
1,1,18,0.0,0.09273274008083457,0.0,0.0,0.09273274008083457,0.0,0.09273274008083457,0.09273274008083457,0.09273274008083457
1,1,19,0.36286472804875003,0.37634880658125675,0.0,0.36286472804875003,0.37634880658125675,0.62911703118626,0.36286472804875003,0.13756868658366928,-0.49154834460259067
1,1,20,0.0,0.0,0.0,0.2672749235835951,0.0,0.2672749235835951,0.0,0.0,-0.2672749235835951
1,1,21,0.12744396481938028,0.13854439089795967,0.07211814389037496,0.0,0.08321856996895434,0.07211814389037496,0.025598100126480377,0.2825799922008161,0.21046184831044112
1,1,22,0.0,0.2673839245489916,0.0,0.0,0.2673839245489916,0.0,0.0,0.2673839245489916,0.2673839245489916
1,1,23,0.047564665635972614,0.12345143551031015,0.0,0.030919923023146938,0.12345143551031015,0.0,0.04306548644559977,0.12345143551031015,0.07588676987433754
1,1,24,0.3726955509446763,0.0,0.0,0.3726955509446763,0.1183165943718668,0.0,0.0,0.1183165943718668,-0.05596892002987269
1,1,25,0.0,0.0,0.0,0.0,0.0,0.46013825139246495,0.0,0.0,-0.46013825139246495
1,1,26,0.0,0.27230386082651376,0.022832374538799226,0.34771558324775753,0.7753061388450001,0.6200194440742713,0.0,0.8892861940865462,0.2464343754734756
1,1,27,0.0,0.0,0.0,0.0,0.2592035089084604,0.0,0.0,0.2592035089084604,0.2592035089084604
1,1,29,0.0,0.23968782185604176,0.0,0.6913063897535499,0.0,0.0,0.0,0.0,-0.45161856789750815
1,1,30,0.577402117745577,0.0,0.577402117745577,0.10356903288864312,0.5508769878708664,0.10356903288864312,0.0,0.1715913909024887,0.04149722813913489
1,1,31,0.0,0.26751400325925734,0.0,0.26751400325925734,0.26751400325925734,0.0,0.0,0.26751400325925734,0.26751400325925734
1,1,32,0.12962869277809685,0.01974537215184966,0.08315169280441038,0.18250153873593203,0.11195832045385135,0.10943473968103995,0.01974537215184966,0.0775285087119222,-0.15823367135507563
1,1,33,0.0,0.0,0.0,0.0,2.4984819001552268,0.0,0.0,0.0,2.4984819001552268
1,1,34,0.0,0.3263096009564238,0.0,0.0,0.3263096009564238,0.0,0.0,0.3263096009564238,0.3263096009564238
1,1,35,0.0,0.2507299403006016,0.0,0.0,0.2507299403006016,0.0,0.18989136093825443,0.18989136093825443,0.2507299403006016
1,1,37,0.35880542094594076,0.02611740673347185,0.32315102581669636,0.3128296722971574,0.06030019233192012,0.1486689954173811,0.153862985464814,0.046982729378739846,-0.40610531324666665
1,1,38,0.03927015391018586,0.05578348996295206,0.0,0.019561526176483775,0.05578348996295206,0.019708627733702088,0.01811098189323414,0.03475056855179483,0.051263904604561025
1,1,39,0.0,1.9584752768136902,0.0,0.0,1.9584752768136902,0.0,1.78721280883063,1.9584752768136902,1.9584752768136902
1,1,40,0.29964333353370143,0.0,0.0,0.13209985839821528,0.0,0.13209985839821528,0.0,0.03941918140259298,-0.26022415213110844
1,1,43,0.0,0.46248769256333155,0.0,0.052918090539645586,0.409569602023686,0.0,0.409569602023686,0.409569602023686,0.409569602023686
1,1,44,0.016326226398557856,0.022308682121336503,0.016326226398557856,0.04228133728365897,0.04498411486910071,0.016326226398557856,0.0,0.04432532518770572,0.01820904283202991
1,1,45,0.046570374754154056,0.05908515843878435,0.02282785602271655,0.03161320554089876,0.014957169213255295,0.03161320554089876,0.014957169213255295,0.03353607645591618,-0.032513717610152724
1,1,46,0.11397817404633231,0.21452625259480246,0.04298290116722903,0.10759670215371844,0.10393528423264158,0.19642605376920233,0.08736940528568739,0.08317779561554972,-0.07173328091946891
1,1,47,0.2657417884343195,0.1093122934973973,0.0,0.2657417884343195,0.1093122934973973,0.2657417884343195,0.0,0.1093122934973973,-0.1564294949369222
1,1,48,0.19228032159835967,0.02169819159519083,0.23162181457219747,0.2139785131935505,0.052441913261978335,0.19228032159835967,0.0,0.052441913261978335,-0.28877234718533484
1,1,50,0.1497651343083771,0.4842878768415006,0.0,0.6340530111498777,0.0,0.0,0.0,0.0,-0.6340530111498777
1,1,51,0.0,0.14574972466319638,0.17223388006447513,0.0,0.14574972466319638,0.0,0.0,0.32853648636342986,0.15630260629895473
1,2,1,0.0,0.7561284960437281,0.0,0.0,0.7561284960437281,0.0,0.7561284960437281,0.7561284960437281,0.7561284960437281
1,2,2,0.02428109473771693,0.02139962400583515,0.0,0.02428109473771693,0.03830199463038755,0.05254415457536599,0.04568071874355208,0.058011585331684046,0.005467430756318054
1,2,3,0.7812126850638501,0.06071904932214535,0.0,0.7435242565906303,0.08677611863688954,0.03768842847321978,0.0,0.08677611863688954,-0.7185041379230636
1,2,4,0.0,0.0,0.0,0.0,0.07230330104106715,0.0,0.0,0.0,0.07230330104106715
1,2,5,0.0,0.0,0.0,0.0,1.2725380983227819,0.0,0.0,0.0,1.2725380983227819
1,2,6,0.0,0.4810017139816135,0.0,0.0,0.4810017139816135,0.0,0.3071772015177645,0.3071772015177645,0.4810017139816135
1,2,7,0.17896233841439563,0.15380560429994783,0.0625230168513823,0.0453442432337503,0.3120356976203171,0.0453442432337503,0.040345662288900415,0.369195010786785,0.20646402566732283
1,2,8,0.04777288911505481,0.04055589416565099,0.0,0.0,0.08432407557455077,0.03746551464406312,0.043768181408899785,0.1441307487500894,0.10266052639987125
1,2,11,0.018003471752743173,0.24891144523149755,0.03997963224633743,0.04116045782571377,0.020269516018519153,0.1141560874415383,0.020269516018519153,0.11761517044321165,-0.24715900670489926
1,2,12,0.031654627018166945,0.3816698787374273,0.031654627018166945,0.11355811122544329,0.47638184884446594,0.10363179060415026,0.47924359868651906,0.4664667450258489,0.31402761291622316
1,2,13,0.0,1.0916554413978083,0.0,0.9142564677249407,0.0,0.9142564677249407,0.0,0.17739897367286767,-0.9142564677249407
1,2,14,0.01844574292404396,0.040222197927115205,0.01844574292404396,0.01844574292404396,0.08013079212972166,0.06328233553745742,0.039345274428673443,0.10495752364722821,0.057814162363800076
1,2,15,0.04349506893962429,0.0,0.0,0.04349506893962429,0.12503471315415937,0.04349506893962429,0.0,0.12503471315415937,0.08153964421453508
1,2,16,0.03669216646649984,0.10485007062703731,0.03669216646649984,0.02508498975642254,0.15317261342272734,0.010256968832676652,0.03212310604107341,0.10609778245408136,0.1269994385229597
1,2,17,0.15365458624659725,0.0,0.0,0.15365458624659725,0.0,0.0,0.0,0.0,-0.15365458624659725
1,2,18,0.2575425048829606,0.09371487108160834,0.27906505527060704,0.021522550387646496,0.19025651323277556,0.0286122334800745,0.007089683092428001,0.48086571169796094,0.19471097333492585
1,2,19,0.043379389638230445,0.043379389638230445,0.043379389638230445,0.043379389638230445,0.043379389638230445,0.043379389638230445,0.043379389638230445,0.1059140806179537,0.06253469097972325
1,2,20,0.16606903288864314,0.13375700162962867,0.16606903288864314,0.16606903288864314,0.13375700162962867,0.0,0.29982603451827183,0.13375700162962867,-0.03231203125901447
1,2,21,0.16841877140474404,0.18776182016962523,0.19002115242824283,0.1667717972012566,0.30692293926258574,0.1667717972012566,0.0889838718682413,0.4426016597014195,0.29863812767340414
1,2,22,0.20064332766277237,0.30567090159242544,0.0,0.20064332766277237,0.0,0.0,0.11527507854118298,0.0,-0.010247504611529937
1,2,23,0.0,0.7211073137104558,0.0,0.0,0.7211073137104558,0.0,0.21532743222799888,0.7211073137104558,0.7211073137104558
1,2,24,0.0,0.068261600337281,0.0,0.8700682616137089,0.068261600337281,0.8700682616137089,0.068261600337281,0.068261600337281,-0.801806661276428
1,2,25,0.047039111593964046,0.03504108961361075,0.0,0.0,0.039068729766389795,0.11609086426075739,0.047039111593964046,0.0,-0.08902015647472088
1,2,26,0.0888893586307153,0.0,0.0888893586307153,0.03984903112704855,0.041743481891614725,0.03984903112704855,0.03984903112704855,0.041743481891614725,-0.04714587673910058
1,2,27,0.04707714982874468,0.020914192443762688,0.04707714982874468,0.0,0.07589583807720623,0.0,0.020914192443762688,0.07006424971483102,0.051908420302513206
1,2,28,0.0,0.0,0.0,0.0,0.0,0.0,0.0,0.7160801409911759,0.7160801409911759
1,2,29,1.4939211391060843,0.0,1.4939211391060843,1.4939211391060843,0.0,1.4939211391060843,0.0,0.0,-1.4939211391060843
1,2,30,0.0,0.0,0.0,0.8656022551368906,0.1926684512245912,0.0,0.0,0.1926684512245912,-0.6729338039122994
1,2,32,0.22961623534699793,0.387927262863479,0.23717193246389764,0.22961623534699793,0.9716506429088466,0.22961623534699793,0.35516550117370843,0.5366894818501025,0.8252841565747743
1,2,34,0.0,0.09943964176747609,0.0,0.04093063058666641,0.215794281493221,0.08291604098828706,0.021939302390944063,0.23769382671688377,0.1547777857285967
1,2,35,0.0,0.273046401349124,0.0,0.0,0.273046401349124,0.0,0.273046401349124,0.273046401349124,0.273046401349124
1,2,36,0.01435291850624697,0.047850765626083584,0.01435291850624697,0.040902321600047635,0.10533297933894378,0.0315041687054741,0.0306151679444997,0.0751778941535367,0.07382881063346969
1,2,38,0.03819434980051465,0.06716934844771948,0.03158891704450647,0.09533935592626232,0.08762551078631937,0.021564574722534646,0.05069488967599573,0.11114863857443849,0.041607149052593266
1,2,39,0.03276142848916851,0.03263172184275032,0.03276142848916851,0.03276142848916851,0.03263172184275032,0.03276142848916851,0.09704500183995614,0.03263172184275032,-0.09717470848637434
1,2,40,0.0,0.2188244876513845,0.0,0.0,0.2188244876513845,0.0,0.0,0.2188244876513845,0.2188244876513845
1,2,41,0.14360860165202796,0.14360860165202796,0.14360860165202796,0.14360860165202796,0.25116914199008866,0.14360860165202796,0.14360860165202796,0.25116914199008866,0.10756054033806071
1,2,42,0.12302213010437989,1.190150272986792,0.07655186406746549,0.9592716080420554,1.0804286045908758,0.1862735324633819,0.30743052901220236,1.019727098393258,0.8476848060905794
1,2,44,0.43305158830918283,0.0,0.43305158830918283,0.0,0.0,0.0,0.0,0.0,-0.43305158830918283
1,2,45,0.0,1.1700441028920552,0.0,0.0,1.1700441028920552,0.0,1.1700441028920552,0.0,1.1700441028920552
1,2,46,0.35279333695473036,0.10684424400617895,0.0,0.0,0.10684424400617895,0.02634869509653956,0.45963758096090934,0.1424983414717717,-0.23664369057949822
1,3,2,0.042617687621330155,0.042617687621330155,0.0,0.0,0.10161148462211214,0.0,0.042617687621330155,0.16338868311294624,0.16338868311294624
1,3,3,0.16780507221808227,0.108905739943409,0.030866139237729014,0.14255270861128766,0.22082208872462064,0.18702099175020706,0.0699326838275604,0.2940646048754416,0.10765580006924963
1,3,4,0.0,0.407469297155271,0.0,1.236021560264416,0.0,0.828552263109145,0.0,0.0,-0.828552263109145
1,3,5,0.0,0.0,0.0,0.0,0.13146288263540754,0.0,0.0,0.254183982754371,0.254183982754371
1,3,8,0.0,0.42287172390340483,0.0,0.15097184808058467,0.15097184808058467,0.0,0.15097184808058467,0.0,0.42287172390340483
1,3,10,0.09750414786580515,0.03900662876416057,0.0,0.0,0.03900662876416057,0.0,0.03900662876416057,0.03900662876416057,-0.05849751910164458
1,3,11,0.11153332907281854,0.06272361282978027,0.0,0.1821069632813546,0.06272361282978027,0.04880971624303827,0.1791629343927936,0.06272361282978027,0.030771822062045
1,3,12,0.0,0.8303451644432156,0.0,0.0,0.0,0.0,0.0,0.0,0.8303451644432156
1,3,13,0.6274278518462623,0.0,0.6274278518462623,0.0,0.0,0.6274278518462623,0.0,0.0,-0.6274278518462623
1,3,14,0.10198059789841112,0.2804157081018733,0.24689454003384395,0.10198059789841112,0.2804157081018733,0.60576189803126,0.11184135847473464,0.2804157081018733,-0.32534618992938674
1,3,15,2.6853005287169096,0.0,2.6853005287169096,0.0,0.0,2.6853005287169096,0.0,0.0,-2.6853005287169096
1,3,16,0.0,0.6321798557825657,0.0,0.027239462807412185,0.7256973445442895,0.0,0.4154464771854705,0.6321798557825657,0.7256973445442895
1,3,17,0.4141561580937383,0.40956960202368603,0.7738678287547263,0.0,0.40956960202368603,0.359711670660988,0.40956960202368603,0.40956960202368603,-0.36429822673104034
1,3,18,0.10160403822055578,0.0,0.10160403822055578,0.13085036285202065,0.12016578390328772,0.10160403822055578,0.08957592577052854,0.0,0.018561745682731945
1,3,19,0.11655449817718348,0.025598100126480373,0.11655449817718348,0.060534154262338644,0.025598100126480373,0.15591700951326812,0.06496061146256502,0.025598100126480373,-0.13031890938678775
1,3,20,0.0,0.0,0.0,0.6908983264436759,0.31052987600449894,0.0,0.31052987600449894,0.3803684504391769,0.31052987600449894
1,3,21,0.0,0.0,0.0,0.0,0.15963096493066506,0.0,0.0,0.15963096493066506,0.15963096493066506
1,3,22,0.26952881765773423,0.0857407234548669,0.4304098818053918,0.4304098818053918,0.0,0.4304098818053918,0.0,0.0,-0.5161506052602587
1,3,23,0.0,0.0,0.0,0.0,0.0530108126302534,0.4564325196643027,0.0,0.2573042274209297,-0.19912829224337306
1,3,24,0.0,0.0,0.0,0.12589049027209417,0.12589049027209417,0.13982328615885936,0.12589049027209417,0.0,-0.013932795886765187
1,3,25,0.22309015504785185,0.12678776102132244,0.4682488397873339,0.650181312086376,0.10958641784021401,0.3206319216640956,0.0682529035060636,0.19504066452738605,-0.44905041548899255
1,3,26,3.9676212829531514,3.9676212829531514,3.9676212829531514,3.9676212829531514,0.0,3.9676212829531514,3.9676212829531514,0.0,-3.9676212829531514
1,3,27,0.018006789482336447,0.15261266152911715,0.041322885735620145,0.059999279527369824,0.28537059401449827,0.44595202979318144,0.13093948302150105,0.43935495776944683,-0.08746546308997662
1,3,28,0.27097114073850487,0.2836657352421513,0.0,0.0,0.6113246371850967,0.27097114073850487,0.2836657352421513,0.6113246371850967,0.34035349644659174
1,3,29,0.0,0.34349490711708097,0.0,0.0,0.16419239239134795,0.0,0.04725803100273301,0.16419239239134795,0.16419239239134795
1,3,30,0.08187219269948387,0.11705169589235931,0.08187219269948387,0.1987382750667684,0.27961886159877447,0.0,0.17486990063942898,0.20924644475355422,0.24424033442135487
1,3,31,0.1580660277044938,0.0,0.0,0.1580660277044938,0.0,0.1580660277044938,0.0,0.24750932945793475,0.08944330175344095
1,3,32,0.11194681196962696,0.20921180819892848,0.11194681196962696,0.20921180819892848,0.11194681196962696,0.11194681196962696,0.11194681196962696,0.2702212628132926,0.15827445084366568
1,3,33,0.2540112026074059,0.0,0.0,0.2540112026074059,0.0,0.0,0.0,0.750416291756679,0.4964050891492731
1,3,34,0.0,0.0,0.0,0.0,0.0,0.0,0.0,0.3599142649801968,0.3599142649801968
1,3,35,0.125094396901202,0.012073164360156178,0.125094396901202,0.6224085160355184,0.4980721129462842,0.015108236725690536,0.4980721129462842,0.0,0.3729777160450821
1,3,36,0.0,0.37772648659254593,0.0,0.0,0.37772648659254593,0.0,0.0,0.37772648659254593,0.37772648659254593
1,3,37,0.0,0.6871094005143763,0.0,0.6871094005143763,0.6871094005143763,0.0,0.0,0.6871094005143763,0.6871094005143763
1,3,38,0.0,0.12205911494167772,0.0,0.0,0.19436241598274487,0.0,0.12205911494167772,0.0,0.19436241598274487
1,3,41,0.29944311569457743,0.0,0.29944311569457743,0.29944311569457743,0.0,0.29944311569457743,0.0,0.0,-0.29944311569457743
1,3,43,0.0,0.02792520013797859,0.0,0.0,0.16483083568539167,0.1456035711620387,0.02792520013797859,0.16483083568539167,0.14176160873428784
1,3,44,0.34183992995203,0.0,0.5636469842409578,0.34183992995203,0.0,0.5636469842409578,0.0,0.0,-0.5636469842409578
1,3,45,0.0,0.0,0.0,0.0,1.9652182024908305,0.0,0.0,1.9652182024908305,1.9652182024908305
1,3,46,0.0,0.08351044943913541,0.0,0.0,0.11242543814654635,0.27385951179858165,0.030156568377370387,0.19286597022037513,-0.0809935415782065
1,3,47,0.1654807135090041,0.23515320248380958,0.18785837867449348,0.2767960884582778,0.03741508794114127,0.40100803886007735,0.09433900599014407,0.6213315720367508,-0.3207407491339198
1,3,48,0.006232612934189277,0.013819992253260584,0.008593131647907485,0.00836021092602213,0.015582773790160825,0.008919190270011979,0.010493918687905083,0.004704083950338326,0.004213904583777261
1,4,1,0.0,0.34108410341099055,0.0,0.34108410341099055,0.17177735012859408,0.618755755736427,0.0,0.3134641743951163,-0.3052915813413108
1,4,2,0.07440409659225922,0.0,0.03541666574310133,0.03541666574310133,0.0,0.03541666574310133,0.0,0.0,-0.07440409659225922
1,4,3,0.0,0.0,0.15171120191943083,0.15171120191943083,0.0,0.15171120191943083,0.0,0.10140760699414582,-0.05030359492528501
1,4,5,0.017784775465548623,0.2028361176931624,0.017784775465548623,0.09963682461509357,0.28384234138698705,0.03429725776532553,0.2448596063325697,0.07917286166634807,0.24954508362166156
1,4,6,0.0,0.0893606404415315,0.0,0.0,1.5303136209290353,0.0,0.0893606404415315,1.5303136209290353,1.5303136209290353
1,4,7,0.13839086074053594,0.13839086074053594,0.0,0.0,0.0,0.10190648219335695,0.13839086074053594,0.0,-0.3786882036744288
1,4,8,0.0,0.806796303224212,0.0,0.0,0.8727247847049948,0.0,0.5333089622189482,0.36973619748083014,0.8727247847049948
1,4,9,0.0,0.2504636162751363,0.0,0.0,0.4240286199297449,0.0,0.2504636162751363,0.4240286199297449,0.4240286199297449
1,4,10,0.0,0.49190532073828785,0.0,0.0,0.49190532073828785,0.0,0.0,0.49190532073828785,0.49190532073828785
1,4,11,0.7575474860603194,0.0,0.0,0.7575474860603194,0.0,0.0,0.0,0.0,-0.7575474860603194
1,4,13,0.0,0.0,0.0,0.0,0.0,0.0,0.0,0.3941918140259298,0.3941918140259298
1,4,15,0.0,0.9829670448568465,0.0,0.0,0.9829670448568465,0.0,0.9829670448568465,0.9829670448568465,0.9829670448568465
1,4,16,0.017006551932169146,0.03478477936142649,0.006389739688221062,0.006389739688221062,0.04022762837050597,0.015240828803495306,0.014955007895410845,0.019829771466015642,0.014369987323062577
1,4,19,0.0,0.49148352242842325,0.0,0.0,0.49148352242842325,0.0,0.49148352242842325,0.49148352242842325,0.49148352242842325
1,4,20,0.0,0.3071772015177645,0.0,0.0,0.5615372043519014,0.0,0.3071772015177645,0.5615372043519014,0.5615372043519014
1,4,21,0.0,0.49148352242842325,0.0,0.0,1.207286202734988,0.0,0.49148352242842325,0.49148352242842325,1.207286202734988
1,4,22,1.154804235491154,0.8245312806172516,1.154804235491154,0.8245312806172516,0.8245312806172516,0.0,0.0,0.8245312806172516,-0.3302729548739025
1,4,23,0.0,0.15167178344886345,0.061195412065072445,0.10700270543269753,0.8297048050788438,0.061195412065072445,0.10586449008123837,0.44744515614953695,0.7685093930137713
1,4,24,0.08058268079052625,4.761840877030483,0.0,0.08058268079052625,4.819303397571151,0.08058268079052625,4.761840877030483,0.05746252054066755,4.738720716780624
1,4,25,0.0,0.0,0.0,0.0,0.7500100343524334,0.0,0.0,0.0,0.7500100343524334
1,4,26,0.3177486148008836,0.1330541077637783,0.15237864420089797,0.3489808602788098,0.36443223839074634,0.3177486148008836,0.06937461995926697,0.26261037610489424,0.01287014915928895
1,4,27,0.0,0.3577069984881071,0.0,0.20040690848335974,0.3577069984881071,0.07764303405208148,0.15730009000474734,0.2970042060237485,0.2800639644360256
1,4,28,0.0,0.3762888947337055,0.0,0.10009696064188865,0.043112589686703784,0.10009696064188865,0.043112589686703784,0.043112589686703784,0.17609497344992828
1,4,29,0.0,2.9359230170932245,0.0,0.0,2.9359230170932245,0.0,2.457417612142116,2.9359230170932245,2.9359230170932245
1,4,30,0.0,0.06676819603968957,0.0,0.0,0.1434597092824236,0.08358932008187803,0.0,0.1434597092824236,0.22704902936430163
1,4,31,0.0,0.5956041850956523,0.0,0.0,0.0,0.0,0.0,0.0,-0.5956041850956523
1,4,32,0.0,1.5255631144910429,0.0,2.1863838208480026,3.7119469353390455,0.0,2.989147280376663,0.7227996549623822,3.7119469353390455
1,4,33,0.0,1.228708806071058,0.0,0.0,1.228708806071058,0.0,1.228708806071058,1.228708806071058,1.228708806071058
1,4,35,0.0,1.15240406188854,0.0,0.0,1.15240406188854,0.0,0.7946547377152399,0.35774932417330024,1.15240406188854
1,4,36,0.1043565656550223,0.15141142472867308,0.27687316343529944,0.24214810751415847,0.18277807887054165,0.32083356019671466,0.12031358791468927,0.15141142472867308,-0.13805548132617299
1,4,39,0.03086399996386013,0.18763579582963683,0.0,0.025983128590879777,0.29752183539846533,0.0,0.11290059330585446,0.13888372189673423,0.29752183539846533
1,4,40,0.26852791271059295,0.13526273087289467,0.17924276995799757,0.17924276995799757,0.32651801063187036,0.17924276995799757,0.13526273087289467,0.22727160322428877,0.1472752406738728
1,4,41,0.12127980270568295,0.2946734957290318,0.25188690605453695,0.11126002461345567,0.28257035626004356,0.14986824080157785,0.22600594881564154,0.24320048813296752,0.03675467435221017
1,4,42,0.0,0.0,0.0,0.30452389156479814,0.0,0.30452389156479814,0.0,0.0,-0.30452389156479814
1,4,44,0.0,0.0,0.0,0.1489161738894997,0.0,0.1489161738894997,0.0,0.1489161738894997,0.0
1,4,45,0.5611069350622977,0.5611069350622977,0.0,0.5611069350622977,0.5611069350622977,0.0,0.0,0.5611069350622977,0.5611069350622977
1,4,46,0.0,2.0764609058350305,0.0,0.0,2.0764609058350305,0.0,1.0926502643584548,0.9838106414765757,2.0764609058350305
1,4,47,0.13030929421442505,0.19430487446394787,0.13030929421442505,0.22274372627905292,0.4047092795535149,0.13030929421442505,0.0,0.29606417577166616,0.2985902021894624
1,4,48,0.0602387556091163,0.1908476632177364,0.0602387556091163,0.0602387556091163,0.06246204750388067,0.0602387556091163,0.0,0.1908476632177364,0.19307095511250078
1,4,49,0.12700560130370295,0.04550773355818733,0.12700560130370295,0.12700560130370295,0.27743271915334644,0.12700560130370295,0.04550773355818733,0.27743271915334644,0.15042711784964352
1,4,50,0.0076972725481756965,0.23733914981204857,0.0,0.0,0.3286621543893884,0.0076972725481756965,0.16314175724894264,0.2241357082140445,0.16583450010152156
1,4,51,0.0,0.027607074127809765,1.3467353247695046,0.20089342069937083,0.2935287600157351,0.17328634657156106,0.0,0.2935287600157351,-1.1189646808735432
1,4,53,0.2887010588727886,0.6720071461922726,0.2887010588727886,0.5731918983202642,0.29413845257768667,0.0,0.051196200252960754,0.29413845257768667,0.05305644132394579
1,4,54,0.0655806646748529,0.28031895217063696,0.0,0.07873807872725587,0.28031895217063696,0.0655806646748529,0.21045202508999322,0.13240161806036696,0.2772729784755073
1,4,55,0.0,0.0,0.0,0.0,0.0,0.0,0.0,0.4891331078530463,0.4891331078530463
1,4,56,0.19918344503055943,0.18951387507117823,0.0,0.22666782105113448,0.4412381722075661,0.19918344503055943,0.0,0.408790929880981,0.2420547271770067
1,4,57,0.7750499547696129,0.0,0.720138870109727,0.7782499633625158,0.0,0.7782499633625158,0.0,0.0,-0.8103292884650859
1,4,58,0.0,0.0,0.137689677146413,0.23900544048748715,0.0,0.137689677146413,0.0,0.0960890569994698,-0.1429163834880173
1,4,59,0.18331042915754356,0.2903696127554441,0.18331042915754356,0.32297468107309396,0.20589555743691818,0.2788033624685984,0.26562354209479894,0.3892059865944617,0.10705918359790055
1,5,1,0.0,0.10684424400617895,0.0,0.0,0.5369836008893394,0.0,0.10684424400617895,0.5369836008893394,0.5369836008893394
1,5,2,0.0,0.140777621041171,0.0,0.0,0.140777621041171,0.0,0.011701988629248173,0.06965458583720777,0.140777621041171
1,5,3,0.038109669524083845,0.0818705822506857,0.016401299211842916,0.016401299211842916,0.09803595023812474,0.16047082659836198,0.02158152210467498,0.037746890092114016,-0.06243487636023726
1,5,4,0.0,0.2208565930224781,0.0,0.2208565930224781,0.2208565930224781,0.0,0.0,0.2208565930224781,0.2208565930224781
1,5,5,0.0,0.2691592902849986,0.0,0.0,0.2691592902849986,0.0,0.2691592902849986,0.2691592902849986,0.2691592902849986
1,5,6,0.0,0.6530403340892433,0.0,0.6530403340892433,0.0,0.6530403340892433,0.0,0.6253469097972324,-0.027693424292010937
1,5,7,0.0,0.0,0.1906472452796488,0.0,0.0,0.0,0.0,0.1906472452796488,0.0
1,5,8,0.0,0.0,0.0,0.27882208660132957,0.0,0.27882208660132957,0.0,0.0,-0.27882208660132957
1,5,9,0.0,0.16035752874025258,0.0,0.0,0.16035752874025258,0.0,0.0,0.0,0.16035752874025258
1,5,10,0.6869874097588278,0.35044029477297794,0.3114862036904165,0.6266423775676065,0.5630646954681192,0.0,0.0,0.541180749114822,-0.0733206934320291
1,5,11,0.05369374190655588,0.11089206753551506,0.12787145374842426,0.08355396334716653,0.09140065176584379,0.06590571953837641,0.07009788912916888,0.1396236996319122,-0.1579654528115567
1,5,12,0.0,0.6636935930437871,0.0,0.0,0.6636935930437871,0.0,0.0,0.0,0.6636935930437871
1,5,13,0.0,0.0,0.0,0.0,0.0,0.7431562897064351,0.0,0.0,-0.7431562897064351
1,5,14,0.0,0.0,0.0,0.0,0.0,0.0,0.0,0.42727123343586026,0.42727123343586026
1,5,15,0.0,0.1525070625823169,0.0,0.0,0.248439436397344,0.0,0.0,0.09593237381502713,0.248439436397344
1,5,16,0.0,0.30755429806792933,0.354085253945634,0.03383598795164424,0.4876319233864369,0.3879212418972783,0.30755429806792933,0.04235837835079103,0.0997106814891587
1,5,17,0.0,0.548735632040789,0.0,0.10017233275157833,0.548735632040789,0.10017233275157833,0.24574176121421162,0.28799886334501545,0.4485632992892106
1,5,18,2.7642425919955764,3.3673991024833265,0.0,2.7642425919955764,0.7417615073225492,0.0,0.0,0.6599484757862462,3.506004099318125
1,5,19,0.274252029279203,0.1048809917779527,0.0,0.1937507662608534,0.0,0.08886977448290072,0.08886977448290072,0.0,-0.1693710375012503
1,5,20,1.4111733478189215,0.0,1.4111733478189215,1.4111733478189215,0.0,0.0,0.0,0.0,-1.4111733478189215
1,5,22,0.848302392791325,0.0,0.0,0.848302392791325,0.0,0.848302392791325,0.848302392791325,0.0,-0.848302392791325
1,5,23,0.0,0.25078939180203225,0.0,0.0,0.25078939180203225,0.0,0.0,0.0,0.25078939180203225
1,5,24,3.7348028477652107,0.0,3.7348028477652107,3.7348028477652107,0.0,3.7348028477652107,0.0,0.0,-3.7348028477652107
1,5,25,1.1125004596316703,0.0,0.0,1.1125004596316703,0.0,0.0,0.0,0.0,-1.1125004596316703
1,5,26,0.0,2.037346485776355,0.0,2.037346485776355,0.0,0.0,0.0,0.0,0.0
1,5,27,0.0,0.15908389062125325,0.0,0.0,0.20838247160953108,0.0,0.0,0.04929858098827783,0.20838247160953108
1,5,29,0.44070419940326816,0.0,0.11759777898491013,0.44070419940326816,0.0,0.0,0.0,0.0,-0.44070419940326816
1,5,30,0.4125323925793562,0.0,0.0,1.016448233235612,0.0,0.4125323925793562,0.13523661334354456,0.0,-1.016448233235612
1,5,31,1.4320325302997399,0.0,1.0731353641187946,1.4320325302997399,0.0,1.4320325302997399,0.3588971661809452,0.0,-1.4320325302997399
1,5,32,0.0,0.7408532675550382,0.0,0.7408532675550382,0.0,0.0,0.0,0.0,0.0
1,5,34,0.977900350953692,0.09585702951869443,0.9190435330213312,0.9528176821680575,0.13870070362798792,0.2325266851957257,0.17644017521606722,0.0909796551186037,-0.862321944764439
1,5,35,0.0,0.22816113976971703,0.0,0.0,1.1650918523279272,0.0,0.14361531499531846,0.22816113976971703,1.1650918523279272
1,5,36,0.0,0.046366370040417285,0.0,0.0,0.046366370040417285,0.14972155784728872,0.046366370040417285,0.046366370040417285,-0.10335518780687143
1,5,38,0.0,0.08554597990763854,0.0,0.1316016903969769,0.08554597990763854,0.3441407542714073,0.037233600183971455,0.08554597990763854,-0.3418840850370785
1,5,39,0.0,0.136523200674562,0.4935242565906303,0.0,0.136523200674562,0.4935242565906303,0.23189501282762237,0.36646842552302106,-0.22242764322066963
1,5,40,0.18537835983986695,0.05985056596024474,0.0,0.18537835983986695,0.0,0.0,0.0,0.0,-0.1255277938796222
1,5,42,0.04832049144892848,0.20705266103301373,0.1369752888997252,0.12285234238507292,0.17488100411005045,0.1305876705858318,0.04391192011212673,0.17321965318377058,0.013802603734307297
1,5,43,0.0,0.2661184302853619,0.0,0.0,0.4189960685016698,0.0,0.10921856053964961,0.10921856053964961,0.4189960685016698
1,5,44,0.05290971422376022,0.05290971422376022,0.0,0.0,0.05290971422376022,0.0,0.05290971422376022,0.1768401624468503,0.1768401624468503
1,5,45,0.0,0.0,0.0,0.7526976131625135,0.16656546001034847,0.0,0.0,0.0,-0.5861321531521649
1,5,46,0.11754648416790343,0.0,0.0,0.0,0.11754648416790343,0.10222991703182205,0.11754648416790343,0.11754648416790343,0.015316567136081385
1,5,47,0.12417985635786603,0.06729497358707404,0.0,0.2674505123879709,0.06729497358707404,0.12417985635786603,0.0,0.31431257228582943,0.19013271592796338
1,5,48,0.0,0.03587820249177013,0.0,0.0049353428608375,0.04662176686042609,0.02397247598567845,0.003922454289133465,0.022913606239760693,0.031039500872508625
1,5,49,0.3110442106901525,0.5129783014132477,0.0,0.3110442106901525,0.5129783014132477,0.3110442106901525,0.3110442106901525,0.0,0.20193409072309526
1,5,50,0.0,0.21729276111533735,0.0,0.08588867506429704,0.21729276111533735,0.0,0.0,0.08588867506429704,0.21729276111533735
1,5,51,0.3188901461211834,0.21033993894077446,0.15939478866970874,0.6223917923602983,0.21033993894077446,0.781786581030007,0.07756908445734567,0.0,-0.5714466420892326
1,5,53,0.8476596023912336,0.458854339028543,0.0,0.8476596023912336,0.0,0.3888052633626906,0.3888052633626906,0.0,-0.3888052633626906
1,6,1,0.0,0.3505076716348018,0.0,0.0,0.3064745643123381,0.0,0.15119714440917015,0.3505076716348018,0.3505076716348018
1,6,2,4.918290019300248,7.436839237319894,4.918290019300248,4.918290019300248,2.9206535583448123,4.918290019300248,0.0,2.9206535583448123,-1.9976364609554356
1,6,3,0.3984869716742719,0.23048187936989586,0.0,0.3984869716742719,0.23048187936989586,0.3984869716742719,0.0,0.0,-0.16800509230437602
1,6,5,0.043427940090293146,0.13575052771558496,0.043427940090293146,0.043427940090293146,0.12799166232846867,0.043427940090293146,0.02857462339700135,0.02857462339700135,-0.022612182080408084
1,6,6,1.1411053513175309,0.0,1.1411053513175309,0.0,0.0,0.0,0.0,0.0,-1.1411053513175309
1,6,8,0.0,0.0,0.0,0.0,0.0,0.0,0.0,0.5127753493728484,0.5127753493728484
1,6,9,0.1776838627697276,0.28741453265987754,0.0,0.1776838627697276,0.4526176713727094,0.1776838627697276,0.0,0.34657282984581095,0.4526176713727094
1,6,12,0.0,0.0,0.2645950027160478,0.0,0.4333540789026034,1.1904602192576208,0.0,0.4333540789026034,-1.0217011430710652
1,6,13,0.14321602819823517,0.0,0.31255682993650574,0.2911010352380195,0.0,0.14321602819823517,0.0,0.2911010352380195,-0.31255682993650574
1,6,14,0.8522190785031567,1.1590788950639637,0.8522190785031567,0.8522190785031567,1.1590788950639637,0.5632815085428146,0.0,1.1590788950639637,-0.2564216919820076
1,6,15,0.0,0.14708175957656316,0.0,0.0,0.14708175957656316,0.0,0.058509943146240855,0.14708175957656316,0.14708175957656316
1,6,16,0.0,0.47850540495110855,0.0,0.0,1.6144392012976538,0.0,0.0,1.6144392012976538,1.6144392012976538
1,6,18,0.08804825642631987,0.08971976342833285,0.0,0.0,0.2810669002460664,0.09984461367656622,0.0,0.2810669002460664,0.09317403014318033
1,6,19,0.26451016102910174,0.20052115139053792,0.28591926705757326,0.3666044315993604,0.21757391952991492,0.042922935704198875,0.1413498165244781,0.4553463123241294,0.14355687770173436
1,6,20,2.041633544171224,1.3316379057324608,0.06434920104095247,1.9638370484270444,1.3316379057324608,0.07779649574417945,0.9879511669079261,1.4094344014766402,-0.6187518479913567
1,6,21,0.06790550632300382,0.0,0.06790550632300382,0.06790550632300382,0.0,0.1940008257031184,0.0,0.0,-0.1940008257031184
1,6,22,0.0,0.3856003583610234,0.0,0.24907715768646144,2.8589016604391957,0.0,0.136523200674562,2.8589016604391957,2.8589016604391957
1,6,23,0.0,0.0,0.0,0.0,0.8350013872013392,0.17742432741621203,0.0,0.5698892833840931,0.6575770597851273
1,6,24,0.0,0.36156762294410205,0.0,0.0,0.9098660410427567,0.0,0.09636931812322024,1.1750643458636385,1.1750643458636385
1,6,25,0.0,0.0,0.0,0.0,0.0,0.0,0.0,0.267033164340146,0.267033164340146
1,6,26,1.0255295343273518,0.2822616049359426,1.0255295343273518,1.0255295343273518,0.5577000988713757,1.0255295343273518,0.2822616049359426,0.2822616049359426,-0.46782943545597616
1,6,27,0.0,0.1595018016503695,0.0,0.0,0.1595018016503695,0.0,0.1595018016503695,0.34357120524758655,0.34357120524758655
1,6,28,0.0,0.22179541528870134,1.228552263109145,0.0,0.3591046702519802,1.228552263109145,0.22179541528870134,0.26616413817815143,0.3591046702519802
1,6,29,0.0,0.0,0.0,0.0,1.249792582366136,0.0,0.0,0.0,1.249792582366136
1,6,30,1.494636983049206,0.0,0.0,1.494636983049206,0.0,0.0,1.494636983049206,0.0,-1.494636983049206
1,6,32,0.0,0.47850540495110855,0.0,0.0,0.47850540495110855,0.0,0.0,0.47850540495110855,0.47850540495110855
1,6,34,0.0,0.0,0.0,0.0,0.08657311783307327,0.0,0.0,0.08657311783307327,0.08657311783307327
1,6,35,0.1531929360699757,0.562465405829264,0.0,0.1842006689715253,0.5838197572699063,0.0956305180975823,0.37994966774222244,0.48987417005680794,0.2464261522284054
1,6,36,0.0,0.0,0.0,0.0,0.14427183203631658,0.0,0.0,0.0,0.14427183203631658
1,6,37,0.09570002494386792,0.04821026514685303,0.09570002494386792,0.12152484550456964,0.06182722833568829,0.09570002494386792,0.06653700212334963,0.06182722833568829,-0.059697617168881355
1,6,38,0.32518033525619444,0.10553102924590993,0.0788854666482627,0.4040658019044572,0.15600656602301546,0.0,0.10553102924590993,0.2900094752652796,-0.1140563266391776
1,6,39,0.0,0.0,0.0,0.0,0.1663753894256197,0.0,0.0,0.04999292719938034,0.1663753894256197
1,6,40,0.06115497288100243,0.1609230065145817,0.06115497288100243,0.0545228663305002,0.23797383880581435,0.06115497288100243,0.12185331637847552,0.23797383880581435,0.17681886592481194
1,6,41,0.0,0.22340160110382873,0.0,0.0,0.22340160110382873,0.0,0.22340160110382873,0.5644999155386828,0.5644999155386828
1,6,42,0.3722021392203381,0.0,0.08362213521212562,0.0,0.0,0.17094898167446415,0.0,0.0,-0.3722021392203381
1,6,43,0.0,0.136523200674562,0.0,0.17505824757790914,0.136523200674562,0.17505824757790914,0.136523200674562,0.2921927965422089,0.11713454896429977
1,6,46,0.047493325252469354,0.02146899109093089,0.013779312976031027,0.025523637454497133,0.03326501871692627,0.013779312976031027,0.011129138402911737,0.022135880314014533,-0.014228306535543087
1,6,47,0.10531297454482053,0.3413349440237684,0.10531297454482053,0.24273485464769579,0.7863464469753071,0.23719196115160132,0.2039130639208931,0.4990904031862574,0.6810334724304865
2,1,1,0.020462499034578047,0.09132126996276657,0.008217777715599752,0.020462499034578047,0.05176256533759106,0.020462499034578047,0.04316226458118132,0.08972513734613023,0.07945907168459829
2,1,3,0.3967571687626765,0.0,0.3967571687626765,0.3967571687626765,0.0,0.3967571687626765,0.2882671709984094,0.0,-0.3967571687626765
2,1,4,0.0,0.0,1.3630669943931695,0.0,0.0,1.3630669943931695,0.0,0.0,-1.3630669943931695
2,1,5,0.0,0.23403977258496342,0.09970187001830916,0.2705445644385868,0.23403977258496342,0.37024643445689603,0.23403977258496342,0.23403977258496342,-0.1362066618719326
2,1,8,0.22875670561449274,0.5446744148753057,0.0,0.0,0.5446744148753057,0.0,0.5446744148753057,0.5446744148753057,0.5446744148753057
2,1,10,0.3130604672935818,0.0,0.0,0.0,0.0,0.0,0.0,0.0,-0.3130604672935818
2,1,11,0.0,0.0,0.0,0.0,0.45906415655905525,0.0,0.0,0.614618344986389,1.0736825015454443
2,1,12,0.0841525281796599,0.1960109345318671,0.0841525281796599,0.0841525281796599,0.8180285980865433,0.0841525281796599,0.0,0.25673586884837063,0.7338760699068834
2,1,13,0.20132020693623348,0.1870793710097894,0.0,0.1365058070121272,0.2684852058811543,0.25623032249912375,0.20132020693623348,0.21989599284532318,0.0859306414318826
2,1,14,0.0,0.0,0.0,0.0328790580598867,0.043318606434229086,0.0328790580598867,0.0,0.043318606434229086,0.010439548374342383
2,1,15,2.6459500271604774,0.0,2.6459500271604774,0.0,0.0,0.0,0.0,0.0,-2.6459500271604774
2,1,16,0.11324920389517287,0.48729257470090526,0.0,0.12883301259644556,0.48729257470090526,0.0,0.3584595621044597,0.48729257470090526,0.37404337080573236
2,1,17,0.0,0.0,0.0,0.0,0.3317910526158532,0.0,0.3317910526158532,0.0,0.3317910526158532
2,1,18,0.12558153269613706,0.0,0.12558153269613706,0.12558153269613706,0.0,0.12558153269613706,0.0,0.0,-0.12558153269613706
2,1,19,0.21608147378803735,0.3356192209757443,0.21608147378803735,0.0,0.0,0.0,0.0,0.3356192209757443,0.11953774718770696
2,1,20,0.09174227922765474,0.03299786228452034,0.08211637824882709,0.1037370555207588,0.04348004755126591,0.08211637824882709,0.025344415991662185,0.04348004755126591,-0.024669099718487596
2,1,21,0.0,0.0,0.0,0.16470432017897887,0.14162004811750897,0.14162004811750897,0.0,0.0,-0.0230842720614699
2,1,22,0.08001543001219188,0.0,0.08001543001219188,0.08001543001219188,0.0,0.08001543001219188,0.0,0.09317713157180557,0.013161701559613687
2,1,23,0.0,0.08925514600752855,0.0,0.0,0.22845113938619535,0.0,0.08925514600752855,0.17131909941974022,0.22845113938619535
2,1,24,0.13633278414397917,0.0,0.0,0.0,0.0,0.0,0.0,0.0,-0.13633278414397917
2,1,26,0.0,0.4918645658845912,0.0,0.4417131860449562,0.4918645658845912,0.0,0.05015137983963502,0.4918645658845912,0.4918645658845912
2,1,31,0.0,0.5967334508259798,0.0,0.0,0.5967334508259798,0.0,0.5967334508259798,1.145057551269389,1.145057551269389
2,1,35,0.6687850081481433,0.24574176121421162,0.0,0.0,0.24574176121421162,0.0,0.24574176121421162,0.24574176121421162,-0.4230432469339317
2,1,36,0.0,0.0,0.0,0.0,0.5922795425657587,0.0,0.0,0.0,0.5922795425657587
2,1,37,0.0,0.3792050007711892,0.0,0.0,0.5349870537004491,0.15578205292925987,0.3792050007711892,0.3792050007711892,0.5349870537004491
2,1,38,0.0,0.370386279823022,0.0,0.0,0.370386279823022,0.0,0.370386279823022,0.370386279823022,0.370386279823022
2,1,39,0.0,0.17324519540109093,0.0,0.0,0.32375045863826146,0.0,0.17324519540109093,0.32375045863826146,0.32375045863826146
2,1,41,0.0,0.5653264270982967,0.0,0.0,0.5653264270982967,0.0,0.5653264270982967,0.5653264270982967,0.5653264270982967
2,1,42,0.0,0.05981317561888857,0.0,0.0,0.1247223643394135,0.06490918872052494,0.05981317561888857,0.05981317561888857,0.1247223643394135
2,1,43,0.0,1.7193160466891613,0.2538646684925344,0.0,1.7193160466891613,1.7193160466891613,0.0,1.7193160466891613,1.4654513781966267
2,1,44,0.0,0.5144898088535437,0.0,0.0,0.6482247855133478,0.4161285063902925,0.20551965176071593,0.5074695217754664,0.6482247855133478
2,1,45,0.0,0.1309902696935078,0.6759311423551184,0.0,0.1309902696935078,0.0,0.1309902696935078,0.1309902696935078,-0.5449408726616106
2,1,46,0.0,0.38361436124527276,0.0,0.0,0.38361436124527276,0.0,0.38361436124527276,0.38361436124527276,0.38361436124527276
2,1,47,0.0,0.7378838632328945,0.0,0.0,0.7378838632328945,0.0,0.7378838632328945,0.7378838632328945,0.7378838632328945
2,1,48,0.0,0.45163607309987086,0.08203328298348267,0.18424400273532932,0.4774613658909672,0.0,0.2613043202726882,0.5496405712782994,0.5496405712782994
2,1,50,0.060924900049267684,0.2944754573633041,0.060924900049267684,0.35540035741257175,0.33699704332280045,0.060924900049267684,0.0,0.33699704332280045,0.27607214327353274
2,1,51,0.3647450858808945,1.3375700162962867,0.0,1.3375700162962867,1.3375700162962867,0.0,0.0,1.3375700162962867,0.9728249304153922
2,1,52,0.0,0.07091750134458334,0.0,0.06434355844646067,0.12756533551301383,0.1315113001710366,0.05664783416843048,0.0,-0.003945964658022771
2,1,53,0.0,2.061328201543129,0.0,2.061328201543129,2.061328201543129,0.0,0.0,2.061328201543129,2.061328201543129
2,1,54,0.0,0.19784141886354345,0.0,0.11558737609843839,0.08225404276510505,0.0,0.08225404276510505,0.21244202291818023,-0.13018798015307517
2,1,55,0.22281684439246127,0.9054873270117133,0.0,0.9054873270117133,3.297735069437563,0.22281684439246127,0.0,3.297735069437563,3.0749182250451024
2,1,56,0.6790550632300383,0.0,0.6790550632300383,0.6790550632300383,0.0,0.6790550632300383,0.0,0.0,-0.6790550632300383
2,1,57,3.337501378895011,0.18203093423274933,0.0,3.337501378895011,0.3293153030706686,0.0,0.3293153030706686,0.18203093423274933,-3.0081860758243426
2,1,58,0.0,0.05235113476453943,0.0,0.0,0.05235113476453943,0.0,0.02082557298425522,0.05235113476453943,0.05235113476453943
2,1,59,0.0,0.0,0.0,0.0,0.4677374455544598,0.0,0.0,0.4677374455544598,0.4677374455544598
2,1,60,0.0,0.4498662250328518,0.0,0.0,0.4498662250328518,0.0,0.0,0.4498662250328518,0.4498662250328518
2,1,61,0.09971446142170196,0.09971446142170196,0.0,0.0,0.09971446142170196,0.0,0.09971446142170196,0.20584302673637536,0.20584302673637536
2,1,63,0.0,0.44755008811948493,0.8225404276510504,0.0,0.44755008811948493,0.8225404276510504,0.44755008811948493,0.44755008811948493,-0.37499033953156546
2,1,64,0.0,0.0846230235079271,0.08301811746517108,0.0,0.0846230235079271,0.0,0.0846230235079271,0.0846230235079271,0.0016049060427560102
2,1,65,0.07657346684007978,0.47186550243549774,0.25486820798648613,0.07657346684007978,0.41511275353780164,0.5685583669292671,0.41511275353780164,0.41511275353780164,-0.15344561339146556
2,1,66,0.0,0.10285702489282987,0.0,0.0,0.10889772648435615,0.0,0.21175475137718602,0.10889772648435615,0.006040701591526282
2,1,67,0.82624631652828,0.0,0.82624631652828,0.0,0.0,0.82624631652828,0.0,0.0,-0.82624631652828
2,1,68,0.0,0.8266702866830081,0.0,0.0,0.8266702866830081,0.0,0.0,0.8266702866830081,0.8266702866830081
2,1,69,0.0,0.1492031482444358,0.0,0.0,0.0,0.2837637444884807,0.0,0.0,-0.13456059624404487
2,1,70,0.24386093804628015,0.1678912735227603,0.1096921663490308,0.020908596314925917,0.4685796313791987,0.13060076266395673,0.1678912735227603,0.4685796313791987,0.20381009701799271
2,1,71,0.0,0.0,0.0,0.0,0.0,0.16689822475342653,0.0,0.0,-0.16689822475342653
2,1,76,0.0,0.35166184088639,0.0,0.0,0.35166184088639,0.0,0.35166184088639,0.2335043938014704,0.35166184088639
2,1,77,0.440845621510479,0.5539109069301384,0.0,0.0,1.1713243350620253,0.3446608631358572,0.5539109069301384,1.0751395766874035,0.8266634719261681
2,1,78,0.0,2.930221510770685,0.0,0.0,2.930221510770685,0.0,0.0,2.930221510770685,2.930221510770685
2,1,79,0.5123868042221601,0.22085659302247812,0.27754584877548355,0.4556975484691546,0.41759837440493036,0.5123868042221601,0.0,1.2444031240852813,0.9287581012455736
2,1,80,0.0,0.36759088999858514,0.0,0.4823340265685669,0.13902677306734998,0.6334860700991319,0.290178816597915,0.04914835224284232,-0.494459297031782
2,2,1,0.0,0.0,0.0,0.0,0.0,0.0,0.0,1.5870485131812606,1.5870485131812606
2,2,3,0.5692686759964654,0.0834472445241375,0.24627489976462488,0.45637959222345525,0.0834472445241375,0.13338581599161467,0.0,0.5518310925449744,-0.017437583451491014
2,2,5,1.0473625041778458,0.0,0.0772122701357528,0.0772122701357528,0.0,0.8663173297579473,0.0,0.0,-1.1834151006644311
2,2,7,0.2489868565176807,0.0,0.5489908702586541,0.2489868565176807,0.0,0.2489868565176807,0.0,0.0,-0.5489908702586541
2,2,8,0.780462082995487,0.0,0.780462082995487,0.780462082995487,0.0,0.780462082995487,0.0,0.0,-0.780462082995487
2,2,10,0.0,1.1234802603063456,0.0,0.0,1.1234802603063456,0.0,1.1234802603063456,1.1234802603063456,1.1234802603063456
2,2,11,0.0,0.14153556256951638,0.0,0.14153556256951638,0.0724387312480817,0.0,0.14153556256951638,0.0724387312480817,0.0724387312480817
2,2,12,0.0,0.5686861288121212,0.0,0.0,0.3692928865420531,0.0,0.20478480101184302,0.20478480101184302,0.5686861288121212
2,2,13,0.0,0.4172362226206875,0.0,0.0,0.4172362226206875,0.0,0.0,0.4172362226206875,0.4172362226206875
2,2,15,0.3531202869662265,0.242022457469256,0.3531202869662265,0.20393692425973153,0.23151045190733094,0.21532004155414056,0.23151045190733094,0.1820608238732374,-0.24770814750255973
2,2,16,0.17211220192157672,0.12567099076896276,0.11617566509228598,0.11617566509228598,0.07208303860967094,0.0,0.24419524053124764,0.0,-0.15361711547119758
2,2,17,0.14133534713927073,0.10733112147114836,0.0,0.0,0.0,0.14133534713927073,0.10733112147114836,0.10733112147114836,-0.034004225668122376
2,2,18,0.5560375022265466,0.22185020109616324,0.5560375022265466,0.5560375022265466,0.23525948773769406,0.5560375022265466,0.22185020109616324,0.23525948773769406,-0.32077801448885246
2,2,21,0.10635844158875254,0.26913446499700594,0.12124426685955376,0.28642476357861835,0.3063107432105166,0.27016541000330524,0.28283878373352894,0.2524130199002239,0.15831488010126804
2,2,22,0.0,0.04481148264224193,0.0,0.04481148264224193,0.11067471031099516,0.0,0.0,0.04481148264224193,0.11067471031099516
2,2,23,0.0,0.0,0.2512140424952885,0.0,0.0,1.1349202555228042,0.0,0.0,-1.1349202555228042
2,2,24,0.0,0.5925917550945539,0.0,0.0250750336710936,0.5870942306284261,0.3812254051571193,0.16382784080947438,0.5450532459665937,0.2058688254713069
2,2,26,0.0,0.13114268664653111,0.0,0.0,0.14445135963420114,0.14892753345376544,0.0,0.14445135963420114,0.1266665128269668
2,2,27,0.0,3.276556816189488,0.0,0.0,3.276556816189488,0.0,3.276556816189488,3.276556816189488,3.276556816189488
2,2,28,0.0,0.0,1.6705773822960637,0.0,0.0,0.0,0.0,0.0,-1.6705773822960637
2,2,30,0.23899035994399676,0.0,0.23899035994399676,0.23899035994399676,0.0,0.44939660114102425,0.0,0.0,-0.44939660114102425
2,2,31,1.5056084037940674,0.0,1.5056084037940674,1.5056084037940674,0.5302242076344924,0.0,0.0,0.0,-0.975384196159575
2,2,33,0.3306351069127626,0.0,0.0,0.3107070986659294,0.15034417892821922,0.3107070986659294,0.0,0.15034417892821922,-0.49099802665047276
2,2,34,0.0,0.18766207253505332,0.0,0.0238342317255789,0.6434165191152329,0.0238342317255789,0.1638278408094744,0.18766207253505332,0.619582287389654
2,2,35,0.2660106547414815,0.0,0.2660106547414815,0.2660106547414815,0.0,0.0,0.0,0.25210484422886725,-0.013905810512614228
2,2,36,0.13631048824170222,0.024928615355425492,0.05278758367871674,0.07480798342097124,0.024928615355425492,0.02394104389593084,0.024928615355425492,0.10937942574275387,0.020017952598731657
2,2,38,0.0,2.2543550603617146,1.0846622972260487,0.34355470025718815,2.2543550603617146,0.0,1.9108003601045267,1.4282169974832366,2.2543550603617146
2,2,39,0.0,0.0,0.0,0.0,0.1514926307527121,0.0,0.0,0.5383735058733391,0.6898661366260512
2,2,40,0.0,1.580447172822143,0.0,0.0,1.580447172822143,0.0,1.580447172822143,1.580447172822143,1.580447172822143
2,2,41,0.0,0.05153320503857822,0.0,0.05153320503857822,0.12517538945753787,0.0,0.07364218441895963,0.05153320503857822,0.12517538945753787
2,2,42,0.06682517227403499,0.35189512072371804,0.0,0.06682517227403499,0.3955288506524706,0.06682517227403499,0.31247409844561835,0.3955288506524706,0.28928265610033593
2,2,43,0.14085359566557584,0.16133475919875598,0.14085359566557584,0.21641198142796766,0.08719061307509769,0.40480961753750616,0.0407910610047389,0.04172546602175376,-0.4316967957071834
2,2,44,0.060684757711116595,0.0600144498212939,0.060684757711116595,0.0,0.0600144498212939,0.060684757711116595,0.0,0.11921313744295405,0.05852837973183745
2,2,46,0.0,0.409569602023686,0.03911430534416715,0.0,0.5431957944486557,0.0,0.409569602023686,0.7222430569223022,0.8167549440031049
2,2,47,0.04414679888089941,0.02638176106303597,0.1276532720988108,0.25650562209111666,0.0,0.04414679888089941,0.0,0.0,-0.3186590351675436
2,2,49,0.1614244113662364,0.49678187638376275,0.1614244113662364,1.027454265265055,0.49678187638376275,1.027454265265055,0.1806694504572272,0.49678187638376275,-0.5114273497903014
2,2,50,0.05191006167121997,0.036077165982579054,0.03713821090952435,0.019172427141352703,0.0339696322602456,0.04046332879374284,0.0,0.0339696322602456,-0.03590621317914602
2,2,51,0.13534290501507582,0.045091106546345905,0.13534290501507582,0.13602457004088436,0.2516699769979208,0.0,0.0,0.045091106546345905,0.05171475824839855
2,3,1,0.0,0.24561226682544582,0.0,0.24561226682544582,0.28484748895724016,0.0,0.0,0.0,0.18220690534417017
2,3,2,0.13466807670783804,0.06031565104877501,0.0,0.14870485131812608,0.06031565104877501,0.13466807670783804,0.06031565104877501,0.3504661484071809,0.06709322038121679
2,3,4,0.0,0.23689746505479867,0.0,0.0,0.08130447356643976,0.14005414344207304,0.08130447356643976,0.08130447356643976,-0.058749669875633265
2,3,5,0.6009895358387846,0.7526703892071644,0.0,0.6009895358387846,0.5383185805699972,0.6009895358387846,0.0,0.5383185805699972,0.3239667719328299
2,3,6,0.5891511145281133,0.47305783034459753,0.5891511145281133,0.5891511145281133,0.47305783034459753,0.0,0.1023924005059215,1.5314378412087886,0.9422867266806753
2,3,7,0.06833360274025359,0.0,0.0,0.06833360274025359,0.05679729924670008,0.06833360274025359,0.0,0.05679729924670008,-0.011536303493553508
2,3,8,0.8846044630681142,0.49148352242842325,0.0929674807542437,0.7916369823138706,0.49148352242842325,0.0,0.49148352242842325,0.6080422210150838,-0.27656224205303054
2,3,9,0.11111039986989647,0.40556985497704545,0.0,0.0,0.54792618439551,0.05998096965498611,0.2845158351335472,0.4265188062996155,0.577246684731229
2,3,10,0.16511645965603203,0.7842640668227926,0.16511645965603203,0.2681828697331885,0.5066274384927475,0.16511645965603203,0.0,0.10306641007715646,0.06387435050667022
2,3,11,0.34566665765266896,2.1437873853787535,0.34566665765266896,0.34566665765266896,2.4923371845234037,0.34566665765266896,2.1492222531159064,2.1492222531159064,2.1466705268707345
2,3,12,0.043897430979297734,0.6478587027526653,0.043897430979297734,0.0,0.6186703713637745,0.0,0.5553917112284017,0.6186703713637745,0.5894820399748836
2,3,14,0.0,0.0,0.14091862914366146,0.0,0.10756054033806071,0.0,0.0,0.10756054033806071,-0.03335808880560075
2,3,15,0.0,0.1991354698871463,0.0,0.0,0.1991354698871463,0.0,0.0,0.1991354698871463,0.1991354698871463
2,3,16,0.0,0.37806424802186406,0.0,0.0,0.7711521559851168,0.0,0.37806424802186406,0.7711521559851168,0.7711521559851168
2,3,18,0.4953493789680961,0.15633494257020786,0.4953493789680961,0.6487849832475674,0.08399172203176287,0.6487849832475674,0.0,0.15906718300736633,-0.4897178002402011
2,3,19,0.0,0.1031344356569318,0.0,0.0,0.16589348346095611,0.0,0.0,0.27400423383056993,0.17086979817363815
2,3,20,0.0,0.4298290116722903,0.0,0.0,0.4298290116722903,0.4298290116722903,0.0,0.4298290116722903,0.4298290116722903
2,3,22,0.0,0.0,0.7500100343524334,0.0,0.33804741249104797,0.0,0.0,0.4527587863182077,-0.2972512480342257
2,3,23,0.0,0.0,0.0,0.7325909041585359,0.0,0.7325909041585359,0.0,0.0,-0.7325909041585359
2,3,26,0.0,0.09769393567881265,0.0,0.0900600285988201,0.09769393567881265,0.0900600285988201,0.09769393567881265,0.09769393567881265,0.00763390707999255
2,3,28,0.0,0.0,0.0,0.0,0.0,0.6477943609814725,0.0,0.0,-0.6477943609814725
2,3,29,0.0,0.0,0.0,0.0,0.0,0.0,0.0,0.18302836384309243,0.18302836384309243
2,3,30,0.429282744414114,1.0203944736493893,0.429282744414114,0.429282744414114,1.0203944736493893,1.4496772180635034,0.429282744414114,1.0203944736493893,-0.429282744414114
2,3,31,0.0,0.38068497057801,0.0,0.0,0.38068497057801,0.0,0.07927153587555213,0.07927153587555213,0.38068497057801
2,3,32,0.0,0.7842848148078277,0.0,0.0,0.7842848148078277,0.0,0.7842848148078277,1.9747450340654487,1.9747450340654487
2,3,34,0.0,0.11868949041300361,0.0,0.20251948435076017,0.32120897476376375,0.0,0.20251948435076017,0.11868949041300361,0.32120897476376375
2,3,36,1.4308471521583928,0.0,1.4308471521583928,1.4308471521583928,0.0,1.4308471521583928,0.0,0.0,-1.4308471521583928
2,3,37,0.0,0.5684823245480665,0.0,0.20613282015431292,0.5684823245480665,0.0,0.0,0.7058879524412983,0.7058879524412983
2,3,38,0.0,0.8580294263815179,0.0,0.04684836821688929,0.9182689861886241,0.0,0.0,0.10708792802399543,0.9182689861886241
2,3,39,0.0,0.14506943033087588,0.0,0.06062730004538615,0.14506943033087588,0.0,0.0,0.14506943033087588,0.14506943033087588
2,3,40,0.0,1.5685696296156555,0.0,0.0,1.5685696296156555,0.0,1.5685696296156555,1.5685696296156555,1.5685696296156555
2,3,41,0.0,0.36376380027231686,0.0,0.36376380027231686,0.36376380027231686,0.0,0.0,0.36376380027231686,0.36376380027231686
2,3,42,0.0,0.2284420993197639,0.0,0.0,1.0038237362906346,0.0,0.0,0.2284420993197639,1.0038237362906346
2,3,46,0.0,0.22015012345482882,0.0,0.0,0.22015012345482882,0.0,0.22015012345482882,0.22015012345482882,0.22015012345482882
2,3,49,0.11923726267986606,1.446200349033148,0.11923726267986606,0.11923726267986606,1.4067789793976113,0.11923726267986606,1.4067789793976113,1.446200349033148,1.3269630863532818
2,3,50,0.0,0.1545996151157347,0.0,0.1545996151157347,0.6413752081732034,0.0,0.0,0.763110915445917,0.763110915445917
2,3,51,0.0,0.0,0.0,0.0,0.22466565833421637,0.8294632531201743,0.0,0.5934366653260498,-0.23602658779412455
2,3,53,0.3516185678975081,0.35506722089019876,0.0,0.5577513880518211,0.35506722089019876,0.3516185678975081,0.14893440073588582,0.35506722089019876,0.0034486529926906298
2,3,54,0.0,0.033729055517545736,0.0,0.0,0.07355567201070123,0.030525927245990955,0.0,0.06270516197354205,0.06590829024509684
2,3,55,0.0,0.44680320220765746,0.0,0.0,0.44680320220765746,0.0,0.44680320220765746,0.44680320220765746,0.44680320220765746
2,3,56,0.0,0.0,0.0,0.25107644336640755,0.0,0.25107644336640755,0.0,0.0,-0.25107644336640755
2,3,57,0.512009434541865,0.19321743561431873,0.14349077410126773,0.5252040453452056,0.2616304773258763,0.23757316096187212,0.006883522723087159,0.31663121710856373,-0.11158475823710168
2,3,59,0.0,0.30043922941526435,0.0,0.0,0.6042089688852587,0.0,0.2457417612142116,0.5591123088091542,0.6042089688852587
2,3,60,0.35713806577728624,0.0,0.22500301030573003,0.35713806577728624,0.0,0.35713806577728624,0.0,0.0,-0.5821410760830162
2,3,62,0.4273239703207249,0.1545996151157347,0.5498583145316598,0.1545996151157347,0.2682190881802688,0.17116219487411352,0.0234388351901589,0.8187445679061878,0.18790469637478968
2,3,63,0.256394382192435,0.0,0.256394382192435,0.0,0.0,0.0,0.0,0.0,-0.256394382192435
2,3,64,0.31823214136346945,0.12018922179386748,0.0,0.0,0.3022147515967395,0.0,0.12018922179386748,0.3022147515967395,-0.01601738976672995
2,3,65,0.9623057339567007,0.0,0.42925414564751785,0.9623057339567007,0.0,0.9623057339567007,0.0,0.0,-0.42925414564751785
2,4,2,0.0,0.1637463011217569,0.0,0.0,0.0,0.0,0.0,0.1637463011217569,-0.1637463011217569
2,4,4,0.0,0.4959526603691439,0.0,0.0,0.5616841016868477,0.0,0.4959526603691439,0.5616841016868477,0.5616841016868477
2,4,6,0.8283123161874766,0.136523200674562,1.1108135776783519,0.0,0.4113344564610256,0.28250126149087534,0.136523200674562,0.4113344564610256,-0.13447659823557567
2,4,8,5.11331447101894,0.0,0.0,5.11331447101894,0.0,0.0,0.0,0.0,0.0
2,4,10,0.7641669412753355,0.0,0.0,0.7641669412753355,0.0,0.0,0.0,0.0,-0.7641669412753355
2,4,11,0.0,0.0,0.0,0.0,0.20198056485084326,0.0,0.0,0.0,0.20198056485084326
2,4,12,0.17032721321912114,0.0,0.0,2.129870728688023,0.0,0.11554492482929529,0.38741858727896733,0.0,-2.4157428667364393
2,4,13,0.31519383681407637,0.0,0.500006689568289,0.8854415564126893,0.0,1.0428916017570278,0.15745004534433854,0.0,-1.5428982913253169
2,4,14,0.22580928394875407,0.0,0.22580928394875407,0.22580928394875407,0.0,0.22580928394875407,0.22580928394875407,0.0,-0.22580928394875407
2,4,15,0.39585243059863645,0.0,0.0,1.029879306590535,0.0,0.0,0.0,0.6340268759918984,0.0
2,4,16,0.0,0.0,0.0,0.0,0.0,0.0,0.0,0.7328300154305696,0.7328300154305696
2,4,17,0.4082228190548438,0.0,0.0,0.9540372601261303,0.11831659437186678,0.0,0.0,0.870239477283001,0.3244250362117145
2,4,21,0.07378379648741348,0.05795766792822569,0.07378379648741348,0.07378379648741348,0.06332915127336788,0.03655494002956061,0.03722885645785288,0.11349901851303168,0.07157259513832886
2,4,23,0.3131357113392323,0.0,0.21593066544653466,0.27493211507125614,0.0,0.33838572516425197,0.03447405779375067,0.45344243233750303,0.08130527137354927
2,4,24,0.0,0.0,0.0,0.12129209801584145,0.14139312203586465,0.0,0.0,0.12129209801584145,0.14139312203586465
2,4,26,0.0,0.0,0.27418014255035017,0.0,0.0,0.5404324456878601,0.0,0.0,-0.5404324456878601
2,4,27,0.10899029889597264,0.7019372066095335,0.07355567201070123,0.0984013608616324,0.741122182719672,0.40852413992567127,0.614354403035529,0.951533295051141,0.4802720404023964
2,4,29,0.1594189959588034,1.0671402900522746,0.1594189959588034,0.1594189959588034,1.0671402900522746,0.1594189959588034,0.9785582000061753,1.0671402900522746,0.9077212940934712
2,4,30,0.02729027365225527,0.02729027365225527,0.0,0.0,0.1644739750498303,0.031007235544825106,0.10131523531488855,0.1644739750498303,0.1334667395050052
2,4,31,0.0,0.0,0.0,0.0,0.0,0.0,0.7866074383346452,0.10142599790050733,-0.6851814404341379
2,4,33,0.0,0.0,0.924699008787507,0.0,0.0,0.0,0.924699008787507,0.924699008787507,0.0
2,4,34,0.0,0.6552832163260909,0.0,0.0,1.2352603549549284,0.0,0.0,1.605696082323779,1.605696082323779
2,4,35,0.0,0.10726872765860948,0.0,0.0,0.1747890691027223,0.0,0.046558892131191534,0.09821748597335196,0.1747890691027223
2,4,36,0.0,0.9007072648246601,1.1904602192576208,0.0,0.9007072648246601,1.1904602192576208,0.8206764432320126,0.9974681322261505,-0.19299208703147025
2,4,37,0.3170977709064841,1.0069938977120698,0.0,0.15026509838093927,1.0069938977120698,0.0,0.12176060138583018,1.0069938977120698,0.6245561088244106
2,4,38,0.05843787966878789,0.4346745454469415,0.15631310123498585,0.10500579934367602,0.38810662577205335,0.04950849701916919,0.0,0.38810662577205335,0.1822850275178983
2,4,39,0.0,0.0,0.0,0.0,1.183165943718668,0.0,0.0,1.183165943718668,1.183165943718668
2,4,40,0.08524487339473191,0.04569495843908593,0.08524487339473191,0.11387443174949761,0.16370249557405614,0.673040619017421,0.1026724986057329,0.2355303223153055,-0.43751029670211555
2,4,41,0.7113910186219449,0.0,0.7113910186219449,0.7113910186219449,0.0,0.7113910186219449,0.0,0.0,-0.7113910186219449
2,4,42,0.0,0.1842124335738387,0.0,0.0,0.1842124335738387,0.1842124335738387,0.0,0.1842124335738387,0.1842124335738387
2,4,44,0.5291900054320955,0.4298290116722903,0.0,0.0,0.4298290116722903,0.4298290116722903,0.0,0.4298290116722903,-0.09936099375980517
2,4,45,0.33291106098349843,1.0645024039964437,0.33291106098349843,0.33291106098349843,0.48238197571678576,0.33291106098349843,0.48238197571678576,0.48238197571678576,-0.43264951354637077
2,4,46,0.0,0.08776491471936128,0.0,0.0,0.2997378635017292,0.0,0.08776491471936128,0.08776491471936128,0.2997378635017292
2,4,51,0.0,0.0,0.0,0.4961949464284423,0.0,0.0,0.0,0.4961949464284423,0.0
2,4,56,0.20859383618093819,0.0742870718176719,0.05183781829267858,1.0776215269906384,0.12730949258112115,0.44748138914541524,0.07373768222670955,0.5085153773869555,-0.5155343392492714
2,4,58,0.0,0.8600961642497407,0.0,0.0,0.9055439534755543,0.0,0.8600961642497407,0.8600961642497407,0.9055439534755543
2,4,59,0.0,0.0,0.0,0.0,0.2391875110075775,0.0,0.0,0.0,0.2391875110075775
2,4,61,0.0,0.0,0.0,0.0,0.0,0.0,0.0,0.44417527065097095,0.44417527065097095
2,4,62,0.0,0.0,0.0,0.0,0.0,0.0,0.0,0.3262679529376865,0.3262679529376865
2,4,64,0.08741398702721015,0.183147726039634,0.08741398702721015,0.08741398702721015,0.3661406892360944,0.13084848229461388,0.043434495267403735,0.20945330936093898,0.3771272096306471
2,4,66,0.0,0.0,0.0,0.0,1.5906726229034773,0.0,0.0,0.0,1.5906726229034773
2,4,68,0.0,0.630476596900573,0.0,0.0,0.0,0.0,0.630476596900573,2.655639404592255,3.286116001492828
2,4,69,0.04752492607788166,0.0,0.0,0.04752492607788166,0.08147965346782839,0.0,0.0,0.029213973918979452,0.03395472738994673
2,5,1,0.0,1.0185333699992785,0.0,0.0,1.0185333699992785,0.0,0.0,1.0185333699992785,1.0185333699992785
2,5,2,0.6877264186756645,0.2509085950687447,0.6877264186756645,0.7511688960849974,0.0411420905243658,0.7511688960849974,0.0411420905243658,0.19406128735897685,-0.6550970069601542
2,5,3,0.0,0.0,0.0,0.0,0.0,0.6897948783837061,0.0,0.0,-0.6897948783837061
2,5,4,0.30524939545138235,0.10307509626591285,0.14677431274796657,0.30524939545138235,0.10307509626591285,0.12668397254461006,0.17056257732649818,0.6168934731175709,0.25126813315203345
2,5,5,0.0,0.47187175876923576,0.03750050171762167,0.0,0.4847865600447875,0.0,0.21827682454941627,0.4277636845018871,0.44728605832716584
2,5,6,0.0,0.5383185805699972,0.0,0.0,0.6898112113227093,0.0,0.0,0.5383185805699972,0.6898112113227093
2,5,7,0.15451605742183502,0.10392814964226292,0.0,0.15451605742183502,0.12519931542519688,0.15451605742183502,0.15451605742183502,0.0,-0.13324489163890105
2,5,8,0.0990792604663916,0.25747811002414533,0.0,0.0,0.136523200674562,0.12095490934958335,0.136523200674562,1.6005960701006436,1.501516809634252
2,5,9,0.0,0.0,0.0627780581090834,0.06312733914838198,0.05610571245856757,0.0627780581090834,0.0,0.0,0.055756431419269
2,5,10,1.9696234637568304,0.0,0.0,1.9696234637568304,0.0,0.0,0.0,0.0,-1.9696234637568304
2,5,12,1.2962879984821254,1.2962879984821254,0.0,0.0,1.2962879984821254,0.0,1.2962879984821254,1.2962879984821254,1.2962879984821254
2,5,14,0.0,0.18203093423274933,0.0,0.0,0.18203093423274933,2.0966987787204405,0.18203093423274933,0.18203093423274933,2.27872971295319
2,5,18,0.0,0.08786907095572555,0.0,0.0,0.08786907095572555,0.0,0.0,0.07382891943571776,0.12726489631050766
2,5,19,0.21969428516265946,0.0,0.21969428516265946,0.21969428516265946,0.0,0.21969428516265946,0.0,0.0,-0.21969428516265946
2,5,20,0.0,0.0,0.0,0.18568529973463302,0.0,0.18568529973463302,0.0,0.0,-0.18568529973463302
2,5,21,0.0,0.0,0.0,0.0,0.16711263329434595,0.0,0.0,0.0,0.16711263329434595
2,5,22,0.0,0.0,0.0,0.0,0.0,0.06997779793081713,0.06997779793081713,0.4333540789026034,0.3633762809717863
2,5,23,0.0,0.0,0.0,0.0,0.591582971859334,0.0,0.0,0.591582971859334,0.591582971859334
2,5,24,0.041661297174297014,0.013318947332794855,0.01667006390864147,0.01667006390864147,0.0,0.04133134571518573,0.0,0.02466128180654426,-0.054980244507091866
2,5,25,0.0,0.0,0.0,0.0,0.0,0.0,0.0,0.35734109131270425,0.35734109131270425
2,5,26,0.30713806577728625,0.2765782552438751,0.0,0.30713806577728625,0.2765782552438751,0.0,0.0,0.2765782552438751,-0.03055981053341117
2,5,27,0.0,0.542982734608015,0.3321653401243449,0.42067922480472014,0.542982734608015,0.0,0.07404514556943621,0.885856291541943,0.5536909514175982
2,5,28,0.0,0.04458566720987622,0.04568164390085037,0.04458566720987622,0.07966597562646072,0.0,0.0,0.07966597562646072,0.03398433172561034
2,5,29,0.1674374132845277,0.10030275967927003,0.1674374132845277,0.4876912587654142,0.10030275967927003,0.6074904279291642,0.10030275967927003,0.1585821089726003,-0.6163457322410916
2,5,30,1.0274291800792097,0.0,0.0,1.0274291800792097,0.0,1.0274291800792097,0.0,0.0,-1.0274291800792097
2,5,32,0.5157010034768102,0.0,0.05716657727491781,0.6633151001958899,0.0,0.5906658429393901,0.12596003627547084,0.0,-0.9676619950980742
2,5,33,0.25469591107689976,0.14360869297327383,0.0,0.36773693132053875,0.0,0.22412823834726492,0.11108721810362589,0.0,-0.36773693132053875
2,5,34,0.14282384839812381,0.17035914312765224,0.14282384839812381,0.16343713041355512,0.17035914312765224,0.22599897672445604,0.10684424400617897,0.17035914312765224,-0.055639833596803766
2,5,36,0.0,0.21532743222799888,0.7104647552659599,0.0,0.21532743222799888,0.0,0.21532743222799888,0.21532743222799888,-0.495137323037961
2,5,37,0.0234565106911212,0.30669793480803287,0.0234565106911212,0.04425732295647627,0.07805600559505445,0.15876644684326793,0.19256512948184612,0.0,-0.30935237046119185
2,5,38,0.0,0.22126638310933391,0.0,0.0,0.0,0.0,0.0,0.0,-0.22126638310933391
2,5,39,0.03723188336344136,0.02710809348938971,0.0,0.03723188336344136,0.08204924168764587,0.03723188336344136,0.03723188336344136,0.08204924168764587,0.04481735832420451
2,5,40,0.030119765209351893,0.060552998975578004,0.0,0.0,0.07803291790858324,0.0,0.0,0.020439649945458997,0.047913152699231354
2,5,41,0.6032130132217765,0.14459796546076817,0.14459796546076817,1.129679179413683,0.14459796546076817,0.14459796546076817,0.2975494118036158,0.14459796546076817,0.3735147198490589
2,5,42,0.0,0.0,0.0,0.1477506370616108,0.247682002802143,0.0,0.09993136574053223,0.37061175445539063,0.37061175445539063
2,5,43,0.26587705521828375,0.13282899055809064,0.26587705521828375,0.3987060457763744,0.0,0.26587705521828375,0.0,0.0,-0.3987060457763744
2,5,44,0.0,0.0,0.37354588618736156,0.22391462615058685,0.0,0.22391462615058685,0.0,0.0,-0.5974605123379484
2,5,45,0.38509631294942437,0.0,0.0,0.5445243598507344,0.0,0.1594280469013101,0.0,0.0,-0.5445243598507344
2,5,47,0.08286480749356723,0.09386582434080476,0.05405840752729777,0.0,0.12916447296646397,0.30230408706113004,0.3311104870273995,0.12916447296646397,-0.22719802162196387
2,5,48,0.29012630606279677,0.4723556668185022,0.06790550632300382,0.1798227683387656,0.7374097299697693,0.1798227683387656,0.36043840480274053,0.7374097299697693,0.5575869616310036
2,5,49,0.05201613692751402,0.022458020281944234,0.01776519479526996,0.03030921231658838,0.010739927751266205,0.010819087701482445,0.008602754556152661,0.002967895666838304,-0.04764611076859397
2,5,50,0.2009754682142689,0.7619275360439361,0.11599163663225964,0.11599163663225964,0.7619275360439361,0.2009754682142689,0.49583426179057954,0.49583426179057954,0.5609520678296673
2,5,51,0.4956828377270868,0.0,0.4956828377270868,0.4956828377270868,0.0,0.0,0.0,0.0,-0.4956828377270868
2,6,1,0.4954547730626868,0.25396000507383387,1.0378398071684711,0.4954547730626868,0.07331257791483063,0.6427391419006061,0.3148073459036836,0.07331257791483063,-1.11181159809156
2,6,2,0.0,0.8266702866830081,0.0,0.0,0.8266702866830081,0.0,0.0,0.8266702866830081,0.8266702866830081
2,6,3,0.1896885288994468,0.0,0.0,0.1896885288994468,0.0,0.0,0.0,0.0,-0.1896885288994468
2,6,5,0.08255629629556081,0.056665113744210224,0.0,0.0,0.056665113744210224,0.0,0.0,0.056665113744210224,-0.02589118255135059
2,6,6,0.09486233347925767,0.08982505584271562,0.035721046391008385,0.3836304640598784,0.05568434333887931,0.366889725495409,0.2984335182109075,0.09417493063579896,-0.22934616111917033
2,6,8,0.6005817638513319,0.0,0.0,0.6005817638513319,0.0,0.6005817638513319,0.0,0.0,-0.6005817638513319
2,6,9,0.0,0.0,0.0,1.0011367396986395,0.0,1.0011367396986395,1.0011367396986395,0.0,-1.0011367396986395
2,6,10,0.29692094991820134,0.07801325752832114,0.16715085900528992,0.19447535955465306,0.07801325752832114,0.3603909528098045,0.07801325752832114,0.1724804309319676,-0.33933054658789713
2,6,12,0.36010834598201336,0.0,0.025936130887258407,0.1570788175337895,0.03650324002498098,0.2974838963850951,0.03650324002498098,0.2719612471122736,-0.3231916243425955
2,6,14,0.20301320320499092,0.05535224665150425,0.15466128153899386,0.04835192166599706,0.0,0.16481647274411929,0.0,0.05535224665150425,-0.31947775428311315
2,6,15,0.0,0.0,0.0,0.0,0.05680973653226704,0.08046878693468779,0.0,0.0,-0.023659050402420743
2,6,16,0.8804813628103408,0.020478480101184297,0.05442970920731251,0.6394927994200662,0.050057628694151,0.48649396952606294,0.45254274041993464,0.08454941242141985,-0.8540673517468307
2,6,17,0.0,0.0,0.0,0.6142761315545725,0.0,0.0,0.0,0.0,-0.6142761315545725
2,6,19,0.07879398812542351,0.03239757109327365,0.0284599786704902,0.12491635375919413,0.015466221486518534,0.08594019274240115,0.0,0.0824400129105386,-0.07093631951914574
2,6,20,0.4755543361958862,0.3062325580330417,0.0735392820684055,0.4743059108693013,0.263830523664089,0.32847551738144026,0.48328920711805223,0.32442379723134074,-0.14298006229025925
2,6,21,0.4726097724909308,0.08278854118626176,0.0,0.5119787867088313,0.04341952696836118,0.0,0.04341952696836118,0.04341952696836118,-0.42919024552256957
2,6,22,0.0,0.0,0.0,1.4514589121950001,0.0,0.0,0.0,0.0,-1.4514589121950001
2,6,23,0.0,0.23499380259601185,0.0,0.05521414825561952,0.23691855240708495,0.13063130209755003,0.04914835224284232,0.10436250049846185,0.23691855240708495
2,6,24,0.37912800369455174,0.1176760645057674,0.21681791447593296,0.1693306873067695,0.17449082093388504,0.1010009754464748,0.03062955942780329,0.6105185082886874,0.04065252049579058
2,6,25,0.04944076365050656,0.030096672168796437,0.04944076365050656,0.04944076365050656,0.032042126576608876,0.0,0.032042126576608876,0.030096672168796437,-0.04749530924269411
2,6,26,0.29234552336028585,0.0,0.29234552336028585,0.29234552336028585,0.0,0.29234552336028585,0.0,0.0,-0.29234552336028585
2,6,27,0.051712722971563777,0.0,0.0,0.5056491302531458,0.0,0.5573618532247095,0.3297862201360224,0.17586291011712346,-0.3814989431075862
2,6,28,0.0,0.273046401349124,0.0,0.0,0.273046401349124,0.0,0.273046401349124,0.273046401349124,0.273046401349124
2,6,29,0.7499499211369479,0.0,0.28655267444819355,1.0239831867513924,0.0,1.0239831867513924,0.8272171480540588,0.0,-1.0239831867513924
2,6,30,0.0,0.43335536313103734,0.0,0.0,0.05228548110940672,0.0,0.05228548110940672,0.05228548110940672,-0.3287844009122239
2,6,31,4.021043403251667,0.0,4.021043403251667,4.021043403251667,0.0,4.021043403251667,0.0,0.0,-4.021043403251667
2,6,32,0.0,0.17271766131828584,0.0,0.0,0.07287486233159819,0.0,0.0,0.6099231684727174,0.6099231684727174
2,6,33,0.0558944592138307,0.0,0.026864183227701944,0.029379689545439475,0.0171964607881457,0.029030275986128756,0.0,0.056100713705313145,-0.01197697426581133
2,6,34,0.0,0.0,0.0,0.0,0.6595470138875127,0.0,0.0,0.6595470138875127,0.6595470138875127
2,6,36,0.33094171259438254,0.0,0.13338581599161467,0.33094171259438254,0.0,0.13338581599161467,0.0,0.0,-0.33094171259438254
2,6,37,0.11536486176804041,0.06642886232274173,0.021777276080263617,0.6098294218946709,0.3824421955832538,0.5755898533301089,0.015324975404073645,0.5303267491538127,-0.12352571445999934
2,6,38,0.0,0.6837183525131598,0.0,0.0,0.6837183525131598,0.0,0.0,0.6837183525131598,0.6837183525131598
2,6,39,0.0,1.1243550188303721,0.0,0.0,1.1243550188303721,0.0,0.0,1.1243550188303721,1.1243550188303721
2,6,40,0.09274104291631076,0.10992450231458545,0.04351406566681349,0.04351406566681349,0.1374399893778103,0.1128768710430107,0.0,0.5145360797693693,0.3089181658100479
2,6,41,0.0,0.0,0.0,0.0,0.0,0.0,0.0,0.8301826870263586,0.8301826870263586
2,6,42,0.0,0.1458974943439523,0.0,0.0,0.0,0.0,0.0,0.16201856867184694,0.01612107432789464
2,6,43,0.0,0.2061328201543129,0.3100209841160552,0.2061328201543129,0.2061328201543129,0.0,0.0,0.2061328201543129,-0.10388816396174233
2,6,44,0.5754718994448392,0.177042626972817,0.0,0.5754718994448392,0.177042626972817,0.0,0.0,0.177042626972817,-0.3984292724720222
2,6,45,0.0,0.03395087929637581,0.06790175859275162,0.07018486361558267,0.0894817418741299,0.03623398431920686,0.0,0.11317724880445623,0.04527549021170461
2,6,46,0.3778686936145858,0.0,0.0,0.0,0.0,0.0,0.0,1.5870485131812606,1.2091798195666748
2,7,1,0.0,1.964909735541856,0.0,0.0,1.805150362494657,0.0,1.805150362494657,1.6382784080947441,1.478519035047545
2,7,5,0.0,0.08822400323166868,0.1334952876268643,0.0,0.08822400323166868,0.1334952876268643,0.08822400323166868,0.08822400323166868,-0.04527128439519562
2,7,6,0.0,0.0,0.0,0.0,0.3086519853179134,0.0,0.0,0.3086519853179134,0.3086519853179134
2,7,7,0.0,0.517816036666796,0.0,0.04294433753214852,0.04294433753214852,0.0,0.0,0.1119703638811049,-0.3629013352535425
2,7,8,0.0,0.0,0.0,0.0,0.0,0.7142761315545725,0.0,0.0,-0.7142761315545725
2,7,9,0.0,0.4227508734458496,0.0,0.0,0.41967554255740963,0.08739175296018065,0.4622645377450945,0.1425410820530941,0.3528512596621494
2,7,10,0.0,0.0,0.15000200687048668,0.18126422116952268,0.0,0.36120713013448097,0.17994290896495832,0.0,-0.5112091370049677
2,7,12,0.0,0.30120447861362787,0.0,0.18599938805152846,0.0,0.18599938805152846,0.0,0.5611161172190023,0.3751167291674739
2,7,13,0.0,0.0,0.0,0.6344247740933294,0.0,0.6344247740933294,0.0,0.0,-0.6344247740933294
2,7,14,0.0,0.07959171673658147,0.0,0.1384199507112719,1.7791072026674666,0.1384199507112719,0.0,0.07959171673658147,1.6406872519561948
2,7,16,0.3023942888183403,0.204784801011843,0.0,0.3023942888183403,0.204784801011843,0.0,0.204784801011843,0.204784801011843,-0.09760948780649731
2,7,17,0.1792651005275035,0.11774093100673584,0.0,0.048259300683639816,0.04914835224284232,0.2275244012111433,0.04914835224284232,0.1563506796366536,-0.1397663003383832
2,7,18,0.0,0.14054510465066788,0.0,0.14054510465066788,0.4557834031009544,0.0,0.0,0.14054510465066788,0.4557834031009544
2,7,19,0.27044545363714473,0.1712624679830603,0.0,0.27044545363714473,0.1712624679830603,0.0,0.0,0.4099558483134523,0.13951039467630752
2,7,20,0.15507324916638712,0.12152699985769927,0.0,0.0,0.36235212770665093,0.3142119728596349,0.12152699985769927,0.347554233764429,0.125251214864246
2,7,21,0.2779869043700774,0.0,0.0,0.0,0.0,0.12901448986865388,0.1560262232521989,0.0,-0.2509751709865324
2,7,22,0.0,0.0,0.0,0.0,1.15629147462541,0.0,0.0,0.0,1.15629147462541
2,7,23,0.0,0.0,0.0,0.0,0.1767414025448308,0.0,0.0,1.4225756865825814,1.5993170891274122
2,7,24,0.0,0.21667092684971048,0.0,0.0,0.058509943146240855,0.0,0.058509943146240855,0.058509943146240855,0.21667092684971048
2,7,25,0.19696234637568305,0.26110550942776267,0.26110550942776267,0.4580678558034458,0.26110550942776267,0.6823099323887535,0.26110550942776267,0.4371934282548594,-0.44207885050957707
2,7,27,0.08522190785031566,0.057160482303244595,0.16272715387932946,0.1446992304215653,0.0,0.05947732257124964,0.0,0.0,-0.2793649587538237
2,7,28,0.035496019131322845,0.0,0.03470384150552857,0.055486884820196286,0.0,0.055486884820196286,0.0,0.04501167988714553,-0.08067506556990217
2,7,30,0.0,0.17492048787861453,0.0,0.17302493838908986,0.05585040027595718,0.17302493838908986,0.05585040027595718,0.11270011934843285,-0.17939490664331434
2,7,31,0.2759472942160561,0.06766306882783844,0.07217848148078278,0.11796536776685614,0.4350167306026489,0.11796536776685614,0.07217848148078278,0.5946890071192179,0.17497308217434818
2,7,32,0.0,0.0,0.0,0.0,0.16565878946954188,0.2246462977200472,0.0,0.16565878946954188,-0.05898750825050533
2,7,33,0.0,0.0,0.0,0.0,0.6252267576894847,0.0,0.0,0.3805078926274112,0.6252267576894847
2,7,34,2.730982419492692,0.0,2.730982419492692,2.730982419492692,0.0,2.730982419492692,0.0,0.0,-2.730982419492692
2,7,35,0.0,0.2546683107220444,0.0,0.2546683107220444,0.4248601443525269,0.4248601443525269,0.0,0.0,0.4248601443525269
2,7,36,0.0,0.3240709113967366,0.0,0.1614292922805002,0.3029124465809214,0.0,0.3029124465809214,0.0,0.14148315430042122
2,7,37,0.0,0.0,0.0,0.21927189072408176,0.0,0.21927189072408176,0.21927189072408176,0.0,-0.21927189072408176
2,7,39,0.023330418256414638,0.018728428867930257,0.023330418256414638,0.023330418256414638,0.018728428867930257,0.04449843383022038,0.04205884712434489,0.06813592904308967,0.019035505824384905
2,7,40,0.0,0.0,0.0,0.07011894640212038,0.0,0.0,0.0,0.19107567390237776,0.26119462030449814
2,7,41,0.0,0.34846516976301006,0.250306683975242,0.09815848578776805,0.5731308280972264,0.0,0.250306683975242,0.5731308280972264,0.5731308280972264
2,7,42,0.017787313255567757,0.0,0.0,0.024708310791131352,0.008993822916647898,0.0244865098377157,0.020276598837716358,0.008993822916647898,-0.04456277609770402
2,7,43,0.0,0.1829126019089283,0.0,0.0,0.6886672863734802,0.10496669689622569,0.13773226505812056,0.6886672863734802,0.5837005894772545
2,7,44,0.0,0.0,0.0,0.0,0.3388307245673845,0.0,0.0,0.3388307245673845,0.3388307245673845
2,7,45,0.01159619766145455,0.1553830343394593,0.00789182040035706,0.0037043772610974887,0.15820121443565302,0.0037043772610974887,0.017287301372966465,0.27001596241131504,0.26321894117633443
2,7,46,0.0,0.49148352242842325,0.0,0.0,0.6326436173539303,0.0,0.49148352242842325,0.6326436173539303,0.6326436173539303
2,7,47,1.6297049203901386,0.0,0.0,2.04296097728025,0.0,1.577598479550011,0.0,0.5423836147180594,-1.552683803402318
2,7,49,0.0,0.0,0.0,0.25376990963733176,0.0,0.25376990963733176,0.0,1.0347535118180657,0.7809836021807339
2,7,51,0.22992294025906912,0.34855610437496104,0.09287800855651802,1.2002020552138326,0.4637986413791746,1.1561179824361316,0.0,0.6744347105169229,-0.812074176061453
2,7,52,0.04496081179216334,0.0,0.0,0.0,0.03384409835964845,0.0,0.0,0.0,-0.011116713432514885
2,8,1,0.0,1.1500073385982699,0.0,0.0,1.1500073385982699,0.0,0.0,1.1500073385982699,1.1500073385982699
2,8,3,0.0,0.21466224294229672,0.0,0.0,0.0,0.0,0.21466224294229672,0.21466224294229672,0.21466224294229672
2,8,4,0.0,0.385547494875264,0.0,0.0,0.07299234990779623,0.0,0.07299234990779623,0.385547494875264,0.385547494875264
2,8,5,0.0,0.05969628882602202,0.0,0.0,0.019612483718214044,0.019612483718214044,0.019612483718214044,0.10205755378799146,0.10205755378799146
2,8,6,0.306493972854644,0.11243550188303722,0.09906987579361923,0.09906987579361923,0.11243550188303722,0.09906987579361923,0.0,0.23611706808532568,-0.07037690476931832
2,8,7,0.0,0.6664034367726774,0.0,0.0,0.20911957834672062,0.0,0.0,0.20911957834672062,-0.24816428007923613
2,8,9,0.18294102167681775,0.20516442882320446,0.17856903288864312,0.24884158521397706,0.20516442882320446,0.17856903288864312,0.0,0.20516442882320446,-0.1563456257422564
2,8,10,0.0,1.843855034959167,0.0,0.0,1.843855034959167,0.0,1.843855034959167,0.0,1.843855034959167
2,8,12,0.0,0.273046401349124,0.0,0.0,0.273046401349124,0.0,0.273046401349124,0.273046401349124,0.273046401349124
2,8,13,0.11181129291148927,0.1997568845784662,0.0,0.11181129291148927,0.30843373331499774,0.0,0.11181129291148927,0.08794559166697692,0.30843373331499774
2,8,15,0.0,0.47355543132859595,0.0,0.04093063058666641,0.11669233766307385,0.09015760783616367,0.08850110016042056,0.5165471657211559,-0.01188047462621635
2,8,16,0.0,1.0952450843793047,0.0,0.0,1.0952450843793047,0.0,0.0,1.0952450843793047,1.0952450843793047
2,8,17,0.7562795493316967,0.11375483917677268,0.0,0.0,0.11375483917677268,0.7993622576770494,0.11375483917677268,0.11375483917677268,-0.8639500873397816
2,8,19,0.0,0.7835897072675633,0.0,0.0,0.5978006348409545,0.0,0.5978006348409545,0.6977510749562162,0.4120115624143457
2,8,20,0.0,0.30177738134789994,0.0,0.0,0.0,0.0,0.0,0.30177738134789994,0.30177738134789994
2,8,21,0.0,0.045728385842595684,0.0,0.0,0.0,0.15304223612045129,0.0,0.0,-0.19877062196304696
2,8,22,0.6211122867023008,0.0,0.6211122867023008,0.1327420349071867,0.27294697256817085,0.1327420349071867,0.0,0.27294697256817085,-0.34816531413412993
2,8,23,0.07154235760791965,0.12883301259644556,0.159150133667874,0.2003753702043652,0.12883301259644556,0.07154235760791965,0.0,0.2360870553615506,0.07693692169367661
2,8,24,0.3424060427195612,0.5125954833764502,0.0,0.1849398017575014,0.42230895711644223,0.0,0.4798030617946195,0.42230895711644223,0.2648427161543824
2,8,25,0.06522302938686589,0.15418256328368315,0.073898190210175,0.05526211762151455,0.0027534090892348644,0.0927060044979236,0.0027534090892348644,0.07201143372411264,-0.08153900243200518
2,8,26,1.13311775442679,0.0,0.0,0.0,0.0,1.13311775442679,0.0,0.0,-1.13311775442679
2,8,27,0.04085599083988085,0.08340649164663086,0.0,0.05719417358389464,0.07850020532888691,0.035949704522136895,0.0,0.08340649164663086,0.06216202258487311
2,8,28,0.18115383587333714,0.2686378816609949,0.28322298796329115,0.45823693706493884,0.24293760821157548,0.3179644035996897,0.09818646851637614,0.28728563313872013,-0.1859328689638561
2,8,29,0.0,0.0,0.0,0.0,0.1786562002264391,0.0,0.0,0.1786562002264391,0.1786562002264391
2,8,30,0.3793770577988936,0.3793770577988936,0.0,0.0,1.6935696296156555,0.0,0.0,2.0729466874145492,2.0729466874145492
2,8,31,0.0,0.0,0.0,0.5856228683938426,0.0,0.5856228683938426,0.0,0.0,-0.5856228683938426
2,8,32,0.06343536198378984,1.3135181269593799,0.06343536198378984,0.31364468173053783,0.3048037333727105,0.24457032022999947,0.04713770817981938,0.3048037333727105,-0.9484809804439583
2,8,33,0.0,0.11987402986059104,0.0,0.0,0.11987402986059104,0.0,0.11987402986059104,0.11987402986059104,0.11987402986059104
2,8,34,0.780462082995487,0.0,0.780462082995487,0.780462082995487,0.0,0.780462082995487,0.0,0.0,-0.780462082995487
2,8,37,0.0,0.03485698740627115,0.06607018638393594,0.08047463245216731,0.03485698740627115,0.14654481883610326,0.03485698740627115,0.03485698740627115,-0.031213198977664794
2,8,38,0.0,0.5897802269141078,0.0,0.0,0.5897802269141078,0.0,0.5897802269141078,0.5897802269141078,0.5897802269141078
2,8,39,0.14554921913336402,0.1526212336421839,0.16216060118466782,0.11936158280039179,0.2518627242927284,0.03696352763984459,0.1733039316743244,0.20376332149444065,0.07608616877794154
2,8,41,0.0,0.10481329838354893,0.0,0.10481329838354893,0.10481329838354893,0.0,0.0,0.10481329838354893,0.10481329838354893
2,8,42,0.5723388608633571,0.6726968420159087,0.5723388608633571,0.6840254302369158,0.5950346399195083,0.6840254302369158,0.11168656937355863,0.23000316374542545,-0.173283017412116
2,8,43,0.0,0.6636198632053092,0.0,0.0,0.7033620828136792,0.0,0.606169869801084,0.655199137561882,0.7262808462929973
2,8,44,0.0,0.31346215160953267,0.0,0.10564307032908538,0.31346215160953267,0.18410546104739908,0.20781908128044727,0.2535432043931942,0.12935669056213359
2,8,45,1.1785494681458952,0.10087143935866694,1.1785494681458952,0.0,0.0,0.3853138487401069,0.0,0.0,-1.3433121740230611
2,8,46,0.0,0.0325386182639853,0.033561922097574436,0.04373672097591943,0.0325386182639853,0.0,0.06712384419514887,0.06610054036155974,-0.078321946907083
2,8,47,0.0,0.0,0.0,0.0,0.0,0.0,0.0,0.17234316601958233,0.17234316601958233
2,8,49,0.0,0.0,0.0,0.0,0.05092631894456372,0.05092631894456372,0.0,0.07043593536754038,0.07043593536754038
2,8,50,0.0,1.2243793406942194,0.0,0.0,0.0,0.0,0.0,1.2243793406942194,0.0
2,8,52,0.31886172716810585,0.0,0.0,0.0,0.0,0.0,0.0,0.0,0.0
2,9,1,0.0,0.016942423574327087,0.0,0.6539186171318898,0.04160028771742079,0.6369761935575627,0.0,0.0821960141618644,-0.5301223152526047
2,9,4,0.3841937807364472,0.022085659302247814,0.08963255026375175,0.15211356160368172,0.022085659302247814,0.3428205768603702,0.0,0.022085659302247814,-0.5219880751039964
2,9,5,0.0,0.17841711154592163,0.0,0.13225404276510505,0.17841711154592163,0.13225404276510505,0.0,0.17841711154592163,0.04616306878081657
2,9,6,0.0,0.035953398864124346,0.0,0.035953398864124346,0.035953398864124346,0.052398279864447866,0.0,0.035953398864124346,-0.01644488100032352
2,9,7,0.049915232163294,0.09471097969020593,0.023054338566451917,0.2289234371560105,0.17461546942162764,0.2289234371560105,0.061430046694643387,0.21633400367127434,0.0070485001313561795
2,9,8,0.0,0.0,0.0,1.2316870033568403,0.0,0.0,0.0,0.0,-1.2316870033568403
2,9,9,0.0,0.6336955654694479,0.0,0.0,0.3276556816189488,0.0,0.3276556816189488,0.3276556816189488,0.3276556816189488
2,9,10,0.0,0.0,0.2962072018033345,0.16606903288864314,0.0,0.0,0.0,0.0,-0.13013816891469135
2,9,11,0.0,0.7477246585127555,0.0,0.7477246585127555,0.2208783859593892,0.0,0.0,0.9686030444721447,0.9686030444721447
2,9,12,0.0,0.20235852380869984,0.0,0.20235852380869984,0.09554071544973476,0.0,0.0,0.20235852380869984,0.20235852380869984
2,9,15,0.14972155784728872,0.0,0.0,0.25270541465319185,0.0,0.0,0.0,0.10298385680590312,-0.14972155784728872
2,9,16,0.0,1.2644230950845214,0.0,0.0,1.3201441851866953,0.0,0.6169053207382879,0.520723126361366,1.3201441851866953
2,9,17,0.0,0.046595645117214333,0.0,0.0,0.08154126011018857,0.0,0.01959809547686867,0.062388332688762704,0.09528514823760027
2,9,18,0.0,0.0,0.0,0.0,0.41641365002587116,0.0,0.0,0.0,0.41641365002587116
2,9,19,0.0,0.8613097289119955,0.0,0.9315896280134969,1.7928993569254925,0.0,0.9315896280134969,0.8613097289119955,1.7928993569254925
2,9,20,0.07163816861204839,0.24951780763392728,0.07163816861204839,0.3420089000791073,0.295953201346092,0.21262145174389938,0.12938744833520788,0.03136890998344601,-0.030989215004296595
2,9,21,0.0,0.3549532986561134,1.1819711641412074,0.2719682657412634,0.4500876091961586,0.018664284798447492,0.07955501348119613,0.08438389218977688,-0.704530488844192
2,9,22,0.015201614110931613,0.04585694551025382,0.015201614110931613,0.07582442585762754,0.2886705696869281,0.09561171071210449,0.07431372985576512,0.1694120887898125,0.30141238814345067
2,9,24,0.09469343575753993,0.09371512583633047,0.0,0.09469343575753993,0.0516403947830175,0.0,0.0516403947830175,0.0781524373877687,0.03509939641324627
2,9,25,0.757894505842757,0.0,0.14650773662396172,0.6113867692187953,0.0,0.3332616543108777,0.3332616543108777,0.13677940720533543,-0.6211150986374215
2,9,26,0.0,0.32636794706476435,0.0,0.0,0.23611455395437816,0.2764183429078997,0.0755760217652825,0.23611455395437816,-0.1305571820639077
2,9,27,0.16739895532810786,0.43755742240826434,0.0,0.22946951022266748,0.5119975058359473,0.1268849548186659,0.43755742240826434,0.5119975058359473,0.2825279956132798
2,9,28,0.0,0.521473537391547,0.0,0.0,0.521473537391547,1.4870485131812607,0.0,0.0,-0.9655749757897137
2,9,29,0.0,0.0,0.0,0.0,0.0,0.0,0.0,0.7570873606948592,0.7570873606948592
2,9,30,0.0,0.15856370781100992,0.0,0.15856370781100992,0.15856370781100992,0.0,0.0,0.15856370781100992,0.15856370781100992
2,9,32,0.0,0.27205910580883946,0.0,0.20778556084657743,0.1573211926386721,0.20778556084657743,0.06427354496226205,0.05846780804807361,-0.05046436820790531
2,9,33,0.0,1.062177509415186,0.0,0.0,0.0,0.0,0.0,0.0,-1.062177509415186
2,9,34,0.26906451084793354,0.0,0.26906451084793354,0.1228082890492258,0.0,0.26906451084793354,0.0,0.0,-0.26906451084793354
2,9,35,0.04435334917226113,0.007584622259697888,0.06639890878814299,0.3769287847926419,0.33775243188028914,0.043450629263740825,0.3395195679120558,0.007584622259697888,0.27135352309214616
2,9,36,0.0,0.030518664071748112,0.0,0.02626794375571423,0.22492264802006517,0.023596323295556977,0.0,0.0386179168022615,0.20697134080133853
2,9,38,0.0,0.0,0.0,0.0,0.052154527827585936,0.0,0.0,0.09682216424167397,0.09682216424167397
2,9,40,0.0,0.0,0.0,0.2928114341969213,0.0,0.2928114341969213,0.0,0.3693730227352963,-0.6621844569322176
2,9,41,0.0,0.819139204047372,0.0,0.0,0.819139204047372,0.0,0.819139204047372,0.819139204047372,0.819139204047372
2,9,42,0.16233548444422102,0.0,0.1056889718577461,0.16233548444422102,0.0,0.16233548444422102,0.0,0.0,-0.26802445630196714
2,9,43,0.19784141886354345,0.0,0.19784141886354345,0.0,0.09308371178059595,0.0898585190880189,0.0,0.09308371178059595,-0.19461622617096638
2,9,45,1.5551440243618622,0.038275860659727844,0.09277686876860976,1.5582602020044527,0.038275860659727844,0.17073340871501352,0.0,0.12924320235801934,-0.09414763522810299
2,9,46,0.0,1.638278408094744,0.0,0.0,1.7105290773039656,0.5632815085428146,1.638278408094744,1.7105290773039656,1.1472475687611512
2,9,48,0.2091524171407647,0.40760692242105634,0.0,0.21848455729742178,0.48608756669957276,0.20179673031954531,0.5162255356779349,0.606870734830824,0.4026247635104092
2,9,49,0.0,0.0,0.0,0.0,0.0,0.2841479931230487,0.0,0.0,-0.2841479931230487
2,9,50,0.28230421357546515,0.293373662278808,0.28230421357546515,0.36160731033713134,0.011069448703342866,0.36160731033713134,0.011069448703342866,0.2035453993187636,-0.15806191101836775
2,9,51,0.0,0.9654140619129741,0.0,0.0,0.9654140619129741,0.0,0.9654140619129741,0.9654140619129741,0.9654140619129741
2,10,1,1.4031624965247464,0.6058223686325802,0.09049031824679797,0.5153320503857822,1.4942416824812181,0.0,0.09049031824679797,0.6058223686325802,0.18156950420326975
2,10,2,0.14518668838708473,0.18299311318927114,0.14518668838708473,0.11015174171713041,0.26849771034041836,0.0,0.18299311318927114,0.18299311318927114,0.15834596862328795
2,10,3,0.0,0.0,0.0,0.0,0.029456873767583852,0.0,0.029456873767583852,0.033543767365850005,0.06300064113343386
2,10,4,0.0,0.0,0.0,0.917708678057086,0.0,0.917708678057086,0.0,0.0,-0.917708678057086
2,10,5,0.15827313509083474,0.2865107310823329,0.15827313509083474,0.15827313509083474,0.0,0.15827313509083474,0.15827313509083474,0.13252997058999624,0.12823759599149812
2,10,6,0.0,0.38804328531876714,0.0,0.0,0.5064991938319189,0.0,0.38804328531876714,0.0,0.5064991938319189
2,10,7,0.027777599967474115,0.08484176223189994,0.0,0.0,0.11887974483521416,0.034939365323436666,0.08484176223189994,0.07936856551466058,0.08394037951177749
2,10,8,0.36302199384823863,0.0,0.14159661666338114,0.02611619311426574,0.22142537718485747,0.24754157029912321,0.0,0.2159989036175972,-0.5344416775096088
2,10,11,0.826138062878478,0.0,0.826138062878478,1.5874477917904735,0.0,0.7613097289119954,0.0,0.0,-0.7613097289119954
2,10,12,0.19271987262633944,0.12095202332957972,0.19271987262633944,0.059009861634177006,0.12095202332957972,0.05183781829267858,0.12095202332957972,0.12095202332957972,0.06911420503690113
2,10,13,0.0,0.0,0.1564572213766686,0.0,0.136519147352154,0.0,0.0,0.136519147352154,-0.019938074024514585
2,10,14,0.0,0.0,0.0,0.0,0.0,0.0,0.0,0.2295461658561071,0.2295461658561071
2,10,15,0.0,0.0,0.0,0.0,0.6326439348138785,0.0,0.0,0.0,0.6326439348138785
2,10,16,0.0,0.6215001875231986,0.0,0.0,0.7351142552517979,0.0,0.2866987214165802,0.6215001875231986,0.7351142552517979
2,10,17,0.614041445246129,0.614041445246129,0.614041445246129,0.0,0.614041445246129,0.0,0.614041445246129,1.013343182556231,1.013343182556231
2,10,18,0.0,0.0,0.0,0.0,0.1674392234635239,0.0,0.0,0.0,0.1674392234635239
2,10,19,0.0,1.5381918663657834,0.0,0.0,1.5381918663657834,0.0,1.5381918663657834,1.5381918663657834,1.5381918663657834
2,10,22,0.05297621236341287,0.5425572616041328,0.0,0.09138605462819167,0.5425572616041328,0.0,0.46551974990294315,0.4122169178569998,0.48958104924071993
2,10,24,0.3717950875515235,0.5660080058503659,0.2015961925455602,0.3373418060001719,0.5563696306689656,0.3373418060001719,0.23173958544541312,0.27312972277993186,0.1845745431174421
2,10,25,0.0,0.18406940359721702,0.0,0.0,0.0,0.18541674327194504,0.0,0.18406940359721702,-0.0013473396747280264
2,10,26,0.1751713205425229,0.2576958542581479,0.0,0.1751713205425229,0.2576958542581479,0.1751713205425229,0.20401475482078274,0.029618058227774486,0.08252453371562497
2,10,27,2.1097114073850487,0.0,0.0,2.1097114073850487,0.0,2.1097114073850487,0.0,0.0,-2.1097114073850487
2,10,28,0.2817544205642236,0.39878648454013627,0.0,0.0,0.39878648454013627,0.0,0.39878648454013627,0.39878648454013627,0.11703206397591265
2,10,29,1.0924218664264151,0.04101474899580931,0.7217526471819714,0.0,0.11956506381816588,0.0,0.04101474899580931,0.04101474899580931,-0.9728568026082494
2,10,31,0.0,0.4484752238389266,0.0,0.0,0.4484752238389266,0.0,0.4484752238389266,0.23447898378057502,0.4484752238389266
2,10,32,0.0,0.0,0.0,0.0,0.0,0.0,0.0,0.45045276585362076,0.45045276585362076
2,10,33,0.9725761070776997,0.0,0.0,0.9725761070776997,0.0,0.0,0.0,0.0,-0.9725761070776997
2,10,34,0.0,2.9959473608169214,0.0,0.0,2.9959473608169214,0.0,2.9959473608169214,0.0,2.9959473608169214
2,10,35,0.3708334865438901,0.0,0.0,0.3708334865438901,0.0,0.0,0.0,0.0,-0.3708334865438901
2,10,36,1.8341925920278406,0.332883040090769,1.4435052943639428,0.3906872976638979,0.332883040090769,0.3906872976638979,0.332883040090769,0.0,-1.5013095519370718
2,10,38,0.20762985724816707,0.5796151927854518,0.0,0.0,0.5796151927854518,0.1440955291867155,0.5399623963347171,0.17001756101256943,0.40522348934451874
2,10,39,0.0,0.27686145411133745,0.0,0.0,0.27686145411133745,0.0,0.14568670191446065,0.13117475219687677,0.27686145411133745
2,10,40,0.0,0.0,0.0,0.0,0.0,0.0,0.0,0.8159108901066239,0.8159108901066239
2,10,41,0.0,0.38946821847266655,0.0,0.0,0.5359497551499849,0.0,0.38946821847266655,0.353464839041502,0.6610191371094313
2,10,42,0.0,0.42799248011670304,0.0,0.0,0.42799248011670304,0.0,0.42799248011670304,0.0,0.42799248011670304
2,10,43,0.12962879984821254,0.12962879984821254,0.0,0.0,0.2884727186636789,0.0,0.12962879984821254,0.2884727186636789,0.2884727186636789
2,10,44,0.061918672371012014,0.3607090554125156,0.061918672371012014,0.061918672371012014,0.3607090554125156,0.061918672371012014,0.3607090554125156,0.3973357257426724,-0.06441454253252833
2,10,45,0.0,0.14298372937546303,0.0,0.0,0.41661278337223207,0.0,0.14298372937546303,0.14298372937546303,0.41661278337223207
2,10,47,1.535690328886431,1.8786532227058985,0.0,1.535690328886431,0.0,0.15780468089777064,0.0,0.0,1.0349227541691928
2,10,48,0.0,0.0,0.0,0.0,0.0,0.44456483391342644,0.44456483391342644,0.0,-0.44456483391342644
2,10,49,0.3110442106901525,0.0,0.0,0.3110442106901525,0.7917169478140766,0.3110442106901525,0.3110442106901525,0.2409582392284246,0.4806727371239241
2,10,50,0.0,0.5827784849180391,0.0,0.12367969209258775,0.47543368751599857,0.0,0.3517539954234108,0.34688469324503013,0.36808889011395796
2,10,52,0.0,0.2378455617165149,0.0,0.2378455617165149,0.2378455617165149,0.0,0.0,0.2378455617165149,0.2378455617165149
2,10,53,0.16976376580750957,0.0,0.16976376580750957,0.16976376580750957,0.484592353008348,0.16976376580750957,0.0,0.0,0.31482858720083845
2,10,54,0.0,0.0,0.0,0.0,1.168365396969449,1.168365396969449,0.0,0.0,1.168365396969449
2,10,55,0.0,0.0,0.0,0.0,2.665257941545914,0.0,0.0,0.0,2.665257941545914
2,10,60,0.0,0.9829670448568465,0.0,0.0,0.9829670448568465,0.0,0.9829670448568465,0.9829670448568465,0.9829670448568465
2,10,61,0.0602387556091163,0.0,0.0602387556091163,0.0602387556091163,0.05131202009366056,0.0602387556091163,0.0,0.0,-0.008926735515455739
2,10,62,0.0,0.20097616593196077,0.0,0.0,0.07227698859241517,0.0,0.07227698859241517,0.20097616593196077,0.20097616593196077
2,10,63,0.0,0.36406186846549865,0.0,1.1290464197437702,0.36406186846549865,0.0,0.36406186846549865,0.36406186846549865,-0.7649845512782716
2,10,64,0.0625205835159695,0.2379760480251908,0.0625205835159695,0.061979569345684125,0.23405174006407944,0.0,0.0625205835159695,0.2379760480251908,0.2516316621646599
2,10,66,0.0,0.0,0.0,0.0,0.12239647693641392,0.0,0.0,0.3559922879178836,0.3559922879178836
2,10,67,0.0,1.0538776129074143,0.0,0.0,1.7151478267329392,0.0,0.614354403035529,1.0538776129074143,1.7151478267329392
2,10,68,0.0,0.0,0.0,0.0,0.0,0.25454456460008695,0.0,0.0,-0.25454456460008695
2,10,71,0.0,1.2063130209755002,0.0,0.0,0.0,0.0,0.0,1.2063130209755002,0.0
2,10,72,0.0,0.050245496524408934,0.08097186291741125,0.08097186291741125,0.050245496524408934,0.08097186291741125,0.050245496524408934,0.16825542237296942,0.08728355945555817
2,10,73,1.3034098110622658,0.07729980755786735,1.1715528481007003,0.29808064784717603,0.07729980755786735,0.22078084028930867,0.0,0.07729980755786735,-1.2261100035043984
2,10,74,0.0,0.2899303897564763,0.0,0.0,0.2899303897564763,0.0,0.2899303897564763,0.0,0.2899303897564763
2,10,75,0.0,0.49932456013615356,0.0,0.2928114341969213,0.49932456013615356,0.2928114341969213,0.49932456013615356,0.0,0.20651312593923227
2,10,76,0.0,0.0,0.0,0.9516371611399942,0.0,0.9516371611399942,0.0,0.0,-0.9516371611399942
2,10,77,0.0,0.11073677016955567,0.0,0.06090477831295963,0.235799165472453,0.10067891948638767,0.04777288911505481,0.11073677016955567,0.17489438715949332
2,10,79,0.0,0.09570549681406311,0.0,0.0,0.09570549681406311,0.0,0.0,0.2129956393258679,0.2129956393258679
2,10,80,0.6031565104877501,0.6031565104877501,0.6031565104877501,0.6031565104877501,0.0,0.6031565104877501,0.0,0.0,-0.6031565104877501
2,10,81,0.0,0.0,0.0,0.0,1.1467820006293563,0.9346923175755593,0.0,0.0,1.1467820006293563
2,10,82,0.0,0.8266702866830081,0.0,0.0,0.8266702866830081,0.0,0.0,0.8266702866830081,0.8266702866830081
2,10,83,0.0,0.0,0.0,0.0,0.0,2.4126260419510004,0.0,0.0,-2.4126260419510004
2,10,84,0.024942546602720644,0.1066265080034869,0.024942546602720644,0.04638829908457701,0.10386232305403056,0.024942546602720644,0.08518075552163054,0.056557891041131805,0.07891977645130992
2,11,1,0.0,0.5385837912000995,0.10169719389483459,0.0,0.9627631573076935,0.0,0.0614354403035529,0.5385837912000995,0.8610659634128588
2,11,2,0.0,1.228708806071058,0.0,0.0,1.228708806071058,0.0,1.228708806071058,1.228708806071058,1.228708806071058
2,11,3,0.24924155283758517,0.7850418189289033,0.24924155283758517,1.0342833717664883,0.0,0.24924155283758517,0.5290934307811648,0.0,-0.24924155283758517
2,11,4,0.0,0.7458087044448559,0.183147726039634,0.4203177312670487,0.32549097317780723,0.0,0.7458087044448559,0.0,0.14234324713817326
2,11,5,0.0,0.2433543174493886,0.0,0.0,0.2433543174493886,0.0,0.0,0.0,0.2433543174493886
2,11,6,0.0,0.6520742838578271,0.0,0.16734348077386327,0.129486392022946,0.19879076267934764,0.10203944736493893,0.027446944658007084,-0.4245487817174195
2,11,7,0.0,0.165717401708722,0.0,0.0,0.165717401708722,0.0,0.0,0.165717401708722,0.165717401708722
2,11,8,0.0,0.0,0.0,0.0,0.0,0.0,0.0,0.44092529674757996,0.44092529674757996
2,11,9,0.0,0.7037408550708287,0.0,0.0,0.0,0.0,0.0,0.0,-0.7037408550708287
2,11,10,0.0,0.05585040027595718,0.0,0.0,0.05585040027595718,0.0,0.05585040027595718,0.35649493846135516,0.35649493846135516
2,11,12,0.0,0.04015553638679901,0.13690856973477905,0.0,0.04015553638679901,0.07076778128475819,0.0,0.04015553638679901,-0.1675208146327382
2,11,14,0.0,0.0,0.0,0.2592035089084604,0.0,0.2592035089084604,0.0,0.10412706255975969,-0.1550764463487007
2,11,17,0.0,0.32866908056435207,0.0,0.1924790682643345,0.1762930026101953,0.15237607795415678,0.1762930026101953,0.216395992920373,0.06401991496621623
2,11,18,0.2645950027160478,0.09685464681974183,0.3772501931085675,0.2645950027160478,0.9539815327440292,0.2645950027160478,0.8571268859242874,0.09219731373993571,0.6689286533753975
2,11,19,0.0,1.1282496124695731,0.0,0.13375700162962867,1.1282496124695731,0.0,0.0819139204047372,0.2513520776142992,1.1639307680495063
2,11,20,0.0,0.0,0.0,0.0,0.0,0.0,0.8164456381096876,0.8164456381096876,0.0
2,11,21,0.0,0.0,0.0,0.0,0.0,0.0,0.0,0.4838196373983334,0.4838196373983334
2,11,22,0.0402506315091748,0.04744568826763851,0.0,0.0,0.7364647685993909,0.04744568826763851,0.04744568826763851,0.7512244622829667,0.7584195190414303
2,11,23,0.0,0.0,0.0,0.0,0.28463794676189114,0.0,0.17013801672460072,0.28463794676189114,0.28463794676189114
2,11,24,0.0,0.0,1.4390792063044457,0.0,0.0,0.0,0.0,0.0,-1.4390792063044457
2,11,25,1.0300814769608946,0.10392814964226292,0.0,1.0300814769608946,0.0,1.0300814769608946,1.0300814769608946,0.0,-1.1340096266031576
2,11,26,0.0,0.0,0.0,0.0,0.8873744577890009,0.0,0.0,0.8873744577890009,0.8873744577890009
2,11,27,0.21974720755964508,0.0,0.10770651972995537,0.24940727983542507,0.03679781903060997,0.10770651972995537,0.1417007601054697,0.16236238793795804,-0.1990855797271567
2,11,28,0.0,0.2779010337815697,0.0,0.07320285854923032,0.2779010337815697,0.07320285854923032,0.0,0.481669846516843,0.4084669879676127
2,11,29,0.0,0.14893440073588582,0.0,0.2592035089084604,0.39330966045198795,0.2592035089084604,0.14893440073588582,0.39330966045198795,0.13410615154352754
2,11,30,0.0,0.0,0.0,0.0,0.6353756752618654,0.0,0.0,0.6353756752618654,0.6353756752618654
2,11,31,0.0,0.0,0.0,0.0,0.0,0.0,0.0,0.11659194499358487,0.11659194499358487
2,11,32,0.0,0.4711794704691982,0.0,0.38663364569479963,0.4711794704691982,0.0,0.38663364569479963,0.5597007839556067,0.5597007839556067
2,11,35,0.1907796202877857,0.01660205760958304,0.1907796202877857,0.35023690420828324,0.05151694664285396,0.2059507404797288,0.01660205760958304,0.05151694664285396,-0.31389107775737235
2,11,36,0.0,0.1727720063286845,0.0,0.0,0.1727720063286845,0.0,0.1727720063286845,0.1727720063286845,0.1727720063286845
2,11,37,0.0,0.7495261239334351,0.0,0.18301059506595027,0.8097656837405413,0.151238734478917,0.0,1.0926318503959511,0.8695887694303973
2,11,38,0.0,0.8311422433863097,0.0,0.8311422433863097,0.0,0.8311422433863097,0.0,0.0,-0.8311422433863097
2,11,39,0.0,1.9638370484270444,0.0,1.9638370484270444,1.9638370484270444,0.0,0.0,0.0,1.9638370484270444
2,11,40,0.0,0.5928172063737225,0.0,0.14787136952595187,0.8864592149924443,0.12959755235071727,0.7406885758996743,0.5592501422107755,0.9070464216016487
2,11,41,0.04472833241158381,0.18899685273227815,0.04472833241158381,0.07185107190557234,0.22013279861961146,0.04472833241158381,0.1618741132382896,0.5819485649618671,0.6990943457885729
2,11,42,0.26339687805862716,0.0,2.5885542589290416,0.26339687805862716,0.0,0.8347061296571018,0.0,0.0,-3.324976103118638
2,11,43,0.09538981014389286,0.0,0.09538981014389286,0.09538981014389286,0.0,0.09538981014389286,0.0,0.12753519676704272,0.03214538662314986
2,11,44,0.0,0.16608621080574468,0.0,0.38853822544160305,0.25059806392850664,0.23015340641920692,0.10239240050592151,0.3094861901684632,-0.015358224973316736
2,11,46,0.07776105267253812,0.6473848529999348,0.05163362892990488,0.18653976977154985,0.6659397779747412,0.1790427836609564,0.7160910324023556,0.2494599993410869,0.42341777453256474
2,11,47,0.0,0.0994514217204164,0.0,0.0,0.06393292258003531,0.0,0.037092372861352745,0.08651292977204508,0.07940885407131822
2,11,48,0.0,0.28710324297066514,0.0,0.3110442106901525,0.28710324297066514,0.3110442106901525,0.28710324297066514,0.28710324297066514,-0.023940967719487338
2,11,50,0.8364662598039887,0.0,0.8364662598039887,0.8364662598039887,0.0,0.8364662598039887,0.0,0.0,-0.8364662598039887
2,11,51,0.0,0.0,0.0,0.0,1.8027623059572744,0.0,0.0,0.0,1.8027623059572744
2,11,52,0.0,0.1032045287932321,0.0,0.046594409565342366,1.3452018430252757,0.015105351764126891,0.0,0.09606775271706695,1.3215212371046263
2,12,1,0.0,0.11170080055191436,0.2593421252994388,0.0,0.11170080055191436,0.0,0.11170080055191436,0.3710429258513531,0.11170080055191436
2,12,2,0.47908820653979445,1.136814803050873,0.0,1.2093803462137325,0.6691381296606898,0.5212669834969798,0.05585040027595718,0.7861425399498952,-0.31980552722647304
2,12,3,0.03326512235379277,0.024109620277886774,0.021233489208483225,0.0,0.03502945157905162,0.012031633145309546,0.005087821143151379,0.03786274929557979,0.015517458242951867
2,12,4,0.3450728170527964,0.37856407568300854,0.3048140821195925,0.46537539215319407,0.45166727104360804,0.45055115632308135,0.21217610244308122,0.45166727104360804,-0.4094459219529002
2,12,5,0.0,0.1826499222202663,0.0,0.05603784032952116,0.03627065303566542,0.08251345479508346,0.05189029333492915,0.6019470142933914,0.2266750211291062
2,12,7,0.08691143315532979,0.07692601848534726,0.24212876677323275,0.113698833147669,0.2221651667186538,0.062165628109090765,0.025392813446769042,0.18457967474588663,0.021426540418143663
2,12,10,0.0,2.061328201543129,0.0,2.061328201543129,2.061328201543129,0.0,0.0,2.061328201543129,2.061328201543129
2,12,11,0.5944755627983497,0.0,0.0,0.5944755627983497,0.18196464837878057,0.5944755627983497,0.0,1.1066636571662876,0.512188094367938
2,12,13,0.0,0.22903646683812542,0.0,0.22903646683812542,0.6550038640860519,0.0,0.0,0.6550038640860519,0.6550038640860519
2,12,14,0.0,0.18285129354498814,0.0,0.18285129354498814,0.0,0.18285129354498814,0.0,0.0,-0.18285129354498814
2,12,15,0.0,0.0,0.0,0.0,0.4860679304742938,0.0,0.0,0.0,0.4860679304742938
2,12,16,0.0,0.09094095006807922,0.38510793894865236,0.09094095006807922,0.18132947483691658,0.18711013766131868,0.0,0.18132947483691658,-0.39088860177305446
2,12,17,0.0,0.030254161332618688,0.26297456199068336,0.22237163948051927,0.2329175115044492,0.2641421734895586,0.0,0.27353693566797443,-0.17502806534789828
2,12,18,0.0,0.12320948760405342,0.0,0.08897570725151599,0.2514944409552647,0.19198110169089416,0.07413024471016942,0.23847265440380402,0.17477650606412112
2,12,20,0.0,0.0,0.0,0.0,0.0,3.778801088264125,3.778801088264125,0.0,-3.778801088264125
2,12,22,0.6684505331773838,0.0,0.0,0.0,0.0,0.6684505331773838,0.0,0.0,-0.6684505331773838
2,12,23,0.0,0.0,0.0,0.0,0.6739969750026491,0.0,0.0,0.6739969750026491,0.6739969750026491
2,12,24,0.0,0.5697652937609665,0.0,0.0,0.5697652937609665,0.0,0.0,0.5697652937609665,0.5697652937609665
2,12,25,0.13086070337281197,0.2907583929621948,0.13086070337281197,0.13086070337281197,0.3713545832897828,0.0,0.0,0.2907583929621948,0.3713545832897828
2,12,27,0.05521982665378389,0.4898640717773709,0.08874509704576762,0.3952575829167461,0.5887847812091426,0.2852497969948344,0.5099565999265774,0.8351723830586952,0.8140709080713279
2,12,29,0.27033266895697616,0.0,0.0,0.0,0.0,0.13804956663445972,0.13228310232251644,0.0,-0.13804956663445972
2,12,30,0.0,0.19488921178225946,0.12421195040179958,0.5838009560253036,0.19488921178225946,0.5131236946448436,0.0,0.433155090005459,-0.07996860463938464
2,12,31,0.0,0.34355470025718815,0.0,0.34355470025718815,1.0737180898433913,0.0,0.0,1.0737180898433913,1.0737180898433913
2,12,32,0.2309192750976417,0.0,0.0,2.8277403367877114,0.08657892503691787,3.058659611885353,0.08657892503691787,0.3706358105694215,-2.6014448762790137
2,12,33,1.5551345487803572,0.0,0.0,1.5551345487803572,0.0,1.5551345487803572,0.0,0.29503039646332574,-1.2601041523170315
2,12,34,0.0,0.0,0.0,0.0,0.7098995662312008,0.2906770067895481,0.2906770067895481,0.7098995662312008,0.41922255944165265
2,12,35,0.0,0.5633831723064734,0.0,0.12883301259644556,0.5633831723064734,0.0,0.2654585101612307,0.5633831723064734,0.5633831723064734
2,12,36,0.17639666847736518,0.0,0.0,0.0,0.0,0.17639666847736518,0.0,0.13677940720533543,-0.03961726127202975
2,12,37,0.0,0.0,0.0,0.0,0.0,0.0,0.0,0.2919453603031425,0.2919453603031425
2,12,38,0.0,0.0,0.0,0.0,0.0,0.33988700501058294,0.0,0.0,-0.33988700501058294
2,12,39,0.0,0.0,0.3321380657772863,0.0,0.0,0.0,0.0,0.0,-0.3321380657772863
2,12,40,0.0,0.0,0.0,0.0,0.15819665033843197,0.0,0.11769287457186171,0.15819665033843197,0.04050377576657026
2,12,41,0.08303494527906048,0.050382492481944784,0.03768407978353208,0.15176590914641272,0.0,0.13446920914382132,0.0,0.326824666814,-0.05278594409783189
2,12,42,0.0,0.0,0.0,1.0219632793147269,0.0,1.0219632793147269,0.0,0.0,-1.0219632793147269
2,12,44,0.32354593863602554,0.16006164318529506,0.19511552074887176,0.4352415887263496,0.16006164318529506,0.19511552074887176,0.0,0.16006164318529506,-0.2751799455410545
2,12,45,0.052829807356222815,0.05937786458979546,0.052829807356222815,0.11441415752406484,0.09787607229675192,0.052829807356222815,0.0,0.09787607229675192,-0.016538085227312906
2,12,46,0.11339785830687761,0.09554071544973476,0.0,0.09554071544973476,0.09554071544973476,0.11339785830687761,0.0,0.09554071544973476,-0.01785714285714285
2,12,47,0.09959474260707228,1.2367969209258773,0.09959474260707228,1.4663978872037309,1.3958293588166377,0.09959474260707228,0.0,1.3958293588166377,1.1662283925387844
2,13,1,0.15778115827226766,0.2310258951452981,0.15778115827226766,0.07275276005446338,0.3282394812401569,0.12327256128275113,0.0,0.2310258951452981,0.047185761685138085
2,13,3,1.2372902523119509,0.0,1.2372902523119509,0.0,0.0,0.0,0.0,0.0,-1.2372902523119509
2,13,5,0.4311423823130302,0.22824434710769723,0.5406521023879731,0.06441650629822278,0.31431887646252005,0.0,0.1638278408094744,0.22824434710769723,-0.22633322592545305
2,13,6,0.0,0.0,0.1550104920580276,0.0,0.0,0.0,0.0,0.0,-0.1550104920580276
2,13,7,0.0,0.35267744737361345,0.4657948140067484,0.0,0.0,2.0801250081344778,0.0,0.0,-1.727447560760864
2,13,8,0.0,0.0,2.328974070033742,0.0,0.0,2.328974070033742,0.0,0.0,-2.328974070033742
2,13,9,0.3197288533883113,0.0,0.848070916842723,0.5814121550564063,0.0,1.0707924130186288,0.0,0.0,-1.2380585492769651
2,13,10,0.04233924074039139,0.34326404548727796,0.04233924074039139,0.10675574703861417,0.475580575929907,0.14663615883086048,0.2365082984486638,0.39370461199727863,0.2989328590018037
2,13,11,0.2815936876413235,0.0,0.0,0.2815936876413235,0.0,0.2815936876413235,0.0,0.0,-0.2815936876413235
2,13,13,0.0,0.0,0.0,0.0,0.22076528547868476,0.0,0.0,0.22076528547868476,0.22076528547868476
2,13,15,0.0,0.8834263720899124,0.0,0.8834263720899124,0.8834263720899124,0.0,0.0,0.8834263720899124,0.8834263720899124
2,13,16,0.2541666600387272,0.3510596588774451,0.2541666600387272,0.2541666600387272,0.3510596588774451,0.2541666600387272,0.3510596588774451,0.3510596588774451,0.09689299883871794
2,13,17,0.0,0.05425818413060849,0.052632182373643886,0.0,0.05425818413060849,0.052632182373643886,0.0,0.1111120271235746,0.058479844749930725
2,13,18,0.0634908804388361,0.0,0.273619087397273,0.07661144143935375,0.0,0.0,0.0,0.0,-0.35023052883662675
2,13,19,0.045069495728031636,0.8371400270893918,0.045069495728031636,0.045069495728031636,1.2813414463511321,0.045069495728031636,0.8371400270893918,1.3947322047362718,1.3929463177947292
2,13,22,0.17950092264095358,0.17950092264095358,0.17950092264095358,0.17950092264095358,0.17950092264095358,0.17950092264095358,0.17950092264095358,0.7645229740869812,0.5850220514460276
2,13,23,0.0,0.11701988629248171,0.31052987600449894,0.0,0.11701988629248171,0.7996629838575453,0.11701988629248171,0.11701988629248171,-0.6826430975650636
2,13,24,0.0,1.3728284593106819,0.0,0.0,1.3728284593106819,0.0,0.880923138572394,0.5533407610418407,1.3728284593106819
2,13,25,1.440277740219454,0.0,1.440277740219454,1.440277740219454,2.5713806577728624,1.440277740219454,2.5713806577728624,0.0,1.1311029175534084
2,13,26,0.0,0.0,0.4436141085778556,0.0,0.0,0.4436141085778556,0.0,0.0,-0.4436141085778556
2,13,27,0.0,0.0,0.0,0.0,0.34864145267980134,0.0,0.0,0.34864145267980134,0.34864145267980134
2,13,28,0.0,0.0,0.0,0.0,1.0342544594312757,0.0,0.0,1.4772171712246032,0.9847198075775414
2,13,29,0.2548653280576851,0.0,0.2548653280576851,0.0,0.0,0.0,0.0,0.0,-0.2548653280576851
2,13,30,0.12677130639241158,0.0842966469137428,0.0,0.12677130639241158,0.2035825834650088,0.12677130639241158,0.0,0.15056016270155956,0.07681127707259722
2,13,32,0.5335432639664587,0.0,0.5335432639664587,0.5335432639664587,0.15291580566419252,0.5335432639664587,0.0,0.15291580566419252,-0.3806274583022662
2,13,33,0.0,0.24110802836781256,0.0,0.11383574606776908,0.11383574606776908,0.0,0.12727228230004348,0.11383574606776908,0.11383574606776908
2,13,37,0.0,2.128917333617982,0.0,0.0,2.2294368240425824,0.0,2.066087534676062,0.45642917930325255,2.2294368240425824
2,13,38,0.11418442131966473,0.04173879166921398,0.03387598647321806,0.042847353783862785,0.04173879166921398,0.03387598647321806,0.04173879166921398,0.12215965973424732,-0.02590074805863547
2,13,39,0.04675237559587022,0.0,0.29187670139392835,0.0,0.039827093977429256,0.04234498309152258,0.0,0.039827093977429256,-0.25204960741649907
2,13,40,0.0,0.912866407588155,0.0,0.011264088533022564,0.9341789032718893,0.0,0.9016023190551322,0.9341789032718893,0.9341789032718893
2,13,41,0.0,1.0808646596333629,0.0,1.0808646596333629,1.0808646596333629,0.0,0.0,1.0808646596333629,1.0808646596333629
2,13,42,0.0,0.0,0.0,0.0,0.6116632226567701,0.0,0.0,0.6116632226567701,0.6116632226567701
2,13,44,0.05217348958651748,0.0,0.11522114927657477,0.05217348958651748,0.0,0.05217348958651748,0.05217348958651748,0.0,-0.11522114927657477
2,13,45,0.0,0.0,1.0963594536204089,0.0,0.0,0.0,0.0,0.0,-1.0963594536204089
2,13,46,0.4826158306441403,0.31932565985507305,0.30250561260549846,0.26134228021929395,0.48202500443898033,0.23189473448296352,0.26126260419510006,0.5430653318690288,0.18877520281920884
2,13,47,0.10051076182472903,0.04481148264224193,0.10051076182472903,0.04481148264224193,0.04481148264224193,0.0,0.0,0.04481148264224193,-0.05569927918248709
2,13,48,1.183198859662508,0.0,0.0,1.183198859662508,0.0,0.0,0.0,0.0,0.0
2,13,50,0.10398591721342937,0.053422122003089476,0.0,0.10398591721342937,0.053422122003089476,0.10398591721342937,0.053422122003089476,0.053422122003089476,-0.05056379521033989
2,13,51,0.12345237773309606,0.7508665757610498,0.12345237773309606,0.3494533869257963,0.5248655665683495,0.12345237773309606,0.0,0.34100149325674084,0.17541217964255318
2,13,52,0.17593849531248892,0.37450551196854215,0.0,0.05498077978515279,0.37450551196854215,0.07355655857565613,0.12487431592668055,0.29120564881726285,0.08343600530499577
2,14,2,0.0,0.22094063290722757,0.0,0.0,0.22094063290722757,0.0,0.0,0.0,0.22094063290722757
2,14,4,0.0,0.0,0.0,0.0,0.22184361444725023,0.0,0.0,0.22184361444725023,0.22184361444725023
2,14,5,0.0,0.9021742510378459,0.0,0.0,1.7782520116373894,0.0,0.8760777605995435,0.0,1.7782520116373894
2,14,6,0.0,0.25776407172509885,0.0,0.0,0.25776407172509885,0.0,0.0,0.0,0.25776407172509885
2,14,7,0.39758991176998876,0.27550444232162974,0.5929831445449164,0.27550444232162974,0.27550444232162974,0.0,0.0,0.27550444232162974,-0.3174787022232866
2,14,9,0.5397776467209157,0.0,0.5397776467209157,0.0,0.0,0.0,0.0,0.0,-0.5397776467209157
2,14,10,0.0,0.0,0.0,3.3543767365850004,0.0,3.3543767365850004,0.0,0.0,-3.3543767365850004
2,14,11,0.08629483976105075,0.0,0.0,0.08629483976105075,0.0,0.06094840464942137,0.06094840464942137,0.0,-0.14724324441047212
2,14,12,0.0,0.7021193177548902,0.0,0.0,0.7021193177548902,0.0,0.7021193177548902,0.7021193177548902,0.7021193177548902
2,14,13,1.1362921046708756,0.0,1.1362921046708756,1.1362921046708756,0.0,0.0,0.0,0.0,-1.1362921046708756
2,14,14,0.0,0.45399282192958024,0.0,0.0,0.45399282192958024,0.0,0.45399282192958024,0.0,0.45399282192958024
2,14,15,0.0,0.0,1.8979318044416356,0.0,0.0,0.0,0.0,0.0,-1.8979318044416356
2,14,16,0.0,0.0,0.8135775511586767,1.162255761836902,0.0,0.0,0.0,0.0,-1.9758333129955787
2,14,17,0.7325553776926712,0.0,0.0,0.7325553776926712,0.0,0.0,0.0,1.7856903288864312,1.05313495119376
2,14,18,0.0991365268704013,0.030804343980935265,0.05034694792628736,0.05034694792628736,0.049447934973076944,0.02858345366439925,0.04198352814352354,0.0,-0.02634865474594249
2,14,19,0.0,0.0,0.1813473796562513,0.0,0.0,0.04608294010078201,0.04608294010078201,0.0,-0.22743031975703332
2,14,21,0.0,0.0,0.0,0.0,0.0,0.0,0.0,0.23307934440511313,0.23307934440511313
2,14,22,0.0,0.356279056689014,0.0,0.27672756234211954,0.2927674096854089,0.0,0.27672756234211954,0.2927674096854089,-0.04747179966031571
2,14,23,0.0,0.0,0.3594340763520755,0.0,0.0,0.0,0.0,0.0,-0.3594340763520755
2,14,24,0.8100439591221429,0.0,0.0,0.0,0.0,0.0,0.0,0.0,-0.8100439591221429
2,14,25,0.6684505331773838,0.0,0.0,0.6684505331773838,0.0,0.0,0.0,0.0,-0.6684505331773838
2,14,26,0.0,0.29447545736330416,0.0,0.29447545736330416,0.29447545736330416,0.0,0.0,0.29447545736330416,0.29447545736330416
2,14,27,1.428552263109145,0.0,0.0,1.428552263109145,0.0,0.0,1.428552263109145,0.0,-1.428552263109145
2,14,28,0.0,0.38806599729073427,0.0,0.38806599729073427,1.0820797976034875,0.0,0.0,0.0,1.0820797976034875
2,14,30,0.053179485792718306,0.07600047870886484,0.053179485792718306,0.08809309556427398,0.049822649046715003,0.08809309556427398,0.030245139841749126,0.07600047870886484,-0.038270446517558974
2,14,31,0.5127753493728484,0.0,0.5127753493728484,0.5127753493728484,0.0,0.5127753493728484,0.0,0.0,-0.5127753493728484
2,14,32,0.13846907924113477,0.0,0.13846907924113477,0.13846907924113477,0.0,0.13846907924113477,0.0,0.0,-0.13846907924113477
2,14,33,0.0,0.0,0.15025639161508011,0.0,0.0,0.15025639161508011,0.0,0.31972015093566486,0.16946375932058474
2,14,34,0.09292114453028737,0.0,0.18040260164412358,0.09292114453028737,0.0,0.19598655219642022,0.0,0.0,-0.28346800931025645
2,14,36,0.06382046949800617,0.2655458604590826,0.0,0.12810434458760112,0.2655458604590826,0.010496669689622571,0.03791096756536985,0.17153348529659337,0.23903434793621509
2,14,37,0.0,0.015358860075888226,0.0,0.0,0.7648869987630644,0.049595266036914394,0.015358860075888226,0.5066634106985959,0.7152917327261501
2,14,38,0.46685035597065133,0.0,0.46685035597065133,0.46685035597065133,0.0,0.46685035597065133,0.0,0.0,-0.46685035597065133
2,14,39,0.0,0.0,0.0,0.0,0.7364218441895962,0.0,0.7364218441895962,0.0,0.7364218441895962
2,14,40,0.0,0.29447545736330416,0.0,0.29447545736330416,0.29447545736330416,0.0,0.0,0.29447545736330416,0.29447545736330416
2,14,41,0.6691618633561498,0.03993677694821017,0.43090486250526716,0.48313481415541604,0.015122569920874561,0.24012043996810603,0.015122569920874561,0.048778523799653827,-0.6331142714781012
2,14,42,0.0,0.0,2.0340090827343027,0.0,0.0,2.0340090827343027,0.0,0.0,2.0340090827343027
2,14,43,0.08537993601147059,0.0,0.08537993601147059,0.0,0.041586212363489604,0.06264760073823762,0.0,0.0,-0.10644132438621862
2,14,44,0.30573028943915126,0.1499277621090017,0.0,0.4891992121716921,0.1499277621090017,0.18346892273254087,0.0,0.1499277621090017,-0.33927145006269044
2,14,45,0.06698633948139589,0.2084574314522066,0.06698633948139589,0.18912847357888507,0.23957479522833205,0.12214213409748914,0.2084574314522066,0.4834817268822737,0.34255545399743337
2,14,46,0.0,0.05742064859413303,0.0,0.0,0.05742064859413303,0.0,0.05742064859413303,0.10744840137791163,0.10744840137791163
2,14,47,0.0,0.08879481741360777,0.0,0.0,0.08879481741360777,0.0,0.08879481741360777,0.08879481741360777,0.08879481741360777
2,14,48,0.0,0.920622317704605,0.0,0.13372028063882477,0.8780619882825204,0.07633941592452778,0.07633941592452778,0.6376572915459947,1.6465037531436033
2,14,49,0.0,0.11734165342349141,0.0,0.020275359359440616,0.10512383399177327,0.0,0.04919331358220387,0.06946867294164448,0.13820293372386488
2,14,50,0.2788080075712154,0.0,0.2788080075712154,0.2788080075712154,0.0,0.0,0.0,0.0,-0.2788080075712154
2,14,51,0.0,0.30675883426164324,0.0,0.0,0.0,0.0,0.0,0.0,0.30675883426164324
2,14,52,0.0,0.0,0.0,0.0,0.0,0.0,0.0,0.6713251321792274,0.6713251321792274
2,14,54,0.0,0.0,0.0,0.0,0.0,0.0,0.0,0.2589528218045539,0.2589528218045539
2,14,55,0.39001470096401836,0.0,0.0,0.39001470096401836,0.0,0.0,0.39001470096401836,0.0,-0.39001470096401836
2,14,56,0.0,0.27793894063308516,0.0,0.0,0.0,0.0,0.0,0.27793894063308516,0.0
2,14,57,0.06594713962118115,0.16152502218786197,0.06594713962118115,0.10030260964689997,0.16152502218786197,0.06594713962118115,0.19311669178332427,0.06166011016063122,0.0955778825666808
2,14,59,0.0,0.0,0.0,0.5228565432052185,0.0,0.0,0.0,0.0,-0.5228565432052185
2,14,60,0.10049099304881785,0.30806121269911435,0.027355989094921585,0.018796305789147073,0.2814607748295427,0.0,0.0,0.2858708494058571,0.18021423055537494
2,14,61,0.0,0.8622435979796326,0.0,0.0,0.8622435979796326,0.0,0.0,0.8622435979796326,0.8622435979796326
2,14,63,0.0,0.24407073289813633,0.0,0.0,0.3564935193562351,0.03508321544386838,0.11170080055191436,0.3564935193562351,0.3214103039123667
2,14,64,0.1206714191688424,0.13140691090472414,0.054820629047925035,0.03611825026296921,0.29925417798004317,0.022274113923224266,0.08600406002075275,0.3744798989542255,0.22611185403368098
2,14,65,0.0,0.0,0.0,0.0,0.13660654347629714,0.0,0.0,0.305609248460714,0.305609248460714
2,14,66,0.5254550809110434,0.0,0.5254550809110434,0.5254550809110434,0.22953207827952762,0.5254550809110434,0.0,0.0,-0.2959230026315158
2,14,68,0.0,0.0,0.0,0.0,0.7695117962456139,0.0,0.0,0.7695117962456139,0.7695117962456139
2,15,1,0.0,0.35774932417330024,0.0,0.0,0.35774932417330024,0.0,0.0,0.35774932417330024,0.35774932417330024
2,15,3,0.09130918698248107,0.0,0.09130918698248107,0.09130918698248107,0.11115275529329842,0.08305057336844232,0.08305057336844232,0.31013635401735234,0.18444831899412817
2,15,5,0.0,0.0,0.0,0.0,0.0,0.4661716039862454,0.0,0.4661716039862454,0.4661716039862454
2,15,6,0.4782925907521588,0.0,0.0,0.4782925907521588,0.0,0.4782925907521588,0.0,0.0,-0.4782925907521588
2,15,7,0.9885342581415258,0.0,0.5944192547617154,0.7850665000413642,0.0,0.5944192547617154,0.0,0.0,-0.9885342581415258
2,15,9,0.0,0.44678260036129636,0.0,0.0,0.44678260036129636,0.0,0.0,0.44678260036129636,0.44678260036129636
2,15,10,0.304656135159566,0.14377316265791704,0.27053952696149974,0.304656135159566,0.26234942154504276,0.0,0.010388009782270443,0.2640122855052164,-0.02784454915503467
2,15,11,0.0,0.0,0.0,0.0,0.0,0.0,0.0,0.267033164340146,0.267033164340146
2,15,12,0.0,0.0,0.0,0.0,0.0,1.1046327662843944,0.0,0.0,-1.1046327662843944
2,15,14,0.8417626224363612,0.5952301096288104,0.0,0.24653251280755087,0.14844466147448868,0.0,0.0,0.14844466147448868,-0.6933179609618726
2,15,15,0.034965594810884064,0.07683652337091947,0.0,0.060843770539792376,0.0418709285600354,0.02587817572890831,0.01424589920082386,0.06586521289204852,0.005021442352256142
2,15,16,0.0,0.5453141285489158,0.0,0.0,0.4694387169891371,0.0,0.22143763098423466,0.4694387169891371,0.5453141285489158
2,15,18,0.0,1.9642143552385565,0.0,0.0,2.0060649967887567,0.08861921878669694,1.9144191226297416,1.9562697641799414,1.91744577800206
2,15,19,0.4280224052148118,0.0,0.0,0.0,0.0,0.0,0.0,0.0,-0.4280224052148118
2,15,21,0.0,0.1328333844401144,0.0,0.0,0.1328333844401144,0.0,0.1328333844401144,0.1328333844401144,0.1328333844401144
2,15,22,0.0,0.0,0.0,0.0,0.6595470138875127,0.0,0.0,1.9258027378897644,1.9258027378897644
2,15,23,0.29597441793397067,0.0,0.29597441793397067,0.29597441793397067,0.29597441793397067,0.29597441793397067,0.0,0.29597441793397067,0.29597441793397067
2,15,25,0.2174250996280796,0.0,0.0,0.4606196480455863,0.43177902985729244,0.2174250996280796,0.0,0.43177902985729244,-0.028840618188293837
2,15,27,0.0,0.3510966840609847,0.0,0.0,0.4080760018963331,0.029742073242400264,0.3510966840609847,0.6965627566969239,0.7832841477746726
2,15,28,0.2677146832165364,0.11644625939889112,0.07201388701097271,0.2677146832165364,0.2196244035895968,0.2677146832165364,0.11644625939889112,0.1572450850443624,-0.048090279626939604
2,15,30,0.0,0.37449342010211517,0.0,0.0,0.6396055239193614,0.0,0.37449342010211517,0.37449342010211517,0.6396055239193614
2,15,31,0.0,0.4408468092170168,0.0,0.0,0.4408468092170168,0.0,0.0,0.0,0.4408468092170168
2,15,32,0.07465713919378997,0.0,0.15821388530128336,0.07465713919378997,0.0,0.07465713919378997,0.0,0.06611907627166365,-0.09209480902961971
2,15,33,0.33538021809047475,0.1926204569288431,0.3749023260865656,0.44926688069397885,0.1658588510447902,0.36998502678847395,0.06628371388014374,1.0452093988179885,0.5939477453276332
2,15,34,0.6551462366369575,0.08920984049765383,0.0,0.6853569401652112,0.08920984049765383,0.15616693473311571,0.019503314382080285,0.12205915833314797,-0.5632977818320634
2,15,36,0.5741710420741799,0.0,0.5741710420741799,0.5741710420741799,0.0,0.5741710420741799,0.1073206861035285,0.6877291265256764,0.11355808445149662
2,15,37,0.0,0.0,0.0,0.0,0.0,0.0,0.0,0.8352886911480318,0.8352886911480318
2,15,38,0.0,0.09701169105432789,0.0,0.057834081665258635,0.11029589458870696,1.668006042695868,2.1260995876387794,0.05759066877622817,-3.7710505408727695
2,15,39,0.0,1.4913460744742193,0.0,0.0,1.426430245213827,0.0,1.4913460744742193,1.5525443129424263,1.5525443129424263
2,15,40,0.0,0.28108875470759304,0.0,0.0,0.28108875470759304,0.0,0.0,0.28108875470759304,0.28108875470759304
2,15,41,0.30066962670424113,0.2347076282581821,0.13164121818102564,0.4037360367813976,0.5159613911403447,0.30066962670424113,0.13164121818102564,0.2347076282581821,0.2152917644361035
2,15,42,0.01287913922646,0.014344837573386197,0.0,0.0,0.023879156391777095,0.01287913922646,0.014344837573386197,0.06648064214396969,0.053601502917509695
2,15,43,0.0,0.0,0.0,0.0,0.09859716197655566,0.0,0.0,0.09859716197655566,0.09859716197655566
2,15,44,0.0,0.0,0.0,0.0,0.0,0.0,0.0,0.7855348193708178,0.7855348193708178
2,15,46,0.0,0.614354403035529,0.0,0.0,0.614354403035529,0.0,0.614354403035529,0.614354403035529,0.614354403035529
2,15,47,0.0,0.13236993234622196,0.0,0.0,0.4858527374358836,0.24456655392652316,0.0,0.13236993234622196,0.2412861835093604
2,15,48,0.22305766928106366,0.4939021783700255,0.22305766928106366,0.7169598476510891,0.0,0.22305766928106366,0.0,0.9308371178059595,0.7077794485248958
2,15,50,0.0,0.0,0.0,0.0,4.946602604156345,0.0,0.0,4.946602604156345,4.946602604156345
2,15,51,0.06849527867194731,0.0409569602023686,0.0,0.06849527867194731,0.09397938096581786,0.06849527867194731,0.0409569602023686,0.0409569602023686,0.025484102293870534
2,15,53,0.0,0.273046401349124,0.0,0.5026304254064584,0.273046401349124,0.7039262228472379,0.273046401349124,0.273046401349124,-0.430879821498114
2,15,54,0.6675002757790022,0.0,0.0,0.6675002757790022,0.0,0.0,0.0,0.0,-0.6675002757790022
2,15,56,0.06513378431621719,0.05149427376392035,0.03327551516647425,0.06513378431621719,0.0,0.06513378431621719,0.0,0.0,-0.013639510552296836
2,16,1,0.0,0.0,0.30107904526500545,0.30107904526500545,0.0,0.30107904526500545,0.0,0.0,-0.30107904526500545
2,16,2,0.0,0.27484790466080283,0.0,0.0,0.37593480608135393,0.0,0.0,0.37593480608135393,0.6507827107421568
2,16,3,0.0,0.0,0.0,0.0,0.46790909583115003,0.0,0.0,0.46790909583115003,0.46790909583115003
2,16,4,0.0,0.7531897924938382,0.0,0.0,1.1747142846485572,0.0,0.5892213522477423,1.0421582327399341,1.1747142846485572
2,16,5,5.61331447101894,0.819139204047372,0.0,0.0,0.819139204047372,0.0,0.819139204047372,0.819139204047372,-4.7941752669715685
2,16,6,0.1983447044504929,0.07935242565906303,0.07142761315545725,0.1507800388145203,0.11116587811713258,0.0,0.07935242565906303,0.0,-0.16653125199242336
2,16,7,0.0,0.43420448656083477,0.0,0.0,0.43420448656083477,0.0,0.43420448656083477,0.43420448656083477,0.43420448656083477
2,16,9,0.023217098480276872,0.09944267343719473,0.03426318719114581,0.05725420834297693,0.0721514355946592,0.09151739553412273,0.0721514355946592,0.0721514355946592,0.01489722725168226
2,16,10,0.0,0.23849954944886684,0.0,0.0,0.23849954944886684,0.0,0.0,0.23849954944886684,0.23849954944886684
2,16,11,0.07546993407970275,0.0,0.0,0.0,0.16663082715543884,0.0,0.0,0.16663082715543884,0.09116089307573609
2,16,12,0.0,0.5255327892655852,0.06338935503269115,0.3918712455559958,0.3026503004919401,0.0,0.06338935503269115,0.3026503004919401,0.07976781171829492
2,16,14,0.0,0.05147861585179711,0.0,0.0,0.05147861585179711,0.0,0.0204784801011843,0.11343897056768297,0.11343897056768297
2,16,15,0.0,1.4920314824443581,0.0,0.0,0.0,0.0,0.0,0.0,1.4920314824443581
2,16,16,0.0,0.26980551115598495,0.0,0.0,0.0,0.0,0.0,0.26980551115598495,0.26980551115598495
2,16,17,0.0,0.0,0.0,0.0,0.0,0.0,0.0,0.08173297091588425,0.08173297091588425
2,16,18,0.0,0.7713889076810561,0.0,0.0,0.7713889076810561,0.0,0.5742827786044956,0.5742827786044956,0.7713889076810561
2,16,19,0.041856610963741915,0.014103837251321184,0.020515527567610548,0.020515527567610548,0.02492473944794348,0.020515527567610548,0.014103837251321184,0.014103837251321184,-0.016931871515798436
2,16,20,0.08454052164013862,0.13796264364322808,0.0,0.0,0.13796264364322808,0.0,0.13796264364322808,0.13796264364322808,0.13796264364322808
2,16,21,0.3408876314012627,0.8634727296227993,0.0,0.8562196817870449,0.5153320503857822,0.0,0.0,0.5153320503857822,0.8634727296227993
2,16,22,0.8935866159007021,0.45385018030572777,0.3401314912164631,0.3401314912164631,0.5340337424007779,1.0719011452899065,0.1108609449086669,0.5340337424007779,-0.5378674028891286
2,16,23,0.0,0.3071772015177645,0.0,0.0,0.3071772015177645,0.0,0.3071772015177645,0.3071772015177645,0.3071772015177645
2,16,24,1.6328912762193752,0.08642155848510351,0.06774278518462622,1.6328912762193752,0.1574115151082236,1.6328912762193752,0.08642155848510351,0.07098995662312008,-1.5432225462957778
2,16,25,0.4553701302591183,0.0,0.4553701302591183,0.7069483855029934,0.0,0.7069483855029934,0.2623394549197363,0.1255277938796222,-0.5814205916233712
2,16,26,0.0,0.0,0.0,0.0,0.23663318874373357,0.0,0.0,0.23663318874373357,0.23663318874373357
2,16,28,0.10083845716756323,0.3988253103400593,0.10083845716756323,0.3988253103400593,0.0,0.0,0.0,0.0,-0.49966376750762254
2,16,29,0.0,0.0,0.0,0.05129783014132477,0.04131420644676339,0.05129783014132477,0.0,0.05129783014132477,-0.009983623694561378
2,16,30,0.24556121896590985,0.0,0.0,0.24556121896590985,0.0,0.24556121896590985,0.24556121896590985,0.0,-0.24556121896590985
2,16,31,0.02620914279133481,0.06447388759352418,0.060461636387946875,0.02620914279133481,0.06447388759352418,0.02620914279133481,0.06447388759352418,0.06447388759352418,0.03826474480218937
2,16,34,0.0,0.5107492964888136,0.0,0.0,0.5107492964888136,0.0,0.2579609172202506,0.4537131283366132,0.5107492964888136
2,16,35,0.0,0.4413671422178158,0.0,0.0,0.4413671422178158,0.0,0.4413671422178158,0.4413671422178158,0.4413671422178158
2,16,36,0.0,0.17177735012859408,0.0,0.17177735012859408,0.17177735012859408,0.5239083854516923,0.0,0.17177735012859408,-0.3521310353230982
2,16,37,0.0,0.04949990648938746,0.0,0.09352506372209185,0.12755684682382337,0.0,0.0,0.12755684682382337,0.034031783101731494
2,16,38,0.35499099265177564,0.08761960675034437,0.35499099265177564,0.35499099265177564,0.29941099254470516,0.35499099265177564,0.0,0.16829001200388993,-0.055580000107070496
2,16,39,0.0,0.15626857282641166,0.02214435600828966,0.0,0.15626857282641166,0.023959833832750004,0.15626857282641166,0.3096667557785292,0.26356256593748956
2,16,40,0.511331447101894,0.35774932417330024,0.0,0.511331447101894,0.35774932417330024,0.0,0.0,0.35774932417330024,0.35774932417330024
2,16,41,0.0,0.5266900990244845,0.0,0.0,0.5266900990244845,0.0,0.345544012657369,0.5266900990244845,0.5266900990244845
2,16,42,0.0,0.0,0.0,0.0,0.5171626848660079,0.0,0.0,0.5171626848660079,0.5171626848660079
2,16,43,0.0,0.0,0.0,0.0,0.3348784469270478,0.0,0.0,0.0,0.3348784469270478
2,16,44,0.0,0.0,0.0,0.22672121616875152,0.12517086678620626,0.0,0.0,0.12517086678620626,-0.10155034938254526
2,16,45,0.0,0.0,0.0,0.0,0.7341565951862203,0.0,0.0,0.0,0.7341565951862203
2,16,46,0.07839851932327341,0.0,0.07839851932327341,0.07839851932327341,0.09483216607310563,0.07839851932327341,0.0,0.0,0.01643364674983221
2,16,48,0.0,0.0,0.22679571661375522,0.0,0.0,0.0,0.0,0.0,-0.22679571661375522
2,16,49,0.0,1.3117475219687675,0.0,0.0,1.3117475219687675,0.0,0.0,1.3117475219687675,1.3117475219687675
2,16,50,0.0,0.819139204047372,0.0,0.0,0.819139204047372,0.0,0.819139204047372,0.819139204047372,0.819139204047372
2,16,51,0.03854410458569329,0.0,0.0,0.044057038983462596,0.07952427594478435,0.021613187001439223,0.022443851982023366,0.04056568949892576,0.019366984357651836
2,16,52,0.3787737430301597,0.0,0.0,0.0,0.0,0.0,0.0,0.0,-0.3787737430301597
2,16,56,0.0,0.0,0.0,0.0,0.0,0.0,0.0,0.34649039080218186,0.34649039080218186
2,16,57,0.0,0.10090365553605904,0.0,0.0,0.18247661055675019,0.0,0.0,0.10090365553605904,0.18247661055675019
2,16,58,0.0,0.6684505331773838,0.0,0.0,0.6684505331773838,0.6684505331773838,0.0,0.0,0.6684505331773838
2,17,1,0.0,0.08804967892703804,0.0,0.0,0.08804967892703804,5.576431924429727,0.0,0.0,5.664481603356765
2,17,2,0.0,0.0,0.0,0.08123061403030833,0.20613594367048083,0.08123061403030833,0.20613594367048083,0.0,0.1249053296401725
2,17,3,0.04521934878426019,0.16905714585411102,0.0,0.0729567269588677,0.11817607574312788,0.0,0.11817607574312788,0.15644130282246965,0.15644130282246965
2,17,4,0.7587541155977872,0.7587541155977872,0.0,0.0,0.0,0.41718767236187637,0.0,0.7587541155977872,0.3415664432359108
2,17,5,0.09246990087875072,0.0,0.14670840428932916,0.0,0.047326637748746715,0.0,0.0,0.047326637748746715,-0.09938176654058244
2,17,7,0.06966686789277676,0.047345404385914724,0.031178183253400805,0.031178183253400805,0.047345404385914724,0.031178183253400805,0.047345404385914724,0.0771161483641957,0.007449280471418934
2,17,8,0.14860481369042886,0.16815209030479908,0.14860481369042886,0.14860481369042886,0.23809204385152416,0.14860481369042886,0.16815209030479908,0.16815209030479908,0.2576393204658944
2,17,9,0.10675478433045187,0.0,0.11458886148907894,0.2213436458195308,0.0,0.11458886148907894,0.0,0.07723154334521783,-0.03735731814386112
2,17,10,1.5197251438049924,0.19568065340499452,1.5689348238234138,0.0,0.1779476622277064,1.6138123454503066,1.6976728060326987,0.1779476622277064,-1.3661812682043315
2,17,13,0.0,0.0,0.0,0.0,0.3957282083325076,0.0,0.0,0.3957282083325076,0.3957282083325076
2,17,15,0.08093698245905644,0.3001229355851925,0.0,0.15639425971003254,0.22466565833421637,0.08093698245905644,0.08093698245905644,0.22466565833421637,0.14372867587515994
2,17,16,0.0,0.0,0.0,0.0,0.9847558755457243,0.0,0.16488675347187817,0.16488675347187817,0.9847558755457243
2,17,17,0.0,0.7902235864110715,0.0,0.0,0.9353834833072832,0.0,0.7902235864110715,0.14515989689621167,0.9353834833072832
2,17,18,0.281388304168814,0.0,0.24219211321507664,0.5442382192757,0.0,1.247467757691609,0.2141849970442801,0.0,-1.3144540971730048
2,17,19,0.17694084777748179,0.23735103990799986,0.15398076049233658,0.16431946593230787,0.45930709013921683,0.15398076049233658,0.24681653695103875,0.3331022171797953,0.1731935232250241
2,17,21,0.0,0.1257073386496312,0.0,0.0847503784472626,0.0409569602023686,0.0,0.0409569602023686,0.6409681175098605,0.556217739062598
2,17,22,0.11471137382715973,0.04818465906161012,0.14005414344207304,0.0,0.18823880250368316,0.0,0.04818465906161012,0.18823880250368316,0.0735274286765234
2,17,23,0.0,0.0,0.0,4.137017837725102,4.137017837725102,0.0,0.0,4.137017837725102,4.137017837725102
2,17,24,0.0538081371220788,0.17761882382032831,0.034267427967493415,0.04465611150694476,0.13077760853782172,0.02269550203161637,0.0695779777512841,0.2182165677773333,0.1939320757957311
2,17,25,0.0,0.295071044954695,0.0,0.0,0.0,0.0,0.0,0.0,0.295071044954695
2,17,27,0.7435242565906304,1.2561147533705126,0.7435242565906304,0.7435242565906304,0.5125904967798822,0.7435242565906304,0.5125904967798822,0.0,-0.23093375981074815
2,17,28,0.0,3.1751400325925734,0.0,0.0,3.1751400325925734,0.0,3.1751400325925734,3.1751400325925734,3.1751400325925734
2,17,31,0.20604712410943143,0.20604712410943143,0.6294969550246572,0.20604712410943143,0.20604712410943143,0.6294969550246572,0.20604712410943143,0.20604712410943143,-0.4234498309152258
2,17,32,0.019818610681655257,0.0,0.02976150548144052,0.04931858708983006,0.11294933256539268,0.04931858708983006,0.0625769828999674,0.07926919369003489,0.07270897881851697
2,17,34,0.0,0.1345796451424993,0.0,0.0,0.1345796451424993,0.0,0.0,0.41115790038637434,0.41115790038637434
2,17,35,0.0,0.0,0.0,0.16014545056982957,0.0,0.06669996925268813,0.0,0.07938005840177156,-0.06808530301897457
2,17,36,0.027465635345858195,0.19196386795159645,0.0,0.045285640249815025,0.6213766353433082,0.13804813838973182,0.19568022948297595,0.14085632974704987,0.5140412077143932
2,17,37,0.0,0.7959171673658147,0.0,0.0,0.7959171673658147,0.0,0.0,0.7959171673658147,0.7959171673658147
2,17,38,0.0,0.1697820819414339,0.0,0.0,0.1697820819414339,0.0,0.0,0.0,0.1697820819414339
2,17,39,0.14670802019841023,0.34502563192860025,0.01393583152151198,0.2575209979946183,0.30220857616891533,0.14670802019841023,0.16238130272878742,0.016426111830885885,0.41551183427449734
2,17,40,0.6224671412942018,0.15409159717684112,0.6224671412942018,0.7765587384710428,0.0,0.6224671412942018,0.0,0.0,-0.7765587384710428
2,17,41,0.0,0.0,2.7814617133629973,0.0,0.0,0.0,0.0,0.09933809930229931,-2.8807998126652965
2,17,42,0.0,0.0,0.0,0.0,0.17006574560823154,0.0,0.0,0.10481423739708134,0.2748799830053129
2,17,43,0.0,0.0,0.0,0.0,0.0,0.0,0.0,0.28246172326816776,-0.28246172326816776
2,17,44,0.048752073932902575,1.1659866983796265,0.050399048136390054,0.8031273754693109,0.3576186050423747,0.4841122966590648,0.03860352623212855,0.3576186050423747,0.19611513085800938
2,17,45,0.0,0.0,0.0,0.3660297798630836,0.0,0.3660297798630836,0.0,0.0,-0.3660297798630836
2,17,46,0.0,0.0,0.0,1.5356903288864312,0.0,1.5356903288864312,0.0,0.0,-1.5356903288864312
2,17,47,0.08850533339540029,0.2166971254920661,0.07142952708118414,0.027596474860933133,0.3491534130694405,0.027596474860933133,0.2166971254920661,0.2166971254920661,0.18921855259285605
2,17,48,0.21829516060487178,0.21829516060487178,0.21829516060487178,0.21829516060487178,0.0,0.43385606009977995,0.21829516060487178,0.0,-0.43385606009977995
2,17,49,0.0,0.0,0.0,0.0,0.39766815572586933,0.343527371660375,0.343527371660375,0.0,0.05414078406549433
2,17,50,0.0,0.0,0.4239458975647359,0.0,0.0,0.4239458975647359,0.0,0.0,-0.4239458975647359
2,17,51,0.09071828664550209,0.0,0.6779812926322305,0.09071828664550209,0.05485078010011991,0.09071828664550209,0.09071828664550209,0.09330807292682144,-0.6205407262507913
2,17,52,0.0,0.010188416859812132,0.0,0.0,0.024764698227378295,0.011465913221612159,0.0,0.016796858969565513,0.024326494381549577
2,18,1,0.072714605264478,0.0,0.072714605264478,0.11572645435555118,0.05670957693586364,0.04301184909107319,0.0,0.0,-0.05901687741968755
2,18,2,0.1840660888459463,0.34355470025718815,2.829146944148047,0.5276207891031345,0.34355470025718815,0.1840660888459463,0.0,0.34355470025718815,-2.485592243890859
2,18,3,0.11576666817793912,0.0,0.0,0.11576666817793912,0.0,0.11576666817793912,0.0,0.0,-0.11576666817793912
2,18,4,0.0,0.0,0.0,0.0,0.2556331516400989,0.0,0.0,0.2556331516400989,0.2556331516400989
2,18,6,0.0,0.0,0.0,0.0,0.0,0.0,0.0,0.7300619713632533,0.7300619713632533
2,18,7,0.0,0.13664578296367866,0.0,0.0,0.2380356326368894,0.0,0.13664578296367866,0.13664578296367866,0.2380356326368894
2,18,8,0.08902552631225687,0.03561474800205965,0.0,0.0,0.453847877904054,0.0,0.03561474800205965,0.03561474800205965,0.36482235159179716
2,18,9,0.0,0.4055905290823143,0.0,0.0,0.4055905290823143,0.0,0.0,0.0,0.4055905290823143
2,18,11,0.0,0.3028628376055954,0.0,0.0,0.3028628376055954,0.0,0.0,0.3028628376055954,0.3028628376055954
2,18,12,0.0,0.24670412896992552,0.0,0.21683412473007987,0.1932735229119,0.07405814540241726,0.0,0.23104905134305734,0.10356029988261456
2,18,13,0.0,0.2820475704169509,0.0,0.0,0.16223621163292573,0.0,0.0,0.12129209801584145,0.2835283096487672
2,18,15,0.0,0.41333514334150406,0.0,0.0,0.41333514334150406,0.0,0.0,0.41333514334150406,0.41333514334150406
2,18,17,0.0,0.16894811063705184,0.0,0.0,0.29571589032119483,0.0,0.0,0.126767779684143,0.29571589032119483
2,18,18,0.0,0.0,0.0,0.0,0.3468351792314457,0.0,0.2945687376758385,0.05226644155560719,0.3468351792314457
2,18,19,0.6271231490503524,0.18600081450367684,0.308233002929169,0.8677915127838733,0.18600081450367684,0.7386519836908843,0.0,0.18600081450367684,-0.6817906982801964
2,18,20,0.0,1.1913293911159977,0.0,0.0,1.1913293911159977,1.1913293911159977,0.0,1.1913293911159977,0.0
2,18,23,0.0,0.15664030752659136,0.045000602061146006,0.0,0.15664030752659136,0.04418531065137578,0.0,0.0,0.06745439481406956
2,18,25,0.19626676899667475,0.012513285472566476,0.19626676899667475,0.2376147491253871,0.155976072930454,0.24112523319401893,0.21686411514714088,0.13412721375187725,-0.1761087034015362
2,18,26,0.11059701753861773,0.0,0.11059701753861773,0.0,0.0,0.11059701753861773,0.0,0.23699495210197977,0.12639793456336204
2,18,27,0.0,0.11639320660972911,0.0,0.0,0.11639320660972911,0.0,0.11639320660972911,0.2756232375632733,0.2756232375632733
2,18,28,0.0,0.1497913879275794,0.0,0.07142691923354698,0.1382264473585375,0.07142691923354698,0.027304640134912402,0.1382264473585375,-0.05568721966767645
2,18,29,0.011723949189028752,0.20940136503247211,0.0,0.009701649932268358,0.420204510861592,0.01134599420110474,0.05585040027595718,0.420204510861592,0.3971345674714585
2,18,30,0.0,0.0,0.0,0.0,0.507071118736572,0.0,0.0,0.507071118736572,0.507071118736572
2,18,31,0.0,0.06578707026201476,0.0,0.06578707026201476,0.06578707026201476,0.10407470521874751,0.0,0.06578707026201476,-0.03828763495673275
2,18,32,0.14031967532024237,0.5104111805512936,0.0,0.12322224941957544,0.64592346921901,0.0,0.18669154990097184,0.6124794314643675,0.5726052485198997
2,18,33,0.0,0.0,0.0,0.29523383624647664,0.1325560519086231,0.29523383624647664,0.0,0.16675917594592868,0.004081391608075117
2,18,34,0.0,0.9530635128927982,0.0,0.0,0.9530635128927982,0.9530635128927982,0.0,0.9530635128927982,0.0
2,18,35,0.3034087141216167,0.0,2.0936090665995564,0.3034087141216167,0.0,0.0,0.0,0.0,-2.0936090665995564
2,18,36,0.0,0.20895861392578,0.0,0.20895861392578,1.0266217275086422,0.0,0.0,1.0266217275086422,1.0266217275086422
2,18,37,0.0,0.0,0.0,0.0,0.0,0.5006946742602796,0.0,0.0,-0.5006946742602796
2,18,38,0.4393885703253189,0.0,0.4393885703253189,0.4393885703253189,0.0,0.4393885703253189,0.0,0.0,-0.4393885703253189
2,18,39,0.0,0.09685464681974183,0.0,0.0,0.1670152636529108,0.0,0.0,0.1670152636529108,0.1670152636529108
2,18,40,0.0,0.1166350911585268,0.0,0.0,0.18154986755946273,0.08671633180368152,0.08771474187428523,0.15527449422418704,0.09483353575578121
2,18,41,0.16232744352441078,0.0,0.0,0.16232744352441078,0.0,0.0,0.0,0.0,0.0
2,18,42,0.0,0.3059028926856953,0.36286472804875003,0.0,0.29301547324792343,0.36286472804875003,0.29301547324792343,0.5989183659336188,0.23605363788486874
2,18,43,0.0,0.1335599566064865,0.0,0.0,0.21516642097760738,0.0,0.07307188684919322,0.1335599566064865,0.21516642097760738
2,18,44,1.3225404276510504,0.0,0.0,0.0,0.0,0.0,0.0,0.0,-1.3225404276510504
2,18,45,0.04985723071085098,0.16629018863129624,0.0,0.0,0.2306337470777569,0.0,0.1030178480427539,0.1030178480427539,0.2306337470777569
2,18,46,0.0,0.0,0.0,0.0,0.37363135064800035,0.0,0.0,0.37363135064800035,0.37363135064800035
2,18,47,0.0,0.5314308985819338,0.0,0.271896331754284,0.5314308985819338,0.271896331754284,0.0,0.5314308985819338,0.2595345668276498
2,18,49,0.0,0.996341016810604,0.0,0.7523681754060966,1.269287989378775,0.0,0.7523681754060966,1.269287989378775,1.269287989378775
2,18,52,0.6663144853864785,0.0,0.0,0.6663144853864785,0.0,0.6663144853864785,0.0,0.0,0.0
2,18,53,0.0,0.4426065674320425,0.0,0.3172123870466647,0.4426065674320425,0.3172123870466647,0.0,0.4426065674320425,0.1253941803853778
2,18,54,0.4665403646341072,0.0,0.4665403646341072,0.0,0.35848553991599513,0.0,0.0,0.0,-0.10805482471811206
2,18,55,0.15431547216637007,0.0,0.15431547216637007,0.15431547216637007,0.0,0.15431547216637007,0.0,0.1340029092422641,-0.020312562924105965
2,19,1,0.14960194384314782,0.123021171946765,0.07495412997706752,0.14346795707658805,0.12403676973277603,0.14346795707658805,0.14960194384314782,0.14075293287190394,-0.002715024204684121
2,19,2,0.0,2.422537723474202,0.0,0.0,2.422537723474202,0.0,1.2747586417515304,1.1477790817226716,2.422537723474202
2,19,3,0.060437010592894684,0.1940349618684183,0.0,0.060437010592894684,0.1940349618684183,0.060437010592894684,0.06427354496226205,0.07608031746879111,0.1335979512755236
2,19,4,0.0,1.1074458164453496,0.0,0.0,1.1074458164453496,0.0,0.5827468076578426,1.1280527534140017,1.710799561071844
2,19,6,0.0,0.7959338279719974,0.2079075271725058,0.18882655136082604,1.2503161700947987,0.0,0.6001718238348378,0.8728651376264371,1.206619491142528
2,19,7,0.0,0.5055694902772093,0.0,0.07204802287905608,0.4109052255700691,0.07204802287905608,0.5157862173480219,0.42231994632608894,0.32864047562020055
2,19,8,0.0,1.1302041318550327,0.0,0.2419875669760437,0.888216564878989,0.0,0.8186640953874504,0.3115400364675823,0.6462289979029453
2,19,9,0.0,1.8005549903122888,0.0,0.0,1.8005549903122888,0.0,1.144681229327905,0.6558737609843838,1.8005549903122888
2,19,10,1.6832888986517522,0.0,1.6832888986517522,1.6832888986517522,0.0,1.6832888986517522,0.0,0.0,-1.6832888986517522
2,19,11,0.49896036709684977,0.49896036709684977,0.49896036709684977,0.49896036709684977,0.0,0.49896036709684977,0.49896036709684977,0.0,-0.49896036709684977
2,19,12,0.0,2.7138402267107957,0.0,0.0,2.7138402267107957,0.0,1.7300295852342202,0.9838106414765757,2.7138402267107957
2,19,13,1.4728777863202833,0.1957522111163626,1.4728777863202833,1.4728777863202833,0.1957522111163626,1.4728777863202833,0.1957522111163626,0.1957522111163626,-1.2771255752039208
2,19,14,0.0,0.6576304165099075,0.0,0.25425113534178784,0.2315443698403284,0.0,0.0,0.024965499388753493,0.3557070162779068
2,19,15,0.016416715814352577,0.08327823690332209,0.04619376424715531,0.016416715814352577,0.08327823690332209,0.05830961747997008,0.04138533523770458,0.0418929016656175,-0.004808429009450732
2,19,16,0.08675877927646089,0.25559027526810624,0.08675877927646089,0.1706181976910859,0.37223185427691347,0.23018466724688577,0.19602380571230638,0.26296682784106795,0.14204718703002767
2,19,18,0.0,0.19077006615761727,0.0,0.0,0.19077006615761727,0.0,0.0,0.19077006615761727,0.19077006615761727
2,19,19,0.05958557931394725,0.6857915788278527,0.04411823731484902,0.5448793895008373,0.6438993038220517,0.026473986469244395,0.18504841557663643,0.5304916064562644,0.596335307011859
2,19,20,1.7550746615844928,0.0,1.7550746615844928,0.0,0.0,1.7550746615844928,0.0,0.0,-1.7550746615844928
2,19,21,0.0,0.0,0.0,0.0,0.08469605695530423,0.13870485131812607,0.0,0.08469605695530423,-0.05400879436282184
2,19,22,0.2512140424952885,0.744880950456143,0.0,0.0,0.744880950456143,0.2512140424952885,0.744880950456143,0.11170080055191436,0.49366690796085455
2,19,23,0.0,0.23003163460177994,0.0,0.0,0.23003163460177994,0.0,0.23003163460177994,0.0,0.23003163460177994
2,19,24,0.0,0.0,0.0,0.0,0.8523807696797447,0.0,0.0,0.909029915307448,0.909029915307448
2,19,25,0.10598867793765872,0.6007540189137225,0.10598867793765872,0.18357354808022477,0.2889281799885668,0.10598867793765872,0.28336741143956884,0.3943099565682663,0.2526423312178203
2,19,27,0.12045085454667087,0.5253987531075652,0.14208575938376028,0.12045085454667087,0.549235985851377,0.12045085454667087,0.4993743128198177,0.30368985501477924,0.23772708590323163
2,19,28,0.5761110960877815,0.7069361717215442,0.5761110960877815,0.7572085614901243,0.0887374457789001,0.5761110960877815,0.0,0.6145761520981017,-0.4873736503088815
2,19,29,0.20168768938676584,0.3774872026969711,0.10286382395077771,0.22686589893684544,0.38326105907708513,0.2506401708944306,0.2912951629392058,0.18142959438574535,0.2240624593469425
2,19,30,0.14192053734590812,0.3204199812379224,0.19696365271110325,0.031708835041653914,0.17320904295584555,0.031708835041653914,0.12724803875503105,0.3669511667774473,0.009689341422986806
2,19,31,0.0,0.325719357778044,0.0,0.0,0.325719357778044,0.10953046632649638,0.28092658622586186,0.15432323787867855,0.21618889145154763
2,19,32,0.0,0.9829670448568465,0.0,0.0,0.9829670448568465,0.0,0.9829670448568465,0.9829670448568465,0.9829670448568465
2,19,34,0.0,0.15829856553504412,0.0,0.0,0.15829856553504412,0.0,0.0,0.15829856553504412,0.15829856553504412
2,19,35,0.0,0.14307754961821298,0.0,0.0,0.14307754961821298,0.0,0.0,0.14307754961821298,0.14307754961821298
2,19,36,0.07815966126019168,0.09660091347969325,0.0,0.07930309676166618,0.1894895032710887,0.07930309676166618,0.0,0.26386732727638657,0.19445364923389596
2,19,37,0.0,0.22364700059669382,0.0,0.12125460009077228,0.22364700059669382,0.24089260060963627,0.10239240050592151,0.22364700059669382,-0.01724560001294249
2,19,38,0.13337004934435198,0.04725803100273301,0.0,0.13337004934435198,0.04725803100273301,0.25150007464330826,0.04725803100273301,0.11941344367164444,-0.1320866309716638
2,19,39,0.0,0.0,0.0,0.0,0.3534828050896616,0.0,0.0,0.0,0.3534828050896616
2,19,40,0.0,0.412871510215606,0.0,0.0,0.412871510215606,0.0,0.2947757549751762,0.27412227029707203,0.412871510215606
2,19,41,0.0,0.1253675686544832,0.0,0.06388254006182303,0.10021514290415783,0.038730114311497664,0.09344938652544336,0.050703316859869875,0.06148502859266016
2,19,42,0.0,0.3608697004151384,0.0,0.0,0.3608697004151384,0.3608697004151384,0.3608697004151384,0.3608697004151384,0.3608697004151384
2,19,43,0.056698929153438805,0.12272770032300376,0.0,0.056698929153438805,0.12272770032300376,0.056698929153438805,0.13584644789146738,0.08370447659591608,0.06602877116956495
2,19,44,0.0,0.18980711401711448,0.0,0.0,0.18980711401711448,0.0,0.18980711401711448,0.04165114596851044,0.18980711401711448
2,19,45,0.0,0.9832744926937745,0.0,0.0,0.9832744926937745,0.0,0.9832744926937745,0.9832744926937745,0.9832744926937745
2,19,46,0.0,0.28935425662042097,0.0,0.0,0.3748555673143781,0.0,0.28935425662042097,0.18687272613442887,0.3748555673143781
2,19,48,0.0,0.18299675458417128,0.0,0.0,0.09892070943177173,0.0,0.08407604515239954,0.2959013965585483,0.2959013965585483
2,19,49,0.09351604992509734,0.49148098416649816,0.09351604992509734,0.2519549816130036,0.3742686165094544,0.21072841758214103,0.1072327685298378,0.14845933256070037,-0.06226908502144065
2,19,50,0.16188471614016683,0.0,0.3918917470360017,0.31942797892005964,0.0,0.16188471614016683,0.0,0.0,-0.5494350098158945
2,20,3,0.0,0.0,0.0,0.0,0.1991354698871463,0.30194369616116934,0.0,0.1991354698871463,-0.10280822627402303
2,20,4,0.0,0.0,0.0,0.0,0.0,0.413069031439239,0.0,0.0,-0.413069031439239
2,20,5,0.09262998024707615,0.08917133441975245,0.0,0.08917133441975245,0.08917133441975245,0.0,0.0,0.18969741950104413,0.09706743925396798
2,20,6,0.28458885851102295,0.38029568027725036,0.0,0.05877957456226891,0.38029568027725036,0.05877957456226891,0.21759633569334308,0.38029568027725036,0.09570682176622738
2,20,7,0.14817234655420525,0.06440060898646217,0.08377173756774307,0.14817234655420525,0.04952985786859895,0.08377173756774307,0.0,0.04952985786859895,-0.034241879699144114
2,20,8,0.03473624259265356,0.5420524534783947,0.0,0.3248395591541493,0.5420524534783947,0.009689761107757846,0.18136032407976282,0.6020322875735169,0.5250034808466315
2,20,10,0.15872802923434945,0.0,0.0,0.0,0.0,0.0,0.0,0.4256916375227838,0.10823557905408489
2,20,11,1.723304315679286,0.0,1.723304315679286,1.723304315679286,0.0,1.723304315679286,0.0,0.0,-1.723304315679286
2,20,12,0.23157495061769034,0.1023924005059215,0.0,0.0,0.1023924005059215,0.0,0.1023924005059215,0.1023924005059215,-0.12918255011176885
2,20,15,0.6185423124215382,0.0,0.3313249264749906,0.6753797309521713,0.3881623450056237,0.28721738594654767,0.3881623450056237,0.0,-0.2303799674159146
2,20,16,0.04227026082006931,0.04227026082006931,0.0,0.29591152253898034,0.19035084135110064,0.29591152253898034,0.10198014007868522,0.04227026082006931,-0.1055606811878797
2,20,17,0.0,0.0,0.0,0.0,0.0,0.0,0.0,0.6761136340928618,0.6761136340928618
2,20,18,0.0,0.819139204047372,0.0,0.0,0.819139204047372,0.0,0.819139204047372,0.819139204047372,0.819139204047372
2,20,19,0.0,0.0,0.0,0.0,1.0853151985267622,0.0,0.0,1.0853151985267622,1.0853151985267622
2,20,20,0.0,0.0,0.0,0.0,0.04787298091611277,0.0,0.0,0.05782172942453514,0.10569471034064791
2,20,22,0.0,4.914835224284232,0.0,0.0,4.914835224284232,0.0,4.914835224284232,4.914835224284232,4.914835224284232
2,20,23,0.0,0.032849981723542726,0.0,0.01765632884317971,0.04516356266155227,0.0,0.0,0.08336236382152479,0.08148576660731721
2,20,24,0.0,0.0,0.0,0.0,0.10520312059851375,0.06297811560243097,0.10520312059851375,0.11008321533184608,0.15230822032792887
2,20,25,0.0,0.0,0.0,0.6030645709483742,0.1543259926589567,0.0,0.0,0.1543259926589567,-0.4487385782894175
2,20,26,0.17784693173894672,0.021643245985359588,0.16288948971505599,0.19070935039091694,0.02942289555977753,0.1873249628813042,0.004818465906161012,0.33810771563492975,0.1358253107297348
2,20,27,0.0,0.36032590779599805,0.0,0.0,0.0,0.3361090540419753,0.36032590779599805,0.36032590779599805,0.02421685375402277
2,20,28,0.16003086002438377,0.09708877789891472,0.16003086002438377,0.16003086002438377,0.032123106041073414,0.16003086002438377,0.032123106041073414,0.09708877789891472,-0.06294208212546905
2,20,29,0.0,0.1783426688395049,0.0,0.1783426688395049,1.9977241390771265,0.0,0.0,1.9977241390771265,1.9977241390771265
2,20,30,0.6031565104877501,0.0,0.6031565104877501,1.0082710024070791,0.6338629452594414,0.7402014421903012,0.1370449317025511,0.6338629452594414,-0.37440805714763753
2,20,33,0.04223305480488268,0.046821255232096785,0.0,0.04223305480488268,0.07822613220354639,0.0,0.046821255232096785,0.07822613220354639,0.035993077398663705
2,20,34,0.0,0.0,0.0,0.0,0.06568754452837297,0.0,0.0,0.05239258287686409,0.11808012740523706
2,20,35,0.0,0.0,0.0,0.0,0.0,0.0,0.0,1.5083843615662362,1.5083843615662362
2,20,36,0.0,0.0,0.0,0.22305766928106366,0.0,0.5405137277497626,0.3174560584686989,0.7053548947472269,0.1648411669974644
2,20,37,0.058007316979394305,0.0,0.11297877313876435,0.058007316979394305,0.0,0.058007316979394305,0.0,0.0,-0.11297877313876435
2,20,38,0.2637888567531469,1.0160980895002747,0.0,0.7757813795198782,1.0160980895002747,0.21751706540342727,0.7216226321369705,1.4470650499477706,0.9657591277911965
2,20,39,0.1714670927197256,0.0,0.1714670927197256,0.1714670927197256,0.0,0.1714670927197256,0.0,0.0,-0.1714670927197256
2,20,40,3.7176212829531514,0.0,3.7176212829531514,3.7176212829531514,0.0,0.0,0.0,0.0,-3.7176212829531514
2,20,41,0.10014051918602827,0.12869840208190494,0.0,0.12869840208190494,0.12869840208190494,0.0,0.12869840208190494,0.2373752508184365,0.13723473163240824
2,20,42,0.0,0.0,0.0,0.0,0.0,0.0,0.4284225338865289,0.0,-0.4284225338865289
2,20,43,0.0,0.3320411521916608,0.0,0.3320411521916608,0.0,0.0,0.0,0.0,0.0
2,20,44,0.5611069350622977,0.0,0.0,0.5611069350622977,0.0,0.5611069350622977,0.0,0.0,0.0
2,20,45,1.3536535176063262,0.0,1.028552263109145,0.0,0.0,1.028552263109145,0.0,0.0,-1.3536535176063262
2,20,46,0.12449342825884036,0.0,0.12449342825884036,0.12449342825884036,0.0,0.12449342825884036,0.0,0.06898356745453771,-0.055509860804302646
2,20,48,0.0,0.0,0.0,0.0,0.0,0.49537446899330734,0.0,0.4318669865739271,-0.06350748241938026
2,20,49,0.0667963081515461,0.06149747201362238,0.0,0.1818334139590476,0.1150371058075015,0.0,0.053539633793879125,0.06149747201362238,0.04824079765595541
2,20,50,0.30520163715024246,0.7744207858118358,0.0,0.03734689594322989,0.7301633895862031,0.0,0.0,0.7301633895862031,0.3433574602670979
2,20,52,0.0,0.08015925640523967,0.0,0.0719997631167207,0.0,0.0719997631167207,0.0,0.08015925640523967,0.008159493288518976
2,20,54,0.0,0.37861130232424817,0.0,0.37861130232424817,0.37861130232424817,0.0,0.0,0.37861130232424817,0.37861130232424817
2,20,55,0.09652380156142872,0.18960265274900856,0.09652380156142872,0.23679787644907474,0.18960265274900856,0.1664354446408584,0.0,0.0,0.023167208108150178
2,20,57,0.11669474361626916,0.1633055156638602,0.11669474361626916,0.7031616039676087,0.11568799130318622,0.10014957610028322,0.0702175162691466,0.1649609378286175,-0.6089615486853517
2,20,58,2.880555480438908,0.0,2.880555480438908,2.880555480438908,0.0,2.880555480438908,0.0,0.0,-2.880555480438908
2,21,1,0.0,0.0,0.0,0.0,0.7965418795485852,0.0,0.0,0.7965418795485852,0.7965418795485852
2,21,3,0.0,0.9300040725183842,0.0,0.0,1.525668768076383,0.0,0.0,1.525668768076383,1.525668768076383
2,21,4,0.0,0.1446021639239229,0.0,0.0,0.24053453773895,0.0,0.1446021639239229,0.24053453773895,0.24053453773895
2,21,6,0.0,6.031565104877501,0.0,0.0,6.031565104877501,0.0,6.031565104877501,0.0,6.031565104877501
2,21,7,0.17673699813575608,0.06192180862416342,0.07085038005273485,0.17673699813575608,0.0,0.06192180862416342,0.06192180862416342,0.0,-0.2386588067599195
2,21,8,0.0,0.0,0.0,0.0,0.0,0.0,0.0,0.9603698591117704,-0.9603698591117704
2,21,9,0.4880886898956245,0.04935242565906303,0.07142761315545725,0.48570374471002975,0.04935242565906303,0.48570374471002975,0.0,0.0,-0.853012395791134
2,21,10,0.31789463411182406,0.3241529668404844,0.1277376745232067,0.24254779813378663,0.27176212829531515,0.24254779813378663,0.05239083854516923,0.27176212829531515,-0.046132505816508955
2,21,11,0.1469613750547074,0.05411182814807367,0.03747706498853376,0.1469613750547074,0.0,0.1469613750547074,0.03747706498853376,0.22265122590631925,0.07568985085161183
2,21,12,0.24932159667900888,0.04975548376296532,0.06245972205817745,0.06341557458467083,0.07503858892807126,0.16283642251488395,0.15114689873471113,0.04385362950333233,-0.29424494706090987
2,21,13,0.1944026316813453,0.1023924005059215,0.0,0.1944026316813453,0.1023924005059215,0.1944026316813453,0.29679503218726677,0.1023924005059215,-0.09201023117542381
2,21,14,0.0,0.0,0.0,0.0,0.5016123752067358,0.0,0.0,0.5016123752067358,0.5016123752067358
2,21,15,0.0,0.0,0.0,0.0,0.4765317564463991,0.0,0.0,0.4765317564463991,0.4765317564463991
2,21,16,0.2202718657888454,0.09163992078369157,0.0,0.15267875155333352,0.09163992078369157,0.15267875155333352,0.05782159087393214,0.09163992078369157,-0.1286319450051538
2,21,17,0.180346421952416,0.0,0.180346421952416,0.0,0.20657103223381695,0.180346421952416,0.0,0.0,0.026224610281400967
2,21,18,0.0,0.6183984604629388,0.0,0.6183984604629388,0.6183984604629388,0.0,0.0,0.6183984604629388,0.6183984604629388
2,21,19,0.7151788669060737,0.0,0.0,0.7151788669060737,0.14990891400931364,0.0,0.0,0.0,-0.5652699528967601
2,21,20,0.10322994157901302,0.04984831056751703,0.03881623450056237,0.0,0.04984831056751703,0.03881623450056237,0.04984831056751703,0.04984831056751703,-0.09219786551205836
2,21,21,0.0,0.0,0.0,0.0,0.0,0.0,0.0,0.4022026603691439,0.4022026603691439
2,21,22,0.10211794842137549,0.12586085630656388,0.059627549605949896,0.14036363503317406,0.07183913435584602,0.12610267316309287,0.03656405544967693,0.06841096059958851,-0.23450607484244246
2,21,23,0.15898301690648808,0.0,0.15898301690648808,0.15898301690648808,0.13146288263540754,0.15898301690648808,0.0,0.13146288263540754,-0.02752013427108055
2,21,24,0.3685995622624253,0.32150163040064333,0.06104032743004849,0.0,0.44587732605712904,0.0,0.24645177322255804,0.2451385927337814,0.01689631525605593
2,21,25,0.19147825729769843,0.33682516367238824,0.0,0.0,0.15243966017647148,0.0,0.0,0.33682516367238824,0.14534690637468975
2,21,26,0.0,0.14992781313988823,0.09966904123821899,0.0,0.14819040660822386,0.11779416631394157,0.0,0.23855175019231217,0.021088542640151652
2,21,28,0.0,0.16985016079952844,0.0,0.0,0.43008556758489896,0.0,0.16985016079952844,0.43008556758489896,0.43008556758489896
2,21,29,0.0,0.0,0.0,1.3809204385152416,0.0,1.3809204385152416,0.0,0.0,-1.3809204385152416
2,21,30,0.7325553776926712,0.0,0.7325553776926712,0.0,0.0,0.0,0.0,0.0,-0.7325553776926712
2,21,31,0.24683265472299099,0.12474009177421246,0.24683265472299099,0.12474009177421246,0.0,0.3017696766767434,0.12474009177421246,0.0,-0.06980306982045999
2,21,32,0.3852912536614613,0.0,0.0,0.3852912536614613,0.0,0.0,0.0,0.0,-0.3852912536614613
2,21,33,0.0,0.18724124541565118,0.0,0.0,0.5545813393832029,0.0,0.36734009396755174,0.5545813393832029,0.5545813393832029
2,21,34,0.0,0.0,0.0,0.0,0.3025153715026897,0.0,0.3025153715026897,0.3025153715026897,0.3025153715026897
2,21,35,1.3522272681857237,0.0,0.0,1.3522272681857237,0.0,0.0,0.0,0.0,-1.3522272681857237
2,21,36,1.2474032157819865,0.0,0.0,0.0,0.0,0.0,0.0,0.0,-1.2474032157819865
2,21,37,0.2494806431563973,0.0,0.6180347765085983,0.308233002929169,0.0,0.308233002929169,0.0,0.0,-0.5592824167358267
2,21,38,1.048517101637585,0.7587541155977872,0.0,0.2897629860397979,0.0,0.0,0.0,0.7587541155977872,0.4689911295579893
2,21,39,0.0,0.02507568991981751,0.05188798680444649,0.0,0.02507568991981751,0.22377127903806493,0.02507568991981751,0.06999607737570951,-0.04999922805346241
2,21,40,0.0,0.0,0.0,0.0,0.0,1.08859418414625,0.0,0.0,-1.08859418414625
2,21,41,0.1329459107002077,0.0,0.0,0.08043946818541824,0.0,0.0,0.0,0.0,-0.21338537888562595
2,21,43,0.05483399831972512,0.04104932693427568,0.04075355471621038,0.07132012374302069,0.047709053290008456,0.05483399831972512,0.029211366785860813,0.05559358266338765,0.028188597939699356
2,21,44,0.0,0.2901172326975141,0.2901172326975141,0.2901172326975141,0.2901172326975141,0.2901172326975141,0.2901172326975141,0.2901172326975141,0.0
2,21,46,0.4426065674320425,0.4426065674320425,0.0,0.0,0.0,0.0,0.0,0.4426065674320425,0.4426065674320425
2,21,49,0.16568966817416758,0.0,0.16568966817416758,0.16568966817416758,0.09676392747966668,0.16568966817416758,0.0,0.0,-0.0689257406945009
2,21,50,0.0,0.7021193177548902,0.0,0.0,0.7021193177548902,0.0,0.7021193177548902,0.7021193177548902,0.7021193177548902
2,21,52,0.0,1.4042386355097807,0.0,0.0,1.4042386355097807,0.0,1.4042386355097807,1.4042386355097807,1.4042386355097807
2,21,53,0.0,0.6235688978535775,0.0,0.0,0.0,0.0,0.0,0.0,-0.6235688978535775
2,21,54,0.15921944323974518,0.21022302693599854,0.15921944323974518,0.15921944323974518,0.4640715906346369,0.15921944323974518,0.27934654994775787,0.4640715906346369,0.30485214739489175
2,21,55,0.0,0.409569602023686,0.0,0.0,0.409569602023686,0.0,0.409569602023686,0.409569602023686,0.409569602023686
2,21,57,0.16902840852321546,0.0,0.0,0.16902840852321546,0.0,0.16902840852321546,0.0,0.19264562683073064,0.023617218307515175
2,21,58,0.0,0.0,0.0,0.0,0.0,0.07510420113904194,0.0,0.08206764432320127,0.006963443184159326
2,21,59,0.0,0.0,0.0,0.0,0.0,1.059172719709865,0.0,0.0,-1.059172719709865
2,21,60,0.47631526227402954,0.3573690882628612,0.4424923565941215,0.7479925786362291,0.3573690882628612,0.4173879166921398,0.21882613836037532,0.4151832311036661,-0.18090021469546957
2,21,61,0.0,0.0,0.0,0.0,0.0,0.0,0.0,0.5358737251325215,0.5358737251325215
2,21,62,0.0,0.0,0.0,0.0,0.0,0.0,0.0,0.4414213480921641,0.4414213480921641
2,21,63,0.09009494590723928,0.0,0.13375987324752878,0.04057120394984378,0.0,0.04057120394984378,0.0,0.0,-0.13375987324752878
2,21,64,1.7463612848389742,1.7463612848389742,1.7463612848389742,1.7463612848389742,0.0,1.7463612848389742,1.7463612848389742,0.0,-1.7463612848389742
2,21,65,0.0,0.08493402834292609,0.0,0.0,0.13860161138668842,0.04125816073128997,0.04367586761163613,0.08493402834292609,0.1410193182670346
2,21,66,0.08237403527170392,0.0,0.03927117981717462,0.1339130739138985,0.0,0.09081021845936921,0.0,0.02399428433201312,-0.06681593412735609
2,21,67,0.7469605695530421,0.0,0.7469605695530421,0.7469605695530421,0.0,0.7469605695530421,0.0,0.0,-0.7469605695530421
2,21,68,0.7469605695530421,0.0,0.7469605695530421,0.8586716954408736,0.09721358609485876,0.8586716954408736,0.0,0.7867861503719917,0.025328041025976866
2,21,69,0.17280233927230693,0.3556652232201886,0.0,0.17280233927230693,0.0,0.17280233927230693,0.17280233927230693,0.0,-0.5284675624924956
2,21,71,0.0,0.42038022576199774,0.0,0.0,0.0,0.0,0.42038022576199774,0.42038022576199774,0.42038022576199774
2,21,72,0.5645232098718851,0.0,1.2257934236974104,0.0,0.0,0.0,0.0,0.0,-1.2257934236974104
2,21,73,0.0,0.0,0.0,0.0,0.0,0.34376658446723685,0.0,0.0,-0.34376658446723685
2,21,74,0.0,0.2668942508866309,0.0,0.10306641007715645,0.2668942508866309,0.0,0.16382784080947438,1.1461558136291954,1.1461558136291954
2,22,1,0.03350869502709723,0.05055654959826578,0.03350869502709723,0.03350869502709723,0.04452898014981492,0.03350869502709723,0.05055654959826578,0.013652320067456201,-0.025883944408091893
2,22,2,0.0,0.19053494101081533,0.0,0.2681351069127626,0.0,0.2681351069127626,0.0,0.27672756234211954,-0.7353976102656974
2,22,3,0.019263077120638992,0.4042179785638192,0.019263077120638992,0.12883301259644556,0.32451126379963874,0.15947506610489182,0.04065223678321988,0.512383848006293,0.37166981688222916
2,22,4,0.16644642513437594,0.42563298310421677,0.09335579489301533,0.21341177101325642,0.12158508362121175,0.09335579489301533,0.0,0.5286980360798975,0.6317411921636288
2,22,5,0.0,0.3252234276420576,0.0,0.1806694504572272,0.3252234276420576,0.1806694504572272,0.3252234276420576,0.3252234276420576,0.3252234276420576
2,22,6,0.2210813092144182,0.48940460832071114,0.2777986622359217,0.2211923241744578,0.39880599342868306,0.21935632189677107,0.28091719612464194,0.3751851538776338,0.13614080611629698
2,22,7,0.17676654524756258,0.17676654524756258,0.0,0.0,0.4165064779049545,0.0,0.17676654524756258,0.17676654524756258,0.4165064779049545
2,22,10,0.15555455981785507,0.23848512285562365,0.13870485131812607,0.0,0.349641099152115,0.0,0.23848512285562365,0.23848512285562365,0.21093624783398893
2,22,11,0.012524154262777861,0.28220118242119974,0.038238784012004146,0.03197971813617839,0.08656423981857242,0.012524154262777861,0.05917801915305877,0.019455563873400535,-0.1667670506694596
2,22,12,0.11422730213221233,0.032625368519393766,0.05411182814807367,0.11422730213221233,0.07158568151595229,0.11422730213221233,0.07158568151595229,0.032625368519393766,-0.04264162061626005
2,22,13,0.2656481612443782,0.5059086624134571,0.2656481612443782,0.2832875247575934,0.2090953583111705,0.2656481612443782,0.41502611729173694,0.043549424567858375,-0.08624655997385425
2,22,14,0.0,0.38276294279899203,0.0,0.0,0.38276294279899203,0.0,0.0,0.38276294279899203,0.38276294279899203
2,22,16,0.9069173543177644,0.0,0.6047885776366806,1.5106623386210645,0.0,0.0,0.0,0.0,-1.812791115302148
2,22,17,0.3812944905592976,0.0,0.3812944905592976,0.0,0.0,0.3812944905592976,0.0,0.0,-0.3812944905592976
2,22,20,0.0,0.4917355560767872,0.0,0.10306641007715645,0.4302031817197622,0.0,0.031708614350220855,0.3393076032681349,0.2777752289111099
2,22,21,0.0,0.2795409899570795,0.0,0.0,0.0,0.0,0.0,0.0,0.2795409899570795
2,22,22,0.7264784905469622,0.0,0.7264784905469622,0.7264784905469622,0.0,0.7264784905469622,0.7264784905469622,0.0,-0.7264784905469622
2,22,23,0.0,0.6212342371406074,0.0,0.0,0.0,0.0,0.0,0.6212342371406074,0.6212342371406074
2,22,24,0.0,0.0,0.0,0.0,1.701494033346475,0.0,0.0,1.7848736213194392,1.7848736213194392
2,22,26,0.05698523980008965,0.31427511658013113,0.07952201407041311,0.24918865055914133,0.7612927597683457,0.24918865055914133,0.22900797760268535,0.44707368590922264,0.4611579851114643
2,22,27,0.0,0.41389346835443575,0.0,0.09662475944733417,1.2761370663340683,0.0,0.31726870890710157,1.2234633601430145,1.2761370663340683
2,22,28,0.11776476627522273,0.0,0.07347446820283614,0.04429029807238658,0.04790242210997959,0.11776476627522273,0.0,0.09595164449647464,-0.021813121778748085
2,22,29,0.0,0.614354403035529,0.0,0.0,0.9993364801050937,0.0,0.614354403035529,0.9993364801050937,0.9993364801050937
2,22,30,0.09015860715320721,0.0,0.10607738045448979,0.196235987607697,0.0543819700137941,0.09015860715320721,0.0,0.0,-0.1418540175939029
2,22,31,0.0,0.6213894536427488,0.0,0.0,0.6213894536427488,0.30713806577728625,0.3142513878654626,1.5574342640723722,1.5574342640723722
2,22,32,0.023724147555520443,0.25432333652225847,0.023724147555520443,0.023724147555520443,0.25432333652225847,0.03721986572789232,0.26781905469463035,0.25355671577164773,0.23272848049709535
2,22,33,0.14939211391060844,0.09829670448568464,0.14939211391060844,0.14939211391060844,0.09829670448568464,0.14939211391060844,0.09829670448568464,0.09829670448568464,-0.0510954094249238
2,22,34,0.6597116546642934,0.2738265339244072,0.0,0.410231011507896,0.2738265339244072,0.0,0.2738265339244072,0.40311662205865606,-0.25659503260563726
2,22,35,0.2295118194251504,0.18475609103509025,0.1646974195010441,0.07898473090861538,0.18475609103509025,0.1646974195010441,0.18475609103509025,0.18475609103509025,0.020058671534046134
2,22,36,0.0,0.22733273700866938,0.0,0.0,0.07446720036794291,0.0,0.22733273700866938,0.22733273700866938,0.22733273700866938
2,22,38,0.0,0.0,1.1290464197437702,0.0,0.0,0.0,0.0,0.0,-1.1290464197437702
2,22,39,0.18674014238826053,0.49800565930692653,0.2237664898367568,0.22663681725683724,0.6284485802499338,0.2237664898367568,0.3957520946529921,0.4195014780583731,0.43083348860356596
2,22,40,0.0,0.8474970718670836,0.0,0.0,1.1456721578118678,0.0,0.8474970718670836,0.3861656247651896,1.1456721578118678
2,22,41,0.0,0.8725331962689922,0.0,0.0,0.8725331962689922,0.0,0.3510596588774451,0.3510596588774451,0.8725331962689922
2,22,42,0.0,0.3510596588774451,0.0,0.0,0.3510596588774451,0.0,0.3510596588774451,2.996140514179546,2.996140514179546
2,22,43,0.0,0.0,0.0,0.0,0.5076681793420789,0.0,0.0,0.0,0.5076681793420789
2,22,44,0.0,0.46868791901575385,0.0,0.0,0.5701283423074753,0.0,0.09045714649056745,0.10144042329172148,0.5701283423074753
2,22,45,0.0,0.23759361162367898,0.0,0.0,0.23759361162367898,0.0,0.09451606200546601,0.23759361162367898,0.23759361162367898
2,22,46,0.0,0.9852391426657106,0.0,0.12688495481866588,0.9852391426657106,0.12688495481866588,0.883841510395132,0.3071772015177645,0.8583541878470448
2,22,48,0.0,1.0475046262182086,0.0,0.281966566263702,1.4369597585413583,0.6714216985868516,1.0475046262182086,1.0475046262182086,1.1549931922776562
2,22,49,0.0,0.7332462107012631,0.0,0.0,0.7332462107012631,0.31622821532228185,0.3276556816189488,0.3276556816189488,0.41701799537898127
2,22,50,0.0,0.1449398017575014,0.0,0.0,0.26494140725389076,0.0,0.1449398017575014,0.15304223612045129,0.417983643374342
2,22,51,0.16688612651829962,0.2554882673863668,0.07749181892476854,0.14712355940531308,0.4368260071519856,0.23318980462032296,0.29099285527024094,0.44046395243925984,0.23020957377295959
2,22,52,0.0,0.8689512035074439,0.0,0.0,0.8689512035074439,0.0,0.7163242618091656,0.8689512035074439,0.8689512035074439
2,22,53,0.0,0.09629983272348572,0.0,0.0,0.11422290453084885,0.0,0.07412945207049246,0.11743831981522315,0.13536139162258626
2,22,54,0.0,0.07357597055258315,0.0,0.0,0.13668408082669437,0.0,0.07357597055258315,0.0631081102741112,0.13668408082669437
2,22,55,0.27777599967474115,0.4142992003493031,0.0,0.0,0.4142992003493031,0.0,0.4142992003493031,0.4142992003493031,0.4142992003493031
2,22,56,0.14617276168014293,0.1157424284090089,0.14617276168014293,0.14617276168014293,0.1157424284090089,0.14617276168014293,0.0,0.1157424284090089,-0.030430333271134022
2,22,57,1.318177372568759,0.06705017377086048,0.26557134173453606,0.1560924165990974,0.04380424208615557,0.18173004031809117,0.02484156799919022,0.02484156799919022,-1.2767648225168924
2,22,58,0.1950082957316103,0.1950082957316103,0.23603944653670803,0.4310477422683183,0.1764380576134784,0.0,0.0,0.0,0.13540690680838066
2,22,59,0.0,0.36184955961656307,0.0,0.19108143089946952,0.36723049267419355,0.0,0.0,0.267984085266612,0.4610959670241446
2,22,60,0.0,0.05761437232340234,0.0,0.0,0.11158407757968618,0.091573863019817,0.05761437232340234,0.05396970525628383,0.020010214559869167
2,22,61,0.4050899995256642,0.47268842103938324,0.0,0.2753126034171258,0.47268842103938324,0.2753126034171258,0.4050899995256642,0.4050899995256642,0.19737581762225742
2,22,62,0.16174035359240735,0.0,0.0,0.07247503320935986,0.0,0.07247503320935986,0.0,0.0,-0.16174035359240735
2,22,63,0.0,0.1249302704183433,0.0,0.0,0.10434511004198309,0.0,0.0,0.12346915548233135,0.17637226797132888
2,22,64,0.0,0.44365155836373327,0.0,0.16442621858773676,0.44365155836373327,0.09415366626240283,0.0,0.44365155836373327,0.3494978921013304
3,1,1,0.0,0.513721671548615,0.0,0.0,0.0,0.0,0.0,0.513721671548615,0.513721671548615
3,1,2,0.0,0.7426799013092754,0.0,0.31348673975254027,0.7426799013092754,0.0,0.7426799013092754,0.31348673975254027,0.7426799013092754
3,1,3,0.0,0.0,0.0,0.0,0.0,0.4005001654674013,0.0,0.0,-0.4005001654674013
3,1,4,0.29113500551986843,0.19212182956530677,0.29113500551986843,0.0,0.19212182956530677,0.0,0.0,0.0,-0.09901317595456166
3,1,5,0.0,0.07936401461717472,0.0,0.1296017544542302,0.1798687101978603,0.1296017544542302,0.0,0.567954630022667,0.49726667641671374
3,1,6,0.08892387732774311,0.0,0.08892387732774311,0.08892387732774311,0.09466216541116679,0.08892387732774311,0.0,0.09466216541116679,0.005738288083423679
3,1,7,0.025621519601798075,0.0,0.025621519601798075,0.025621519601798075,0.2208890950671069,0.05338310513680858,0.1902539463137056,0.1902539463137056,0.16750598993029833
3,1,10,0.0,0.0,0.0,0.0,0.0,0.0,0.0,0.3620122467758967,0.3620122467758967
3,1,11,0.0,0.16173983869884942,0.0,0.0,0.16173983869884942,0.0,0.0,0.4022426693456973,0.4022426693456973
3,1,12,0.19570079620556374,0.1771436328606446,0.0,0.19570079620556374,0.1771436328606446,0.19570079620556374,0.0,0.1771436328606446,-0.018557163344919136
3,1,13,0.0,0.0,0.0,0.0,0.0,0.0,0.0,0.250138763918893,0.250138763918893
3,1,14,0.0,0.0,0.0,0.0,0.10141422374731439,0.0,0.0,0.10141422374731439,0.10141422374731439
3,1,16,0.0,0.40815778945975567,0.0,0.0,0.40815778945975567,0.0,0.0,0.40815778945975567,0.40815778945975567
3,1,17,0.8496316832841789,0.0,0.8496316832841789,0.0,0.0,0.0,0.0,0.0,-0.8496316832841789
3,1,18,0.0,0.0,0.0,0.0,2.5713806577728624,0.0,2.5713806577728624,2.5713806577728624,2.5713806577728624
3,1,19,1.6566246323749532,0.0,1.6566246323749532,0.0,0.0,0.0,0.0,0.4935242565906303,-1.1631003757843228
3,1,21,1.082628970772957,0.0,1.082628970772957,0.0,0.0,0.0,0.0,0.0,-1.082628970772957
3,1,23,0.0,1.0740254181861686,0.0,0.0,1.8984591855455593,0.0,0.48270703095648704,1.3071407983158778,1.8984591855455593
3,1,24,0.0,0.06248872275588785,0.0,0.0,0.09072074174098926,0.03321198178734696,0.03321198178734696,0.0910525273194923,0.12426450910683925
3,1,25,0.0768421146993337,0.0,0.0,0.0,0.0,0.10206026310943526,0.0,0.0,-0.17890237780876897
3,1,26,0.0,0.10283798038777069,0.0,0.0,0.07716299632947834,0.0,0.0,0.07716299632947834,0.18000097671724902
3,1,28,0.27740970263625214,0.27740970263625214,0.0,0.27740970263625214,0.0,0.27740970263625214,0.0,0.18100612338794836,-0.09640357924830378
3,1,29,0.17497813692310976,0.12347554459250637,0.0,0.12347554459250637,0.0,0.17497813692310976,0.0,0.0,-0.17497813692310976
3,1,30,0.06995718797859636,0.03640618684654987,0.06995718797859636,0.06995718797859636,0.03640618684654987,0.06995718797859636,0.10636337482514623,0.2371255503565535,0.16716836237795715
3,1,31,0.13297948415216237,0.3317055151886395,0.14523959946629772,0.31482669562048,0.33016854667096673,0.22814963142398312,0.23156012916345664,0.08748809041395818,0.02353590534743548
3,1,33,0.0,0.0,0.0,0.0,0.0,0.0,0.5796054808781596,0.0,-0.5796054808781596
3,1,34,0.0,0.0,1.3518622847102368,0.0,0.0,0.0,0.0,0.0,-1.3518622847102368
3,1,35,0.0,0.0,0.23963321000698667,0.0,0.056604530894523275,0.0,0.0,0.08521105054669964,-0.09781762856576376
3,1,36,2.887010588727885,0.0,2.887010588727885,0.0,0.0,0.0,0.0,0.0,-2.887010588727885
3,1,37,0.0,0.0,0.3732322917072858,0.0,0.0,0.3732322917072858,0.0,0.0,-0.3732322917072858
3,1,38,0.0,0.13117475219687677,0.0,0.0,0.23721959372377527,0.0,0.0,0.13117475219687677,0.23721959372377527
3,1,39,0.0,0.16173743272606958,0.0,0.0,0.0,0.0,0.0,0.0,0.16173743272606958
3,1,40,0.1496568038582861,0.0,0.0,0.0,0.07398477315830126,0.1496568038582861,0.0,0.0,-0.07567203069998485
3,1,41,0.0,0.13710486576998954,0.0,0.0,0.13710486576998954,0.0,0.048342641550336705,0.17573772573904617,0.17573772573904617
3,1,43,0.0,0.5738076880098107,0.0,0.15343560427947128,0.5556389064984804,0.15343560427947128,0.3258066020049083,0.4572680158072542,0.4022033022190091
3,1,44,0.01564935209435162,0.10907689937081998,0.0790262689199449,0.06870818584570085,0.10867898378014108,0.0,0.09267974455571852,0.10284101929652456,0.02381475037657966
3,1,45,0.10322160984184874,0.09829670448568464,0.21681404644841398,0.10322160984184874,0.19745959269994198,0.10322160984184874,0.09829670448568464,0.19745959269994198,-0.019354453748472007
3,1,46,0.0,0.0,0.0,0.0,0.7951621894538011,0.0,0.0,0.7951621894538011,0.7951621894538011
3,1,47,0.0,0.3382136337121379,0.0,0.04850824966134178,0.28970538405079616,0.0,0.28970538405079616,0.0,0.28970538405079616
3,1,48,0.03632392452734811,0.09290772216501561,0.03632392452734811,0.03632392452734811,0.11737960867122295,0.03632392452734811,0.0912682423392383,0.05494431781189019,0.08105568414387485
3,1,49,0.0,0.22002544641104427,0.0,0.0,0.22002544641104427,0.0,0.0,0.0,0.22002544641104427
3,1,51,0.1263321480257502,0.11767490230928425,0.0,0.0,0.11767490230928425,0.1263321480257502,0.0,0.0,-0.008657245716465964
3,1,52,0.0,0.6152212349371395,0.0,0.0,0.6152212349371395,0.0,0.6152212349371395,0.6152212349371395,0.6152212349371395
3,1,53,0.6639098511480638,0.0,0.0,0.6639098511480638,0.0,0.0,0.0,0.0,-0.6639098511480638
3,1,54,0.0,0.6900736975845468,0.0,0.0,0.0,0.0,0.0,0.6900736975845468,-0.6900736975845468
3,1,55,0.0,0.0,0.0,0.0,0.37634880658125675,0.0,0.0,0.0,0.37634880658125675
3,1,56,0.0,0.0,0.9802747536874789,0.0,0.0,0.0,0.0,0.0,-0.9802747536874789
3,1,57,0.0,0.9829670448568465,0.0,0.0,0.9829670448568465,0.0,0.9829670448568465,0.9829670448568465,0.9829670448568465
3,1,61,1.2870485131812606,0.1403967216054165,0.0,0.0,0.1403967216054165,0.0,0.0,0.0,-1.146651791575844
3,2,1,0.0,0.4361654368979357,0.0,0.0,0.6249981198586025,0.0,0.3413694347644505,0.3413694347644505,0.48501326523841165
3,2,2,0.0,1.8251573808704145,0.0,0.0,1.8251573808704145,0.0,0.0,0.0,1.8251573808704145
3,2,3,0.0,0.05215126687829902,0.0,0.0,0.09718530951405423,0.0,0.0,0.05783203520919434,0.12656942045365624
3,2,4,0.49698738971248596,0.1905349410108153,0.49698738971248596,0.49698738971248596,0.0,0.49698738971248596,0.0,0.0,-0.6875223307233013
3,2,5,0.3530575732366217,0.0,0.3530575732366217,0.0,0.0,0.0,0.0,0.0,-0.3530575732366217
3,2,6,0.0,0.8977000571907725,0.0,0.07108028281183203,0.8977000571907725,0.0,0.20661705936668426,0.8977000571907725,0.8977000571907725
3,2,7,0.0,0.10819197248586716,0.0,0.10819197248586716,0.07552123045012774,0.0,0.0,0.07552123045012774,-0.03267074203573943
3,2,8,0.0,0.2672062949210137,0.0,0.028497624906126208,0.07589634670839095,0.0,0.04739872180226474,0.5925295794193663,0.0940959696220073
3,2,9,0.6273496948529915,0.0,0.6273496948529915,0.6273496948529915,0.0,0.6273496948529915,0.0,0.0,-0.6273496948529915
3,2,11,0.3852912536614613,1.5898662091121005,0.3852912536614613,0.3852912536614613,1.5898662091121005,0.3852912536614613,0.6598621365937164,1.5898662091121005,1.2045749554506393
3,2,12,0.0,0.0,0.0,0.0,0.0,0.19888426780337498,0.19888426780337498,0.0,-0.19888426780337498
3,2,13,0.0,0.3865892113840983,0.0,0.0,0.2184371210792992,0.5256466563597261,0.3865892113840983,0.3865892113840983,-0.13905744497562778
3,2,15,0.3842105734966686,0.459799892256779,0.0,0.0,0.459799892256779,0.0,0.0,0.459799892256779,0.07558931876011038
3,2,16,0.0,1.8588106414765757,0.0,0.0,0.39438864790622263,0.0,0.0,0.39438864790622263,-1.464421993570353
3,2,17,0.2526642960515004,0.0,0.0,0.0,0.2249331125164259,0.0,0.0,0.2249331125164259,-0.027731183535074533
3,2,19,1.0205042885085696,0.0,0.17351755855292178,0.5776535341388547,0.5925611188782776,1.0205042885085696,0.5776535341388547,0.0,-1.044311482552929
3,2,21,0.0,0.25332639085646924,0.0,0.9058737609843838,0.25332639085646924,0.0,0.25332639085646924,0.25332639085646924,-0.6525473701279145
3,2,22,0.0,0.0,0.0,0.0,10.28552263109145,0.0,10.28552263109145,10.28552263109145,10.28552263109145
3,2,24,0.0,0.40015410796323764,0.27925113534178786,0.0,0.40015410796323764,0.0,0.0,0.40015410796323764,0.12090297262144978
3,2,25,0.0,0.0,0.40678877557933835,0.0,0.0,0.0,0.0,0.0,-0.40678877557933835
3,2,26,0.0,0.3311620203833691,0.0,0.0,0.3311620203833691,0.0,0.0,0.3311620203833691,0.3311620203833691
3,2,27,0.17766174367103815,0.48080655509767345,0.0,0.14677559715417282,0.16477223908888755,0.14677559715417282,0.0319145144434041,0.16477223908888755,-0.12412642200922498
3,2,28,0.1231014664848019,0.43464838865884614,0.0,0.35650960241697915,0.19324951889466835,0.16326008352231083,0.0,0.2713883051365353,-0.014973244870577454
3,2,31,0.23750408972289652,0.1990642603359391,0.04979737130353614,0.04979737130353614,0.5020912830019215,0.04979737130353614,0.015358860075888225,0.5106891336285252,0.2162422142584816
3,2,32,0.3521930257052795,0.2335043938014704,0.0,0.0,0.2335043938014704,0.0,0.2335043938014704,0.0,-0.1186886319038091
3,2,33,0.0,0.0,0.0,0.0,0.9427942996736337,0.0,0.0,0.9427942996736337,0.9427942996736337
3,2,34,0.0,0.0,0.0,0.0,0.0,1.5020840227808387,0.0,0.0,-1.5020840227808387
3,2,35,0.0,0.17668527441798249,0.0,0.46828922194000044,0.17668527441798249,0.29160394752201796,0.0,0.17668527441798249,-0.11491867310403547
3,2,36,0.0,0.6083857936234714,0.0,0.0,1.1386100012579639,0.0,0.0,0.0,1.1386100012579639
3,2,37,0.0,0.0,0.0,0.0,0.5679729924670007,0.0,0.0,0.5679729924670007,0.5679729924670007
3,2,38,0.0,0.0,0.0,0.0,2.6001244734156206,0.0,0.0,2.6001244734156206,2.6001244734156206
3,2,39,0.0,0.0,0.0,0.0,3.900186710123431,0.0,0.0,3.900186710123431,3.900186710123431
3,2,40,0.0,0.0,0.0,0.0,0.24471886506207344,0.0,0.0,0.0,0.24471886506207344
3,2,41,0.05641766493472527,0.349087812195857,0.05641766493472527,0.1300365292755513,0.28490315521082815,0.05641766493472527,0.15003357396871064,0.25745717955864145,0.1304960920419693
3,2,42,0.0,0.0,0.0,0.06701739005419445,0.05049514121271081,0.0,0.0,0.04168979398648217,0.025167545144998516
3,2,43,0.0,0.4110300526041484,0.0,0.17177735012859408,0.4110300526041484,0.07336996617795695,0.23925270247555427,0.48644927068246013,0.41307930450450325
3,2,44,0.20386896946300773,0.0,0.12084438925458675,0.20386896946300773,0.07170702689204048,0.08302458020842099,0.12084438925458675,0.07170702689204048,-0.13216194257096728
3,2,45,0.0,0.5927861578895363,0.0,0.0,0.5927861578895363,0.0,0.0,0.8261380628784781,1.4189242207680144
3,2,46,0.0,0.0,0.0,0.0,0.16086123800094884,0.0,0.08297710920446155,0.0,0.16086123800094884
3,2,47,2.2416636656273665,0.0,0.0,2.2416636656273665,0.0,2.2416636656273665,0.0,0.0,-2.2416636656273665
3,2,48,0.0,0.0,0.17950092264095358,0.0,0.12239647693641392,0.0,0.0,0.12239647693641392,-0.05710444570453965
3,2,49,0.0,0.20916145901221003,0.0,0.0,0.20916145901221003,0.0,0.0,0.09951468902759664,0.20916145901221003
3,2,50,0.21740049534582812,0.0,0.0,1.6088218712323332,0.0,0.08030076094118291,0.9523681754060966,0.35875243953922537,-0.8913169921538824
3,2,51,0.0,0.409569602023686,0.0,0.0,0.409569602023686,0.0,0.409569602023686,0.409569602023686,0.409569602023686
3,3,1,0.0,0.5514825110017814,0.0,0.0,0.0,0.0,0.0,0.0,-0.5514825110017814
3,3,2,0.0,0.0,0.0,1.723304315679286,0.0,1.723304315679286,0.0,0.0,-1.723304315679286
3,3,4,0.0,0.18743546298950053,0.0,0.13682299645788779,0.05061246653161274,0.0,0.0,0.1319974633765385,0.1319974633765385
3,3,6,0.0,0.0,1.5870485131812606,0.0,0.0,1.5870485131812606,0.0,0.0,-1.5870485131812606
3,3,7,0.2419098186991667,0.0,0.0,1.7498010949185419,0.0,1.7498010949185419,0.0,0.0,-1.7498010949185419
3,3,8,0.0,0.0,0.0,0.861652157839643,0.0,0.861652157839643,0.0,0.0,-0.861652157839643
3,3,10,0.0,0.0,0.0,0.0,1.7730076447393295,0.0,0.0,1.7730076447393295,1.7730076447393295
3,3,12,0.0,0.5383185805699972,0.0,0.0,0.5383185805699972,0.0,0.5383185805699972,0.5383185805699972,0.5383185805699972
3,3,13,0.0,0.0,0.0,0.0,0.0,0.589137475351677,0.0,0.0,-0.589137475351677
3,3,15,0.13888559378103688,0.0,0.13888559378103688,0.13888559378103688,0.0,0.5963006033153552,0.13888559378103688,0.0,-0.5963006033153552
3,3,16,0.12843041788715376,0.0,0.0,0.12843041788715376,0.16153628553766294,0.12843041788715376,0.0,0.16153628553766294,0.03310586765050919
3,3,18,0.0,0.2529213033006826,0.0,0.0,0.2731119823866596,0.0,0.04273769760247158,0.4926695229718382,0.4926695229718382
3,3,19,0.0,0.0,0.0,0.05752762452690411,0.0,0.0,0.0,0.05352237673252256,-0.00400524779438155
3,3,20,0.0,0.4082228190548438,0.0,0.0,0.4082228190548438,0.0,0.4082228190548438,0.0,0.4082228190548438
3,3,22,0.0,0.0,0.0,0.0,1.0604484152689848,0.0,0.0,0.0,1.0604484152689848
3,3,23,0.5587908384588647,0.1429012057581115,0.0,0.5587908384588647,0.5164471761289372,0.28066572355094704,0.0,0.0,-0.18524486808803897
3,3,25,0.0,0.5110158901984901,0.0,0.34503319556055434,0.34503319556055434,0.0,0.34503319556055434,0.0,0.8560490857590445
3,3,26,0.0,0.21472439774946053,0.0,0.6118057853713906,0.21472439774946053,0.6118057853713906,0.6118057853713906,0.0,-0.3970813876219301
3,3,27,0.8261380628784781,0.8138525737905654,0.0,0.8261380628784781,0.3276556816189488,0.8261380628784781,0.3276556816189488,0.8138525737905654,-0.01228548908791264
3,3,28,0.02248197941631175,0.0,0.08194705513904504,0.02248197941631175,0.42937868282593533,0.02248197941631175,0.0,0.42937868282593533,0.34743162768689023
3,3,29,0.0,0.3378962212741037,0.0,0.0,0.0,0.0,0.0,0.0,0.3378962212741037
3,3,30,0.0,0.8294632531201744,0.0,0.0,0.0,0.0,0.0,0.0,0.0
3,3,32,0.0,0.0,0.0,0.0,1.4826617193547043,0.0,0.0,0.0,1.4826617193547043
3,3,36,0.5367399889390058,0.0,0.0,0.0,0.0,0.5367399889390058,0.0,0.0,-0.5367399889390058
3,3,37,0.840498031829355,0.0,0.0,0.9196267459999022,0.0,0.07912871417054733,0.0,0.06253469097972324,-0.857092055020179
3,3,38,0.0,0.9548822721466509,0.0,0.0,1.0839549205523238,0.0,0.9548822721466509,1.0839549205523238,1.0839549205523238
3,3,39,0.0,0.8600994723340821,0.0,0.0,0.8600994723340821,0.0,0.0,0.0,0.8600994723340821
3,3,40,0.0,0.0,0.0,0.0,0.15262694169827837,0.0,0.0,0.0,0.15262694169827837
3,3,42,0.0,0.17226194578239912,0.0,0.12696035887181406,0.2516404465972134,0.22545499061267732,0.07937850081481433,0.33631892807799624,0.11086393746531893
3,3,44,0.0829956188392269,0.054609280269824804,0.0829956188392269,0.0829956188392269,0.054609280269824804,0.0829956188392269,0.054609280269824804,0.18214447703686754,0.09914885819764063
3,3,45,0.2726277452047004,0.0,0.0,0.0,0.0,0.06878434329183464,0.0,0.18282125203703584,-0.15859083645949917
3,3,46,1.3491743395872153,0.0,1.3491743395872153,1.3491743395872153,0.0,1.3491743395872153,1.3491743395872153,0.0,-1.3491743395872153
3,3,47,0.5095504823985854,0.0,0.0,0.5095504823985854,0.0,0.5095504823985854,0.0,0.0,-0.5095504823985854
3,3,50,0.4161461863087974,0.0,0.0,0.47939744790793076,0.0,0.0,0.0,0.0,-0.6115215191189658
3,3,53,0.1104416421583302,0.4067483614597682,0.5171900036180984,0.0,0.9833390300977087,0.0,0.4067483614597682,0.4067483614597682,0.8728973879393784
3,3,54,0.07125164788510112,0.29418099933432845,0.07125164788510112,0.0498860083278991,0.3354162131268559,0.12353527851385282,0.21530505544288095,0.49711963107414436,0.27334276911164196
3,3,55,0.07078791931503618,0.017552982943872256,0.035848553991599516,0.07078791931503618,0.11967633407917902,0.035848553991599516,0.017552982943872256,0.11967633407917902,0.04888841476414285
3,3,56,0.0,0.0,0.180346421952416,0.4356182216826275,0.0,0.0,0.1462555128615069,0.0,-0.6159646436350434
3,3,57,0.03516185678975082,0.0,0.11040703051572906,0.08096586383930962,0.0,0.03742209647345961,0.0,0.0,-0.15395079788157906
3,3,58,0.0,0.0,0.0,0.0,0.0,0.0,0.0,1.3097709636292307,1.3097709636292307
3,3,59,0.0,0.0,0.0,0.0,0.21428858124355238,0.0,0.0,0.0,0.21428858124355238
3,3,60,0.0,0.31114687863364204,0.0,0.10447930696289,0.20666757167075203,0.09032371357950163,0.0,0.20666757167075203,0.11634385809125042
3,3,61,0.14470223608171562,0.0,0.0,0.15679703864654682,0.07839851932327341,0.14470223608171562,0.15679703864654682,0.07839851932327341,-0.06630371675844221
3,3,62,0.0,0.0,0.0,0.0,0.09640440138808953,0.07129585994829778,0.0,0.07460694938472842,0.09971549082452018
3,3,63,0.34475148647709186,0.34475148647709186,0.0,0.0,0.0,0.0,0.0,0.0,-0.34475148647709186
3,3,65,0.05710205487606296,0.6874716807575256,0.06972829053596026,0.0,0.6874716807575256,0.0,0.31547005175017184,0.6874716807575256,0.6303696258814626
3,3,66,0.46685035597065133,0.0,0.46685035597065133,0.46685035597065133,0.0,0.46685035597065133,0.0,0.0,-0.46685035597065133
3,4,1,0.0,0.3071772015177645,0.0,0.0,0.9383959251088471,0.0,0.9383959251088471,0.3071772015177645,0.9383959251088471
3,4,2,0.0,0.0,0.0,0.0,0.9523681754060966,0.0,0.0,0.0,0.9523681754060966
3,4,3,0.0,0.9171932198443588,0.0,0.0,0.9171932198443588,0.0,0.9171932198443588,0.0,0.9171932198443588
3,4,4,0.0,0.0,0.0,0.0,0.0,0.5198271841338327,0.0,0.0,-0.5198271841338327
3,4,5,0.12737555459179614,0.18664358772611775,0.37685619774819346,0.43842840896525115,0.18664358772611775,0.43842840896525115,0.18664358772611775,0.18664358772611775,-0.2517848212391334
3,4,7,0.9230606687676434,0.0,0.0,0.6257815085428146,0.0,0.0,0.0,0.0,-0.9230606687676434
3,4,8,0.0,0.1269800649617973,0.0,0.1269800649617973,0.11763341243792252,0.26010621653055227,0.0,0.2837944476629793,0.023688231132427018
3,4,9,0.14968811012905495,0.444163567492359,0.3278885695264816,0.7635979022391759,0.2944754573633041,0.40194671492889883,0.21554007566331088,0.41358915446753886,0.012966203951356978
3,4,10,0.0,0.39585243059863645,0.0,0.0,0.39585243059863645,0.0,0.0,0.39585243059863645,0.39585243059863645
3,4,12,0.0,0.0,0.0,0.9516371611399942,0.0,0.9516371611399942,0.0,0.0,-0.9516371611399942
3,4,13,0.0,0.0,0.0,0.15289311001562414,0.0,0.08825220630116942,0.0,0.0,-0.02361130258671469
3,4,14,0.1788558940197991,0.47850540495110855,0.1788558940197991,0.1788558940197991,0.5501082601669516,0.1788558940197991,0.0,0.9088587324830276,0.7300028384632286
3,4,16,0.0,0.0,0.0,0.38309978206366957,0.0,0.423268246292193,0.0,0.0,-0.423268246292193
3,4,17,0.06370280707024133,0.027235320754235542,0.01931970153283012,0.022289460464599842,0.0,0.08677427689855981,0.0,0.0,-0.1554229442584368
3,4,18,0.04089983338055666,0.0,0.0,0.0,0.006917142631878193,0.11403595282413509,0.07319727857939534,0.0062998691739303845,-0.14171877439888314
3,4,20,0.0,0.07452215558020207,0.0,0.0,0.6885962348385829,0.0,0.0,0.0,0.7004767659768731
3,4,21,0.15572845173153704,0.10858951485387469,0.12182095222332717,0.28027141901542146,0.09707620429039228,0.27497135835562947,0.030694528670942713,0.21672539878628136,-0.0779979971051127
3,4,23,0.0,0.0,0.0,0.1372253870691849,0.0,0.1372253870691849,0.0,0.30525388339655674,0.16802849632737182
3,4,24,0.0,2.457417612142116,0.0,0.0,2.457417612142116,0.0,2.457417612142116,2.457417612142116,2.457417612142116
3,4,25,0.0,0.03510596588774451,0.0,0.0,0.03510596588774451,0.8541331900781489,0.03510596588774451,0.11182883813679906,-0.7423043519413499
3,4,26,0.5437997516456403,0.17177735012859408,0.0,0.17177735012859408,0.17177735012859408,0.0,0.0,0.17177735012859408,-0.37202240151704624
3,4,27,0.0,0.0,0.28739078757468944,0.0,0.0,0.0,0.0,0.0,-0.28739078757468944
3,4,28,0.0,0.0,0.0,0.42294984939555297,4.946602604156345,0.42294984939555297,0.0,4.946602604156345,4.523652754760792
3,4,32,0.0,1.5768490326124838,0.0,0.0,1.5768490326124838,0.0,0.0,0.0,1.5768490326124838
3,4,33,0.0,0.0,0.11471300309108794,0.10138973541412746,0.0,0.10138973541412746,0.0,0.10138973541412746,-0.11471300309108794
3,4,34,0.06652400788247918,0.06488779387127658,0.0,0.041398293982945915,0.4960439624448492,0.019569430093020482,0.10085115971425367,0.3835057341322742,0.43177938835927504
3,4,35,0.05335432639664586,0.03510596588774451,0.05335432639664586,0.05335432639664586,0.03510596588774451,0.291484630579385,0.03510596588774451,0.03510596588774451,-0.2563786646916405
3,4,37,0.0,0.614354403035529,0.0,0.0,0.9366017844760044,0.0,0.614354403035529,0.614354403035529,0.9366017844760044
3,4,38,0.0,1.0715704721728847,0.0,0.06377121876052404,1.0715704721728847,0.06377121876052404,1.0088345986688687,1.1664670623949667,1.1026958436344425
3,4,39,0.05047030875358393,0.0,0.05047030875358393,0.11846443179246907,0.05920243699347593,0.19929953001006429,0.0,0.05920243699347593,-0.14009709301658835
3,4,40,0.2669905752537286,0.0,0.0,0.2669905752537286,0.0,0.2669905752537286,0.0,0.0,-0.2669905752537286
3,4,41,0.06035822011848322,0.0,0.0,0.10835806219629703,0.0,0.10835806219629703,0.0,0.05579909696496199,-0.05255896523133503
3,4,42,0.34088763140126266,0.023751145835918183,0.34088763140126266,0.34088763140126266,0.023751145835918183,0.19123624599538352,0.0,0.20654530109458155,-0.3255785763020646
3,4,43,0.0,0.0,0.0,0.0,0.0,0.664644140900227,0.0,0.0,-0.664644140900227
3,4,45,0.0,0.35499099265177564,0.0,0.0,0.0,0.0,0.0,0.35499099265177564,0.35499099265177564
3,4,46,0.03887823617434003,0.0,0.286854566358912,0.24797633018457196,0.030892280617197586,0.5348308965434839,0.0,0.030892280617197586,-0.5039386159262864
3,4,47,0.03578939783494521,0.028707308791873547,0.07653045299059617,0.040741055155650976,0.023204399165836772,0.10930742432266216,0.0,0.023204399165836772,-0.11481033394869895
3,4,48,0.0,0.0,0.0,0.1038206047451765,0.0,0.1038206047451765,0.0,0.0,-0.1038206047451765
3,4,49,0.7325553776926712,0.0,0.7325553776926712,0.0,0.0,0.0,0.0,0.0,-0.7325553776926712
3,4,50,0.0,0.0,0.0,0.13126029808827505,0.07553414375029688,0.13126029808827505,0.0,0.07553414375029688,-0.05572615433797817
3,4,51,0.15119714440917015,0.24242571110996022,0.0,0.15119714440917015,0.24242571110996022,0.15119714440917015,0.3067105992872059,0.0,0.09122856670079009
3,4,52,0.0,0.1270232940072102,0.0,1.3809204385152416,0.11782760169655387,1.3809204385152416,0.0,0.0,-1.3901161308258978
3,4,55,0.0,3.0919923023146936,0.0,3.0919923023146936,3.0919923023146936,0.0,0.0,3.0919923023146936,3.0919923023146936
3,5,1,0.539351833050988,0.5416455292220821,0.554272226278608,0.7073064622619215,0.15745538987138638,0.7024731718931028,0.02855102743803148,0.2763105946399711,-0.8729775506136671
3,5,2,0.0,0.16849924375066228,0.0,0.0,0.36747853559211596,0.0,0.0,0.36747853559211596,0.36747853559211596
3,5,3,0.0,0.0,0.0,0.0,0.5006158631997392,0.0,0.5006158631997392,0.0,0.5006158631997392
3,5,5,0.21689694819115224,0.21689694819115224,0.38639227134920984,0.21689694819115224,0.21689694819115224,0.21689694819115224,0.21689694819115224,0.21689694819115224,-0.16949532315805763
3,5,6,0.0,2.6428535647206415,0.0,0.0,2.6428535647206415,0.0,2.6428535647206415,2.6428535647206415,2.6428535647206415
3,5,7,0.0,0.22742802745563928,0.0,0.0,0.11522874464680467,0.0,0.11522874464680467,0.22742802745563928,0.22742802745563928
3,5,8,0.0,0.10213456911875869,0.0,0.0,0.10213456911875869,0.0,0.10213456911875869,0.25609544453836375,0.25609544453836375
3,5,9,0.0,0.344221249251466,0.0,0.1950073504820092,0.396806402305629,0.0,0.14921389876945684,0.20179905182361987,0.396806402305629
3,5,11,0.0,0.0,0.0,0.0,0.2651121038172462,0.0,0.0,0.0,0.2651121038172462
3,5,12,0.25473622841716637,0.0,0.25473622841716637,0.0,0.0,0.0,0.0,0.0,-0.25473622841716637
3,5,14,0.0,0.0,0.0,0.488483081937319,0.488483081937319,0.0,0.488483081937319,0.488483081937319,0.488483081937319
3,5,15,0.0,0.30715023347321685,0.0,0.0,0.30715023347321685,0.0,0.30715023347321685,0.30715023347321685,0.30715023347321685
3,5,16,0.0,0.0,0.0,0.0,0.0,0.0,0.0,0.133516582170073,0.133516582170073
3,5,18,0.4377012201115193,0.2657154492909669,0.6129167722314279,0.26677163198322934,0.2657154492909669,0.26677163198322934,0.0,0.2657154492909669,-0.3472013229404611
3,5,19,0.0,0.0,0.0,0.0,0.19681559054211498,0.0,0.0,0.0,0.19681559054211498
3,5,20,0.4396475974745409,0.09369673643377859,0.4396475974745409,0.5333443339083196,0.09369673643377859,0.9055058017870298,0.0,0.09369673643377859,-0.8118090653532511
3,5,21,0.3150134007972167,0.0,0.0,0.4071804554701775,0.07175889140765472,0.09216705467296084,0.07175889140765472,0.07175889140765472,-0.3354215640625228
3,5,22,0.0,0.0,0.7862987782135424,0.0,0.4032743797257641,0.0,0.0,0.0,-0.3830243984877784
3,5,23,0.7643257235978781,0.0,0.0,0.0,0.0,0.0,0.0,0.0,-0.7643257235978781
3,5,24,0.09355524118364901,0.3375621208508937,0.0,0.0,0.09494916298574672,0.0,0.09494916298574672,0.5955250608242671,0.4475312650660994
3,5,25,0.1396082117169483,0.0,0.1396082117169483,0.33373382350113423,0.05494040123398564,0.33373382350113423,0.05494040123398564,0.05494040123398564,-0.2787934222671486
3,5,26,0.0,0.9583693342471277,0.0,0.6183984604629387,0.9583693342471277,0.0,0.2033676161841206,0.9583693342471277,0.9583693342471277
3,5,27,0.0,0.6620046212217354,0.0,0.45062076157007896,0.6620046212217354,0.0,0.39585243059863645,0.26615219062309897,0.2113838596516565
3,5,28,0.0,0.0,0.0,0.12399959203435229,0.1104391929796946,0.12399959203435229,0.0,0.1104391929796946,-0.013560399054657696
3,5,29,0.18900804047833,0.4785437814481635,0.0,0.4961461062556163,0.12952729261508117,2.8206576299294204,0.0,0.12952729261508117,-3.1696741187625026
3,5,30,0.0,0.19324951889466835,0.48023674894783,0.19324951889466835,0.19324951889466835,0.32334134924236224,0.0,0.19324951889466835,-0.6103285792955239
3,5,31,0.28896766309510613,0.1265446811770847,0.0,0.9104203805232509,0.1265446811770847,0.582904897811788,0.1265446811770847,0.0,-0.7838756993461663
3,5,32,0.0,0.0,0.2903083862297825,0.0,0.0,0.2903083862297825,0.0,0.0,-0.2903083862297825
3,5,33,0.2311569254476679,0.0,0.2311569254476679,0.2311569254476679,0.0,0.2311569254476679,0.0,0.0,-0.2311569254476679
3,5,34,0.0,0.668794863207811,0.2563876746864242,0.0,0.9251825378942352,0.0,0.668794863207811,0.668794863207811,0.668794863207811
3,5,35,0.05508308776855199,0.27818568186007403,0.0,0.0,0.0,0.05508308776855199,0.0,0.1331773878210527,-0.249635134454669
3,5,36,0.0,1.6382784080947441,0.0,0.0,1.9957918839784277,0.0,1.6382784080947441,2.204240853910838,2.204240853910838
3,5,37,0.0,0.0,0.0,0.0,0.0,0.0,0.0,0.8255996541755506,0.8255996541755506
3,5,38,0.08254874222086676,0.08097429512268406,0.0,0.0,0.0,0.0,0.0,0.08097429512268406,-0.0015744470981827047
3,5,40,0.0,0.0,0.0,0.0,0.33315724269323926,0.0,0.0,0.0,0.33315724269323926
3,5,41,0.07927444272662103,0.7035430431684088,0.0,0.17177735012859408,1.0426148865441525,0.04172455618835663,0.5147727226221998,2.2570161725763462,2.315723868736607
3,5,42,0.0,0.6927644828981714,0.0,0.0,0.6927644828981714,0.0,0.0,0.0,0.6927644828981714
3,5,44,0.0,0.7902235864110715,0.0,0.0,0.7902235864110715,0.0,0.0,1.155236353037719,1.155236353037719
3,5,45,0.6712384419514886,0.0,0.0,0.0,0.0,0.0,0.0,0.0,-0.6712384419514886
3,5,46,0.08661031766183656,0.14042386355097805,0.4496403847097371,0.0,0.2395867517652354,0.0,0.14042386355097805,0.2395867517652354,-0.21005363294450174
3,5,47,0.0,0.4252849386552234,0.0,0.0,0.4252849386552234,0.0,0.4252849386552234,0.4252849386552234,0.4252849386552234
3,5,50,0.0,0.8751544059089099,0.0,0.0,0.0,0.0,0.0,0.8751544059089099,0.8751544059089099
3,5,51,0.0,0.1965934089713693,0.0,0.0,0.1965934089713693,0.0,0.1965934089713693,0.1965934089713693,0.1965934089713693
3,5,52,0.0,0.0,0.0,0.0,0.3366193336218771,0.0,0.0,0.3366193336218771,0.3366193336218771
3,5,54,0.0,0.10921856053964961,0.0,0.0,0.1841071133177217,0.0755304455579073,0.10921856053964961,0.1841071133177217,0.10857666775981441
3,5,55,0.030132753201277784,0.013477342159081059,0.017875437374537385,0.03377929382771414,0.013477342159081059,0.049771642747996024,0.0,0.0,-0.06621052516705166
3,5,56,0.014453976220173902,0.004403974215308452,0.02867484103362606,0.027121918865426878,0.021888789214792075,0.027121918865426878,0.013824165189497091,0.015936666985749852,-0.015682082846139866
3,5,57,0.5562502298158352,0.0,0.0,0.5562502298158352,0.0,0.0,0.0,0.0,-0.5562502298158352
3,5,58,0.0,0.0,0.0,0.0,0.2545076196645564,0.0,0.0,0.0,0.2545076196645564
3,5,59,0.0,0.4138808609923564,0.0,0.0,0.6593548090555551,0.0,0.6593548090555551,0.4138808609923564,0.6593548090555551
3,5,60,0.31283266253523695,0.0,0.5012568896984059,0.2486740123300967,0.0,0.31283266253523695,0.0,0.0,-0.6991725415331748
3,6,1,0.0,0.0,0.0,0.0,2.065788704515749,0.0,0.0,0.0,2.065788704515749
3,6,2,0.0,0.07776610334633198,0.0,0.0,0.07776610334633198,0.0,0.048446306063273104,0.08886048361248998,0.11818028089554884
3,6,3,0.0,0.0,0.0,0.0,0.9089557845162727,0.0,0.0,0.0,0.9089557845162727
3,6,4,0.2632824363620513,0.5119787101582256,0.2632824363620513,0.38312634729007217,0.5893291231833161,0.2632824363620513,0.2632824363620513,0.5893291231833161,0.3260466868212648
3,6,5,0.0,0.0,0.0,0.0,0.7887772958124453,0.0,0.0,0.7887772958124453,0.7887772958124453
3,6,6,0.35687516805661296,0.0,0.35687516805661296,0.0,0.0,0.0,0.0,0.0,-0.35687516805661296
3,6,7,0.0,0.347649024927698,0.0,0.0,0.443744482625976,0.0,0.0,0.1061285653146734,0.5498730479406494
3,6,8,0.0,0.0,0.09676392747966668,0.0,0.1237749160545889,0.0,0.0,0.07664387537596735,0.027010988574922217
3,6,9,0.09495660955171863,0.116137399227133,0.1003724296811392,0.05032394936019489,0.188991222748411,0.05032394936019489,0.032155237564468246,0.15756119736131402,0.11218818357946543
3,6,11,0.18087739513704076,0.18087739513704076,0.0,0.0,0.18087739513704076,0.0,0.18087739513704076,0.18087739513704076,0.18087739513704076
3,6,13,0.0,0.0,0.0,0.0,0.18718549926080283,1.1558737609843837,0.03174544021941805,0.15544005904138478,-0.9686882617235807
3,6,15,0.0,0.20732640759442142,0.0,0.0,0.4998404108536788,0.0,0.20732640759442142,0.4998404108536788,0.4998404108536788
3,6,16,0.3160894345644287,0.36608249243971624,0.3160894345644287,0.0,0.6128337802731355,0.10305509825852342,0.05024549652440893,0.36608249243971624,0.19368924745018345
3,6,17,0.0,0.21571285209881014,0.0,0.0,0.18514824428761412,0.0,0.05603416421470849,0.18514824428761412,0.08467199339698839
3,6,19,0.0,0.0,0.0,0.0,0.2645080855302101,0.15020840227808388,0.2645080855302101,0.0,0.11429968325212622
3,6,21,0.581127880918451,0.521473537391547,0.581127880918451,0.581127880918451,0.521473537391547,0.581127880918451,0.0,0.0,-0.05965434352690402
3,6,22,0.0,0.0,0.0,0.0,1.1496581306395102,0.0,0.0,1.1496581306395102,1.1496581306395102
3,6,24,1.022662894203788,0.0,1.022662894203788,1.022662894203788,0.5293503559706514,0.0,0.0,0.5293503559706514,-0.4933125382331367
3,6,25,0.0,0.6032808992763176,0.0,0.0,0.6032808992763176,0.0,0.0,0.6032808992763176,0.6032808992763176
3,6,26,0.10287698144424672,0.0,0.10287698144424672,0.10287698144424672,0.2677897615234896,0.19284843592672588,0.3577612160059687,0.0,0.07494132559676371
3,6,30,0.12962879984821254,0.7038352857895429,0.0,0.0,0.7038352857895429,0.0,0.12962879984821254,0.8679705744359455,0.8679705744359455
3,6,31,0.5832078950440359,1.883484628302615,0.0,0.8408739202369271,1.883484628302615,0.9803176920827018,1.811916701115094,1.883484628302615,0.9031669362199133
3,6,32,0.03951650692612345,0.0,0.057069640056791375,0.03951650692612345,0.1386972480433219,0.03951650692612345,0.0,0.0,0.04211110106040708
3,6,33,0.0,0.09058737609843838,0.0,0.07776105267253812,0.20890397047030518,0.07776105267253812,0.0,0.20890397047030518,0.13114291779776707
3,6,34,2.3328315801761437,0.0,0.0,2.3328315801761437,0.0,2.3328315801761437,2.3328315801761437,0.0,-2.3328315801761437
3,6,35,0.048925199051390936,0.0,0.0,0.048925199051390936,0.06630799074352976,0.048925199051390936,0.0,0.06165174283133752,0.03797531557206527
3,6,36,0.0,0.5196789937679034,0.0,0.0,0.5397154655101409,0.0,0.4434650173635772,0.5397154655101409,0.4635014891058148
3,6,37,1.5555455981785506,1.5555455981785506,0.0,0.0,1.5555455981785506,0.0,1.5555455981785506,1.5555455981785506,1.5555455981785506
3,6,38,0.0,0.708170507891268,0.0,0.0,0.0,0.0,0.0,0.0,0.708170507891268
3,6,39,0.18410972329003542,0.355478827969824,0.0,0.1273341553610222,0.5352100167479941,0.0,0.0,0.30706534413919223,0.35110029345795857
3,6,40,0.0,1.5480981773355549,0.0,0.0,0.8948355224413308,0.7193056930026083,0.17552982943872258,0.9651792175755034,0.31191656268127943
3,6,41,0.06794184457711831,1.2835077327402766,0.06478157705073495,0.12415988643738546,1.4670493002171243,0.06794184457711831,0.9723900529581243,0.5594408243097351,1.3991074556400063
3,6,42,0.0,0.33377171534695455,0.0,0.0,0.33377171534695455,0.0,0.0,0.33377171534695455,0.33377171534695455
3,6,43,0.4674738898705948,1.843063209106587,0.13533582409330855,0.0,2.1752012748838734,0.4674738898705948,1.843063209106587,1.843063209106587,1.3755893192359923
3,6,44,0.0,0.0,0.0,0.0,0.0,0.0,0.0,0.8804395941354834,0.8804395941354834
3,6,45,0.02174391890987935,0.0795045706806595,0.0,0.007941481585153311,0.22735787191130014,0.007941481585153311,0.03442915504535063,0.06001557101370852,0.2056139530014208
3,6,46,0.07927444272662103,0.1262595394149486,0.0,0.0,0.3488337881719847,0.10859111786744775,0.3626299772970358,0.5510190170820526,0.4785741626852083
3,6,47,0.01527806807081523,0.025230014342708607,0.008015950432259904,0.008015950432259904,0.04449466962454524,0.008015950432259904,0.03558750972380016,0.03489100703715827,0.026148999108480484
3,6,48,0.0,0.0,0.0,0.9604987066614358,2.5360028489790145,0.0,0.0,3.4965015556404504,3.4965015556404504
3,6,49,0.0,0.12869917733954558,0.0,0.21008121516310954,0.6764134210781273,0.0,0.0,0.6460453361273252,0.5950313832545633
3,6,50,0.13928830573902082,0.12116936622663649,0.13928830573902082,0.13928830573902082,0.12116936622663649,0.05297592691865547,0.03485698740627115,0.12116936622663649,0.06819343930798101
3,6,52,0.0,0.0,0.0,0.0,0.0,0.0,0.0,0.2794892623216443,0.2794892623216443
3,7,1,0.0,0.0,0.0,0.0,0.0,0.0,0.0,1.4375900299650002,1.4375900299650002
3,7,2,0.0,0.16301527310479733,0.0,0.0,0.0,0.0,0.0,0.16301527310479733,0.0
3,7,4,0.034581507849677874,0.057259116709531356,0.034581507849677874,0.09184062455920923,0.23205909023393145,0.034581507849677874,0.0,0.6368993605665108,0.7771178262412329
3,7,5,0.08072558144854991,0.06711042916187177,0.08072558144854991,0.0,0.06711042916187177,0.030964845404434796,0.03306377012863772,0.06711042916187177,-0.011516227562475237
3,7,6,0.0,0.2124511523673804,0.0,0.0,0.4132030547203377,0.0,0.0,0.2124511523673804,0.4132030547203377
3,7,7,0.0,0.0,0.451987528421487,3.137139259231311,0.0,0.0,0.0,0.0,-3.589126787652798
3,7,8,0.0,0.056306595731702595,0.035067997894770546,0.0,0.03059911923410348,0.0,0.0,0.08103256807190647,0.10227116590883852
3,7,9,0.7469605695530421,0.0,0.7469605695530421,0.7469605695530421,0.0,0.933891734181231,0.0,0.0,-0.933891734181231
3,7,11,3.0079851293216437,0.0,2.7740970263625213,2.7740970263625213,0.0,2.7740970263625213,0.0,0.0,-3.0079851293216437
3,7,12,0.0,0.2691592902849986,0.0,0.0,0.2691592902849986,0.0,0.0,0.2691592902849986,0.2691592902849986
3,7,13,1.5496743491158693,0.0,1.5496743491158693,0.0,0.0,0.0,0.0,0.0,-1.5496743491158693
3,7,14,0.0,0.0,0.0,0.39564357085273666,0.0,0.39564357085273666,0.0,0.0,-0.39564357085273666
3,7,16,0.0,0.0,0.15952501003111308,0.0,0.0,0.0,0.0,0.0,-0.15952501003111308
3,7,18,0.0,0.4373672097591943,0.0,0.0,0.4373672097591943,0.0,0.0,0.4373672097591943,0.4373672097591943
3,7,20,0.10340144703472307,0.08086991934942471,0.0,0.0,0.08086991934942471,0.0,0.0,0.08086991934942471,-0.022531527685298355
3,7,21,0.12986838755537683,0.15073240421228018,0.0,0.23145243952481467,0.04914835224284232,0.318984547315266,0.04914835224284232,0.5448311899699292,0.35571503021004003
3,7,23,0.04851661618439363,0.17552982943872256,0.3841791822740073,0.0,0.22048565551857152,0.0,0.17552982943872256,0.22048565551857152,-0.1636935267554358
3,7,24,0.0,0.0,0.0,0.0,0.2508061876033679,0.2542376780574646,0.0,0.2508061876033679,-0.003431490454096686
3,7,25,0.0,0.5079202598471892,0.0,0.5079202598471892,0.0,0.5079202598471892,0.0,0.0,-0.5079202598471892
3,7,26,0.0,0.7618803897707839,0.0,0.7618803897707839,0.0,0.7618803897707839,0.0,0.0,-0.7618803897707839
3,7,27,0.0,0.44680320220765746,0.0,0.0,0.44680320220765746,0.0,0.44680320220765746,0.44680320220765746,0.44680320220765746
3,7,28,0.0,0.0,0.0,0.0,0.20657103223381695,0.0,0.0,0.0,0.20657103223381695
3,7,29,0.0,0.126021416007288,0.0,0.0,0.126021416007288,0.0,0.126021416007288,0.126021416007288,0.126021416007288
3,7,30,0.07323142838755314,0.0,0.15102792413173258,0.07323142838755314,0.0,0.07323142838755314,0.0,0.0,-0.15102792413173258
3,7,31,0.3093225630779877,0.6900736975845468,0.3093225630779877,0.0,0.0,0.0,0.0,0.6900736975845468,-0.9993962606625346
3,7,32,0.23550576446977958,0.21959423615305415,0.0912348964682169,0.5906167861601279,0.08746910009510134,0.14096268403704856,0.660441045370071,0.11980713115596105,-0.2854901062405167
3,7,33,0.1572364095274219,0.0,0.3648227006382258,0.1572364095274219,0.1572364095274219,0.3648227006382258,0.0,0.1572364095274219,-0.050349881583381995
3,7,34,2.1401120260740587,0.0,0.0,0.0,0.0,0.0,0.0,0.0,-2.1401120260740587
3,7,35,0.0,0.5483241004434092,0.0,0.4176443455740159,0.0,0.0,0.4176443455740159,0.5483241004434092,0.0
3,7,36,0.0,0.03220825314911139,0.0,0.03220825314911139,0.08577868351937935,0.06535706790065231,0.0,0.08577868351937935,0.020421615618727046
3,7,39,0.0,0.0,0.0,0.0,0.0,0.0,0.0,0.435685689186554,0.435685689186554
3,7,40,0.0,0.546092802698248,0.0,0.0,0.546092802698248,0.0,0.546092802698248,0.546092802698248,0.546092802698248
3,7,41,0.0,0.1918495913865215,0.1452817055640494,0.0,0.1918495913865215,0.0,0.046807954516992684,0.09450786440676605,0.04656788582247211
3,7,42,0.0,0.0,0.0,0.25376990963733176,0.0,0.25376990963733176,0.0,0.0,-0.25376990963733176
3,7,43,0.23388810295912252,0.5892276735967547,0.23388810295912252,0.23388810295912252,0.5892276735967547,0.0,0.5892276735967547,0.20478480101184302,0.35533957063763216
3,7,44,0.0,0.3562646172532856,0.0,0.2937669158327698,0.9244468937207244,0.036100890639878716,0.31298846605324343,0.7903944272424162,1.054179794164261
3,7,45,0.0,2.433543174493886,0.0,0.0,2.433543174493886,0.0,0.0,0.0,2.433543174493886
3,7,46,1.0274291800792097,0.26280817210208063,0.0,1.0274291800792097,0.26280817210208063,1.0274291800792097,0.0,0.0,-0.7646210079771291
3,7,47,0.10998625749452613,0.046807954516992684,0.0,0.10116721541303829,0.046807954516992684,0.10116721541303829,0.046807954516992684,0.046807954516992684,-0.16434551839057174
3,7,48,0.20748904709806726,0.0,0.20748904709806726,0.20748904709806726,0.0,0.20748904709806726,0.0,0.0,-0.20748904709806726
3,7,49,0.0,0.1157424284090089,0.0,0.0,0.22013942344300902,0.0,0.0,0.22013942344300902,0.22013942344300902
3,7,50,0.0,0.19324951889466835,0.0683869817903063,0.19324951889466835,0.817869993933475,0.06497839801672908,0.0,0.19324951889466835,0.6845046141264397
3,8,2,0.06201659518030058,0.5488430378116729,0.0,0.11996690118112915,0.5149237425420775,0.09000592344912395,0.28164058452446317,0.46477902003100213,0.662159294648158
3,8,3,0.0,0.41182892681437683,0.16934080173827057,0.16934080173827057,1.064985437302127,0.11739194588473112,0.16382784080947438,0.41182892681437683,0.7782526896791253
3,8,4,0.0,0.0,0.6047885776366806,0.6047885776366806,0.0,0.0,0.0,0.0,-0.6047885776366806
3,8,5,0.08274178713715695,0.08274178713715695,0.0,0.0,0.08274178713715695,0.0,0.08274178713715695,0.08274178713715695,0.08274178713715695
3,8,8,0.0,7.142761315545725,0.0,0.0,7.142761315545725,0.0,7.142761315545725,7.142761315545725,7.142761315545725
3,8,9,0.0,0.02792520013797859,0.0,0.1671128121256853,0.02792520013797859,0.106970295574831,0.02792520013797859,0.02792520013797859,-0.1391876119877067
3,8,10,0.0,0.8581458328115326,0.0,0.0,0.9253649256332026,0.0,0.8581458328115326,0.9253649256332026,0.9253649256332026
3,8,11,0.0,0.13276318560090003,0.0,0.0,0.2297341843147782,0.0,0.08477242260204268,0.2297341843147782,0.2297341843147782
3,8,12,0.0,0.0,0.7380845906161916,0.0,0.0,0.7380845906161916,0.0,0.0,0.0
3,8,13,0.13667989443825201,0.0,0.0,0.28215326848640065,0.0,0.28215326848640065,0.0,0.0,0.0
3,8,14,0.0,0.3707926898573451,0.0,0.0,0.4100538129654962,0.0,0.22826265606224164,0.1936499021161456,0.4611736812865384
3,8,16,0.0,1.1444120409357372,0.0,0.0,1.1444120409357372,0.0,0.08622517937340757,0.08622517937340757,1.1444120409357372
3,8,18,0.0,0.5333226288428228,0.0,0.14723772868165205,0.5771435897212919,0.0,0.38608490016117075,0.5022449057008689,0.5771435897212919
3,8,20,0.0,0.9285594624653767,0.33394417113439956,0.0,0.9285594624653767,0.0,0.688466997687434,0.9285594624653767,0.5946152913309771
3,8,23,0.0,0.0,0.0,0.0,0.0,0.0,0.0,0.44702144686034695,0.44702144686034695
3,8,24,0.0,0.14763008278735582,0.0,0.14763008278735582,0.14763008278735582,0.0,0.14763008278735582,1.2974917750772406,1.2974917750772406
3,8,25,0.0,0.6826160033728099,0.0,1.3809204385152416,0.6826160033728099,1.3809204385152416,0.6826160033728099,0.6826160033728099,-0.6983044351424317
3,8,26,0.17262938166698333,0.0,0.0,0.17262938166698333,0.0,0.0,0.0,0.18314754514429346,0.010518163477310133
3,8,27,0.0,0.514914279271771,0.0,0.0,0.514914279271771,0.0,0.2462029329696038,0.7591558202404306,0.7591558202404306
3,8,28,0.0,0.28109020930133577,0.0,0.28109020930133577,0.4732811246978917,0.0,0.0,0.28109020930133577,0.4732811246978917
3,8,29,0.0,0.2211204293201791,0.0,0.0,0.2211204293201791,0.0,0.05228548110940672,0.05228548110940672,0.2211204293201791
3,8,30,0.8429025288609759,0.04414578888209165,1.5136690737546612,0.5804966322708275,0.018763612278919477,1.612548398815176,0.018763612278919477,0.009261394934537587,-1.686254687415007
3,8,31,0.1471559962696647,0.1377783811138347,0.31748320948878583,0.31748320948878583,1.2881240095949968,0.1471559962696647,1.1503456284811622,0.1377783811138347,1.1409680133253322
3,8,32,0.7570873606948592,0.0,0.7570873606948592,0.7570873606948592,0.0,0.0,0.0,0.0,-0.7570873606948592
3,8,33,0.0,0.0,0.0,0.0,0.5293503559706514,0.0,0.0,0.5293503559706514,0.5293503559706514
3,8,34,0.0,0.0,0.0,0.25376990963733176,0.0,0.25376990963733176,0.0,0.0,-0.25376990963733176
3,8,35,0.0,0.0,0.0,0.0,1.2593257406530618,0.0,1.2593257406530618,0.0,1.2593257406530618
3,8,36,0.6583764874022918,0.273046401349124,0.6583764874022918,0.6583764874022918,0.273046401349124,0.8697779468855996,0.4844478608324317,0.273046401349124,-0.5967315455364756
3,8,37,0.0,1.8864407946838346,0.0,0.0,1.8864407946838346,0.0,0.0,1.8864407946838346,1.8864407946838346
3,8,39,0.0,0.33818329909759426,0.0,0.0,0.8057070550562966,0.0,0.46752375595870227,0.8057070550562966,0.8057070550562966
3,8,40,1.346274462125534,0.0,0.0,0.0,0.0,0.0,1.1411053513175309,0.0,-1.346274462125534
3,8,41,0.2645467153905824,0.09101546711637466,0.0,0.0,0.09101546711637466,0.0,0.09101546711637466,0.09101546711637466,-0.17353124827420774
3,8,42,0.5535634429621437,0.5535634429621437,0.0,0.0,0.0,0.0,0.0,0.9939747794249719,0.44041133646282826
3,8,44,1.4848571827496582,0.0,1.3674367050263199,0.11742047772333823,0.0,0.2908015418709958,0.0,0.09380203646958488,-1.5644362104277307
3,8,45,0.0,0.0,0.0,0.0,0.0,0.0,0.0,0.3386306131290321,0.3386306131290321
3,8,46,0.04596631085806768,0.06416558622210107,0.04596631085806768,0.04596631085806768,0.11609090896164595,0.04596631085806768,0.11609090896164595,0.18025649518374703,0.13429018432567935
3,8,47,0.5669158153265482,0.0,0.0,0.5669158153265482,0.5582617829315509,0.5821885656137306,0.0,0.0,-0.00865403239499734
3,8,48,0.0,0.4396737856910408,0.0,0.0,0.10921856053964961,0.24472231414855627,0.10921856053964961,0.10921856053964961,0.19495147154248457
3,8,49,0.03395275316150191,0.0,0.03395275316150191,0.03395275316150191,0.19426481212005645,0.12153584145414933,0.0,0.4392289347587416,0.3643102537032168
3,8,50,1.8127726600865026,0.0,0.0,0.0,0.0,0.0,0.0,0.0,-1.8127726600865026
3,8,51,0.21808848956895846,0.13881404684233742,0.13881404684233742,0.24465204792875653,0.27106808960744244,0.40845901634330917,0.13881404684233742,0.13881404684233742,-0.21666536946248774
3,8,52,0.0,0.07877163138994642,0.0,0.0,0.16870680177527472,0.0,0.0,0.2963067429543303,0.2963067429543303
3,8,53,0.0,0.3510596588774451,0.0,0.0,0.3510596588774451,0.0,0.3510596588774451,0.3510596588774451,0.3510596588774451
3,8,54,0.7370370681063635,0.027501036606437195,0.6676766781787943,0.14924132248367436,0.0,0.4240717108632258,0.027501036606437195,0.13976569735770836,-0.8996027957346437
3,8,55,0.0,0.0,0.0,1.6771883682925002,0.0,1.6771883682925002,0.0,0.0,-1.6771883682925002
3,8,56,0.14295358492362897,0.43260981278531857,0.08787771406506378,0.08787771406506378,0.48099177652515196,0.08787771406506378,0.30713806577728625,0.43260981278531857,0.33803819160152293
3,8,57,0.0,0.3634233048209545,0.0,0.0,0.6263490700917695,0.0,0.1382176050629476,0.6263490700917695,0.6263490700917695
3,8,58,0.0,0.35625387608765935,0.0,0.08588867506429704,0.22484979003661906,0.0,0.13896111497232203,0.22484979003661906,0.35625387608765935
3,8,59,0.06916301569935575,0.8952021301374851,0.14449427043627025,0.06916301569935575,0.8952021301374851,0.06916301569935575,0.8952021301374851,0.8952021301374851,0.7507078597012149
3,8,61,0.21417325227098444,0.3398251132235129,0.8639581300436409,0.24835393476440779,0.13799621429521144,0.27084679838502757,0.08210083017131797,0.30794828766712956,-0.524525051970672
3,8,62,0.0,4.914835224284232,0.0,0.0,4.914835224284232,0.0,4.914835224284232,4.914835224284232,4.914835224284232
3,8,63,0.0,0.2682561136061569,0.9509211260979423,0.0,0.2682561136061569,0.0,0.2682561136061569,1.2191772397040992,0.2682561136061569
3,8,64,0.0,0.0,0.2259937642107435,0.15566298401397582,0.0872659797943087,0.0,0.0,0.17410658627594258,-0.20755016194877673
3,8,66,0.0,2.9489011345705394,0.0,0.0,2.9489011345705394,0.0,2.9489011345705394,2.9489011345705394,2.9489011345705394
3,8,67,0.16638542387314464,0.16688585767347727,0.16638542387314464,0.16638542387314464,0.16688585767347727,0.16638542387314464,0.0,0.16688585767347727,0.0005004338003326281
3,8,69,1.2978647367527931,0.0,0.0,1.2978647367527931,0.0,1.2978647367527931,0.0,0.0,0.0
3,8,70,0.0,1.3055275471388135,1.3055275471388135,1.3055275471388135,1.3055275471388135,2.4101603134232077,1.3055275471388135,1.3055275471388135,-1.1046327662843944
3,8,72,0.09907489379866147,0.0861652157839643,0.0,0.0,0.0861652157839643,0.0,0.0861652157839643,0.0861652157839643,-0.012909678014697168
3,8,73,0.0,0.4394837186177362,0.0,0.0,0.4394837186177362,0.0,0.26004419176107046,0.4394837186177362,0.4394837186177362
3,8,74,0.2923518004159922,0.20170391030225737,0.11393899558289608,0.2923518004159922,0.3897413143391145,0.2923518004159922,0.2661777195524574,0.16842782610536533,0.09738951392312226
3,8,75,0.0,0.2795409899570795,0.0,0.0,0.2795409899570795,0.0,0.0,0.2795409899570795,0.2795409899570795
3,8,76,0.3073091724931945,0.4357706072318271,0.4535673070499888,0.11318591587646416,0.32258469135536294,0.1984100365429368,0.6298938638485575,0.32258469135536294,-0.1309826156946259
3,9,1,0.0,0.3041928968117357,0.0,0.0,1.412955194765294,0.0,0.0,0.46656631603522875,1.412955194765294
3,9,3,0.0,0.0,0.0,0.0,0.0,0.0,0.0,0.16931530656451604,0.16931530656451604
3,9,4,0.42064387843902173,0.30167536981571674,0.3234222785528623,0.3234222785528623,0.21081679210022947,0.37203349055742335,0.09722159988615942,0.14835474459634881,-0.47809150888454266
3,9,5,0.14511253511149982,0.05811362883492672,0.08100928433592347,0.14511253511149982,0.05811362883492672,0.25248321732314416,0.0,0.05811362883492672,-0.19436958848821742
3,9,6,0.1321575630066507,0.11814365737652104,0.08522482583167516,0.2642426444603242,0.11814365737652104,0.3938956631964662,0.11814365737652104,0.15539544461488328,-0.2385002185815829
3,9,7,0.0,2.6234573720878207,0.0,0.0,2.7060197835867057,0.0,2.410175410088362,0.07354087978828157,2.7060197835867057
3,9,8,0.40434358181517394,0.0,0.0,0.40434358181517394,0.0,0.40434358181517394,0.0,0.0,-0.40434358181517394
3,9,9,0.1398476066430679,0.050161237520673585,0.1398476066430679,0.19956825493651836,0.08752437258547362,0.24590718094364905,0.0,0.08752437258547362,-0.09866216006472496
3,9,11,0.0,0.08454582477439856,0.0,0.0,0.08454582477439856,0.0,0.0,0.17861432584876819,0.17861432584876819
3,9,12,0.1723304315679286,0.1723304315679286,0.16832888986517522,0.1723304315679286,0.0,0.0,0.0,0.0,-0.34065932143310385
3,9,13,0.0,0.2335304715944407,0.026934289092278352,0.0,0.2335304715944407,0.01815339369351512,0.19422888343391292,0.2335304715944407,0.18844278880864723
3,9,14,0.03389163936502921,0.05508613606806883,0.09357703312959398,0.0625309989110442,0.047499389151061035,0.08499119263899022,0.0,0.05508613606806883,-0.06853783770647895
3,9,15,0.0,0.0,0.0,0.3460498767781797,0.0,0.48023087353073046,0.0,0.0,-0.48023087353073046
3,9,16,0.18885295907113167,0.0,0.18885295907113167,0.18885295907113167,0.0,0.18885295907113167,0.0,0.18635426314361114,-0.002498695927520528
3,9,17,1.0525551258251402,0.39679398920003944,0.05827639752565837,1.0525551258251402,0.552706471051526,1.3293216407196984,0.28917771495588185,0.1683236819128104,-0.4998486547736143
3,9,18,1.9114423867626404,0.0,0.0,1.9114423867626404,0.0,1.9114423867626404,0.0,0.0,-1.9114423867626404
3,9,19,0.0,0.0,0.0,0.0,0.8760910558985862,0.0,0.0,0.0,0.8760910558985862
3,9,20,0.46959070094037264,0.0,0.0,0.0,0.07537841270770639,0.07537841270770639,0.0,0.0,-0.39421228823266624
3,9,22,0.38936789359979707,0.0,0.0,0.38936789359979707,0.0,0.38936789359979707,0.0,0.0,-0.38936789359979707
3,9,23,0.0,0.0,0.0,0.3172123870466647,0.0,0.3172123870466647,0.0,0.5362702138255252,0.2190578267788605
3,9,24,0.0,0.6807596520662843,0.0,0.0,0.6807596520662843,0.6288854243824881,0.0,0.6807596520662843,0.05187422768379624
3,9,25,0.0,0.0,0.0,0.0,0.45708404900845745,0.0,0.45708404900845745,0.0,0.45708404900845745
3,9,26,0.04953493789680962,2.009585058664038,0.04953493789680962,0.04953493789680962,2.1156299001909367,0.121173106508858,0.0,2.009585058664038,2.066094962294127
3,9,27,0.5739824206070061,0.047200708391038924,0.0706214683251851,0.5208666275941183,0.10885381075475788,0.4855617550662277,0.04550504714581897,0.14571775195793188,-0.42112644114862763
3,9,30,0.17892839799918947,0.1697612087946804,0.0790373734346038,0.22072662996619483,0.07563724181446646,0.14568887520585153,0.04550773355818733,0.21155944076168579,-0.050965421171514404
3,9,31,0.13625571588293783,0.025825292791096393,0.12274110091791623,0.09691580812681984,0.09226377894613613,0.12020786088172682,0.025825292791096393,0.09226377894613613,-0.04066195209976423
3,9,32,0.0,0.14911430166063808,0.0,0.0,0.0,0.0,0.0,0.0,-0.14911430166063808
3,10,1,0.0,0.3630963263956214,0.0,0.12777182078461313,0.6857230679080869,0.08465337664119821,0.17134988377996227,0.13292882818004542,0.5380210190907244
3,10,2,0.1699676631640185,0.19247595061542072,0.0,0.0,0.0,0.1699676631640185,0.0,0.0,0.02250828745140221
3,10,3,0.5145107115551184,0.02231390140489364,0.10353903952343457,0.4109716720316839,0.2914056021726846,0.4109716720316839,0.0,0.5016419847301906,0.03432384683686501
3,10,4,0.02133920789509632,0.611224483250135,0.0,0.09193203665580432,0.8140529307447638,0.26126260419510006,0.5543558683029979,0.8140529307447638,0.4395190819987631
3,10,5,0.0,0.0,0.0,0.07278043968855444,0.153615776999145,0.0,0.07278043968855444,0.08083533731059056,0.153615776999145
3,10,6,0.0,1.6014506922973497,0.0,0.0,1.6014506922973497,0.0,0.0,0.6558737609843838,1.6014506922973497
3,10,7,0.1699676631640185,0.0,0.0,0.0,0.6701723911871597,0.1699676631640185,0.0,0.6701723911871597,0.5002047280231411
3,10,8,0.24750932945793475,0.0,1.0169719389483458,0.24750932945793475,0.0,0.0,0.24750932945793475,0.0,-1.2644812684062805
3,10,9,0.0,0.0,0.0,0.0,0.0,0.0,0.0,0.1812062095435736,0.1812062095435736
3,10,10,0.0,0.23184752897051605,0.07786527032715658,0.0,0.4350198710231881,0.12129976559456031,0.27528202423791975,0.4350198710231881,0.31372010542862777
3,10,11,0.0,0.24391667151452454,0.0,0.06916504712470979,0.11920716867250487,0.0,0.11920716867250487,0.12470950284201968,0.17475162438981476
3,10,12,0.0,0.0,0.0,0.0,0.10756054033806071,0.14522852898409633,0.0,0.10756054033806071,-0.03766798864603561
3,10,13,0.143094248138038,0.31519231043765533,0.20820879774868764,0.143094248138038,0.39731074834047747,0.5624340038821262,0.143094248138038,0.08211843790282215,-0.2302378051522983
3,10,14,0.47043887037793003,0.0,0.17784775465548622,0.17784775465548622,0.0,0.17784775465548622,0.2925911157224438,0.08933527282817606,-0.3811035975497539
3,10,15,0.0,0.41333514334150406,0.0,0.0,0.41333514334150406,0.0,0.0,0.41333514334150406,0.41333514334150406
3,10,16,0.05307314774658173,0.35108968239111066,0.05307314774658173,0.3475486051098859,0.6472126811848838,0.09805887498782132,0.10159995226904614,0.6928047032815022,0.594745828293681
3,10,17,0.0,0.20200180521307373,0.0,0.015064586601984453,1.3938495281962324,0.015064586601984453,0.008936064044153149,1.3938495281962324,1.378784941594248
3,10,18,0.0,0.0,0.0,0.0,0.21477681784059635,0.0,0.0,0.16039484782680227,0.21477681784059635
3,10,19,0.0,0.0,0.0,0.0,0.0,0.0,0.0,0.17451541668759976,0.17451541668759976
3,10,20,0.10537735180299586,1.1660831246766266,0.0,0.10537735180299586,0.3885777803537542,0.10537735180299586,0.9177761717875573,0.0,0.2832004285507583
3,10,22,0.0,0.22528704003406783,0.03301962796646595,0.0,0.20114370613302673,0.03301962796646595,0.0,0.14638418380227122,0.35209959363217164
3,10,23,0.0,0.42443307282758425,0.42443307282758425,0.0,0.42443307282758425,0.0,0.42443307282758425,0.42443307282758425,0.42443307282758425
3,10,24,0.48986802047387895,0.49198454187407575,0.48986802047387895,0.0,0.24123489497949846,0.6744654184490316,0.24123489497949846,0.301475790702224,-0.9563929828987231
3,10,25,0.06426281314429423,0.21085350911219125,0.14608208961910513,0.22332456788680405,0.17275948962365203,0.14029453841272277,0.11788983452684673,0.20011537106471913,-0.10502847329689584
3,10,26,0.0,0.06553113632378976,0.0,0.0,0.06553113632378976,0.0,0.06553113632378976,0.06553113632378976,0.06553113632378976
3,10,27,0.0,0.12643526935924598,0.0,0.0,0.5937940130998036,0.052483348448112845,0.11746174646484192,0.6054878805348536,0.6179829301034699
3,10,28,0.0,0.0,0.0,0.0,0.2732130869525943,0.0,0.0,0.2732130869525943,0.2732130869525943
3,10,34,0.0,0.2462029329696038,0.0,0.0,0.6438710886954732,0.0,0.2462029329696038,0.2462029329696038,0.6438710886954732
3,10,36,0.06859333416904034,0.32732858520494484,0.0,0.2154291169276966,0.4154582807851777,0.06859333416904034,0.17632978684697262,0.136523200674562,0.3028953448444108
3,10,37,0.0,0.0,0.0,0.0,0.0,0.0651517429011056,0.0651517429011056,0.1427246223197332,0.0775728794186276
3,10,38,0.9877205517442775,0.35865975553996726,0.6074066325670427,0.40634155296017305,0.10460084760461531,0.6074066325670427,0.08187803405889545,0.08187803405889545,-0.6063379826585904
3,10,39,0.0,0.40951742103638167,0.0,0.0,0.0,0.0,0.0,0.40951742103638167,0.0
3,10,42,0.13921478185800532,0.10837603337220443,0.0,0.0,0.10837603337220443,0.13921478185800532,0.043112589686703784,0.10837603337220443,-0.03083874848580088
3,10,43,0.14810114779252168,0.026807749029169707,0.14810114779252168,0.1899846054724129,0.26397227432452025,0.0,0.026807749029169707,0.09746539862329236,0.18652877612612126
3,10,44,0.0,0.12000052548624313,0.0,0.0,0.12000052548624313,0.0,0.1753304053518162,0.12000052548624313,-0.055329879865573084
3,10,45,0.09379159351223001,0.3767624168589561,0.0,0.0662841810487316,1.0174885236604787,0.0662841810487316,0.3142513878654626,0.3767624168589561,0.9199237780930108
3,10,47,0.0,0.44585667209876223,0.0,0.22579798476864218,0.5853588105994291,0.0,0.6716546568674043,0.5853588105994291,0.3595608258307869
3,10,49,0.0,0.0,0.2388691353880761,0.281966566263702,0.1732757280446109,0.5208357016517781,0.1732757280446109,0.0,-0.3475599736071672
3,10,50,0.11465822866223091,0.0672172239633629,0.0,0.1818754526255938,0.35689628485092545,0.11465822866223091,0.0,0.0672172239633629,0.24223805618869454
3,10,51,0.0,0.4372491739895892,0.0,0.0,0.4372491739895892,0.0,0.0,0.4372491739895892,0.4372491739895892
3,10,52,0.0,0.0,0.0,0.0,0.6184078310114425,0.0,0.6184078310114425,0.0,0.6184078310114425
3,10,53,0.16438966475474903,0.0,0.04883591220798724,0.10017445581117217,0.0,0.05282895144988568,0.0,0.0,-0.1658800726014498
3,10,54,0.15580369123368365,0.36683402334954984,0.08498383158200926,0.13336426528275447,0.30978229273889296,0.24912125558709997,0.2364656390016631,0.06838970360266772,0.10559816780446414
3,10,55,0.0,0.6592848148078277,0.0,0.0,0.6592848148078277,0.0,0.0,0.6592848148078277,0.6592848148078277
3,10,56,0.0,0.0,0.0,0.444209656924319,0.0,0.0,0.0,0.0,-0.444209656924319
3,10,57,0.3566853376790098,0.06657074740430659,0.0,0.06657074740430659,0.10251815131172981,0.0,0.0,0.0,-0.25416718636728
3,10,58,0.20102152364945805,0.17805105262451373,0.0,0.1458424668080435,0.17805105262451373,0.1458424668080435,0.17805105262451373,0.17805105262451373,-0.1688129378329878
3,10,59,0.0,0.10911916189180074,0.0,0.0,0.1928387736235627,0.0,0.10911916189180074,0.10911916189180074,0.1928387736235627
3,10,60,0.0,0.49148352242842325,0.0,0.0,0.49148352242842325,0.2000999077580644,0.49148352242842325,0.49148352242842325,0.29138361467035884
3,10,61,0.04467083391648738,0.026711061001544738,0.0,0.04467083391648738,0.0612909006298812,0.04467083391648738,0.1507442513621459,0.026711061001544738,-0.10741312364720734
3,10,63,0.8596580233445806,0.0,0.8596580233445806,0.8596580233445806,0.8452169270629811,0.0,0.0,0.8452169270629811,-0.014441096281599583
3,10,64,0.0,0.09125786904352072,0.0,0.25376990963733176,1.5127287712013415,0.3911808583014818,0.13741094866415,0.0,1.1215479128998598
3,10,65,0.0,0.0,0.0,0.0,0.2892132041642686,0.0,0.0,0.0,0.2892132041642686
3,10,66,0.0,0.3190479734811479,0.21901944014988586,0.08709767934078509,0.3109950252299451,0.04182331299019943,0.0,0.0,0.05015227208985978
3,10,67,0.07263243419449839,0.18702479402914998,0.0,0.07263243419449839,0.18702479402914998,0.0,0.18702479402914998,0.03091091336027819,0.11439235983465158
3,10,68,0.0,0.05991894721633844,0.06000080274819467,0.0,0.10988858521944299,0.0,0.05991894721633844,0.0,0.04988778247124831
3,10,69,0.12474032157819867,0.0,0.12474032157819867,0.0,0.10917878902726835,0.12474032157819867,0.0,0.10917878902726835,-0.015561532550930318
3,10,71,0.0,0.21019011288099887,0.0,0.0,0.21019011288099887,0.0,0.21019011288099887,0.0,0.21019011288099887
3,10,73,0.06998882749410881,0.07238100690129638,0.06998882749410881,0.06998882749410881,0.11117790014284462,0.06998882749410881,0.0,0.13715269969622945,0.10596076544366886
3,10,74,0.027927781471957885,0.05497438780393771,0.027927781471957885,0.027927781471957885,0.04409085706156283,0.05964255291478808,0.0,0.05497438780393771,0.03942269195071245
3,10,75,0.0,0.27684174182799964,0.0,0.09640144261594859,0.18729446440232647,0.0,0.09089302178637788,0.18594872004162175,0.27684174182799964
3,10,76,0.5265309526228041,0.2777759996747412,0.2809541332351305,0.08983512429214371,0.2777759996747412,0.2782555232098041,0.2777759996747412,0.2777759996747412,-0.15939935219098222
3,10,77,0.0,0.32036191859221996,0.0,0.0,0.32036191859221996,0.0,0.2041114095274219,0.11625050906479803,0.32036191859221996
3,10,79,1.1567837236861451,1.1567837236861451,1.1567837236861451,1.1567837236861451,1.1567837236861451,1.1567837236861451,1.1567837236861451,1.1567837236861451,0.0
3,10,80,0.0,0.0,0.18979318044416357,0.0,0.0,0.18979318044416357,0.0,0.10720232739381128,-0.0825908530503523
3,10,82,0.0,0.07227698859241517,0.13699847470786716,0.06563014904413753,0.1614746021765151,0.2026286237520047,0.07227698859241517,0.1614746021765151,-0.041154021575489586
3,10,84,0.0,0.1659035922870333,0.016192923198733264,0.07966848683741778,0.41851121902903093,0.09586141003615105,0.15544740649985442,0.015012373961561206,0.312193623205701
3,10,85,0.6373787368650694,0.2607367686957735,0.0,0.6373787368650694,0.2607367686957735,0.6373787368650694,0.6373787368650694,0.0,-0.3766419681692959
3,10,86,0.25309387855252363,0.34843765790597403,0.15337941713082165,0.15337941713082165,0.34843765790597403,0.17589601094867333,0.3279925625729467,0.09971446142170197,0.019162229826479044
3,10,87,0.0,0.30761061746856977,0.40678877557933835,0.0,0.30761061746856977,0.0,0.0,0.30761061746856977,-0.09917815811076858
3,10,88,0.0,0.7021193177548902,0.0,0.0,0.7021193177548902,0.0,0.7021193177548902,0.7021193177548902,0.7021193177548902
3,11,1,0.0,0.3318587550051208,0.10131181406924636,0.16707939051468754,0.38821548959508834,0.0,0.09113248685469073,0.2582118773693783,0.286903675525842
3,11,2,0.0,0.4353359536889963,0.0953369269023156,0.025321476292742964,0.5930914128514854,0.02076391095627011,0.23570504133147313,0.22052650878785518,0.45166909870015676
3,11,4,0.0,0.04236926917486407,0.0,0.0,0.11790341292516095,0.0,0.04236926917486407,0.11790341292516095,0.11790341292516095
3,11,5,0.2695926827180095,0.30588246069061453,0.0,0.2695926827180095,0.5087109081852432,0.2695926827180095,0.358953323159541,0.2921890879361603,0.2391182254672338
3,11,7,0.0,0.056798558824284105,0.0,0.0,0.0,0.654138061247659,0.0,0.23288647765138082,-0.42125158359627835
3,11,8,0.0,0.0,0.3800974932439441,0.0,0.0,0.0,0.0,0.0,-0.3800974932439441
3,11,9,0.0,0.32248256867548075,0.0,0.3539858390481799,0.32248256867548075,0.06914472810504849,0.01328333844401144,0.32248256867548075,0.2533378405704323
3,11,10,0.0,0.5476225421896523,0.0,0.0,0.5476225421896523,0.0,0.0,0.5476225421896523,0.5476225421896523
3,11,11,0.5167732804787665,0.16029787428518594,0.09414164963243105,0.0,0.0,0.0,0.0,0.0,-0.6770711547639524
3,11,12,0.0,0.0,0.0,0.0,0.0,0.3450368487922734,0.0,0.0,-0.3450368487922734
3,11,13,0.0,0.0,0.0,0.0,1.1359459849340015,0.0,0.0,1.1359459849340015,1.1359459849340015
3,11,14,0.6114388931601417,0.0,0.0,0.6114388931601417,0.0,0.0,0.0,0.0,-0.6114388931601417
3,11,15,0.0,0.14820796839532183,0.0,0.0,0.5810234645042717,0.0,0.14820796839532183,1.527879317486076,1.960694813595026
3,11,17,0.0,0.0,0.0,0.22393304408355272,0.0,0.22393304408355272,0.0,0.0,-0.22393304408355272
3,11,18,0.10867684873653155,0.08236544754278745,0.0,0.191042296279319,0.1197558669284492,0.191042296279319,0.10867684873653155,0.0,-0.07128642935086982
3,11,19,0.0,0.2194051883623001,0.0,0.06686034360211596,0.3690047078913595,0.0,0.0,0.28416883466984066,0.3021443642892435
3,11,20,0.0,0.6757924425482074,0.0,0.0,0.0,0.0,0.0,0.0,0.6757924425482074
3,11,21,0.4336736265926202,0.08422508185406521,0.0,0.08422508185406521,0.08422508185406521,0.0,0.0,0.08422508185406521,-0.29614338590763667
3,11,22,0.47833521918177513,0.14054510465066788,0.0,1.3119614208621873,0.14054510465066788,1.1714163162115194,0.6930810970297443,0.14054510465066788,-1.0308712115608516
3,11,23,0.3130604672935818,0.18506240415658323,0.0,0.0,0.5676679944577114,0.0,0.0,0.18506240415658323,0.25460752716412965
3,11,24,0.2550986184123473,0.0,0.0,0.2550986184123473,0.0,0.2550986184123473,0.0,0.19468394679989853,-0.06041467161244879
3,11,25,0.693068040001452,0.0,0.0,0.693068040001452,0.0,0.693068040001452,0.693068040001452,0.0,-0.693068040001452
3,11,27,0.16165161356699276,0.0,0.0,0.16165161356699276,0.0,0.37047378635400074,0.0,0.0,-0.37047378635400074
3,11,28,0.1948970155735239,0.17926597406371383,0.48647515541298675,0.17926597406371383,0.0,0.4708441139031767,0.0,0.0,-0.6657411294767006
3,11,30,0.09337007119413027,0.09300040725183843,0.09337007119413027,0.09337007119413027,0.09300040725183843,0.38658089992368083,0.0,0.09300040725183843,-0.2935804926718424
3,11,31,0.0,0.3852912536614613,0.0,0.0,0.3852912536614613,0.0,0.3852912536614613,0.22994522484845903,0.6152364785099202
3,11,32,0.06298210721994998,0.5089153637416354,0.038067687860746525,0.2215458150309599,0.4990953833694656,0.09950667685629645,0.3045419119911858,0.5302939501357046,0.40122055703874504
3,11,33,0.0,0.2370677491963296,0.0,0.0,0.3298693334449281,0.0,0.3298693334449281,0.4629711081565505,0.6638134292991678
3,11,34,0.0,0.276766514894558,0.0,0.0,0.276766514894558,0.276766514894558,0.276766514894558,0.0,0.276766514894558
3,11,35,0.0,0.09496088229349442,0.0,0.0,0.09496088229349442,0.08182464935439958,0.0,0.09496088229349442,0.013136232939094841
3,11,36,0.0,0.018029614918374823,0.0,0.018029614918374823,0.02333751556841868,0.019551022412113175,0.0,0.024967970422768694,0.0287544635790742
3,11,37,0.0,0.1804348502075692,0.0,0.0,0.1804348502075692,0.0,0.0,0.0,0.1804348502075692
3,11,38,0.0,0.45108712551892294,0.0,0.0,0.45108712551892294,0.0,0.0,0.0,0.45108712551892294
3,11,39,0.0,0.5155281434501977,0.0,0.0,0.5155281434501977,0.0,0.0,0.0,0.5155281434501977
3,11,40,0.0,0.0,0.0,0.0,0.14139312203586465,0.0,0.0,0.7142761315545725,0.8556692535904372
3,11,43,0.0,0.15495453258207856,0.027808645612343186,0.0,0.17339711371719135,0.027808645612343186,0.0,0.0,0.14558846810484816
3,11,44,0.04922697724949726,0.05309247098777712,0.04922697724949726,0.04922697724949726,0.0777540620405442,0.0,0.019049748931334234,0.16340448004062394,0.13883909384389378
3,11,45,0.0,0.7325553776926712,0.0,0.0,0.7325553776926712,0.0,0.0,0.7325553776926712,0.7325553776926712
3,11,48,0.0,0.46096375873979173,0.0,0.0,1.0566284542977906,0.0,0.46096375873979173,0.5956646955579988,1.0566284542977906
3,11,52,0.0,0.25272147964461933,3.3213806577728624,0.0,0.3933483610857006,0.0,0.25272147964461933,0.25272147964461933,-2.928032296687162
3,11,53,0.0,0.30525388339655674,0.0,0.0,0.30525388339655674,0.0,0.0,0.30525388339655674,0.30525388339655674
3,11,54,0.0,0.29097662377390265,0.3907506656203367,0.0,0.29097662377390265,0.0,0.0,0.29097662377390265,-0.09977404184643407
3,11,55,0.1088775804737899,0.12257785139736752,0.05355919222982849,0.1369866014039235,0.09618078356983295,0.05355919222982849,0.09446883046723395,0.0672594631534061,-0.012696796903956958
3,11,56,0.0,0.21221653641379212,0.0,0.0,0.21221653641379212,0.0,0.0,0.21221653641379212,0.21221653641379212
3,11,57,0.0,2.7290722053564327,0.0,0.0,5.458144410712865,0.0,0.0,2.7290722053564327,5.458144410712865
3,11,58,0.06472832583454789,0.0,0.04647026603691439,0.11119859187146228,0.05399681035324888,0.0,0.0,0.03411340256695541,-0.05720178151821341
3,11,59,0.0,0.0,0.0,0.0,0.0,0.0,0.0,0.14026895592738375,0.14026895592738375
3,11,60,0.0,0.5822700110397369,0.0,0.0,0.5822700110397369,0.0,0.0,0.0,0.5822700110397369
3,11,61,0.0,0.1638278408094744,0.0,1.0356903288864312,0.1638278408094744,1.0356903288864312,0.1638278408094744,0.1638278408094744,-0.8718624880769568
3,11,62,0.0,0.0,0.0,0.3460498767781797,0.0,0.3460498767781797,0.0,0.0,-0.3460498767781797
3,11,64,1.1875572917959094,0.0,1.1875572917959094,0.0,0.0,1.1875572917959094,0.0,0.0,-1.1875572917959094
3,11,65,0.0,0.0,0.0,0.0,0.0,0.5325046062750198,0.0,0.0,-0.5325046062750198
3,11,66,0.05076681793420789,0.49626683942611577,0.0,0.09328096377455725,0.49626683942611577,0.042514145840349356,0.44550002149190787,0.3213247987171588,0.5877874736941553
3,11,67,0.0,0.0,0.0,0.0,0.0,0.0,0.0,0.750416291756679,0.750416291756679
3,11,68,0.0,0.0,0.0,0.0,0.0,0.8003996310322576,0.0,0.0,-0.8003996310322576
3,11,69,0.0,0.07021193177548903,0.0,0.0,0.20966851284740956,0.0,0.07021193177548903,0.20966851284740956,0.20966851284740956
3,12,1,0.8892961223174575,0.0,1.236331239423301,0.16754347513548615,0.41657571423696876,0.16754347513548615,0.0,0.13252703157563353,-0.8197555251863324
3,12,2,0.0,0.7067945713446184,0.0,0.0,0.7067945713446184,0.1587570016296287,0.7067945713446184,0.7067945713446184,0.5480375697149897
3,12,3,0.0,0.2330858019931227,0.0,0.0,0.2330858019931227,0.13389798057457122,0.0,0.2330858019931227,0.09918782141855148
3,12,5,0.0,0.3110966582621319,0.1626993445839073,0.0,0.2650917450898288,0.0,0.2650917450898288,0.8885421449425414,0.7965323185979352
3,12,7,0.0,0.857407234548669,0.0,0.0,0.0,0.0,0.0,0.0,-0.857407234548669
3,12,8,0.0,0.24308918169694602,0.0,0.09841127874882555,0.07311470468009339,0.0,0.17152598342891892,0.16997447701685262,-0.09685977233675924
3,12,9,0.0,0.25137518115177687,0.0,0.0,0.08935264952774358,0.04351888186725106,0.0,0.04351888186725106,-0.16202253162403332
3,12,10,0.0,0.0,0.0,0.4481627513187587,0.0,0.4481627513187587,0.4481627513187587,0.0,-0.4481627513187587
3,12,12,0.0,0.049314708129750716,0.0,0.027555464896522733,0.049314708129750716,0.07164658412828646,0.015169244519395777,0.08662682361829377,-0.010156386968265554
3,12,13,0.09911526197226088,0.22764055343281192,0.09911526197226088,0.09911526197226088,0.22764055343281192,0.03128522393482712,0.20153517595861165,0.22764055343281192,0.12852529146055103
3,12,14,0.3787737430301597,0.33184679652189353,0.0,0.0,0.33184679652189353,0.0,0.0,0.0,-0.046926946508266176
3,12,15,0.0,0.0,0.0,0.0,1.0052608508129168,0.0,0.0,0.0,1.0052608508129168
3,12,16,0.0,2.3809204385152416,0.0,0.0,2.3809204385152416,0.0,0.0,0.0,2.3809204385152416
3,12,17,0.0,0.0,0.0,0.0,0.0,2.5192007255094166,2.5192007255094166,0.0,-2.5192007255094166
3,12,18,0.0,0.0,0.0,0.0,0.06400792548090103,0.06346833899073967,0.0,0.0,0.0005395864901613645
3,12,19,0.5681460523354378,0.0,0.5681460523354378,0.5681460523354378,0.0,0.0,0.0,0.0,-0.5681460523354378
3,12,20,0.29113500551986843,0.0,0.0,0.29113500551986843,0.0,0.0,0.0,1.5083843615662362,1.2172493560463677
3,12,21,0.0,0.15432323787867855,0.0,0.0,0.195737935246064,0.0,0.0,0.2536316729004866,0.2536316729004866
3,12,22,0.2314592817044606,0.1339726789627918,0.1339726789627918,0.09748660274166883,0.1862073224019449,0.039207253448338544,0.17317993241113033,0.4944953185041738,0.39700871576250496
3,12,23,0.0,0.6419887201750546,0.0,0.0,0.6419887201750546,0.0,0.6419887201750546,0.6419887201750546,0.6419887201750546
3,12,25,0.657298647937935,0.38094019488539194,0.0,0.38094019488539194,0.0,0.38094019488539194,0.0,0.0,-1.0382388428233271
3,12,26,0.0,0.5697942638133764,0.0,0.0,0.5697942638133764,0.5697942638133764,0.5697942638133764,0.5697942638133764,0.5697942638133764
3,12,27,0.0,0.3276556816189488,0.0,0.0,0.3276556816189488,0.0,0.3276556816189488,0.3276556816189488,0.3276556816189488
3,12,28,0.0,0.0,0.0,0.0,0.0,0.11759777898491013,0.0,0.4407864627606175,0.32318868377570736
3,12,29,0.0,0.14233706480291552,0.0,0.0,0.14233706480291552,0.14233706480291552,0.14233706480291552,0.0,0.14233706480291552
3,12,30,0.0,1.631333365232034,0.0,0.0,1.631333365232034,0.45289066073654943,1.631333365232034,1.1784427044954846,1.631333365232034
3,12,32,0.0,0.19547672177247896,0.03696784238148797,0.057259116709531356,0.2516052152390142,0.03696784238148797,0.1382176050629476,0.4322167373018038,0.39524889492031584
3,12,33,0.0,0.35424832763067426,0.0,0.35565346491827193,0.35424832763067426,0.23722844133819254,0.35424832763067426,0.11701988629248171,-0.001405137287597687
3,12,34,0.0,0.9539335907798154,0.0,0.0,0.9539335907798154,0.0,0.0,0.4066721859884147,0.9539335907798154
3,12,35,0.09479888776600107,0.0,0.08912175476520465,0.024820134204529987,0.0,0.24500729004408495,0.03498937678073554,0.0,-0.2641502912478185
3,12,36,0.6354580671254197,0.0,0.4093270735107795,0.0,0.0,0.0,0.0,0.0,-1.0447851406361992
3,12,37,0.0,0.2411121669492107,0.0,0.1845211476540479,0.4881341507992947,0.0,0.0,0.7589664435172395,0.8214672797132757
3,12,39,1.0942352576426835,0.0,0.0,0.0,0.0,0.0,0.0,0.0,-1.0942352576426835
3,12,40,0.0,2.903563620627888,0.0,0.0,2.903563620627888,0.830299544683674,2.903563620627888,2.073264075944214,2.903563620627888
3,12,41,0.8496123840462758,0.061511880752580406,1.329818428003259,0.03986126826514792,0.0,0.2541429897462198,0.0,0.061511880752580406,-1.369679696268407
3,12,42,0.2333890439240776,0.0,0.2333890439240776,0.2333890439240776,0.10558546079710132,0.2333890439240776,0.0,0.06013767157128769,-0.1278035831269763
3,12,43,0.0,0.19308355501377353,0.0,0.0,0.19308355501377353,0.0,0.0,0.0,0.19308355501377353
3,12,44,0.021971188323440017,0.028925747007261138,0.0,0.038624608476507595,0.03072052481700442,0.022685440808741096,0.023804556891337127,0.026465927000920056,-0.02866279674661717
3,12,46,0.0,3.535366041580528,0.0,0.0,3.535366041580528,0.0,3.535366041580528,1.228708806071058,3.535366041580528
3,12,48,0.0,0.3266066713993502,0.0,0.0,0.0,0.0,0.0,0.6916194380259977,0.6916194380259977
3,12,49,0.0,0.0,0.0,0.22217443620725177,0.0,0.5524240822027899,0.0,0.0,-0.5524240822027899
3,12,51,0.0,0.12468726543229329,0.03768842847321978,0.0,0.12468726543229329,0.0,0.017245035874681517,0.15557988277038043,0.11789145429716066
3,13,1,0.0,0.5370601057433819,0.0,0.0,0.5370601057433819,0.0,0.5370601057433819,0.0,0.5370601057433819
3,13,2,0.14267413507160392,0.0,0.0,0.14267413507160392,0.12118833891050594,0.14267413507160392,0.0,0.14017244169592696,0.11868664553482898
3,13,4,0.2797921507998389,0.0,0.0,0.46677897446507666,0.0,0.0,0.0,0.0,-0.7465711252649155
3,13,5,0.0,2.197772712475608,0.0,0.0,0.0,0.0,0.0,0.0,2.197772712475608
3,13,6,0.11784436349837506,0.285467548494663,0.0,0.0,0.11784436349837506,0.0,0.11784436349837506,0.285467548494663,0.285467548494663
3,13,7,0.644917325659064,0.0,0.0,0.0,0.0,0.0,0.0,0.0,-0.644917325659064
3,13,9,0.15465551550967951,0.5624563111472577,0.0,0.15465551550967951,0.08560935920971063,0.3736749556595654,0.08560935920971063,0.5002509291960434,0.18878135548769226
3,13,11,0.0,0.0,0.0,0.11033474332057903,0.15450770675628486,0.23840810752746533,0.0,0.0,-0.08390040077118048
3,13,12,0.0,0.2573930792589855,0.0,0.0,0.2573930792589855,0.0,0.1023924005059215,0.2573930792589855,0.2573930792589855
3,13,13,0.0,0.23666066176785042,0.0,0.0,0.0922129056755639,0.0758523040657957,0.0,0.23666066176785042,0.2530212633776186
3,13,14,0.0,0.8225404276510504,0.0,0.0,0.8225404276510504,0.0,0.0,0.0,0.8225404276510504
3,13,15,0.7796177702136556,0.0,0.17482919257697513,0.17482919257697513,0.15360777022678976,0.17482919257697513,0.15360777022678976,0.15360777022678976,-0.6260099999868659
3,13,16,0.07269460757972104,0.0,0.0,0.04269835553575937,0.01652646880938678,0.04269835553575937,0.0,0.060645851534666104,0.004477712764331848
3,13,17,0.05343950427015978,0.10115478092357572,0.3200199089318833,0.0,0.12429578009169162,0.0,0.06485553876212366,0.12429578009169162,-0.19572412884019172
3,13,19,0.0,0.0,0.0,0.2463021143291629,0.0,0.0,0.0,0.2463021143291629,0.2463021143291629
3,13,20,0.15503976698108243,0.0,0.10836316509228598,0.2634029320733684,0.6492924594142437,0.15503976698108243,0.0,0.6492924594142437,0.38588952734087534
3,13,21,0.0,0.0,0.0,0.5850280065185147,0.0,0.0,0.0,0.0,-0.5850280065185147
3,13,23,0.0,0.0,0.0,0.4758185805699971,0.0,0.4758185805699971,0.6794053207382879,0.0,-1.155223901308285
3,13,25,0.550758708585652,0.550758708585652,0.0,0.550758708585652,0.0,0.0,0.550758708585652,0.0,-0.550758708585652
3,13,26,0.23847452535973213,0.1715989031193941,0.23847452535973213,0.23847452535973213,0.39438864790622263,0.23847452535973213,0.0,0.5659875510256168,0.32751302566588464
3,13,28,0.0,0.22935897713326417,0.8135775511586767,0.0,0.33857429501498737,0.0,0.4709253133957665,0.33857429501498737,-0.7165695924061917
3,13,33,0.0,0.0,0.0,0.0,0.0,0.23108984965859058,0.0,0.0,-0.23108984965859058
3,13,34,0.0864691329746858,0.06899308127050661,0.020735127317071434,0.07147899088658546,0.10679650685009785,0.07466833740942379,0.024143473519765073,0.020970466393502758,-0.009883032157383925
3,13,35,0.0,0.17668527441798249,0.0,0.17668527441798249,0.17668527441798249,0.24665537413539518,0.0,0.4771058291235568,-0.1894063846400918
3,13,36,0.0,0.19324951889466835,0.0,0.6495038424241167,0.19324951889466835,0.4562543235294484,0.0,0.19324951889466835,-0.26300480463478004
3,13,37,2.3798419362332885,1.305087362044699,0.0553304125594846,0.0553304125594846,1.305087362044699,2.3798419362332885,0.813666456801041,1.305087362044699,-1.0747545741885898
3,13,40,0.0,0.0,0.0,0.0,1.2411053513175307,0.0,0.0,0.0,1.2411053513175307
3,13,42,0.0,0.1459834497743712,0.0,0.1459834497743712,0.0,0.0,0.1459834497743712,0.19625190105939747,0.19625190105939747
3,13,43,0.0,0.05538701174168559,0.0,0.0,0.02945690042413847,0.04472699891751693,0.0,0.03832420414140984,0.07844111738971697
3,13,44,0.021275361921966492,0.29613924956887244,0.0,0.016124452693561563,0.2800147968753109,0.016124452693561563,0.16413178856607824,0.24579843452536246,0.32428162821906703
3,14,1,0.0,0.0,0.8181927647481092,0.0,0.0,0.0,0.0,0.0,-0.8181927647481092
3,14,2,0.08708753473170001,0.07975729690802726,0.0,0.14929637686973052,0.07975729690802726,0.0622088421380305,0.16684483163972727,0.0,-0.06953907996170326
3,14,3,0.0,0.2647398646924439,0.0,0.0,0.5577553379403674,0.2647398646924439,0.29301547324792343,0.5577553379403674,0.29301547324792343
3,14,4,0.16266262762823155,0.0,0.16266262762823155,0.16266262762823155,0.08247281404869258,0.0602387556091163,0.08921879201415324,0.0,-0.1694086055936922
3,14,7,0.7239781216018929,0.29171813530296997,0.7239781216018929,1.0350223322920453,0.11568528166570743,1.0350223322920453,0.0,0.29171813530296997,-0.627618915323368
3,14,8,0.0,0.0,0.0,0.0,0.10036283534134788,0.0,0.05810690877996689,0.10036283534134788,0.10036283534134788
3,14,9,0.0,0.19939324227006813,0.0,0.0,0.19939324227006813,0.0,0.0,0.4252025262188222,0.4252025262188222
3,14,10,0.0,0.0,0.0,0.0,0.0,0.0,0.0,0.8580323421208403,0.8580323421208403
3,14,11,0.0,0.3209943600875273,0.0,0.0,0.3209943600875273,0.0,0.3209943600875273,0.3209943600875273,0.3209943600875273
3,14,12,0.0,0.08025574511849129,0.0,0.046547879949951965,0.08025574511849129,0.046547879949951965,0.0,0.08025574511849129,0.033707865168539325
3,14,13,0.0,0.1328333844401144,0.0,0.0,0.1328333844401144,0.0,0.1328333844401144,0.1328333844401144,0.1328333844401144
3,14,15,0.0,0.17159538617265702,0.0,0.0,0.17159538617265702,0.0,0.068261600337281,0.17159538617265702,0.17159538617265702
3,14,16,0.45681643900850366,1.5459961511573468,0.0,1.5459961511573468,1.5459961511573468,0.0,0.0,1.5459961511573468,1.0891797121488431
3,14,17,0.0,0.3457897000529199,0.0,0.0,0.3218354177480226,0.0,0.04388245735968064,0.5676333145001702,0.019928175054783337
3,14,18,0.0,0.0,0.0,0.0,0.0,0.94504020239165,0.0,0.0,-0.94504020239165
3,14,19,0.0,0.28987852514422807,0.0,0.06871094005143763,0.28987852514422807,0.1966259626218543,0.22116758509279047,0.28987852514422807,0.09325256252237377
3,14,21,1.278328617754735,0.0,1.278328617754735,1.278328617754735,0.0,0.4723501360330156,0.4723501360330156,0.0,-1.7506787537877506
3,14,22,0.0,0.4480548072460792,0.0,0.0,0.4480548072460792,0.0,0.0,0.7415346719579071,0.7415346719579071
3,14,23,0.0,0.0,0.0,0.0,0.0,0.6142761315545725,0.0,0.0,-0.6142761315545725
3,14,25,0.052327921725609704,0.6613626310199964,0.0,0.052327921725609704,0.5733938032744776,0.052327921725609704,0.5733938032744776,0.7675096091997028,0.5518660237505372
3,14,26,0.0,0.4695761162644762,0.0,0.34355470025718815,0.6273315754269652,0.0,0.12602141600728803,0.6273315754269652,0.6273315754269652
3,14,27,0.0,0.7732922151752964,0.4647026603691439,0.0,0.7732922151752964,0.7732922151752964,0.7732922151752964,0.7732922151752964,0.3085895548061525
3,14,28,0.0,0.0,5.205526756587654,0.0,0.0,0.0,0.0,0.0,-5.205526756587654
3,14,29,0.0,0.0,0.0,0.0,0.0,0.0,0.0,0.8003082159264753,-0.8003082159264753
3,14,31,0.0,0.28354787252413954,0.10635160484519329,0.0,0.24992405940458387,0.04985316379250742,0.24992405940458387,0.2044800775926943,0.20965496902484979
3,14,32,0.0,0.26050044374689113,0.0,0.0,0.26050044374689113,0.0,0.39634631890374,0.6054182810195797,0.46957240586273086
3,14,33,0.0,0.6428125507228444,0.0,0.0,0.6428125507228444,0.6428125507228444,0.6428125507228444,0.0,0.6428125507228444
3,14,34,0.5056151792283309,0.01466028641978136,0.4569281526541104,0.19749784937299353,0.06563414301903156,0.21104411484510308,0.0,0.01466028641978136,-0.4562515129368904
3,14,35,0.0,0.0,0.0,0.0,1.2725380983227819,0.0,0.0,0.0,1.2725380983227819
3,14,37,0.3217424873906405,0.04978386747178658,0.2637989658574524,0.31065450521871363,0.1671073002031473,0.3217424873906405,0.2204234046085084,0.2756897539321008,-0.18160722996141399
3,14,38,0.4348501992561592,0.33184679652189353,0.0,0.4348501992561592,0.33184679652189353,0.4348501992561592,0.0,0.0,-0.10300340273426567
3,14,39,0.4959526603691439,0.5341549629009061,0.4959526603691439,0.4959526603691439,0.5341549629009061,0.4959526603691439,0.0,0.6598125692525207,0.16385990888337676
3,14,40,0.0,0.0,0.0,0.0,0.0,0.0,0.0,0.3752081458783395,0.3752081458783395
3,14,41,0.0,0.29251244359741546,0.0,0.29251244359741546,0.591582971859334,0.0,0.29251244359741546,0.591582971859334,0.2990705282619185
3,14,42,0.0,0.2707249934173865,0.0,0.07361886434082603,0.2707249934173865,0.0,0.0,0.22995559179013414,0.42706172086669464
3,14,43,0.29513188678470337,0.11892278085825746,0.4849489085503304,0.41405466764296084,0.11892278085825746,1.0992250401049029,0.29513188678470337,0.11892278085825746,-0.9803022592466455
3,14,44,0.0,0.5545612727037574,0.0,0.0,0.5545612727037574,0.0,0.5545612727037574,0.5545612727037574,0.5545612727037574
3,14,45,0.0,0.0,0.0,0.0,0.08657311783307327,0.0,0.0,0.21914000968444652,0.21914000968444652
3,15,1,0.17322063532367313,0.0,0.17322063532367313,0.0,0.0,0.1767412426055031,0.0,0.0,-0.3499618779291762
3,15,2,0.0,0.3481539456782571,0.0,0.0,0.0,0.0,0.17032721321912114,0.17782673245913597,0.17782673245913597
3,15,6,0.5042541456475179,0.0,0.5042541456475179,0.5042541456475179,0.0,0.5042541456475179,0.0,0.0,-0.5042541456475179
3,15,8,0.0,0.17447238751533126,0.0,0.0,0.17447238751533126,0.0,0.0,0.17447238751533126,0.17447238751533126
3,15,9,0.0,0.3597116706609881,0.0,0.0,0.3597116706609881,0.0,0.3597116706609881,0.3597116706609881,0.3597116706609881
3,15,10,0.0,0.09526747050540765,0.0,0.0,0.09859716197655566,0.0,0.0,0.09859716197655566,0.0033296914711480052
3,15,12,0.0,0.0,0.0,0.0,1.0000133791365777,0.0,0.0,0.0,1.0000133791365777
3,15,13,0.0,0.2659419496146771,0.0,0.1393274398900179,0.2659419496146771,0.19593191520756303,0.1393274398900179,0.2659419496146771,0.07001003440711408
3,15,16,0.0,0.31135024561390096,0.0714927169798683,0.033454096755498396,0.33414690143483505,0.0765218071255189,0.2778961488584026,0.3470407126693713,0.22182284438491826
3,15,17,0.3600694350548635,0.0,0.3600694350548635,0.3600694350548635,0.22190491606573456,0.3600694350548635,0.22190491606573456,0.0,-0.13816451898912893
3,15,18,0.0,0.0,0.6196035471588586,0.6196035471588586,0.0,0.6196035471588586,0.0,0.0,-0.6196035471588586
3,15,19,0.06817752628025255,0.06726083612191965,0.0,0.1673140938256699,0.0,0.0,0.06726083612191965,0.06726083612191965,-0.03187573142349773
3,15,20,0.0,0.27235885098335655,0.0,0.0,0.27235885098335655,0.0,0.27235885098335655,0.0,0.27235885098335655
3,15,22,0.0,0.2647398646924439,0.0,0.5244049588897635,0.2647398646924439,0.5244049588897635,0.5244049588897635,0.531509270001269,-0.5264344995061446
3,15,24,0.0,0.14305050915670442,0.0,0.0,0.14305050915670442,0.0,0.14305050915670442,0.0,0.14305050915670442
3,15,25,0.0,2.990898634051022,0.0,0.0,2.990898634051022,0.0,2.990898634051022,2.990898634051022,2.990898634051022
3,15,27,0.11221869188218345,0.0,0.0,0.11221869188218345,0.0,0.11221869188218345,0.0,0.0798315203996467,-0.03238717148253675
3,15,28,0.0,0.7973339001226595,0.0,0.0,0.8713865950196521,0.0,0.3985474155825233,0.5600283568963209,0.9431001281141626
3,15,29,0.0,0.8302044797308366,0.0,0.0,0.8302044797308366,0.30072475034594864,0.30072475034594864,0.8302044797308366,0.8302044797308366
3,15,30,0.0,0.05119620025296075,0.0,0.2815156177221395,0.05119620025296075,0.2815156177221395,0.05119620025296075,0.14530213836869982,-0.13621347935343975
3,15,31,0.0,0.35487034392453387,0.0,0.0,0.35487034392453387,0.0,0.35487034392453387,0.0,0.35487034392453387
3,15,32,0.46354817226550504,0.24574176121421162,0.46354817226550504,0.46354817226550504,0.24574176121421162,0.46354817226550504,0.24574176121421162,0.24574176121421162,-0.21780641105129342
3,15,33,0.0,0.4421895930744223,0.0,0.2281555824895499,0.5867645366114771,0.2281555824895499,0.2281555824895499,0.7513155578732482,0.5231599753836984
3,15,34,0.2859708679194732,0.31890476517830824,0.0,0.0,0.49198400387502367,0.0,0.0,0.31890476517830824,0.20601313595555049
3,15,35,0.0,0.2978323477789994,0.0,0.0,0.5625075257643251,0.0,0.0,0.5625075257643251,0.5625075257643251
3,15,37,0.0,0.0,0.0,0.25703341478008035,0.0,0.25703341478008035,0.0,0.0,-0.14578906991973142
3,15,38,0.0,0.4141561580937383,0.0,0.0,0.11449993003729043,0.0,0.0,0.5286560881310287,0.5286560881310287
3,15,39,0.06359320676259524,0.023624669220856688,0.06359320676259524,0.06359320676259524,0.3459073079390371,0.07366306607983136,0.08544828902425455,0.11100583363591324,0.29850769221240286
3,15,40,0.0,0.0,0.0,0.0,0.0,0.0,0.0,0.29564386051944735,0.29564386051944735
3,15,41,0.19370745964344693,0.060758745161651175,0.19370745964344693,0.13294871448179577,0.1694860657070069,0.13294871448179577,0.1364674812311371,0.1452337492177768,0.027235025643815768
3,15,42,0.0,0.0,0.0,0.0,0.6550727341636101,0.0,0.0,0.6550727341636101,0.6550727341636101
3,15,43,0.0,0.0,0.6356278383544696,0.0,0.0,0.6356278383544696,0.0,0.0,0.6356278383544696
3,15,44,0.0,0.0,0.0,0.0,0.18896328870104137,0.0,0.0,0.3676338343573935,0.3676338343573935
3,15,45,0.0,0.0,0.2259937642107435,0.291060214139829,0.27294697256817085,0.0,0.0,0.5640071867079999,0.3380134224972564
3,15,48,0.0,0.5621775094151861,0.0,0.0,0.5621775094151861,0.0,0.0,0.5621775094151861,0.5621775094151861
3,15,49,0.0,0.0,0.0,0.0,0.1767414025448308,0.0,0.0,0.0,0.1767414025448308
3,15,52,0.0,0.19784141886354345,0.0,0.1891153862625932,0.19784141886354345,0.1891153862625932,0.19784141886354345,0.40301052967154655,0.2138951434089534
3,15,53,0.0,0.0902533931103862,0.0,0.3656425040740717,0.7694661566369025,0.0,0.0,0.7694661566369025,0.31357025945244466
3,15,54,0.06226843515631574,0.08235216008948944,0.0,0.06226843515631574,0.1619955928712661,0.06226843515631574,0.07964343278177669,0.08235216008948944,0.09972715771495039
3,15,55,0.0,0.30931103101935903,0.0,0.0,0.30931103101935903,0.0,0.30931103101935903,0.0,0.30931103101935903
3,16,1,0.28855427512386556,0.0,0.0,0.28855427512386556,0.437624557176827,0.28855427512386556,1.1063130209755,0.08792951949490818,-0.8693132194276305
3,16,3,0.09728330814318549,0.0,0.09728330814318549,0.09728330814318549,0.0,0.09728330814318549,0.0,0.18626704898266522,0.08898374083947973
3,16,4,0.0,0.0,1.0334032803868507,0.0,0.0,0.0,0.0,0.0,-1.0334032803868507
3,16,5,0.0,0.0,0.3321653401243449,0.0,0.0,0.0,0.0,0.0,-0.3321653401243449
3,16,6,0.0,0.6837203534065892,0.10714429062177619,0.0,0.6837203534065892,0.0,0.02996850746514776,0.07533455978311773,0.576576062784813
3,16,7,0.0,1.245449317025511,0.0,0.0,1.245449317025511,1.245449317025511,1.245449317025511,0.0,1.245449317025511
3,16,8,0.0,0.14054437735379652,0.0,0.0,0.14054437735379652,0.0,0.0,0.3738145596708501,0.3738145596708501
3,16,9,0.0,0.0,0.0,0.0,3.1813452458069547,0.0,0.0,0.0,3.1813452458069547
3,16,11,0.0,0.8500522047923157,0.0,0.13742188010287526,0.9914453268281804,0.6405167916131199,0.7126303246894403,0.20953541317919572,0.9914453268281804
3,16,13,0.0,0.7309704131352113,0.0,0.669931665501517,0.7146355464965906,0.0,0.061038747633694324,0.7146355464965906,0.7146355464965906
3,16,14,0.15513951963432657,0.0,0.15513951963432657,0.15513951963432657,0.0,0.34778514646505715,0.0,0.1455301070699145,-0.20225503939514264
3,16,18,0.1901569595886174,0.1901569595886174,0.1901569595886174,0.1901569595886174,0.1901569595886174,0.2332701823170536,0.0,0.1901569595886174,-0.04311322272843621
3,16,19,0.0,0.11869481062608983,0.014505861634875704,0.014505861634875704,0.13361512200100212,0.014505861634875704,0.12185178075720987,0.14891026663528686,0.13440440500041118
3,16,20,0.0,0.34037982603314215,0.0,0.0,0.34037982603314215,0.0,0.9907489379866147,0.34037982603314215,-0.6503691119534725
3,16,21,0.3079217508392101,0.180346421952416,0.48826817279162604,0.3079217508392101,0.0,0.0,0.0,0.0,-0.3079217508392101
3,16,22,0.0,0.0,0.0,0.03310042299617371,0.05521982665378389,0.03310042299617371,0.0,0.0,0.022119403657610177
3,16,23,0.0,0.26219985621589703,0.0,0.0,0.3793447534249097,0.26219985621589703,0.26219985621589703,0.1089214222966385,0.4882661757215482
3,16,24,0.025252363606794653,0.08577054970007233,0.0,0.0,0.12198991532411319,0.0,0.05032805352661217,0.19649176656970835,0.2319342627431685
3,16,25,2.3065143456755988,0.12883301259644556,0.0,2.435347358272044,0.12883301259644556,0.0,0.0,0.12883301259644556,-2.1776813330791533
3,16,26,0.12278060948295492,0.17188329223361842,0.0,0.12278060948295492,0.0,0.12278060948295492,0.12278060948295492,0.17188329223361842,0.0491026827506635
3,16,27,1.3548557036925244,0.0,0.0,1.3548557036925244,0.0,1.3548557036925244,0.0,0.6493419377768841,-0.7055137659156403
3,16,28,0.0,0.4572838584259568,0.0,0.0,0.0,0.11996193930997222,0.11996193930997222,0.24547963105338055,-0.33176616668254844
3,16,29,0.27199453639747995,0.19455563873400533,0.0,1.5107921868864418,0.19455563873400533,1.5107921868864418,0.19455563873400533,0.19455563873400533,-1.3162365481524365
3,16,30,0.04883226194403879,0.127880544732286,0.0826138062878478,0.0,0.23505575119318442,0.04883226194403879,0.030370723482500327,0.20468502771068411,0.10360968296129784
3,16,32,0.0,0.9829670448568465,0.0,0.0,0.9829670448568465,0.0,0.9829670448568465,0.9829670448568465,0.9829670448568465
3,16,33,0.0822841810487316,0.7792971272607931,0.0822841810487316,0.0,0.6545833476900776,0.0822841810487316,0.6545833476900776,0.2855181900085624,0.4475853870706306
3,16,34,0.0,0.4596601832790216,0.0,0.4596601832790216,0.4596601832790216,0.0,0.0,0.0,0.4596601832790216
3,16,35,0.06859333416904034,0.6285903219964344,0.0,0.0,0.6285903219964344,0.0,0.5808978054570301,0.8993847330577248,0.8307913988886844
3,16,37,0.0,3.321198178734696,0.0,0.0,3.321198178734696,3.321198178734696,3.321198178734696,0.0,3.321198178734696
3,16,38,0.0,0.204784801011843,0.0,0.0,0.204784801011843,0.0,0.204784801011843,0.204784801011843,0.204784801011843
3,16,39,0.0,0.4981797268102044,0.0,0.0,0.4981797268102044,0.4981797268102044,0.4981797268102044,0.4918552082809576,0.9900349350911619
3,16,40,0.0,0.2589515792601641,0.0,0.39083125138749075,0.2589515792601641,0.5049728898942696,0.0,0.2589515792601641,-0.2460213106341055
3,16,41,0.0,0.22580928394875407,0.0,0.0,0.42686145411133747,0.0,0.0,0.0,0.42686145411133747
3,16,42,0.0,1.237547004712558,0.0,0.7881549005900199,1.237547004712558,0.0,0.44939210412253827,1.237547004712558,1.237547004712558
3,16,43,0.0,0.3565462701816695,0.0,0.0,0.45290132274217454,0.0,0.2812948543180065,0.45290132274217454,0.637841124499676
3,16,44,0.0,0.0,0.29301547324792343,0.0,0.20137136331638325,0.0,0.0,0.4798009270323938,0.18678545378447042
3,16,45,0.0,1.028161943486777,0.0,0.0,0.456557120454331,0.0,0.456557120454331,0.456557120454331,-0.11504770257811497
3,16,46,0.8228716675468934,1.3278197022961276,0.8228716675468934,0.8228716675468934,1.672117819715419,0.0,0.0,1.7245818305914427,0.8492461521685255
3,16,48,0.0,0.0,0.0,0.0,0.07759378648309646,0.0,0.13429883093518333,0.0,-0.056705044452086864
3,16,49,0.0,0.05931036888880111,0.0,0.0,0.04358018158497517,0.0,0.10289055047377628,0.04358018158497517,0.04358018158497517
3,16,50,0.24602819687206387,1.0654945177558386,0.0,0.0,1.0654945177558386,0.24602819687206387,0.8191392040473721,1.0654945177558386,0.8194663208837746
3,16,51,0.0,0.09057813214730989,0.0,0.0,0.09057813214730989,0.09057813214730989,0.09057813214730989,0.11282775921068461,0.2034058913579945
3,16,53,0.0,0.0,0.0,0.0,0.0,0.0,0.0,0.427749405760934,0.427749405760934
3,16,54,0.7368497342953548,0.0,0.7368497342953548,0.7368497342953548,0.0,0.7368497342953548,0.0,0.0,-0.7368497342953548
3,16,55,0.0,0.664008617680221,0.0,0.0,0.664008617680221,0.383215174469388,0.383215174469388,0.0,0.664008617680221
3,16,56,0.0,1.0766371611399943,0.0,0.0,1.0766371611399943,0.0,1.0766371611399943,2.529456863436122,2.529456863436122
3,16,57,0.0,0.3028628376055954,0.0,0.0,0.3028628376055954,0.0,0.0,0.3028628376055954,0.3028628376055954
3,17,3,0.0,0.05014499033098551,0.0,0.1149224806649145,0.05229362745329364,0.1781753486408066,0.1363852034414869,0.31166031850465775,-0.0029002335776357547
3,17,4,0.0,0.3320411521916608,0.0,0.3320411521916608,0.0,0.0,0.0,0.0,0.0
3,17,5,0.3756694244577801,1.1253224148332943,0.3756694244577801,0.0,0.06301070800364401,0.0,1.1253224148332943,0.06301070800364401,-1.3749704232837863
3,17,6,0.0,0.0,0.0,0.0,0.1380175579003046,0.03879932436218336,0.0,0.028510022740208866,0.09921823353812122
3,17,7,0.0,0.5019917891752599,0.0,0.0,0.6608357079907262,0.0,0.38031463045056557,0.5391585492660319,0.6608357079907262
3,17,8,0.0,0.04425055008021028,0.0,0.03339077758385944,0.0,0.08984027377602,0.04425055008021028,0.0828663217528192,-0.006973952023200787
3,17,9,0.0,0.712974118750212,0.0,0.23015340641920692,0.6350280065185148,0.3596298173214839,0.6350280065185148,0.6350280065185148,0.19745207696533368
3,17,10,0.0,0.15740970263625212,0.0,0.0,0.15740970263625212,0.0,0.0,0.3414791062334691,0.3414791062334691
3,17,11,0.23402628394779074,0.0,0.23402628394779074,0.23402628394779074,0.23402628394779074,0.23402628394779074,0.0,0.23402628394779074,0.23402628394779074
3,17,12,0.0,0.2540465880144204,0.0,0.0,1.0052608508129168,0.0,0.0,0.7541921807831181,1.5054064435816146
3,17,15,0.0,0.15854307175110427,0.0,0.0,0.28679503779203996,0.0,0.15854307175110427,0.28679503779203996,0.28679503779203996
3,17,16,0.0,0.0,0.0,0.0,0.3533287574397389,0.2519200725509417,0.6052488299906806,0.3533287574397389,0.10140868488879723
3,17,17,0.32657825524387507,0.27788994074122847,0.0,0.32657825524387507,0.27788994074122847,0.32657825524387507,0.27788994074122847,0.27788994074122847,-0.0486883145026466
3,17,18,0.0,0.4417131860449562,0.0,0.4417131860449562,0.4417131860449562,0.0,0.0,0.8179871903424347,0.8179871903424347
3,17,19,0.0,0.29171813530296997,0.4761840877030483,0.0,0.0,0.0,0.0,0.29171813530296997,-0.18446595240007835
3,17,20,0.15496743491158693,0.0,0.0,0.047374582483022704,0.5655724881434586,0.15496743491158693,0.0,0.15710696387416356,0.5203374346230125
3,17,21,0.030353384276281283,0.06092131024113546,0.1597323391551884,0.10573645564482805,0.04595447697972596,0.09952612352835455,0.0,0.028664557165557727,-0.1720810362101444
3,17,23,0.0,0.36376380027231686,0.0,0.36376380027231686,0.36376380027231686,0.0,0.0,0.36376380027231686,0.36376380027231686
3,17,24,0.0,0.0,0.0,0.0,1.5906726229034773,0.0,0.0,0.0,1.5906726229034773
3,17,25,0.0,0.679115495258785,0.7750524602901381,0.679115495258785,0.0,0.0,0.0,0.0,-0.7750524602901381
3,17,26,0.0,0.35793825349853076,0.1803990944755795,0.0,0.40774417530993096,0.0,0.1648546984847572,0.2146606202961574,0.32031613488229843
3,17,28,0.10052608508129168,0.13134636586953435,0.0,0.0,0.44026351150195575,0.0,0.13134636586953435,0.13282579780013604,0.4270554906626128
3,17,29,0.0,0.0,0.33899064631611525,0.0,0.0,0.0,0.0,0.0,-0.33899064631611525
3,17,30,0.24784141886354347,0.43542161724320905,0.24784141886354347,0.24784141886354347,0.21399624005835152,0.24784141886354347,0.43542161724320905,0.0,-0.033845178805191924
3,17,31,0.0,0.614354403035529,0.0,0.0,0.614354403035529,0.0,0.614354403035529,0.614354403035529,0.614354403035529
3,17,32,0.0,1.9207397182235408,0.0,0.0,1.9207397182235408,0.0,0.0,1.9207397182235408,1.9207397182235408
3,17,34,0.0,0.409569602023686,0.0,0.0,0.409569602023686,0.0,0.409569602023686,1.3475899667195348,1.3475899667195348
3,17,35,0.0,0.2956591936148407,0.0,0.0,0.2956591936148407,0.0,0.0,0.3457228190548438,0.6413820126696845
3,17,36,4.109716720316839,0.10429470747830939,0.0,4.109716720316839,0.10429470747830939,4.109716720316839,0.0,0.0,-4.00542201283853
3,17,37,1.5732522239447435,0.0,0.8727226718329957,0.7005295521117478,0.0,0.8727226718329957,0.7005295521117478,0.0,-1.5732522239447435
3,17,38,0.3034087141216167,0.0,0.3034087141216167,0.3034087141216167,0.6273496948529915,0.3034087141216167,0.0,0.0,0.32394098073137484
3,17,39,0.0,0.38031463045056557,0.0,0.0,0.38031463045056557,0.0,0.38031463045056557,0.38031463045056557,0.38031463045056557
3,17,40,0.34265930119363436,0.0672172239633629,0.09393115697083396,0.40987652515699724,0.0672172239633629,0.09393115697083396,0.13989657751970222,0.0672172239633629,-0.2754420772302715
3,17,41,0.11716988968410431,0.4977454131002067,0.04905761664543062,0.21532837547187236,0.5701841443482883,0.04905761664543062,0.23403977258496342,0.4046369896208132,0.45301425466418405
3,17,43,0.0,0.11987402986059104,0.0,0.0,0.11987402986059104,0.0,0.11987402986059104,0.11987402986059104,0.11987402986059104
3,17,45,0.05687741958838633,0.0682438060353182,0.19648856663886805,0.0,0.10880843879010726,0.05687741958838633,0.0,0.07500922803324774,-0.08768012784876082
3,17,46,2.1484717564872127,0.07275276005446338,0.577402117745577,1.7819144426476232,0.07275276005446338,0.13809204385152415,1.5710696387416356,0.07275276005446338,-2.2138110402842734
3,17,47,0.12203055426789607,0.10616729657187997,0.2218070542889278,0.12203055426789607,0.2059554535158464,0.4779118311700947,0.03388752670812093,0.06654225092403923,-0.335029328890818
3,17,48,1.2962879984821254,1.2962879984821254,0.0,0.6782461214618343,1.2962879984821254,0.6782461214618343,1.2962879984821254,1.2962879984821254,0.6180418770202911
3,17,49,0.0,0.0,0.0,0.0,0.0,0.0,0.0,0.267033164340146,0.267033164340146
3,17,50,0.0,0.15358860075888225,0.0,0.0,0.15358860075888225,0.0,0.15358860075888225,0.15358860075888225,0.15358860075888225
3,17,51,0.0,0.0,0.45681643900850366,0.5458144410712865,0.0,0.0,0.0,0.5458144410712865,-0.45681643900850366
3,17,52,0.0,0.1143209646064892,0.0,0.0,0.16376818354090253,0.12596003627547084,0.12596003627547084,0.16376818354090253,-0.07651281734105751
3,17,56,0.30989784672842063,0.0,0.7799209482433066,0.30989784672842063,0.31168250397246816,0.47002310151488597,0.31168250397246816,0.31168250397246816,-0.46823844427083844
3,17,57,0.0,0.0,0.7969739433485438,0.0,0.0,0.0,0.0,0.0,-0.7969739433485438
3,17,58,0.019673419543120144,0.04592462268120561,0.03256098367793179,0.018998655710461575,0.04135546649395824,0.010034065541034146,0.008964590169427428,0.04975995207596483,0.016804256859084894
3,17,59,0.2780833053114337,0.07621397640432612,0.22681630826318738,0.13207819866077472,0.0,0.13207819866077472,0.0,0.16771883682925,-0.13531144783826346
3,17,60,0.0,0.2891079543696607,0.0,0.0,0.2891079543696607,0.0,0.2891079543696607,0.2891079543696607,0.2891079543696607
3,17,61,0.06406778293246534,0.0,0.12478252555624719,0.06406778293246534,0.0,0.06406778293246534,0.0,0.0,-0.12478252555624719
3,18,1,0.0,0.8644417227371949,0.0,0.5712669585715425,0.8078487647989628,0.2529180385325957,0.546092802698248,0.8078487647989628,0.5549307262663671
3,18,2,0.0,0.0,0.0,0.06942848116581059,0.05400754783047709,0.06942848116581059,0.0,0.08683348124896373,0.07141254791363023
3,18,3,0.5252504909730273,0.6315223933202753,0.12843041788715376,0.8092299231971268,0.6315223933202753,0.21444842608869438,0.0,0.6315223933202753,0.020253894145707274
3,18,5,0.0,0.0,0.0,0.0,0.7008622084796348,0.0,0.7008622084796348,0.0,0.7008622084796348
3,18,7,0.0,0.0,0.0,0.24129650341819908,0.0,0.24129650341819908,0.0,0.0,-0.24129650341819908
3,18,8,0.12338012296487136,0.03627308518769591,0.04701859366716137,0.04701859366716137,0.03627308518769591,0.04701859366716137,0.08329167885485729,0.08714876598475889,-0.03623135698011246
3,18,9,1.2221369454866566,0.15131655337700187,0.0,1.2221369454866566,0.15131655337700187,0.489321280216319,0.18400264244700545,0.15131655337700187,-1.0708203921096546
3,18,10,0.0,0.0,0.0,0.550758708585652,0.0,0.0,0.0,0.550758708585652,0.0
3,18,12,0.0,0.21904901687586095,0.0,0.8299307520050891,1.066836911738093,0.0,0.5822435175084355,0.21904901687586095,0.8191496772414393
3,18,13,0.2200064373349439,0.04518885248670561,0.10222012852242848,0.317915617722806,0.04518885248670561,0.23509707064509705,0.04518885248670561,0.03653470107097836,-0.19100321167841647
3,18,14,0.23867410602260208,0.0,0.23867410602260208,0.23867410602260208,0.19883407786293467,0.23867410602260208,0.0,0.0,-0.03984002815966742
3,18,15,0.0,0.2605491737870239,0.0,0.2512140424952885,0.0,0.0,0.0,0.0,0.00933513129173541
3,18,19,0.037937705779889364,0.36533536565958885,0.0,0.08834263720899126,0.32739765987969954,0.07667485528717187,0.21248347774161155,0.43066664859236237,0.22332922743964348
3,18,20,0.1826540764585262,0.0,0.0,0.1826540764585262,0.0,0.1826540764585262,0.0,0.0,-0.1826540764585262
3,18,21,0.0,0.24304738117866237,0.0,0.1322733576952912,0.29511267207367836,0.0,0.24304738117866237,0.4801849295558852,-0.18507225748220685
3,18,23,1.1904602192576208,0.0,0.0,1.1904602192576208,0.0,0.0,1.1904602192576208,0.0,-1.1904602192576208
3,18,24,0.0,0.0,0.0,0.0,0.0,0.6038144853864785,0.0,0.0,-0.6038144853864785
3,18,25,0.42279113338416635,0.9219275174795835,0.21976160493594257,0.0,0.9219275174795835,0.0,0.9219275174795835,0.9219275174795835,0.4991363840954171
3,18,27,0.4615326232738549,0.26264137558564554,0.0,0.0,0.12287088060710581,0.0,0.12287088060710581,0.3162683969681981,-0.005493731327117057
3,18,28,0.1970832663646247,0.38094019488539194,0.0,0.5780234612500167,0.0,0.5780234612500167,0.0,0.0,-0.5780234612500167
3,18,29,0.0,0.2927674096854089,0.0,0.0,0.2927674096854089,0.0,0.0,0.8287790466544653,0.8287790466544653
3,18,30,0.11111039986989647,0.26915511715211077,0.0,0.0,0.26915511715211077,0.0,0.11111039986989647,0.26915511715211077,0.26915511715211077
3,18,31,0.08695947443159446,0.12394241336068879,0.3934555361031874,0.08695947443159446,0.1825358893126878,0.11220177322102487,0.08626899537167007,0.03767341798901873,-0.11089760231230807
3,18,32,0.732084639489368,0.0,0.0,0.0,0.0,0.6456976454649456,0.0,0.0,-0.732084639489368
3,18,35,0.35036654631935765,0.2529180385325957,0.09744850778676195,0.21167600217283825,0.5616416557659973,0.0,0.21167600217283825,0.7594719955115065,0.717111186511831
3,18,36,0.06136990776334514,0.03220825314911139,0.0,0.03220825314911139,0.03220825314911139,0.04694012571190121,0.0,0.03220825314911139,-0.07610178032613496
3,18,37,0.07430240684521443,0.15913050776987278,0.07430240684521443,0.35555181899278204,0.05861974594514375,0.5960181766791454,0.29908610363150706,0.05861974594514375,-0.5373984307340015
3,18,38,0.4507735316301281,0.0,0.0,0.35088238402793676,0.09734345065539847,0.3219056841737638,0.0,0.7242119382376269,0.21661971269390243
3,18,39,0.0,0.0,0.0,0.0,0.0,0.5502747463346771,0.0,0.0,-0.5502747463346771
3,18,41,0.0,0.0,0.0,0.0,0.0,0.24456655392652316,0.0,0.3480886988229776,0.10352214489645445
3,18,43,0.0,0.4462947075987931,0.0,0.09523504872134798,0.3510596588774451,0.09523504872134798,0.3510596588774451,0.3510596588774451,0.25582461015609714
3,18,44,0.0,0.554875636293621,0.30000401374097335,0.4436516608990768,0.45477867565173247,0.10009696064188865,0.023403977258496342,0.45477867565173247,0.05467770126887036
3,18,45,0.06435157454833458,0.04493313166684327,0.06435157454833458,0.18339512971533362,0.04493313166684327,0.04578446475114546,0.0,0.11441291134338298,-0.06898221837195065
3,18,46,0.11671258899266283,0.14706092391408815,0.11671258899266283,0.2959553589506604,0.02457417612142116,0.2959553589506604,0.02457417612142116,0.02457417612142116,-0.3938679306219063
3,18,47,0.06728045356603868,0.13544500063368706,0.0,0.22079919888770583,0.1372500441074094,0.0,0.0560823018852989,0.45087039835230264,0.4275900014892134
3,18,48,0.5937786458979547,0.0,0.0,0.5937786458979547,0.0,0.5937786458979547,0.5937786458979547,0.0,-0.5937786458979547
3,18,49,0.23054473424355137,0.07509877924555472,0.23206834071458973,0.03178555615119329,0.07509877924555472,0.03178555615119329,0.07509877924555472,0.03309671485486278,-0.156969561469035
3,18,50,0.0,0.20806172456931696,0.0,0.0,0.20806172456931696,0.11070660595782321,0.11070660595782321,0.09735511861149375,0.20806172456931696
3,18,52,0.0,0.7778185312038447,0.0,0.0,0.7778185312038447,0.0,0.6155823195709188,0.40956960202368603,0.7778185312038447
3,18,53,0.0,0.0,0.0,0.0,0.0,0.0,0.0,0.5869597294236556,0.5869597294236556
3,18,54,0.07836896591808154,0.02645155624449876,0.0,0.03466197240447646,0.02645155624449876,0.03466197240447646,0.0,0.03796437575736901,-0.013953033916213768
3,18,55,0.0,0.14723772868165208,0.0,0.4001557672142478,0.14723772868165208,0.2529180385325957,0.0,0.14723772868165208,-0.10568030985094362
3,18,56,0.0,0.31016116319913895,0.0,0.0,0.31016116319913895,0.0,0.31016116319913895,0.6489241784075359,0.6489241784075359
3,18,57,0.013211137101891712,0.017144997442410957,0.006154950077871644,0.019014362383114495,0.024030845470166373,0.0,0.004546631745491697,0.02465959623131181,0.005016483087051878
3,19,1,0.0,1.228708806071058,0.0,0.0,1.228708806071058,0.0,1.228708806071058,1.228708806071058,1.228708806071058
3,19,2,0.1296633729118762,0.0,0.0,0.056553492852754995,0.0,0.056553492852754995,0.056553492852754995,0.06350404672141725,-0.06615932619045897
3,19,3,0.0,2.457417612142116,0.0,0.0,2.457417612142116,0.0,2.457417612142116,2.457417612142116,2.457417612142116
3,19,4,0.13518622847102368,0.07946547377152398,0.13518622847102368,0.0,0.07946547377152398,0.13518622847102368,0.07946547377152398,0.0,-0.055720754699499705
3,19,5,1.265247344737919,0.0,1.082628970772957,0.18261837396496214,0.4538001750748785,0.0,0.0,0.4538001750748785,-0.6288287956980785
3,19,6,0.22151177687607038,0.22151177687607038,0.22151177687607038,0.22151177687607038,0.22151177687607038,0.22151177687607038,0.22151177687607038,0.22151177687607038,0.0
3,19,7,0.0,0.0,0.0,0.22292833604938112,0.31168250397246816,0.0,0.0,0.5538191210218227,0.3308907849724417
3,19,8,0.0,0.0540218769079574,0.08363306812916817,0.06767650948274127,0.0,0.06767650948274127,0.06767650948274127,0.0540218769079574,-0.09728770070395205
3,19,10,0.42082222466293806,0.0,0.0,0.42082222466293806,0.0,0.37422027532263735,0.0,0.0,-0.7950424999855754
3,19,11,0.5992418480801234,0.1864221781896951,0.4745021934578391,0.5329877619867498,0.12547174700803237,0.579947308969023,0.0,0.12547174700803237,-1.1360294110439626
3,19,12,0.2002297838972225,0.15057129011612308,0.27930251784893406,0.3099498588394393,0.11929239935392233,0.35519835609174,0.09401306242506124,0.23121169466108496,-0.18809482467069083
3,19,13,0.0,0.0,0.0,0.0,0.1377140214892113,0.0,0.0,0.0,0.1377140214892113
3,19,14,0.0,0.0,0.0,0.0,0.9096907351188108,0.0,0.0,1.3477296154185825,1.3477296154185825
3,19,15,0.0,0.4867086348987772,0.0,0.0,0.4867086348987772,0.0,0.0,0.0,0.4867086348987772
3,19,16,4.330515883091828,0.0,4.330515883091828,0.0,0.0,0.0,0.0,0.0,-4.330515883091828
3,19,17,0.1409378137333002,0.03160445681160891,0.0,0.1409378137333002,0.03160445681160891,0.513262170339061,0.0,0.02946698161626623,-0.45219073191118586
3,19,18,0.0,0.22903646683812542,0.0,0.22903646683812542,0.22903646683812542,1.1724509878179274,0.0,0.22903646683812542,-0.943414520979802
3,19,19,0.0,0.2365273548918726,0.0,0.0,0.0,1.4528197022961276,0.0,0.0,-1.2162923474042548
3,19,20,0.011068038406388694,0.01214830101631626,0.0,0.016639195707856613,0.021361480243377414,0.03200958366471125,0.0,0.016349170397147273,0.00012990967434551673
3,19,21,0.13888799983737057,0.294613311568464,0.0,0.040746929715527104,0.2101086615574914,0.0,0.13888799983737057,0.25386638185293686,0.25386638185293686
3,19,22,0.0,0.0,0.0,0.0,0.0,0.0,0.0,3.9676212829531514,3.9676212829531514
3,19,23,0.5555519993494823,0.5555519993494823,0.0,0.0,0.7989397958782166,0.0,0.5555519993494823,0.7989397958782166,0.7989397958782166
3,19,25,0.2656278489349405,0.0,0.2295954925980591,0.33799519653470467,0.08716036316995034,0.04154647327556118,0.18023703073598574,0.08716036316995034,-0.6629652283466316
3,19,26,1.1222778341613575,0.5691861726320033,0.8261380628784781,0.2961397712828793,0.5691861726320033,0.8261380628784781,0.273046401349124,0.5691861726320033,-0.25695189024647475
3,19,27,0.06149164704431538,0.0,0.06149164704431538,0.3152615566816472,0.26839257962858404,0.3152615566816472,0.0,0.1978641041662538,-0.046868977053063164
3,19,28,0.0,0.08149385943105421,0.21450808553021009,0.38931520816831006,0.38741858727896733,0.5015306423767395,0.0,0.0,-0.11411205509777216
3,19,29,0.24523724784273218,0.1913880018961643,0.3277252071869609,0.3319461027168641,0.1213955745860689,0.4818401989855121,0.05641766493472527,0.10882478363326595,-0.6493374752632336
3,19,31,0.0,0.0,0.0,0.0,0.0,0.0,0.0,0.6821966288697082,0.6821966288697082
3,19,32,0.0,0.0,0.4137053856915375,0.0,0.0,0.0,0.0,0.0,-0.4137053856915375
3,19,33,0.7396102343615595,0.2427911491721378,0.8592999132840221,0.3663779426542737,0.2427911491721378,0.3663779426542737,0.11283532986945054,0.2176495672665319,-0.7652371394996261
3,19,34,0.07614984339573612,0.0,0.0,0.0,0.6078259334686621,0.0,0.0,0.34560467854461385,0.5316760900729259
3,19,35,2.7657825524387505,0.0,2.7657825524387505,0.0,0.0,0.0,0.0,0.0,-2.7657825524387505
3,19,36,1.4435052943639428,0.41226564030862584,1.4435052943639428,0.41226564030862584,0.54502262023339,0.0,0.0,0.54502262023339,-0.8984826741305527
3,19,37,0.2513152127032292,0.28109020930133577,0.0,0.6767337801540725,0.5135135943476512,0.39564357085273666,0.0,0.28109020930133577,-0.1334451892083146
3,19,38,0.122589314329525,0.34724913988820005,0.14405169399762743,0.16043980615599637,0.42008837736710236,0.25297049857013437,0.32478257405477845,0.34724913988820005,0.1973028394761852
3,19,39,0.029888848875031553,0.03891112774680107,0.0,0.074563476624455,0.10817470340544064,0.074563476624455,0.03891112774680107,0.10817470340544064,0.033611226780985645
3,19,40,0.3320512272401349,0.09513822468660596,0.1595333818720691,0.17028315026327312,0.09513822468660596,0.07514492557666716,0.0,0.09513822468660596,-0.236913002553529
3,19,41,0.143094248138038,0.22123119768126237,0.143094248138038,0.143094248138038,0.22123119768126237,0.143094248138038,0.143094248138038,0.0,0.07813694954322437
3,19,42,0.969184706016696,0.0,0.0,0.969184706016696,0.0,0.969184706016696,0.0,0.0,0.0
3,19,43,0.11970495707363382,0.0,0.06609104503027825,0.04831326725250047,0.058058356487800014,0.06609104503027825,0.0,0.10192717929585604,-0.06609104503027825
3,19,45,0.0,0.3697899201796955,0.0,0.16930675328239642,0.2004831668972991,0.3697899201796955,0.2004831668972991,0.2004831668972991,0.03117641361490267
3,19,46,0.0,2.881109577335311,0.0,0.0,2.881109577335311,0.0,0.0,2.881109577335311,2.881109577335311
3,19,47,0.0,0.0,0.0,0.0,0.6759311423551184,0.0,0.0,0.4525153084698709,1.1284464508249894
3,19,48,0.9026002708554473,0.0,0.0,0.9026002708554473,0.0,0.0,0.0,0.0,-0.9026002708554473
3,19,49,0.0,0.0561586886421666,0.0,0.08231200100284841,0.0561586886421666,0.0,0.0,0.0,-0.02615331236068181
3,19,50,0.0,0.0,0.20340090827343027,0.0,0.0,0.6683032130081912,0.0,0.0,-0.2615013964613306
3,19,51,0.0,0.0,0.24797633018457196,0.0,0.0,0.0,0.0,0.16372137045365384,-0.08425495973091812
3,19,52,0.054160958337336265,0.16688736199937998,0.054160958337336265,0.16291949103904985,0.19696568241713847,0.16291949103904985,0.12437289011282529,0.16688736199937998,0.0340461913780886
3,19,53,1.278328617754735,0.0,0.0,1.278328617754735,0.0,0.0,0.0,0.0,0.0
3,19,54,0.4619422814770098,0.0,0.0,0.0,0.0,0.0,0.0,0.0,-0.4619422814770098
3,19,55,0.20973598084798406,0.38564905992409804,0.24890238310576848,0.11952716492273269,0.40194200578843425,0.09970670144635645,0.1686284114659477,0.17594143554010147,0.09525024400118547
3,19,57,0.3233032271339855,0.0,0.3233032271339855,0.0,0.1767414025448308,0.3233032271339855,0.0,0.0,-0.1465618245891547
3,19,58,0.0,0.10179340035125667,0.0,0.08981085724366382,0.04273127911440403,0.09292138069249133,0.0,0.07284095643921394,-0.05082916026008858
3,20,1,1.1498936500348442,0.0,0.39758991176998876,0.7523037382648556,0.09791718154913114,0.5869597294236556,0.0,0.09791718154913114,-0.8866324596445132
3,20,2,0.0,0.09461094195674903,0.0,0.0,0.0,0.0,0.0,0.15870485131812606,0.2533157932748751
3,20,3,0.16282769397910632,0.0,0.16282769397910632,0.16282769397910632,0.0,0.16282769397910632,0.0,0.17782673245913597,0.014999038480029647
3,20,4,0.7288863207378058,0.0,0.16232744352441078,0.16232744352441078,0.0,0.753669359580693,0.0,0.0,-0.9159968031051039
3,20,5,0.07609863507516904,0.030116792293396855,0.08579394108544838,0.04438950785615703,0.030116792293396855,0.04140443322929136,0.030116792293396855,0.0,-0.13476085849408623
3,20,6,0.24210233536580766,0.07759750876164309,0.07495412997706752,0.13600337199027884,0.22834015850238693,0.07495412997706752,0.09150239672549927,0.7619697130308599,0.45881813565184093
3,20,8,0.3029146993412901,0.0,0.14064742715900325,0.16226727218228684,0.0,0.0,0.0,0.14321602819823517,-0.15969867114305492
3,20,10,0.0,0.0,0.0,0.0,0.0,0.0,0.0,0.6269734795050805,0.6269734795050805
3,20,11,0.0,0.3841248803580577,0.0,0.0,0.3841248803580577,0.0,0.3841248803580577,0.3841248803580577,0.3841248803580577
3,20,12,0.0,0.1429012057581115,0.0,0.0,0.0,0.0,0.0,0.0,-0.1429012057581115
3,20,14,0.0,0.06625459453169195,0.0,0.0,0.06625459453169195,0.0,0.0,0.17295063400717353,0.17295063400717353
3,20,15,0.8319400144658622,0.8319400144658622,0.8319400144658622,0.8319400144658622,0.0,0.8319400144658622,0.0,0.0,-0.8319400144658622
3,20,16,0.06612754025727544,0.24456655883754352,0.06612754025727544,0.11595787571738869,0.17930884379414205,0.04983033546011327,0.1533701721896651,0.39663606252259115,0.2413625272878224
3,20,17,0.0,0.0,0.06354908175988293,0.015664809236872333,1.104110161213826,0.29348481953106087,0.04269112140229544,0.0,1.006713014804982
3,20,18,0.0,0.0,0.7607369008783539,0.0,0.7107354510789105,0.0,0.0,1.6187692429991944,1.5687677931997508
3,20,19,0.0,0.136523200674562,0.0,0.0,0.37019628006845184,0.23367307939388982,0.136523200674562,0.136523200674562,0.37019628006845184
3,20,20,0.0,0.21179189175395513,0.0,0.0,0.5756681858014795,0.0,0.0,1.2021823901370432,1.2021823901370432
3,20,21,0.0,0.0,0.0,0.0,0.0,0.0,0.0,0.5435242565906303,0.5435242565906303
3,20,22,0.06647630761446797,0.14127582948702436,0.0,0.09330161385833957,0.06647630761446797,0.0,0.06647630761446797,0.23457744334536393,0.14127582948702436
3,20,23,0.0,0.14501921508042048,0.0,0.08588867506429704,0.14501921508042048,0.0,0.05913054001612345,0.49261261432985226,0.49261261432985226
3,20,24,0.38109181886376736,1.0447813633509522,0.34163674749866146,1.2056230994810189,0.8245312806172516,0.1608417361300667,0.0,0.8245312806172516,0.4828945331185901
3,20,25,0.0,0.0,0.0,0.14640571709846065,0.0,0.1999330054482213,0.0,0.19754630122285394,-0.002386704225367381
3,20,26,0.0,0.0,0.0,1.5032739497900058,0.0,1.370444959231915,1.370444959231915,0.0,-1.5032739497900058
3,20,28,0.0,0.09920043440196098,0.0,0.0,0.09920043440196098,0.21160646842416808,0.0,0.3199478502564817,0.10834138183231361
3,20,29,0.12584243482647658,0.052957374523392796,0.3626677862326253,0.11290464197437702,0.07583504395695065,0.17985476087790922,0.052957374523392796,0.07095823626242401,-0.33578199944017567
3,20,31,0.0,0.0,0.0,0.0,0.0,0.0,0.0,0.6367713918880404,0.6367713918880404
3,20,32,0.10013613818099495,0.9427642777548074,0.0,0.0,1.3682522926896072,0.0,1.3682522926896072,0.7531436965537485,1.2681161545086124
3,20,33,0.07554118362845266,0.0,0.0,0.0,0.0,0.814260268980403,0.0,0.0,-0.814260268980403
3,20,34,0.23242338504631546,0.3451681478043869,0.23242338504631546,0.23242338504631546,0.5181453483957691,0.0,0.0,0.3451681478043869,0.28572196334945366
3,20,35,0.0,0.2137063579276692,0.0,0.0,0.2137063579276692,0.0,0.0,0.2137063579276692,0.2137063579276692
3,20,36,0.7803892046768742,0.0,0.5589419649964986,0.6564684952451025,0.0,0.5148873683405603,0.22486238993120256,0.0,-0.8602553174527077
3,20,39,0.0,0.24574176121421162,0.0,0.0,0.24574176121421162,0.0,0.24574176121421162,0.24574176121421162,0.24574176121421162
3,20,40,0.2300509704070687,0.25191246240972387,0.0765309702589543,0.5708297159807282,0.0,0.306581940666023,0.0,0.0,-0.2897254650676909
3,20,41,0.0,0.5605069676826636,0.0,0.0,0.0,0.5697652937609665,0.5605069676826636,1.13027226144363,1.13027226144363
3,20,42,0.24013517789527358,0.23185001219240442,0.01605380223589422,0.2615119223810616,0.2176306572953078,0.02480102697724636,0.21922049244796854,0.23043520614919094,-0.018447196487434786
3,20,44,0.10114749701824784,0.030338489038791553,0.10114749701824784,0.10114749701824784,0.030338489038791553,0.10114749701824784,0.030338489038791553,0.030338489038791553,-0.07080900797945629
3,20,45,0.0,3.1425138786546256,0.0,0.29029178243900006,4.181060898183024,1.038547019528399,3.1425138786546256,3.1425138786546256,4.471352680622025
3,20,46,0.23445218818488564,0.3071772015177645,0.44583013190037785,0.29584813406488525,0.3071772015177645,0.06139594587999962,0.3071772015177645,0.3071772015177645,-0.20004887626261295
3,20,47,0.07554118362845268,0.045807293367625096,0.0,0.045807293367625096,0.045807293367625096,0.07554118362845268,0.0,0.1485516276773481,0.07301044404889544
3,20,48,0.13418499723475144,0.08136821848196561,0.0,0.08136821848196561,0.08136821848196561,0.13418499723475144,0.0,0.08136821848196561,-0.05281677875278583
3,20,49,0.29719969478426694,0.0,0.29719969478426694,0.29719969478426694,0.0,0.29719969478426694,0.12762459969068254,0.0,-0.29719969478426694
3,20,50,0.0,0.2857098286300337,0.0,0.2857098286300337,0.0,0.0,0.2857098286300337,0.0,-0.2857098286300337
3,20,51,0.31632196740693924,0.17890799567006768,0.0,0.13626086192730363,0.030697989544133452,0.13626086192730363,0.030697989544133452,0.31224656882727114,-0.49815225184710715
3,20,52,0.0,0.068261600337281,0.0,0.0,0.068261600337281,1.0702256978739915,0.068261600337281,0.19396029713446733,-0.8762654007395241
3,20,53,0.20956335418067693,0.20956335418067693,0.20956335418067693,0.20956335418067693,0.0,0.4635745567880828,0.20956335418067693,0.0,-0.4635745567880828
3,20,54,0.0,0.9275976906944082,0.0,0.9275976906944082,0.9275976906944082,0.0,0.0,0.999065908956949,0.999065908956949
3,20,55,0.1396082117169483,0.0,0.0,0.0,0.26980551115598495,0.0,0.0,0.26980551115598495,0.13019729943903666
3,20,56,0.0,0.0,0.0,0.08099039669276546,0.0,0.08099039669276546,0.0,0.13692005459375112,0.055929657900985655
3,20,57,1.1904602192576208,0.8645889587307766,1.1904602192576208,0.0,0.8645889587307766,0.0,0.40956960202368603,0.8645889587307766,-0.3258712605268442
3,20,58,0.0694841566907162,0.10305509825852342,0.32419780502158835,0.5263141129283005,0.0,0.2509207299817204,0.0,0.35619968803048563,-0.2435924701988658
3,20,59,0.0,0.0,0.0,0.0,0.07811996007318017,0.0791887849687185,0.0,0.07811996007318017,-0.001068824895538334
3,20,60,0.38908251895761803,0.04862568943330602,0.38908251895761803,0.19724498528256015,0.04862568943330602,0.38386600815572963,0.0,0.04862568943330602,-0.47265709773562203
3,20,61,0.0,0.7965418795485852,0.0,0.0,0.7965418795485852,0.0,0.0,0.7965418795485852,0.7965418795485852
3,20,63,0.0,0.2269198840220948,0.0,0.0,0.4490943202293466,0.2269198840220948,0.0,0.4490943202293466,0.22217443620725177
3,20,64,0.0,0.3775383465154601,0.0,0.0,0.3775383465154601,0.0,0.19866368442880997,0.17887466208665012,0.3775383465154601
3,20,65,0.0,0.0,0.0,0.0,0.7776105267253812,0.0,0.0,0.7776105267253812,0.7776105267253812
3,20,66,0.0,0.20095250178125143,0.0,0.19304760312285743,0.0,0.19304760312285743,0.0,0.0,-0.20095250178125143
3,20,67,0.1237128999323051,0.11103547822998318,0.1237128999323051,0.15417438019367072,0.4075767616991116,0.08970002844282716,0.05923854818146154,0.30368110506071383,0.4460480083361715
3,20,68,0.5060172742451547,0.4763866258646228,0.0,0.10865847924140559,0.677060001142583,0.3677281466232173,0.6378742372067203,0.677060001142583,0.677060001142583
3,20,69,0.0,0.0,0.0,0.09696135557168209,0.09175841273174308,0.0,0.0,0.13613554183095808,0.27388337491298576
3,20,70,0.0,0.49148352242842325,0.0,0.0,0.49148352242842325,0.0,0.49148352242842325,0.49148352242842325,0.49148352242842325
3,20,71,0.6220538195121429,0.06759315694275164,0.6220538195121429,0.0,0.06759315694275164,0.9222410975842016,0.0,0.9222410975842016,0.2325941211293069
3,20,72,0.0,0.14723772868165208,0.0,0.14723772868165208,0.14723772868165208,0.0,0.0,0.14723772868165208,0.14723772868165208
3,20,73,0.4979737130353614,0.0,0.4979737130353614,0.4979737130353614,0.0,0.4979737130353614,0.0,0.0,-0.4979737130353614
3,20,74,0.11866074203652467,0.06273456656903924,0.09288271293624512,0.09288271293624512,0.019604960470005057,0.09288271293624512,0.0,0.06273456656903924,-0.14218538766555378
3,20,75,0.0,0.0,0.0,0.22877669433557857,0.0,0.0,0.0,0.0,-0.22877669433557857
3,21,1,0.10932287243183818,0.0,0.0,0.10932287243183818,0.1514926307527121,0.10932287243183818,0.06310690922586958,0.0,0.04216975832087393
3,21,2,0.35144884158894885,0.38351485920211287,0.14736994685907095,0.5371704671600315,0.30919923023146934,0.35144884158894885,0.0,0.464116149271604,-0.03596395025863184
3,21,4,0.3246905068681769,0.058125254532399015,0.3246905068681769,0.49221126418923344,0.26148908821558225,0.0,0.0,0.1588768671192629,-0.029218950799923343
3,21,5,0.0,0.05902539053112075,0.0,0.02587817572890831,0.1484647177580029,0.02587817572890831,0.03786414553552174,0.14047930369850442,0.17362651850071684
3,21,6,0.0,0.2592666000984675,0.0,0.10972166839591642,0.2860640790547051,0.19969312287839558,0.23951638618503024,0.2860640790547051,0.08637095617630954
3,21,7,0.2746310523054079,0.13114268664653111,0.0,0.0,0.0,0.1434883656588768,0.0,0.2813901608893893,0.1379017952305125
3,21,8,0.07055866739094607,0.0,0.14508583763202582,0.08696388105450084,0.035348280508966164,0.07452717024107974,0.0,0.19847797857137692,0.001776540393816428
3,21,9,0.06968259699879875,0.03190990626831346,0.0,0.17218547850227267,0.01908332167288174,0.07059297523516046,0.07059297523516046,0.01908332167288174,-0.15310215682939093
3,21,10,0.0,0.0,0.0,0.0,0.13389488076174477,0.0,0.13389488076174477,0.0,0.13389488076174477
3,21,11,0.1528117719028235,0.19138701194188862,0.17228359207486185,0.12310210231231747,0.1816820618383884,0.12310210231231747,0.07906532797556161,0.34446146138509764,0.09726128307504198
3,21,12,0.1345066377313723,0.049363430379624144,1.3760087192781185,1.6441463106335072,0.3631173652231572,0.16478812683093422,0.3268754581263897,0.11308203201605023,-1.0530206481955229
3,21,13,0.11276817180335452,0.06742322198192566,0.11276817180335452,0.0,0.06742322198192566,0.0,0.06742322198192566,0.1478557846511345,0.03508761284777998
3,21,15,0.2282785602271655,0.0,0.2282785602271655,0.2282785602271655,0.136519147352154,0.2282785602271655,0.0,0.136519147352154,-0.09175941287501149
3,21,16,0.10145620612556129,0.08863077580286778,0.0993076183874674,0.05980745209905562,0.033464045798932494,0.07138070676656723,0.033464045798932494,0.06146316705583542,-0.08032471786800822
3,21,17,0.0,0.42333664746986027,0.0,0.0,0.42333664746986027,0.0,0.42333664746986027,0.42333664746986027,0.42333664746986027
3,21,18,0.37354588618736156,0.0,0.37354588618736156,0.0,0.0,0.0,0.0,0.0,-0.37354588618736156
3,21,19,0.4481627513187587,0.0,0.0,0.0,0.0,0.4481627513187587,0.0,0.0,-0.4481627513187587
3,21,20,1.3699055734389463,0.22903646683812542,0.0,1.8104169649748478,0.22903646683812542,1.5813804981367225,0.0,0.22903646683812542,-1.3523440312985973
3,21,21,0.26006461210424286,0.0,0.26006461210424286,0.26006461210424286,0.0,0.26006461210424286,0.0,0.590854641217001,0.3307900291127581
3,21,24,0.0,0.24800108600490245,0.0,0.0,0.36493670210104967,0.0,0.0,0.36493670210104967,0.36493670210104967
3,21,25,0.13074435628001424,0.7946307207026231,0.13074435628001424,0.13074435628001424,0.6369458174413746,0.13074435628001424,0.22748298122946545,0.38610709852741776,0.6638863644226088
3,21,26,0.0,0.16894811063705184,0.0,0.21541303945991075,0.0,0.0,0.0,0.0,-0.04646492882285891
3,21,27,0.14070983562459785,0.43951783837201935,0.08802565634463459,0.36156642864707594,0.3868336590920561,0.1378195902767791,0.052684179279963265,0.3868336590920561,0.19632988953531375
3,21,28,0.24645724727088478,0.33957598704806957,0.19012965207462493,0.14860756233710778,0.33957598704806957,0.3387372144117327,0.05053131453538983,0.33957598704806957,0.000838772636336885
3,21,31,0.0,0.43915111452811334,0.0,0.0,0.43915111452811334,0.4723501360330156,0.4723501360330156,0.43915111452811334,-0.03319902150490228
3,21,32,0.0,0.09073210463593993,0.09921677453154594,0.0,0.09073210463593993,0.0,0.0,0.09073210463593993,-0.008484669895606006
3,21,33,0.13140769322493956,0.052055267565876535,0.052055267565876535,0.13140769322493956,0.2429359823142938,0.13140769322493956,0.052055267565876535,0.13140769322493956,0.19088071474841728
3,21,34,0.0,0.0,0.0,0.0,0.22899986007458087,0.0,0.0,0.22899986007458087,0.22899986007458087
3,21,35,1.4528197022961276,0.0,2.5041130150155797,1.4528197022961276,0.0,1.4528197022961276,1.4528197022961276,0.0,-2.5041130150155797
3,21,36,0.0,0.6763665981951885,0.0,0.0,0.6763665981951885,0.0,0.0,0.6763665981951885,0.6763665981951885
3,21,37,0.32827057729280507,0.04550773355818733,0.0,0.0,0.04550773355818733,0.0,0.04550773355818733,0.04550773355818733,-0.28276284373461774
3,21,39,0.0,0.0,0.0,0.0,0.0,0.0,0.0,1.5685696296156555,1.5685696296156555
3,21,40,0.074076820037883,0.41965219700793427,0.019365057155748832,0.049116756703999696,0.4726746177713835,0.21026866385080178,0.5229662735797697,0.2432575744310608,0.23934781846961237
3,21,41,0.0,0.03447514864770919,0.03297356981059057,0.0,0.03447514864770919,0.0,0.038529125366146125,0.0,-0.037027546529027504
3,21,42,0.45889323474502686,0.3963744114896531,0.41263585120539875,0.45889323474502686,0.3963744114896531,0.4501013658494618,0.0,0.3963744114896531,-0.0999843378994369
3,21,43,0.0,0.760636947043378,0.0,0.0,1.3109466907065457,0.0,0.18903212401093203,0.5156103792548071,0.7393418676740998
3,21,45,0.0,0.35722990916374087,0.0,0.0,0.35722990916374087,0.0,0.30828232639961534,0.2696506023963142,0.4550620481888238
3,21,46,0.0,0.0,0.0,0.0,0.1298508263594675,0.0,0.0,0.0,0.1298508263594675
3,21,48,0.6201590679243297,0.0,0.6201590679243297,0.6201590679243297,0.0,0.0,0.0,0.0,-0.6201590679243297
3,21,51,0.0,0.0,0.0,0.0,0.0,0.5325046062750198,0.0,0.0,-0.5325046062750198
3,21,52,1.7322063532367313,0.0,1.7322063532367313,0.0,0.0,0.0,0.0,0.0,-1.7322063532367313
3,21,53,0.048135951561925544,0.0,0.048135951561925544,0.0,0.04239333380568947,0.0,0.0,0.11539519332147619,0.06725924175955064
3,21,55,1.0741202114867638,0.0,1.0741202114867638,0.0,0.0,1.0741202114867638,0.0,0.0,-1.0741202114867638
3,21,56,0.3566853376790098,0.0,0.0,0.0,0.0,0.0,0.0,0.0,-0.3566853376790098
3,21,57,0.0,1.8600081450367685,0.0,0.0,1.8600081450367685,0.0,0.0,1.8600081450367685,1.8600081450367685
3,21,58,0.0,0.0,0.0,0.3242593978900089,0.0,0.0,0.0,0.0,-0.3242593978900089
3,21,59,0.0,0.0,9.300629523481657,0.0,0.0,0.0,0.0,0.0,-9.300629523481657
3,21,60,0.0,0.0,0.08243392452647642,0.06970552165033239,0.0,0.06970552165033239,0.0,0.0,-0.1521394461768088
3,22,1,1.2268424965980167,0.0,0.42961713129505824,1.2268424965980167,0.0,1.2268424965980167,0.0,0.0,-1.2268424965980167
3,22,2,0.0,0.0,0.23289740700337422,0.2836730793938898,0.0,0.516570486397264,0.0,0.0,-0.23289740700337422
3,22,3,0.0,0.0,0.4311217989898163,0.0,0.3529002373137676,0.0,0.0,0.3529002373137676,-0.07822156167604871
3,22,4,0.037492866874415845,0.5021853331779497,0.037492866874415845,0.2265407159349323,0.11042829651123905,0.11611241942369326,0.0,0.6287926697806334,0.7459504326739937
3,22,5,0.0,0.34655947913418433,0.0,0.34655947913418433,0.34655947913418433,0.0,0.0,0.0,0.34655947913418433
3,22,6,0.0,0.26434829654266956,0.0,0.0,0.26434829654266956,0.0,0.26434829654266956,0.26434829654266956,0.26434829654266956
3,22,7,0.0,0.280548149775292,0.0,0.280548149775292,0.280548149775292,0.0,0.0,0.6002311619448565,-0.31968301216956446
3,22,8,0.0,1.5879425185213052,0.0,0.0,1.5879425185213052,0.0,1.5879425185213052,1.5879425185213052,1.5879425185213052
3,22,9,0.0,0.15216063493758222,0.0,0.0,0.2845153468821293,0.0,0.0,0.15216063493758222,0.2845153468821293
3,22,10,0.0,0.6920435520463187,0.0,0.0,0.6920435520463187,0.0,0.4631499012353807,0.65128690338412,0.880180554195058
3,22,12,0.0,0.0,0.0,0.0,0.42961713129505824,0.0,0.0,0.42961713129505824,0.42961713129505824
3,22,15,0.5413432963732342,0.0,0.5413432963732342,0.0,0.0,0.5413432963732342,0.0,0.0,-0.5413432963732342
3,22,16,0.02668311900939394,0.012002666652612272,0.013889074710230249,0.0,0.012002666652612272,0.03027790805684787,0.012002666652612272,0.02726995864074914,0.0017034565124518994
3,22,17,0.0368138807194434,0.7214742471652957,0.0368138807194434,0.13988029079659986,0.7507940065791278,0.19565779953490975,0.43601350045499015,0.6917683799418369,0.7048243171732731
3,22,18,0.0,0.3395577476293925,0.0,0.3395577476293925,0.0,0.0,0.0,0.0,0.0
3,22,19,0.10427899761019913,0.06673100056354912,0.0,0.031102588939472025,0.0,0.03307121572089874,0.0,0.07780658372354979,-0.026472413886649337
3,22,22,0.0,0.0,0.16608267006217245,0.0,0.0,0.0,0.0,0.19755589660276787,0.03147322654059542
3,22,23,1.0670865279329174,0.0,1.0670865279329174,1.0670865279329174,0.0,1.0670865279329174,0.0,0.0,-1.0670865279329174
3,22,24,0.0,0.14455397718483035,0.0,0.0,0.14455397718483035,0.2589528218045539,0.14455397718483035,0.14455397718483035,-0.11439884461972358
3,22,25,0.0,0.409569602023686,0.0,0.0,0.409569602023686,0.0,0.409569602023686,0.409569602023686,0.409569602023686
3,22,27,0.3843210764007288,0.39249134233326266,0.16965104168512993,0.33863782689041727,0.05385351544284538,0.38733115304821103,0.1748112309701815,0.023403977258496345,-0.5481476723209645
3,22,28,0.15521245005858542,0.11019834536770537,0.06745871697936076,0.06745871697936076,0.03510596588774451,0.06745871697936076,0.10256468286710527,0.03510596588774451,-0.045014104690880026
3,22,29,0.0,0.4533209099536818,0.0,0.0,0.4533209099536818,0.0,0.0,0.4533209099536818,0.4533209099536818
3,22,30,0.0,0.12933776906011135,0.0,0.0,0.12933776906011135,0.6409859554810874,0.12933776906011135,0.7703237245411987,0.7703237245411987
3,22,31,0.0,0.27368905413043015,0.0,0.27368905413043015,0.21769632949137016,0.0,0.3121394530528326,0.08962296528448387,0.21769632949137016
3,22,32,0.0,0.13722960036603873,0.0,0.1932018269593865,0.2483421980478807,0.1932018269593865,0.13722960036603873,0.13722960036603873,0.0551403710884942
3,22,33,0.05035483584990498,0.26232687540166777,0.12251212371720328,0.07384046587424589,0.1884864095274219,0.0721572878672983,0.07384046587424589,0.1884864095274219,0.06597428581021862
3,22,34,0.08855266037206043,0.5961411015432337,0.0,0.3018291090039044,0.2943119925393294,0.0,0.2943119925393294,0.2943119925393294,0.20575933216726897
3,22,35,0.0,1.119221237942634,0.0,0.0,0.4841807707284616,0.0,0.14893440073588582,0.14893440073588582,-0.15085969648571088
3,22,36,0.02368527629241575,0.2413596853198991,0.01880588831157509,0.02368527629241575,0.1730091446558221,0.01880588831157509,0.17100078061077278,0.1954386770601934,0.24292885605651537
3,22,38,2.165257941545914,0.3019579203281279,2.165257941545914,0.0,0.3019579203281279,0.0,0.3019579203281279,0.0,-1.8633000212177862
3,22,39,0.708118339610124,0.708118339610124,0.708118339610124,0.708118339610124,0.0,0.708118339610124,0.0,0.0,-0.708118339610124
3,22,40,2.205514302791626,0.06188568034909371,2.146909872576212,2.205514302791626,0.2488668285220359,2.208795552925306,2.208795552925306,0.1869811481729422,-1.9566474742695898
3,22,41,0.0,0.546092802698248,0.7500100343524334,0.0,0.546092802698248,0.0,0.546092802698248,0.6493583789468255,-0.307182807902763
3,22,42,0.0,0.12367969209258775,0.0,0.3103062185066793,0.12367969209258775,0.1866265264140915,0.0,0.12367969209258775,-0.06294683432150375
3,22,43,0.2153028964750058,0.0,0.0,0.2153028964750058,0.0,0.2153028964750058,0.0,0.0,-0.2153028964750058
3,22,44,0.0,0.0,0.0,0.0,9.89320520831269,0.0,0.0,9.89320520831269,9.89320520831269
3,22,45,0.3249326659523206,0.0,0.20748904709806726,0.20748904709806726,0.0,0.6984369432244648,0.0,0.0,-0.8158805620787181
3,22,46,0.0,0.4275241646932301,0.0,0.2208565930224781,0.4275241646932301,0.0,0.0,0.4275241646932301,0.4275241646932301
3,22,47,0.021679502305430195,0.05023122398535831,0.021679502305430195,0.3701927196635579,0.05023122398535831,0.43028983016427996,0.0,0.3637179637378986,-0.38005860617892173
3,22,48,0.0,2.286419292129784,0.0,0.0,0.0,0.0,0.0,0.0,-2.286419292129784
3,22,49,0.29184218384776023,0.093597814403611,0.0,0.29184218384776023,0.093597814403611,0.15465551550967951,0.0,0.0,-0.19824436944414922
3,22,50,0.10652738481289459,0.22661835301428757,0.10652738481289459,0.15776735862433536,0.1723757432385459,2.196320829113542,0.22661835301428757,0.16980298431946247,-1.9606694863684277
3,22,51,0.3317910526158532,0.0,0.3317910526158532,0.0,0.0,0.0,0.0,0.0,-0.3317910526158532
3,22,52,0.0,0.17664021379985947,0.0,0.0,0.08137274329445181,0.140274074887646,0.08137274329445181,0.7871380138369606,0.5515964684439069
3,22,53,0.024680990426245036,0.3477236754163216,0.03365603655829272,0.08652083647253891,0.36235743098662965,0.030775830891187173,0.1462030826131179,0.5047219148646206,0.5012175869219185
3,22,55,0.008890323638310917,0.012270785556274552,0.008242258025970003,0.008890323638310917,0.020429640675972475,0.013402821163765666,0.008964341025712207,0.01708102703110239,0.016882541598341287
3,22,56,0.0,0.0,0.0,0.0,0.0,0.0,0.0,0.27362905399676907,0.27362905399676907
3,22,57,0.18448504156141302,0.14378469467680455,0.0,0.18448504156141302,0.14378469467680455,0.0,0.07801325752832114,0.07801325752832114,-0.04070034688460849
3,22,58,0.25827905818597824,0.0,0.0,0.25827905818597824,0.0,0.0,0.0,0.0,-0.25827905818597824
3,22,60,0.3650309856816267,0.0,0.3650309856816267,0.6438530722829563,0.0,0.6438530722829563,0.3650309856816267,0.0,-0.6438530722829563
3,22,61,0.26828384102969866,0.3510596588774451,0.26828384102969866,0.26828384102969866,0.3510596588774451,0.26828384102969866,0.3510596588774451,0.3510596588774451,0.08277581784774646
3,22,62,0.48118987653855183,0.3071772015177645,0.0,0.0,0.3071772015177645,0.0,0.3071772015177645,0.3071772015177645,-0.17401267502078732
3,22,64,0.0,0.12933776906011135,0.0,0.6158435016784202,0.12933776906011135,0.0,0.12933776906011135,0.12933776906011135,-0.4865057326183088
3,22,65,0.0,0.053422122003089476,0.15076614273709354,0.0,0.053422122003089476,0.0,0.053422122003089476,0.053422122003089476,-0.09734402073400407
3,22,66,0.0,0.09073210463593993,0.0,0.0,0.09073210463593993,0.0,0.0,0.21730078799548785,0.21730078799548785
3,22,67,0.0,0.5966796157192723,0.0,0.24903059079157439,0.347649024927698,0.0,0.24903059079157439,0.0845263223198171,0.4321753472475151
3,22,68,0.08804907997936723,0.45985197095057756,0.7076526271382257,0.7618981061262029,0.054245478987977075,0.7076526271382257,0.0,0.1404749383061492,-0.972784180794677
3,22,71,0.4564421405270123,0.0,0.0,0.0,0.0,0.0,0.0,0.0,-0.4564421405270123
3,22,72,0.0,0.0,0.580616772459565,0.0,0.0,0.580616772459565,0.0,0.0,-0.580616772459565
3,22,73,0.46656631603522875,0.0,0.0,0.46656631603522875,0.0,0.46656631603522875,0.46656631603522875,0.0,-0.46656631603522875
3,22,74,0.0,0.8708753473170001,0.0,0.0,0.8708753473170001,0.0,0.8708753473170001,0.8708753473170001,0.0
3,22,75,0.0,0.20785629928452581,0.0,0.0,0.0,0.0,0.0,0.0,-0.20785629928452581
3,22,77,0.11271121679900413,0.0,0.0,0.0,0.0,0.0,0.0,0.0,-0.11271121679900413
3,23,1,0.0,0.25047093808129123,0.0,0.0,0.06553113632378976,0.0,0.25047093808129123,0.3212740438206383,0.5062138455781396
3,23,2,0.0,0.0,0.0,0.0,0.0,0.18392865585071494,0.0,0.0,-0.18392865585071494
3,23,3,0.0,0.0,0.0,0.6289456381096876,0.0,0.6289456381096876,0.0,0.4255050080675001,-0.20344063004218754
3,23,4,0.4308260789198215,0.4308260789198215,0.4308260789198215,0.4308260789198215,0.0,0.4308260789198215,0.0,0.0,-0.4308260789198215
3,23,6,0.08645630890588724,0.0,0.0,0.08645630890588724,0.15448282129176105,0.08645630890588724,0.08645630890588724,0.0680265123858738,0.0680265123858738
3,23,7,0.0,0.0,0.0,0.0,0.0,2.5381801215657718,0.0,0.0,-2.5381801215657718
3,23,8,0.0,0.12785262426587707,0.1099429123187401,0.0,0.12785262426587707,0.0,0.0,0.0,0.017909711947136975
3,23,9,0.8364662598039887,0.0,0.8364662598039887,0.8364662598039887,0.591582971859334,0.8364662598039887,0.0,0.591582971859334,-0.24488328794465475
3,23,10,0.14921389876945684,0.14790849507627937,0.0,0.0,0.14790849507627937,0.11450912388679167,0.11450912388679167,0.14790849507627937,-0.11581452757996914
3,23,11,1.5078912762193752,0.20269113166519986,0.0,1.5078912762193752,0.0467989072018055,1.5563374440176332,0.048446167798258014,0.0,-1.6654307612792223
3,23,12,0.0,0.15500067875306403,0.0,0.0,0.15500067875306403,1.0190648219335694,0.0,0.15500067875306403,-0.8640641431805053
3,23,13,0.24059493826927592,0.13250093735144067,0.24059493826927592,0.37309587562071655,0.18572317667254434,0.37309587562071655,0.0,0.18572317667254434,-0.18737269894817224
3,23,15,0.0,0.07637536150583099,0.0,0.0,0.035094493302580534,0.055992854395342476,0.0,0.1179055310405236,0.06191267664518113
3,23,16,0.0,0.048782684139863856,0.10169719389483459,0.06922479391481286,0.048782684139863856,0.32663449655106497,0.048782684139863856,0.22372956804354155,-0.20460212240235798
3,23,18,0.25738260548673003,0.20697645770160175,0.25738260548673003,0.25738260548673003,0.18012408939067223,0.4719660373125642,0.0,0.18012408939067223,-0.2918419479218919
3,23,21,0.0,0.3254965442701548,0.0,0.0,0.23403977258496342,0.0,0.23403977258496342,0.3444134805122238,0.2529567088270324
3,23,22,0.0,0.0,0.0,0.828552263109145,0.0,0.828552263109145,0.0,0.0,-0.828552263109145
3,23,23,0.0,3.071772015177645,0.18490398889969925,0.0,3.071772015177645,0.0,3.071772015177645,3.071772015177645,2.886868026277946
3,23,24,0.8274035675450205,1.2375510575031134,0.0,0.0,0.410147489958093,0.08686899053480747,0.4970164804929005,0.410147489958093,-0.504125068121735
3,23,25,0.0,1.0489471244251252,0.0,0.0,1.0489471244251252,0.0,0.36711421644806,0.36711421644806,1.0489471244251252
3,23,26,0.15921944323974518,0.2522451779057109,0.15921944323974518,0.2951676091168872,0.2522451779057109,0.2951676091168872,0.11170080055191436,0.2522451779057109,-0.04292243121117631
3,23,29,0.4566351911463154,0.37892062528366344,0.0,0.8355558164299789,0.37892062528366344,0.4566351911463154,0.0,0.37892062528366344,-0.077714565862652
3,23,30,0.0,0.0,0.35372937006898986,0.0,0.0,0.0,0.0,0.0,-0.35372937006898986
3,23,31,0.15555455981785507,0.15555455981785507,0.20693846351511183,0.0,0.15555455981785507,0.0,0.15555455981785507,0.15555455981785507,-0.05138390369725676
3,23,32,0.0,0.0,0.0,0.0,0.5302242076344924,0.0,0.0,0.0,0.5302242076344924
3,23,33,0.19409000367991228,0.16539546729761187,0.19409000367991228,0.0,0.29689451467420275,0.0,0.16539546729761187,0.16539546729761187,0.10280451099429046
3,23,34,0.0,0.6104032743004849,0.0,0.23015340641920692,0.6104032743004849,0.23015340641920692,0.0,0.6104032743004849,0.380249867881278
3,23,36,0.0,1.0595606688935646,0.0,0.0,1.0595606688935646,0.0,1.0595606688935646,0.2109904010425049,1.0595606688935646
3,23,37,0.0,0.21744703172093896,0.0,0.0,0.21744703172093896,0.0,0.07690265436714244,0.21744703172093896,0.21744703172093896
3,23,38,0.0,0.23548429431723333,0.0,0.3086193225017808,0.31456478616896816,0.180826434587952,0.08656812042773364,0.31456478616896816,0.0003683022366641718
3,23,40,4.330515883091828,0.0,4.330515883091828,0.0,0.0,0.0,0.0,0.0,-4.330515883091828
3,23,41,0.0,0.08588975909978422,0.0,0.09747673683637,0.41112051241493813,0.09747673683637,0.0,0.16583596464544517,0.31364377557856815
3,23,42,0.0,0.8700401929976114,0.0,0.0,0.8862403895208326,0.0,0.8862403895208326,0.6812041908088797,0.4942827965842982
3,23,43,0.0,0.49148352242842325,0.0,0.0,0.49148352242842325,0.0,0.49148352242842325,0.49148352242842325,0.49148352242842325
3,23,44,0.09226057382702395,0.08308051761252838,0.09226057382702395,0.0,0.0441853506362077,0.09226057382702395,0.08308051761252838,0.0,-0.048075223190816245
3,23,45,0.0,0.9761960675034438,0.0,0.0,0.9761960675034438,0.0,0.0,0.9761960675034438,0.9761960675034438
3,23,46,0.0,0.1104801887993915,0.0,0.0,0.1104801887993915,0.0,0.1104801887993915,0.038397150189720564,0.1104801887993915
3,23,48,0.044689184485460436,0.0403561028415591,0.04091327184223009,0.044689184485460436,0.0403561028415591,0.0,0.044689184485460436,0.07876974940320841,-0.006832706924482117
3,23,49,0.8777733471673314,0.0,0.0,0.8777733471673314,0.0,0.8777733471673314,0.0,0.0,-0.8777733471673314
3,23,50,0.0,0.3071772015177645,0.0,0.0,0.3071772015177645,0.0,0.3071772015177645,0.47772635873519154,0.47772635873519154
3,23,51,0.0,0.0,0.0,0.0,0.0,0.0,0.0,0.22789328663468666,0.22789328663468666
3,23,52,0.12254059501360524,0.12083831180683358,0.0,0.12254059501360524,0.0,0.12254059501360524,0.0,1.1904602192576208,0.12083831180683358
3,23,53,0.24349812638281515,0.0,0.0602387556091163,0.14621481823962965,0.0,0.14621481823962965,0.0,0.08450135249220843,-0.07302071126009335
3,23,54,0.0,1.115503628691817,0.0,1.115503628691817,0.0,1.115503628691817,0.0,0.0,-1.115503628691817
3,23,55,0.17702958490253098,0.3984549620873885,0.17702958490253098,0.3984549620873885,0.0,0.3984549620873885,0.22142537718485752,0.13929238250440826,-0.2591625795829802
3,23,57,0.02998165199082701,0.9712650562275982,0.02998165199082701,0.02998165199082701,0.9712650562275982,0.02998165199082701,1.001246708218425,0.9712650562275982,0.9412834042367713
3,23,58,0.0,0.0,0.0,0.0,0.0,0.0,0.0,0.8869846603492146,0.8869846603492146
3,23,59,0.1310878930322778,0.14599377700209035,0.039967963406776455,0.25794990907481985,1.7431765940589847,0.0,0.17608578966454305,1.809266354632426,1.7692983912256492
3,23,60,0.0,0.40348575743466775,0.0,0.0,0.0,0.0,0.0,0.0,-0.40348575743466775
3,23,61,0.5942648777160885,0.5295304525112117,0.4131370441736233,0.5942648777160885,0.4916449803939429,0.5942648777160885,0.46319020253243437,0.5295304525112117,-0.06473442520487678
3,23,62,0.27472158905945093,0.33176655867472626,0.024213401686292872,0.4582346185342213,0.1879996580756916,0.3368433336916365,0.18208760883626743,0.20378239408461993,-0.2683048291756879
3,23,63,2.9676212829531514,0.0,2.9676212829531514,2.9676212829531514,0.0,2.9676212829531514,2.9676212829531514,0.0,-2.9676212829531514
3,23,64,0.0,1.086154089233082,0.0,0.0,1.086154089233082,0.0,0.49580871514182995,1.0546549550333704,1.1759948641448663
3,23,65,0.24310768749405356,0.14883626154084548,0.20075190235295728,0.5967192825043228,0.019789944325920426,0.3460047212661703,1.8410639697439415,0.07819512836588999,-2.0023930862444725
3,23,66,0.0,0.11484129718826606,0.0,0.18064742715900325,0.11484129718826606,0.3763006703002218,0.11484129718826606,0.11484129718826606,-0.2614593731119557
3,23,67,0.0,0.5235482295403943,0.033203947874266795,0.13908030075582148,0.5177753455422514,0.16281040479417938,0.3184977141548669,0.3199961460262899,0.3549649407480719
3,23,68,0.4754628094698914,0.6195661626355462,0.17784775465548622,0.17784775465548622,0.7832154613443455,0.17784775465548622,0.7832154613443455,0.23512329005063456,0.307752651874454
3,23,69,0.05715569757324187,0.09844571797514823,0.05715569757324187,0.11916465381184989,0.07602984256211114,0.1703684490937961,0.034706235447412144,0.07376087012512127,-0.13476807966883117
3,23,71,0.06552285697833703,0.043112589686703784,0.06552285697833703,0.643459737470529,0.043112589686703784,0.08590340313888062,0.043112589686703784,0.15905095271358152,-0.504789330917491
3,23,72,0.0,0.0,0.0,0.1134599420110474,0.0,0.20343139649352654,0.08997145448247916,0.1134599420110474,-0.08997145448247916
3,23,73,0.0,0.0,0.0,0.0,0.13044285203344388,0.0,0.0,0.21722535386074818,0.34766820589419206
3,23,74,0.0,0.0879593918491766,0.0,0.0,0.0879593918491766,0.0,0.0,0.0,0.0879593918491766
3,23,75,0.09848113888399049,0.0772261784305749,0.03139675303536583,0.0,0.14633978036670328,0.08305057336844232,0.2293903537351456,0.027579246235000538,-0.06318890280976767
3,23,76,0.0,0.0,0.0,0.0,0.6312187235910826,0.0,0.6312187235910826,0.23450509117396218,0.8657238147650448
3,23,78,0.030198467057296355,0.0,0.0,0.030198467057296355,0.20350258893103781,0.030198467057296355,0.030198467057296355,0.0376134550756279,0.21091757694936938
3,23,79,0.0,0.1707240163477838,0.0,0.0,0.5173774540782845,0.0,0.1471889561595378,0.1471889561595378,0.5173774540782845
3,23,80,0.0,0.051358734722701485,0.0,0.0,0.051358734722701485,0.051358734722701485,0.051358734722701485,0.0581727970674817,0.10953153179018318
3,23,82,0.09712437895086772,0.07495700125535815,0.0,0.0,0.07495700125535815,0.09712437895086772,0.0,0.2539770365031521,0.15685265755228442
3,23,84,0.0,0.0,0.0,0.0,0.0,0.0,0.0,1.7338106414765757,1.7338106414765757
3,23,85,0.0,0.04427779481337146,0.0,0.0,0.1729761968952764,0.0,0.04427779481337146,0.1663368672181034,0.2950352693000084
3,23,86,0.397634116405815,0.0,0.13063130209755003,0.397634116405815,0.0,0.397634116405815,0.2753126034171258,0.0,-0.8035780219204909
3,23,87,0.11079059540149648,0.12683596420913706,0.11079059540149648,0.11079059540149648,0.12683596420913706,0.23621395810101273,0.0,0.12683596420913706,-0.10937799389187565
3,23,88,0.0,0.0,0.0,0.0,0.04800844527234964,0.016964748518496206,0.01751009771382777,0.06129014955122891,0.044325401032732706
4,1,1,0.0,0.0,0.0,0.0,0.09523681754060967,0.0,0.0,0.0500277527837786,0.14526457032438828
4,1,2,0.07839851932327341,0.09101546711637466,0.07839851932327341,0.07839851932327341,0.17464853524554283,0.0,0.09101546711637466,0.09101546711637466,0.09625001592226944
4,1,3,0.6047745467479166,1.0113185608425046,0.6047745467479166,0.0,1.2742443261133198,0.0,0.6285177120826232,2.685417673932241,2.0806431271843246
4,1,4,0.031106279448750853,0.06459119134855083,0.0,0.0602853350233086,0.029813300254934297,0.0602853350233086,0.0,0.029813300254934297,0.004305856325242233
4,1,5,0.0,0.15358860075888225,0.0,0.0,0.15358860075888225,0.0,0.15358860075888225,0.15358860075888225,0.15358860075888225
4,1,6,0.0,0.10684424400617895,0.0,0.0,0.27826962119103643,0.0,0.27826962119103643,0.27826962119103643,0.27826962119103643
4,1,7,0.0,1.0108563955589989,0.0,0.0,1.0108563955589989,0.0,0.0,0.0,1.0108563955589989
4,1,8,0.17059541049061208,0.14123267503646003,0.0800314895949688,0.2923642188199523,0.1923447042947156,0.16868452672736453,0.017552982943872256,0.21810317761614256,-0.04114527000686528
4,1,10,0.16954324232230517,0.12164271225656731,0.18419246412461193,0.6912184815625482,0.12164271225656731,0.7323721909348164,0.6222533267234687,0.12164271225656731,-0.6107294786782491
4,1,11,0.0,0.9939747794249719,0.6654211628667834,0.0,0.0,0.6654211628667834,0.0,0.9939747794249719,0.3285536165581885
4,1,12,0.0,0.0,0.5479938988314687,0.0,0.0,0.5479938988314687,0.0,0.0,-0.5479938988314687
4,1,13,0.3112335706471009,0.28810863171738316,0.3112335706471009,0.3112335706471009,0.0,0.3112335706471009,0.0,0.4951451915882737,0.18391162094117283
4,1,14,0.0,0.0,2.852763378293827,0.0,0.0,0.0,0.0,2.852763378293827,0.0
4,1,15,0.0,0.06629957620522045,0.0,0.0,0.0,0.0,0.0,0.22065297051870073,0.22065297051870073
4,1,16,0.2937814817539244,0.6149981345453857,0.13881404684233742,0.8314535380307015,0.13881404684233742,0.20030201541606632,0.13881404684233742,0.20030201541606632,-0.6311515226146353
4,1,17,0.0,0.0953369269023156,0.06026500378953161,0.0,0.0953369269023156,0.0,0.0,0.1605546746160551,0.10028967082652351
4,1,18,0.10236998528743492,0.029243841792138972,0.019635589908587308,0.08785433870399605,0.029243841792138972,0.033159251242941765,0.04276750312649343,0.0,-0.11346538939097232
4,1,19,0.397300804255687,0.35751113952474584,0.14642526771253844,0.37155590959495505,1.2772740654046641,0.37155590959495505,0.5967759169787092,1.382575893805676,1.0081491845880384
4,1,20,0.18536694651265936,0.06032687883119864,0.0,0.0,0.06032687883119864,0.1962632252448714,0.0,0.06032687883119864,-0.1250400676814607
4,1,21,0.4755579492976623,0.11459811796151831,0.4112599765818391,0.6665196341980373,0.12268770964828878,0.5738887818209667,0.04609840689233756,0.6990064977521036,-0.14761585034420027
4,1,22,0.0,0.125153341987621,0.0,0.0,0.32862110008778256,0.0,0.0,0.125153341987621,0.32862110008778256
4,1,23,0.0,0.5956646955579988,0.6654211628667834,0.0,0.5956646955579988,0.6654211628667834,0.0,0.5956646955579988,-0.0697564673087846
4,1,24,0.09535346708102711,0.015856370781100994,0.03256553879582127,0.16512451669792064,0.015856370781100994,0.08798012147961677,0.02811178086206177,0.015856370781100994,-0.16597731393153994
4,1,25,0.20953513956049477,0.12903387654214518,0.12903387654214518,0.25806775308429036,0.0,0.12903387654214518,0.0,0.0,-0.33856901610263995
4,1,26,0.2505342068894387,0.2598715019915781,0.0,0.3810558967900367,0.2888214101901363,0.36784225447245256,0.1059986291126437,0.3825651822336563,0.11283187123958732
4,1,27,0.0785629089989167,0.15230664155933749,0.0,0.0,0.15230664155933749,0.0,0.0785629089989167,0.3104450849389944,0.3841888174994152
4,1,29,0.08891336622956798,0.06968259699879877,0.14863065007658702,0.08891336622956798,0.06968259699879877,0.14863065007658702,0.0,0.06968259699879877,-0.07894805307778825
4,1,30,0.04165770678885971,0.0,0.42545190900060076,0.39625923573672567,1.4133150297589556,0.04165770678885971,0.04165770678885971,1.8635785983890718,1.3964689825996113
4,1,31,0.0,0.0832205332675045,0.0,0.1172164455099051,0.0832205332675045,0.030993367731098214,0.013280283906390846,0.10098694322188037,0.07338246589426738
4,1,32,0.19146091164361617,0.09389648157866474,0.07785752632591718,0.39393975632581646,0.16497530498742766,0.251058208278165,0.02124459777855083,0.20676776951100903,-0.08787440653256748
4,1,33,0.0,0.32547287392786245,0.0,0.32547287392786245,0.32547287392786245,0.0,0.0,0.32547287392786245,0.32547287392786245
4,1,34,0.0,0.014893440073588582,0.06270862530760965,0.0,0.03575472037396206,0.0314265013539356,0.014893440073588582,0.02719534649582922,-0.04607849986534255
4,1,35,0.26126260419510006,0.4072751946647332,0.26126260419510006,0.0,0.4072751946647332,0.0,0.26126260419510006,0.26126260419510006,0.14601259046963316
4,1,36,0.08261395158557912,0.030043742894986247,0.047829455219625595,0.047829455219625595,0.030043742894986247,0.047829455219625595,0.0,0.0,-0.05257020869059289
4,1,37,0.25863773051428796,0.20117558941028144,0.19215350830340164,0.12948376143475018,0.25651940785915833,0.19215350830340164,0.189095973771316,0.30331023857143025,0.156159149821264
4,1,38,0.27740970263625214,0.0,0.27740970263625214,0.0,0.0,0.0,0.0,0.0,-0.27740970263625214
4,1,39,0.0,0.0,0.0,0.0,0.0,0.5889708315697079,0.0,0.0,-0.5889708315697079
4,1,40,0.0,0.0,0.0,0.0,0.042750655346978556,0.12840316811020236,0.0,0.042750655346978556,-0.08565251276322379
4,1,41,0.322330723162105,0.0,0.5290161710604202,1.246990465075262,0.0,1.246990465075262,0.0,0.0,-1.246990465075262
4,1,43,0.0,0.3225918191246462,0.0,0.1509145545019522,0.171677264622694,0.0,0.171677264622694,0.0,0.171677264622694
4,1,44,0.1789712560834046,0.0819139204047372,0.0,0.1789712560834046,0.0819139204047372,0.5486157634905955,0.0819139204047372,0.0819139204047372,-0.46670184308585827
4,1,45,0.04983441275629223,0.4256020476843733,0.0,0.37615351414868525,0.4593471621788408,0.06728049525112612,0.17751813313341844,0.6711227132704901,0.6375873325138315
4,1,46,0.0,2.061328201543129,0.0,2.061328201543129,2.061328201543129,0.0,0.0,2.061328201543129,2.061328201543129
4,1,47,0.03480369546450133,0.0636438877164794,0.45662515408663634,0.018170005769937388,0.016010152463775563,0.018170005769937388,0.0,0.0,-0.5412224381100034
4,1,48,0.0,0.1695007568945252,0.0,0.1695007568945252,0.0,0.0,0.0,0.20685089188625513,0.03735013499172993
4,1,50,0.8065791990555448,0.8065791990555448,0.0,0.0,0.8065791990555448,0.0,0.8065791990555448,1.163920290368249,1.163920290368249
4,1,52,0.04222258159148736,0.1782475461045649,0.013937494272034476,0.05256607807163277,0.18277711909365105,0.029548395584513505,0.03964762768036488,0.2306769262649488,0.1728434433609824
4,1,54,0.0,0.8198691220738461,0.8198691220738461,0.0,0.8198691220738461,0.8198691220738461,0.8198691220738461,0.8198691220738461,0.8198691220738461
4,1,55,0.0,0.0,0.15001015360454284,0.0,0.6246204750388067,0.0,0.0,0.0,0.47461032143426385
4,1,56,0.0,0.0,0.0,0.6205526756587654,0.0,0.0,0.0,0.0,-0.6205526756587654
4,1,57,0.2974097026362521,0.14880065160294148,0.0,0.0,0.14880065160294148,0.0,0.0,0.14880065160294148,-0.14860905103331062
4,1,59,0.38216286179893905,0.0,1.8588106414765757,2.240973503275515,0.0,0.0,0.0,0.0,-2.240973503275515
4,1,60,0.4176443455740159,0.0,0.8089729016743477,0.8089729016743477,0.0,0.4176443455740159,0.0,0.0,-0.8089729016743477
4,1,61,0.0,0.7729980755786734,0.0,0.7729980755786734,0.7729980755786734,0.0,0.0,0.7729980755786734,0.7729980755786734
4,1,63,0.0,0.39794868249537485,0.0,0.16930675328239642,0.32977350694375634,0.16930675328239642,0.0,0.32977350694375634,-0.06817517555161849
4,1,65,0.1293352373950785,0.37967751576441106,0.2687865126063576,0.23608991097912582,0.37967751576441106,0.4273927061296899,0.37967751576441106,0.5807296859269945,0.3446397749478687
4,1,66,0.0,0.05530779942031559,0.0,0.0,0.05530779942031559,0.057254561943395836,0.057254561943395836,0.0,-0.0019467625230802435
4,1,67,0.0,0.34355470025718815,0.0,0.34355470025718815,0.34355470025718815,0.0,0.0,0.34355470025718815,0.34355470025718815
4,1,68,0.0,0.4479178296167127,0.0,0.4479178296167127,0.19324951889466835,0.0,0.0,0.19324951889466835,0.19324951889466835
4,1,69,0.11847709636292308,0.21095611483802448,0.11847709636292308,0.3316327073484455,0.3790489370796799,0.4664212341579104,0.13183262686369546,0.4681968765370682,0.07002104072556486
4,1,71,0.0,0.9882259210738733,0.0,0.0,0.9882259210738733,0.0,0.9882259210738733,0.0,0.9882259210738733
4,1,72,0.0,0.0,0.2011946632510611,0.0,0.0,0.0,0.0,0.0,-0.2011946632510611
4,1,73,0.011370947355106364,0.389298893533219,0.08384891448875066,0.0,0.3737688385356035,0.023202463643000885,0.30487964797868616,0.3737688385356035,0.3054499790444683
4,1,74,0.0,0.1372234628657366,0.0,0.0,0.1372234628657366,0.0,0.0,0.056405608888494184,0.1372234628657366
4,1,75,0.18945130629931173,0.05869620519933632,0.18092640876239852,0.17281157933217636,0.05869620519933632,0.18275780522283022,0.019503314382080285,0.08276346562592213,-0.24763378691064744
4,1,76,2.9458640594796854,0.0,2.9458640594796854,0.3007832041775847,0.0,0.0,0.0,0.0,-2.9458640594796854
4,1,77,0.0,0.0,0.0,0.0,0.44368722889450046,0.0,0.0,0.44368722889450046,0.44368722889450046
4,1,79,0.301879736318811,0.0,0.0,0.0,0.0,0.17969875374562502,0.0,0.0,-0.481578490064436
4,1,80,0.31168250397246816,0.0,0.31168250397246816,0.0,0.0,0.0,0.0,0.0,-0.31168250397246816
4,1,81,0.4856218947543386,0.0,0.0,0.0,0.0,0.4856218947543386,0.0,0.0,-0.4856218947543386
4,1,82,0.0,0.024309844608580832,0.03954916258460799,0.08357542950264496,0.07743737919176732,0.1780454567092481,0.09447002720660314,0.2467696413960973,0.05115149768219601
4,1,83,0.6441465518104945,0.0,0.0,0.6441465518104945,0.0,0.6441465518104945,0.0,0.0,-0.6441465518104945
4,1,84,0.11968939307289594,0.1967712913576766,0.0,0.24174846547762788,0.07471221895294465,0.11968939307289594,0.07471221895294465,0.07471221895294465,-0.1670362465246832
4,1,85,0.839251007588854,0.12548557036925245,0.4715228609656368,0.6302277122837628,0.12548557036925245,0.6688071918882226,0.0,0.12548557036925245,-0.7137654372196016
4,1,86,0.10975920989916513,0.04774592655081766,0.054592630473910816,0.10975920989916513,0.06839948991325406,0.08375270564803518,0.08293698378958454,0.042193969346272384,-0.04135971998591107
4,1,87,0.024369960019707076,0.029869334052720888,0.028021182084469916,0.024369960019707076,0.052325086839890865,0.024369960019707076,0.029869334052720888,0.009928960049059056,-6.605526428612451e-05
4,1,88,0.0,0.0,0.8692889581193938,0.0,0.1652630963612599,0.0,0.0,0.0,-0.7040258617581339
4,1,89,0.0,0.2891079543696607,0.0,0.0,0.2891079543696607,0.0,0.2891079543696607,0.2891079543696607,0.2891079543696607
4,1,90,0.0,0.08000035032416208,0.09677548830353978,0.0,0.08000035032416208,0.0,0.0,0.20342150848581633,0.10664602018227655
4,1,91,0.145735045119426,0.0,0.0,0.1643212953263445,0.0,0.1643212953263445,0.0,0.1643212953263445,-0.145735045119426
4,2,1,0.4103382216160063,0.24604752301032162,0.0,0.0,0.0,0.0,0.0,0.24604752301032162,-0.4103382216160063
4,2,2,0.05847202573978063,0.1332917798251254,0.0,0.0,0.3035242345229424,0.017633872368680675,0.019503314382080285,0.19511018073224162,0.2936193346569296
4,2,4,0.0,0.0,0.0,0.7763246900112473,0.7763246900112473,0.0,0.7763246900112473,0.0,0.7763246900112473
4,2,7,0.0,0.5310066009625234,0.0,0.0,0.5310066009625234,0.0,0.5310066009625234,0.0,0.5310066009625234
4,2,8,0.0650027652438701,0.0492909783988962,0.40188171178076193,0.37144288742988446,0.05699002762077302,0.37144288742988446,0.0,0.10628100601966921,-0.7656255499887697
4,2,9,0.0,0.6451582473639129,0.0,0.08651246919454493,0.08454582477439856,0.08651246919454493,0.0,0.08454582477439856,-0.5625790670096606
4,2,10,0.09662374264549509,0.9443431277691547,0.5739028554152255,0.021510441142924188,0.9814446542337073,0.09662374264549509,0.14089377667495917,0.9318215491576037,0.4250429152974345
4,2,11,0.025572400879555167,0.038401942556697446,0.04266259444035647,0.04266259444035647,0.0555059492545843,0.0,0.0,0.0,-0.012729046065327338
4,2,12,0.0,0.170632258765159,0.0,0.0,0.170632258765159,0.0,0.0,0.32161121892922295,0.32161121892922295
4,2,13,0.0,0.1459416569444543,0.0,0.0,0.0,0.0,0.0,0.0,-0.1459416569444543
4,2,14,0.17614422353407533,0.16181179909359192,0.0,0.0,0.16181179909359192,0.2127925761285506,0.12992122292513,0.051196200252960754,-0.22712500056903404
4,2,15,0.8760639696903156,0.12705212481701703,0.0531088754707593,0.09743406658924254,0.07394324934625772,0.0531088754707593,0.07394324934625772,0.029618058227774486,-0.7577955292255746
4,2,16,0.10403265058892042,0.16652126266361417,0.0,0.14053533749124664,0.0866334107721678,0.035279333695473036,0.13134890719788178,0.08665727810810683,-0.06271480980271463
4,2,18,0.04239458975647359,0.14700547798248345,0.04239458975647359,0.05587768085754337,0.061435440303552906,0.0,0.061435440303552906,0.3956978789779261,0.33867045492435643
4,2,19,0.0,0.04634030578315778,0.0,0.0,0.04634030578315778,0.0,0.04634030578315778,0.1499653793345279,0.19630568511768567
4,2,20,0.0,2.457417612142116,0.0,0.0,2.457417612142116,0.8804395941354834,2.457417612142116,2.457417612142116,1.5769780180066326
4,2,21,0.0,0.4287036172743345,0.0,0.0,0.0,0.0,0.0,0.0,-0.4287036172743345
4,2,22,0.0,0.33997318599527937,0.0,0.0,0.33997318599527937,0.0,0.1794395268566657,0.5384612592898503,0.6989949184284641
4,2,23,0.0,0.0,0.0,2.905639404592255,0.0,0.0,0.0,0.0,-2.905639404592255
4,2,24,0.0,0.6090279407038842,0.0,0.0,0.47850768028022994,0.0,0.0,0.6090279407038842,0.8588761307194069
4,2,26,0.0,0.5311278809184511,0.0,0.0,0.0,0.0,0.0,0.5673461587877796,1.0984740397062307
4,2,27,0.0,0.3885710555193156,0.0,0.17581855148556552,0.30632148185160163,0.17581855148556552,0.0,0.4786743251785295,0.3964247515108155
4,2,28,0.13081505110354089,0.17561443998149073,0.23567837142398118,0.28908718621060775,0.17561443998149073,0.0944727885779075,0.12908922826603728,0.3255338755479334,-0.04298197893010521
4,2,29,0.0,0.0,0.0,0.0,0.0,0.4001998155161288,0.0,1.5083843615662362,1.1081845460501074
4,2,31,0.1479712449117847,0.17301254585643777,0.1479712449117847,0.12430615395208364,0.10156194297738204,0.1479712449117847,0.05585040027595718,0.10156194297738204,-0.11785990481345843
4,2,32,0.20129579744077955,0.0,0.0,0.20129579744077955,0.0,0.0,0.0,0.15247166984477276,-0.048824127596006794
4,2,33,0.0,0.4431514638504638,0.0,0.0,0.4431514638504638,0.0,0.4431514638504638,0.24574176121421162,0.4431514638504638
4,2,35,0.04657579231565638,0.1757774956963256,0.4751529548027612,0.09276727701142505,0.2904444408698494,0.09276727701142505,0.08783852043955301,0.2636160161358786,-0.23089999862868046
4,2,36,0.18289946072628818,0.2370902287903475,0.21142672003824828,0.11519027862942768,0.26253465768752315,0.1175229156966136,0.09464890535010587,0.26253465768752315,-0.1790379471613955
4,2,37,0.0,0.6508259703458767,0.0,0.0906884864675006,1.3384932469752056,0.1475125629827506,0.11509129416966815,0.6508259703458767,1.1985145494890825
4,2,38,0.0,0.5820989959361014,0.0,0.5820989959361014,0.0,0.0,0.0,0.0,0.0
4,2,39,0.5697652937609665,0.5750049828849447,1.8089723880786837,1.2392070943177171,0.5750049828849447,1.2392070943177171,0.2901223360044615,0.6632780549003395,-1.145694333178344
4,2,40,0.0,0.0,0.0,0.0,0.2732130869525943,0.0,0.0,0.2732130869525943,0.2732130869525943
4,2,41,0.0,0.5286965930853391,0.0,0.0,0.5286965930853391,0.0,0.5286965930853391,0.0,0.5286965930853391
4,2,42,0.0,2.457417612142116,0.0,0.0,2.8109004172317777,0.0,2.457417612142116,2.457417612142116,2.8109004172317777
4,2,43,0.2704758214596216,0.30715023347321685,0.2704758214596216,0.0,0.4891757632760889,0.0,0.30715023347321685,0.4891757632760889,0.21869994181646724
4,2,44,1.3722450286029548,0.23049722160782088,1.3722450286029548,1.3722450286029548,1.4552067277334282,1.3722450286029548,0.0,1.3722450286029548,1.6027422502107758
4,2,45,0.0,0.6091369279107018,0.04985093500915458,0.0,0.6091369279107018,0.07764043856347896,0.527588214483483,0.0517968448873606,0.5314964893472228
4,2,47,0.21830816472776363,1.0434115037970253,0.0,0.26125250225991214,0.9337357174269343,0.029029178243900007,0.5686632669400247,0.4919086969893778,1.0051150540061524
4,2,48,0.0,0.0,0.0,0.0,0.3387842278212169,0.0,0.0,0.3387842278212169,0.3387842278212169
4,2,50,0.176276606227475,0.09820355870795705,0.10583800108641912,0.427067326452003,0.09820355870795705,0.29487583523141464,0.09820355870795705,0.09820355870795705,-0.4974641781467198
4,2,51,0.4320959994940418,0.4320959994940418,0.0,0.0,0.4320959994940418,0.0,0.4320959994940418,0.4320959994940418,0.4320959994940418
4,2,52,0.09722159988615942,0.5769918890736079,0.0,0.0,0.5566394610292147,0.0,0.329186724401554,0.4643681160890233,0.6475505564645541
4,2,53,0.3162460026077586,0.0,0.18979318044416355,0.12645282216359505,0.7134880917163162,0.46643076156768026,0.1522031570509645,0.7134880917163162,0.24705733014863585
4,2,54,0.12278060948295492,0.16165161356699276,0.0,0.12278060948295492,0.16165161356699276,0.12278060948295492,0.12278060948295492,0.16165161356699276,0.03887100408403783
4,2,55,0.0,0.23045748929360935,0.0,0.0,0.23045748929360935,0.0,0.23045748929360935,0.23045748929360935,0.23045748929360935
4,2,56,0.0,0.22180274333498928,0.15411650146458453,0.0,0.4321358622504908,0.2723989656380121,0.2056344668991156,0.06929495181149511,0.033297046637349975
4,2,57,0.16598206790201106,0.29731716660329216,0.07581818867749987,0.26389544454856256,0.09945395863052241,0.09387773348907541,0.12401540226499366,0.07679430037944113,-0.2413120650432105
4,2,58,0.0,0.2630008445845745,0.0,0.0,0.2630008445845745,0.0,0.15358860075888225,0.6434249298118045,0.6434249298118045
4,2,59,0.48680459193834386,0.19637302028884024,0.4239458975647359,0.4239458975647359,0.19637302028884024,0.4239458975647359,0.6831776122271841,0.0,-0.22757287727589565
4,2,60,0.0,0.08261973084012295,0.0,0.0,0.20283646363098481,0.0,0.026004419176107046,0.6306254439361795,-0.16379578433178762
4,2,62,0.0,0.1727087041974083,0.09012415231401578,0.10029276819879035,0.17507312847911535,0.32113179283760285,0.35701845013049077,0.07479878871742172,-0.21512460946284187
4,2,63,0.0,0.15269006901041204,0.0,0.12531160202711797,0.15269006901041204,0.0,0.15269006901041204,0.0,0.027378466983294075
4,2,64,0.23912849393820512,0.0,0.23912849393820512,0.23912849393820512,0.0,0.23912849393820512,0.23912849393820512,0.0,-0.23912849393820512
4,2,66,0.7526976131625135,0.16223621163292573,0.0,0.0,0.5157190167225874,0.0,0.0,0.0,-0.2369785964399261
4,2,67,0.0,0.05256048001433195,0.0,0.0,0.09906119284788757,0.09280985457200354,0.05256048001433195,0.1918710474198911,0.09906119284788757
4,2,68,0.0,0.0,0.0,0.0,0.1622779978477145,0.0,0.0,0.1622779978477145,0.1622779978477145
4,2,69,0.10580323421208404,0.0,0.0,0.10580323421208404,0.1385979036577216,0.0,0.0,0.07800373420246863,0.03279466944563755
4,2,70,0.0,1.371273511884189,0.09580484421995918,0.0,1.371273511884189,0.0,1.290144246374611,1.371273511884189,1.2754686676642297
4,2,71,0.05435097647881029,0.039803279514962396,0.05435097647881029,0.05435097647881029,0.1284715780588542,0.0,0.1430192750227021,0.08872630222417968,0.12304362428926119
4,2,73,0.0,0.1720198944668164,0.0,0.0,0.0,0.0,0.0,0.0,0.1720198944668164
4,2,77,1.1558737609843837,0.0,0.0,1.1558737609843837,0.4946602604156345,0.5315962299219419,0.0,0.4946602604156345,-1.192809730490691
4,2,79,0.034673598619154,0.09277804049649944,0.034673598619154,0.05732244891212627,0.09277804049649944,0.05732244891212627,0.07187246455203354,0.020905575944465907,0.03545559158437318
4,3,1,0.09017190420025074,0.02213889740668573,0.033646872502389284,0.033646872502389284,0.02213889740668573,0.033646872502389284,0.02213889740668573,0.02213889740668573,-0.06803300679356501
4,3,2,0.1379017952305125,0.0,0.1379017952305125,0.1379017952305125,0.0,0.1379017952305125,0.0,0.0,-0.1379017952305125
4,3,4,0.0,0.6732284359577445,0.0,0.0,0.1832814447870766,0.0,0.0,0.1832814447870766,-0.3066655463835914
4,3,6,0.0,0.413069031439239,0.0,0.9425487608241269,0.0,0.5294797293848879,0.0,0.5294797293848879,0.0
4,3,7,0.0,0.5200663082183918,0.0,0.0,0.5200663082183918,0.02196977376897747,0.02196977376897747,0.5441303433769515,0.5221605696079741
4,3,8,0.0,0.059165812933164155,0.0,0.059165812933164155,0.059165812933164155,0.0,0.0,0.09784706508557028,0.09784706508557028
4,3,9,0.26460576620816967,0.058209899593610136,1.0726457013462192,0.16989646896716876,0.0,0.0,0.0,0.0,-1.1843322707197779
4,3,12,0.0,0.0,0.0,0.0671757299469729,0.07180434648663692,0.14706873370290333,0.0,0.0,-0.008088657269293503
4,3,13,0.09909305340827626,0.07604822420293393,0.0,0.0,0.07604822420293393,0.0,0.0,0.0,-0.02304482920534233
4,3,14,1.1060280406052023,0.0,1.0400497893662481,0.1811778722257072,0.2124355018830372,1.1552494103530013,0.0,0.0,-0.9428139084699643
4,3,15,0.0,0.4387686653961232,0.0,0.0,0.0,0.4096592789402288,0.0,0.0,0.029109386455894393
4,3,16,0.0,0.06282618411952164,0.0,0.07623583492238638,0.06282618411952164,0.07623583492238638,0.06282618411952164,0.15421353419342318,0.07797769927103679
4,3,17,0.9748333328322427,0.4095174210363816,0.9748333328322427,0.6232147649347345,0.0,0.6232147649347345,0.0,0.12392070943177172,-0.4413952023640893
4,3,18,0.0,0.2792164234338966,0.0,0.0,0.0,0.0,0.0,0.2792164234338966,0.0
4,3,19,0.13275418141980116,0.21241120011110093,0.0,0.13632333951192238,0.2260480891416822,0.3431742313981775,0.36393579264524456,0.23020630745985682,-0.2868975598611731
4,3,20,0.32599152896195804,0.0,0.32599152896195804,0.32599152896195804,0.0,0.0,0.0,0.0,-0.32599152896195804
4,3,21,0.0,0.14666796583861846,0.0,0.0,0.14666796583861846,0.0,0.0,0.14666796583861846,0.14666796583861846
4,3,22,1.1340784431841733,0.06553113632378976,1.1340784431841733,1.1340784431841733,0.06553113632378976,1.1340784431841733,0.1914540746852632,0.06553113632378976,-1.0685473068603837
4,3,23,0.0,0.33704380824479696,0.0,0.07250568846780908,0.5957168876386867,0.07250568846780908,0.26751400325925734,0.762702171068705,0.7597262875864356
4,3,24,0.0,0.5465794147158974,0.5465794147158974,0.0,1.2197325909730834,0.5465794147158974,0.5465794147158974,1.2197325909730834,1.2197325909730834
4,3,25,0.13587530959114258,0.4456714839053846,0.0,0.17358253279010227,0.4456714839053846,0.0,0.40796426070642494,0.10596882353624068,0.309796174314242
4,3,26,0.0,0.614354403035529,0.0,0.0,0.614354403035529,1.3580336668179214,0.614354403035529,0.614354403035529,-0.7436792637823924
4,3,27,0.502428084990577,0.10176214022196627,0.502428084990577,0.0,0.0,0.502428084990577,0.0,0.10176214022196627,-0.4006659447686107
4,3,28,0.0,3.4814067923701693,0.0,0.0,0.0,0.0,0.0,0.0,3.4814067923701693
4,3,29,0.10297918200591857,0.2585424432079716,0.0,0.5434793474733199,0.2585424432079716,0.44050016546740134,0.2585424432079716,0.35604711096105734,-0.18743223651226257
4,3,30,0.0829956188392269,0.15053952263250273,0.0829956188392269,0.0829956188392269,0.0,0.0829956188392269,0.0,0.0,0.06754390379327582
4,3,31,0.0,0.11707570525509829,0.0,0.0,0.11707570525509829,0.0,0.042007138669096,0.25858045900799614,0.25858045900799614
4,3,32,0.0,0.43414971804907815,0.0,0.0,0.28915615731174177,0.0,0.0,0.43414971804907815,0.48405317288526567
4,3,33,0.1668561232831066,0.1668561232831066,0.0,0.39216650406814607,0.0,0.22531038078503948,0.0,0.18439462747987143,-0.04091575330516806
4,3,34,0.0,0.6749979801503372,0.0,0.2537699096373318,0.6051877254852814,0.2537699096373318,0.068261600337281,0.21987672285708282,0.5728431930328072
4,3,35,0.05915371314304152,0.13463963718333385,0.05915371314304152,0.05915371314304152,0.05915371314304152,0.05915371314304152,0.05915371314304152,0.05915371314304152,0.07548592404029233
4,3,38,0.07559857220458507,0.21832957269433265,0.07559857220458507,0.07559857220458507,0.04684812578459884,0.8191228287952155,0.0,0.04684812578459884,-0.9437561499203504
4,3,42,0.0,0.20622820193136257,0.0,0.0,0.1331418210912911,0.15745004534433854,0.2905918664356296,0.20622820193136257,0.04877815658702403
4,3,43,0.03023942888183403,0.04121551836180876,0.0,0.0,0.05811788898636116,0.055471492304229715,0.05374058395757834,0.05432632461191335,-0.007883441498406104
4,3,44,0.0,0.1863981112726477,0.0,0.030636789259794812,1.127999599314928,0.7185717946476747,0.058509943146240855,0.24672866371114438,1.168032516062373
4,3,45,0.2610500514317538,1.4985558120742613,0.19529458390668436,0.06575546752506942,0.2085894149566188,0.2610500514317538,0.0,0.4964421405270123,-0.34954275253875294
4,3,46,0.3717621282953152,0.6234388652934344,0.0,0.0,0.6342091938869424,0.7435242565906304,0.4858984824008275,0.6342091938869424,-0.20458253320909564
4,3,47,0.2620914279133481,0.0,0.450533570279447,0.2620914279133481,0.0,0.2620914279133481,0.0,0.13165198100994366,-0.31888158926950333
4,3,50,0.3170977709064841,0.0,0.0,0.3553677255394552,0.03282792905244349,0.0,0.0,0.03282792905244349,-0.6396375673934959
4,3,51,0.0,0.0,0.0,0.0,0.0,0.0,0.0,0.4574150095343183,0.4574150095343183
4,3,52,0.021247047986072055,0.09175523308040294,0.021247047986072055,0.45166380804277073,0.09175523308040294,0.45166380804277073,0.07156501836956071,0.07707683874019891,-0.33429927488701017
4,3,53,0.0,0.0,0.0,1.709084933743441,0.0,1.709084933743441,0.0,0.0,-1.709084933743441
4,3,56,0.09679362051489317,0.09676946207659416,0.03918216138930115,0.2518961034049591,0.29396378602970547,0.2518961034049591,0.1543809212021862,0.19719432395311132,0.04206768262474636
4,3,57,2.7950057415605145,0.14547606147364864,0.09890242211240881,2.6734328821126567,0.0,0.0,0.12157285944785716,0.2159131191966426,-2.531962652529335
4,3,59,0.08471480949641579,0.09082555432533644,0.030488186512369064,0.08471480949641579,0.020060551935854008,0.030488186512369064,0.020060551935854008,0.020060551935854008,-0.1354192599500442
4,3,60,0.0,0.9829670448568465,0.0,0.0,0.9829670448568465,0.0,0.9829670448568465,0.9829670448568465,0.9829670448568465
4,3,62,0.0,2.424009790760267,0.0,1.0306641007715645,2.424009790760267,0.0,0.8191392040473721,2.424009790760267,2.424009790760267
4,3,63,0.0,0.13558278715325608,0.07136645185602426,0.0,0.13558278715325608,0.0,0.0,0.2992358745221764,0.22786942266615218
4,3,65,0.0,0.0,0.2905634111280988,0.0,0.0,0.0,0.0,0.0,-0.2905634111280988
4,3,66,0.22675432747764204,0.0,0.1614292922805002,0.0,0.0,0.1614292922805002,0.0,0.4310477422683183,0.13896837959353445
4,3,67,0.19611653442002136,0.6016438223715783,0.0,0.7977603567915996,0.6016438223715783,0.19611653442002136,0.33377283612858427,0.6016438223715783,0.267870986242994
4,3,68,0.21732223952984844,0.28296917028218493,0.0,0.0,0.1655787172166998,0.0,0.21732223952984844,0.1655787172166998,-0.04877309142046743
4,3,69,0.0,0.17552982943872256,0.0,0.0,0.5549068872376162,0.0,0.17552982943872256,0.17552982943872256,0.5549068872376162
4,3,70,0.038904902244341136,0.033303543876340394,0.038904902244341136,0.018657810450854028,0.3044691181828525,0.038904902244341136,0.018657810450854028,0.3044691181828525,0.26556421593851137
4,3,71,0.7126112561935339,0.0,0.7126112561935339,1.0932661206495318,0.21169620370195694,0.3806548644559977,0.0,0.21169620370195694,-0.8815699169475748
4,3,72,1.7613316281768596,0.0,0.16058521998154074,0.27189633175428407,0.0,2.062030983862168,0.08997145448247916,0.3299587724835784,-1.914028038338897
4,3,75,0.05383359173208463,0.0,0.05383359173208463,0.3175695243765565,0.03976681557258693,0.3175695243765565,0.0,0.0,-0.2778027088039696
4,3,76,0.0,0.0,0.0,0.0,0.0,0.0,0.0,0.3677281466232173,0.3677281466232173
4,3,77,0.05123053169809681,0.029822860332127617,0.0,0.05123053169809681,0.0,0.0,0.0,0.0,-0.08105339203022444
4,3,78,0.09798285450589046,0.07446720036794291,0.09798285450589046,0.20685174497234052,0.07446720036794291,0.09798285450589046,0.07446720036794291,0.07446720036794291,-0.1323845446043976
4,3,79,0.0,0.0,0.0,0.0,0.0,0.1453389181898193,0.0,0.0,-0.1453389181898193
4,3,80,0.3206370256209587,0.0,0.3206370256209587,0.3206370256209587,0.0,0.3206370256209587,0.0,0.0,-0.3206370256209587
4,3,81,0.0,0.0,0.0,0.0,0.0,0.3993711959467506,0.0,0.0,-0.3993711959467506
4,3,82,0.0,0.25272891029257116,0.0,0.0,0.25272891029257116,0.0,0.0,0.5513321517598235,0.5513321517598235
4,3,83,0.0,0.0,0.0,0.0,1.3704932365056333,0.7789102646462993,0.0,0.591582971859334,1.3704932365056333
4,3,84,0.0,0.0,0.15246933645051897,0.0,0.0,0.0,0.0,0.0,-0.15246933645051897
4,3,86,0.0,0.0,0.0,0.0,0.06116632226567701,0.06932695489757718,0.0,0.06116632226567701,-0.008160632631900165
4,3,87,0.18698313807767453,0.04427779481337146,0.06729374500477857,0.18698313807767453,0.04427779481337146,0.06729374500477857,0.04427779481337146,0.04427779481337146,-0.14270534326430306
4,3,88,0.0,0.0,0.0,0.1633033356996751,0.13533582409330855,0.0,0.13533582409330855,0.2986391597929836,0.13533582409330855
4,3,89,1.586721322562178,0.13925627169480678,1.7259775942569846,0.13925627169480678,0.13925627169480678,0.28247229989304196,0.13925627169480678,0.13925627169480678,-1.586721322562178
4,4,2,0.4430960939334847,0.4430960939334847,0.4430960939334847,0.4430960939334847,0.0,0.4430960939334847,0.0,0.0,-0.4430960939334847
4,4,5,0.0,0.34440834767071604,0.0,0.0,0.34440834767071604,0.0,0.34440834767071604,0.0,0.34440834767071604
4,4,6,0.06916301569935575,0.0,0.06916301569935575,0.5989788991837292,0.2388691353880761,0.36010976379565296,0.2388691353880761,0.0,-0.12124062840757688
4,4,7,0.0,0.0,0.0,0.2967326781395525,0.23423267813955254,0.2967326781395525,0.0,0.0,-0.06249999999999997
4,4,8,0.0,0.33818329909759426,0.0,0.0,0.33818329909759426,0.0,0.0,0.33818329909759426,0.33818329909759426
4,4,9,0.15555455981785507,0.20515477701883555,0.0,0.0,0.20515477701883555,0.0,0.15555455981785507,0.20515477701883555,0.20515477701883555
4,4,10,0.0,0.1714814469097338,0.0,0.0,0.21904901687586095,0.0,0.0,0.21904901687586095,0.047567569966127154
4,4,14,0.08685588018058629,0.0,0.08685588018058629,0.2597684979923608,0.0,0.08685588018058629,0.0,0.0,-0.2597684979923608
4,4,15,0.0,0.0,0.37666834865450044,0.0,0.0,0.37666834865450044,0.0,0.0,0.37666834865450044
4,4,16,0.2645080855302101,0.0819139204047372,0.2645080855302101,0.2645080855302101,0.0819139204047372,0.2645080855302101,0.0819139204047372,0.0819139204047372,-0.18259416512547288
4,4,17,0.0,0.17552982943872256,0.0,0.0,0.17552982943872256,0.0,0.17552982943872256,0.17552982943872256,0.17552982943872256
4,4,19,0.0,0.03476968521839063,0.0,0.03983172665733279,0.03476968521839063,0.03983172665733279,0.0905639167712326,0.03476968521839063,-0.09562595821017476
4,4,20,1.5836627858291181,0.09037770497341122,0.15330505201697067,1.5836627858291181,0.0757153718264707,0.15330505201697067,0.03243176303998152,0.09280130889665002,-1.3572001631725679
4,4,21,0.052743465781054634,0.050441482123757486,0.024867191374072638,0.024867191374072638,0.050441482123757486,0.050441482123757486,0.07761065715512727,0.0517374833528618,-0.00029888305258061744
4,4,22,0.0,0.0,0.0,0.0,0.0,0.0,0.0,0.3262679529376865,0.3262679529376865
4,4,23,0.03715662308168031,0.10080171214372573,0.03715662308168031,0.11984541665541441,0.1568150820413116,0.03715662308168031,0.03715662308168031,0.18141617060851956,0.1547407469323713
4,4,24,1.4435696296156555,0.0,0.0,0.0,0.2391875110075775,1.4435696296156555,0.0,0.0,-1.2043821186080779
4,4,25,0.11453036750940905,0.11453036750940905,0.0,0.0,0.07835452946799953,0.0,0.11453036750940905,0.0,0.19288489697740857
4,4,27,0.0,0.9341457506997604,0.0,0.0,0.9341457506997604,0.0,0.9341457506997604,0.3871016296264355,1.321247380326196
4,4,29,0.0,0.04169014344592439,0.25140837269101096,0.0,0.04169014344592439,0.0,0.0,0.04169014344592439,-0.20971822924508662
4,4,30,0.0,0.6054219332163543,0.0,0.0,0.6054219332163543,0.0,0.0,0.6054219332163543,0.6054219332163543
4,4,31,0.11255663214051492,0.12870623504137216,0.0,0.04385804684134317,0.04385804684134317,0.11255663214051492,0.08484818820002898,0.04385804684134317,-0.06869858529917175
4,4,32,0.3914015924111275,0.0,0.0,0.3914015924111275,0.0,0.3914015924111275,0.0,0.0,-0.3914015924111275
4,4,33,0.05945583204496576,0.3136241367136835,0.46561154290900164,0.0,0.3136241367136835,0.0,0.3136241367136835,0.3136241367136835,-0.21144323824028385
4,4,34,0.17295503165903134,0.018050445319939358,0.026269858204190543,0.08023395432195878,0.04089728283841474,0.12383833593636542,0.0,0.018050445319939358,-0.15407016855237612
4,4,35,0.0,3.5816425732970942,0.0,0.0,3.5816425732970942,0.0,0.3276556816189488,4.083440982072104,3.0798441645220858
4,4,36,0.0,0.14242374447862008,0.16129234567768147,0.5657757488242966,0.0,0.4233520043456765,0.0,0.14242374447862008,-0.01886860119906138
4,4,37,0.0,0.244973495585334,3.7176212829531514,3.7176212829531514,0.0,3.7176212829531514,0.0,0.0,-3.9625947785384854
4,4,38,0.0,0.2061328201543129,0.4956828377270868,0.2061328201543129,0.2061328201543129,0.0,0.0,0.2061328201543129,-0.28955001757277393
4,4,39,0.02828264723961001,0.02828264723961001,0.025386466849253442,0.11303717908180366,0.02828264723961001,0.10491447139339423,0.02828264723961001,0.056489587042281166,-0.10201829100303765
4,4,40,0.2987751675458391,0.058509943146240855,0.0,0.10367563658535715,0.058509943146240855,0.40218177406732086,0.058509943146240855,0.058509943146240855,-0.7461226350522763
4,4,41,0.0,1.3036290993986515,0.0,0.046994427710616994,1.3504034924694823,0.046994427710616994,1.206042919942251,1.098756317736522,1.2058228853024646
4,4,42,0.0,0.0,0.0,0.0,0.7776105267253812,0.0,0.0,0.7776105267253812,0.7776105267253812
4,4,43,0.0,0.0,0.0,0.0,0.30916266275977156,0.0,0.30916266275977156,0.30916266275977156,0.30916266275977156
4,4,44,0.0,0.30205704497457486,0.30205704497457486,0.0,0.30205704497457486,0.30205704497457486,0.30205704497457486,0.30205704497457486,0.30205704497457486
4,4,45,0.0657954858114827,0.15806396105045548,0.04675802496254867,0.04675802496254867,0.0,0.04675802496254867,0.07647572317142383,0.3353893384232516,0.25679033027554804
4,4,47,0.0,0.0,0.0,0.0,0.0,0.0,0.0,0.3902185381520391,0.3902185381520391
4,4,48,0.11437835280724637,0.15051684710345395,0.0,0.0,0.15051684710345395,0.0,0.15051684710345395,0.15051684710345395,0.15051684710345395
4,4,49,0.0,0.15500067875306403,0.867587792764609,0.0,0.30289642171789755,0.0,0.0,0.30289642171789755,-0.5646913710467114
4,4,50,0.0,0.17552982943872256,0.0,0.0,0.17552982943872256,0.0,0.17552982943872256,0.17552982943872256,0.17552982943872256
4,4,51,0.7501617751545765,0.22226456738184402,0.008914733282425806,0.8098175723963424,0.1441953416831881,0.008914733282425806,0.15940392403525205,0.07011049418843227,-0.6923008878318186
4,4,52,0.0,0.0,0.0,0.0,2.1739176591697245,0.0,0.0,0.0,2.1739176591697245
4,4,53,0.656477515360604,0.43777919921533087,0.21443491672723616,0.3301209401043219,0.4766997140644276,0.31892672864401234,0.41354635579812477,0.4766997140644276,0.15777298542041535
4,4,55,0.0,0.26434829654266956,0.0,0.0,0.26434829654266956,0.0,0.26434829654266956,0.26434829654266956,0.26434829654266956
4,4,56,0.2512140424952885,0.20819405793181062,0.2512140424952885,0.0,0.0,0.0,0.0,0.20819405793181062,-0.2512140424952885
4,4,57,0.0,0.0,0.0,0.0,0.253535559368286,0.0,0.0,0.253535559368286,0.253535559368286
4,4,58,0.8242384068979557,0.4320959994940418,0.3921424074039139,0.3921424074039139,0.4320959994940418,0.3921424074039139,0.4320959994940418,0.4320959994940418,0.03995359209012794
4,4,59,0.2987751675458391,0.0,0.2987751675458391,0.2987751675458391,0.0,0.6052152897318535,0.0,0.0,-0.6052152897318535
4,4,60,0.22250625669301569,0.1638278408094744,0.22250625669301569,0.4637838745405573,0.24945907480100457,0.4637838745405573,0.27625903577507566,0.24945907480100457,-0.21432479973955273
4,4,61,0.0,0.12404873660711058,0.1296710626497194,0.0,0.12404873660711058,0.0,0.0,0.1296710626497194,0.12404873660711058
4,4,62,4.182852345641748,0.0,4.182852345641748,4.182852345641748,0.0,4.182852345641748,0.0,0.0,-4.182852345641748
4,4,63,0.19012965207462493,0.15286553664072647,0.19012965207462493,0.19012965207462493,0.0,0.19012965207462493,0.15286553664072647,0.28626547514610273,0.09613582307147782
4,4,64,0.0637265110302045,0.04320959994940418,0.0,0.02976150548144052,0.04320959994940418,0.2681351069127626,0.04320959994940418,0.35328859813780494,0.06463658014424202
4,4,65,0.0,0.09469343575753993,0.0,0.0,0.17894305763287105,0.0,0.09469343575753993,0.17894305763287105,0.17894305763287105
4,4,66,0.0,0.28225605749383986,0.0,0.0,0.2468559074089268,0.0652177477137395,0.14761691812323832,0.45936862549948765,0.3941508777857482
4,4,68,0.03178555615119329,0.04645229285713077,0.03178555615119329,0.0746073868310018,0.04645229285713077,0.31345423842122677,0.11627080271581924,0.0,-0.26700194556409607
4,4,70,0.0,0.4067471854084307,0.0,0.0,0.8035093137037459,0.2361750680165078,0.6429222534249385,0.8035093137037459,0.567334245687238
4,4,71,0.0,1.284178236171679,0.0,0.0,1.284178236171679,0.0,0.0,0.0,1.284178236171679
4,4,72,0.04320959994940418,0.04320959994940418,0.0,0.4779807198879935,0.04320959994940418,0.7639915005949401,0.04320959994940418,0.04320959994940418,-0.720781900645536
4,4,73,0.0,0.1638278408094744,0.0,0.0,0.1638278408094744,0.0,0.1638278408094744,0.1638278408094744,0.1638278408094744
4,4,74,0.0,0.38986745790806177,0.0,0.0,0.38986745790806177,0.0,0.0,0.0,0.38986745790806177
4,4,76,0.062319498155524254,0.0,0.08460929407767978,0.062319498155524254,0.023204399165836772,0.05215101895922265,0.0,0.023204399165836772,-0.08561602403588453
4,4,78,0.0,0.7842848148078277,0.0,0.0,1.313635170778479,0.0,0.0,1.313635170778479,1.313635170778479
4,4,79,0.0,0.1991834450305594,0.0,0.0,0.5690549034857142,0.0,0.0,0.46805981631723953,0.5690549034857142
4,4,81,0.06949269890180698,0.0860385505888587,0.05222096206790254,0.05222096206790254,0.0860385505888587,0.35966406345573715,0.0860385505888587,0.10891622002241656,-0.268019580267225
4,4,83,0.36878925495974285,0.0,0.36878925495974285,0.36878925495974285,0.37287653983861047,0.36878925495974285,0.0,0.37287653983861047,0.004087284878867632
4,4,84,0.0,0.1219864207022537,0.0,0.0,0.1219864207022537,0.0,0.0,0.2695219431796012,0.2695219431796012
4,4,85,0.13298566492836708,0.30852513876709187,0.0635416650096818,0.5107949123606133,0.25184483472490393,0.5107949123606133,0.21388921868023444,0.25184483472490393,-0.2589500776357093
4,4,86,0.16908104328027723,0.16908104328027723,0.0,0.0,0.37227502536192053,0.2031939820816433,0.16908104328027723,0.16908104328027723,0.37227502536192053
4,4,87,0.0,0.0,0.0,0.0,0.26292576527081507,0.0,0.0,0.26292576527081507,0.26292576527081507
4,4,88,0.5780389658862319,0.11339831527481099,0.5780389658862319,0.6757667688640397,0.10689990749265361,0.7486517202660942,0.03609850771694366,0.1655958804350192,-0.583055839831075
4,4,89,0.0,0.18967468891266773,0.0,0.27189633175428407,0.25480036832320346,0.32787461831754516,0.11336060808437576,0.5382018885341429,0.23349826118669625
4,4,91,0.0,0.0,0.0,0.0,0.7699641541391293,0.0,0.0,0.7699641541391293,0.7699641541391293
4,4,92,0.06980410585847414,0.6174741595373552,0.07548592404029233,0.3557291339826876,0.4785641718707856,0.06980410585847414,0.21842299655806152,0.4785641718707856,0.18625910151437525
4,5,1,0.0,0.37806424802186406,0.0,0.0,1.1734005594736028,0.0,0.37806424802186406,0.37806424802186406,1.1734005594736028
4,5,2,0.0,0.05795057844854457,0.07486077892364436,0.0,0.05795057844854457,0.0,0.0,0.1490700551869849,0.07420927626334056
4,5,3,0.0,2.142066931835848,0.0,0.0,2.142066931835848,0.0,1.0572948874547392,0.11564318174786428,2.142066931835848
4,5,4,0.11637730521384908,0.7489868402042305,0.11637730521384908,0.11637730521384908,0.8185848368935638,0.11637730521384908,0.7489868402042305,0.8185848368935638,0.7022075316797148
4,5,5,0.18730089637432015,0.06123739138800303,0.0,0.18730089637432015,0.22619950214960527,0.0,0.09920818602433583,0.2769839403385206,0.36216991605910337
4,5,8,0.08044246828193599,0.0,0.0,0.1777314564810002,0.0,0.08044246828193599,0.08044246828193599,0.0,0.016846519917128225
4,5,9,0.09896912441915579,0.08616002217972588,0.06893217262717144,0.09896912441915579,0.22995884026827343,0.24276794250770334,0.040815778945975566,0.08616002217972588,0.13098971584911764
4,5,10,0.0571417923949525,0.0,0.1023405452371012,0.0,0.0,0.0571417923949525,0.0,0.0,-0.1023405452371012
4,5,11,0.0,0.1677880355092677,0.14280585574815305,0.08369214778880252,0.164487927030998,0.15185030636381375,0.14172441513550763,0.14172441513550763,0.018438813459628736
4,5,13,0.28603736585622047,0.1767683020790264,0.0,0.1251563017085629,0.1767683020790264,0.0,0.1767683020790264,0.3200156165720506,0.14931111249130358
4,5,14,0.17924276995799757,0.23361699516710752,0.8572240625902281,0.17924276995799757,0.23361699516710752,0.17924276995799757,0.06466888453005568,0.06466888453005568,-0.6236070674231206
4,5,15,0.24058421572732377,0.0,0.24058421572732377,0.0,0.0,0.0,0.0,0.0,-0.24058421572732377
4,5,16,0.0,0.0,0.0,0.0,0.26292576527081507,0.0,0.0,0.26292576527081507,0.26292576527081507
4,5,18,0.0,0.40853827647503477,0.0,0.0,0.40853827647503477,0.0,0.40853827647503477,0.40853827647503477,0.40853827647503477
4,5,20,1.0276614291688722,0.0,0.0,0.5137145900396048,0.0,1.0276614291688722,0.0,0.0,-1.0276614291688722
4,5,21,0.6289431794451535,0.39878648454013627,0.6289431794451535,0.6289431794451535,0.0,0.28805554804389083,0.39878648454013627,0.0,-0.6289431794451535
4,5,23,0.0,0.209828369201233,0.0,0.18314754514429346,0.209828369201233,0.18314754514429346,0.0,0.209828369201233,0.02668082405693953
4,5,24,0.0,0.35187042753541437,0.0,0.3356192209757443,0.35187042753541437,0.0,0.35187042753541437,0.6874896485111587,0.35187042753541437
4,5,25,0.0,0.22903646683812542,1.5000200687048668,0.6224645267777188,0.22903646683812542,0.39342805993959334,0.0,0.22903646683812542,-1.6644116618063347
4,5,26,0.38337245069987036,0.03756186856071454,0.38337245069987036,0.4161581223615031,0.13492565164150197,0.5135219054422905,0.0,0.03756186856071454,-0.2812324707200012
4,5,27,0.2750244670987851,0.18662798232228436,0.17429014704850057,0.13379922019748566,0.1340663479018682,0.2959379193502858,0.07522027125488134,0.06797530287158997,-0.10930993702800143
4,5,28,0.0748441929469192,0.2778435616832441,0.0,0.0748441929469192,0.2778435616832441,0.0748441929469192,0.2778435616832441,0.2778435616832441,0.20299936873632488
4,5,29,0.0,0.17818664615630003,0.0,0.0,0.30881794825385006,0.09012504136685033,0.0,0.30881794825385006,0.21869290688699974
4,5,30,0.0,0.17552982943872256,0.0,0.0,0.17552982943872256,0.0,0.17552982943872256,0.17552982943872256,0.17552982943872256
4,5,31,0.07284170449959808,0.0,0.07284170449959808,0.12301012557865494,0.0,0.17454282941172136,0.07284170449959808,0.0,-0.17454282941172136
4,5,32,0.0,0.021276342962269407,0.0,0.0,0.41475990572717386,0.0,0.021276342962269407,0.24505138702201187,0.6385349497869163
4,5,33,0.0,0.3466394743457857,0.0,0.3466394743457857,0.2061328201543129,0.0,0.0,0.2061328201543129,0.2061328201543129
4,5,34,0.0,0.0,0.0,0.0,0.0,0.23861029976981138,0.0,0.0,-0.23861029976981138
4,5,35,0.2415037890550488,0.048602900176605304,0.0,0.0,0.2781662543572822,0.048602900176605304,0.048602900176605304,0.14289682178646354,0.179559287088697
4,5,37,0.0,0.10253687248952326,0.0,0.0,0.10253687248952326,0.0,0.10253687248952326,0.34306928972686945,0.34306928972686945
4,5,38,0.021468398464359665,0.027550717124426843,0.011764090076971158,0.005335432639664586,0.024507954891030335,0.005335432639664586,0.012375634812471099,0.018685678900730196,0.011785981301319843
4,5,39,0.0,2.2453257884075764,0.0,0.0,2.2453257884075764,0.0,2.2453257884075764,2.2453257884075764,2.2453257884075764
4,5,40,0.0,1.0342558491599017,0.0,0.0,1.0342558491599017,0.0,0.0,0.0,1.0342558491599017
4,5,41,0.08140544474492088,0.15484097619043588,0.08140544474492088,0.08140544474492088,0.21490910169065167,0.08140544474492088,0.0,0.06006812550021576,0.13350365694573077
4,5,42,0.2546456487112644,0.5477015642886903,0.2546456487112644,0.3108636905715315,0.5477015642886903,0.3806056849867352,0.6174435587038941,0.5477015642886903,0.16709587930195519
4,5,43,0.08200939895735462,0.08103983622262477,0.0,0.0,0.0988616507682874,0.0,0.009636931812322024,0.09575388115903023,0.03156629674733825
4,5,44,0.07908049185173481,0.3458081984680937,0.0,0.0,0.5606027167868263,0.052483348448112845,0.21541790950906978,0.15559349442758824,0.6119125138941154
4,5,45,0.0,0.0,0.0,0.037697419188556784,0.8022544578472696,0.28875433915878146,0.5382534708039038,0.5382534708039038,0.7730039729922701
4,6,1,0.0,0.9761960675034438,0.9761960675034438,0.0,0.9761960675034438,0.0,0.9761960675034438,0.9761960675034438,0.9761960675034438
4,6,2,0.0,0.07294149588379484,0.09118264238707507,0.0,0.13532081442902924,0.0,0.0,0.07294149588379484,0.044138172041954166
4,6,3,0.0,0.1642645801124144,0.0,0.0,0.09941703893146733,0.0,0.0,0.0,0.26368161904388177
4,6,5,0.16189053946273937,0.8717722281716852,0.0,0.04751218665549301,0.8717722281716852,0.04751218665549301,0.15401412074502244,0.8717722281716852,0.8242600415161923
4,6,6,0.09279840147087523,0.08436893231020223,0.05576160151424307,0.05576160151424307,0.7256990444567281,0.0,0.6878341782922612,0.7730311768102981,0.717269575296055
4,6,7,0.0,0.0,0.0,0.0,0.07142724049369062,0.030570819240815394,0.07142724049369062,0.0827572210695024,0.08790002207553232
4,6,8,4.811417012547941,4.811417012547941,0.0,0.0,4.811417012547941,0.0,4.811417012547941,4.811417012547941,4.811417012547941
4,6,9,0.0,0.979893982341336,0.0,0.0,0.0,0.0,0.0,0.0,-0.979893982341336
4,6,10,0.0,0.05444587178253601,0.0,0.0,0.1357053533771404,0.05444587178253601,0.05444587178253601,0.1552953123974746,0.20974118418001061
4,6,11,0.0,0.4380980337517219,0.0,0.0,0.4380980337517219,0.0,0.0,0.4380980337517219,0.4380980337517219
4,6,13,0.5731053488963871,0.43091462937528524,0.5731053488963871,0.5731053488963871,0.24800108600490248,0.5731053488963871,0.0,0.24800108600490248,-0.5080178062618673
4,6,14,0.11739767523509316,0.24814413573046293,0.0,0.09865813931132356,0.07223518546132468,0.09865813931132356,0.0,0.169474563895648,-0.046581250650768714
4,6,15,0.0,0.33184679652189353,0.0,0.0,0.33184679652189353,0.0,0.0,0.0,0.33184679652189353
4,6,16,0.05877931129729099,0.01212546000907723,0.0401265012439684,0.1240773951037762,0.489370597996386,0.09131259320760292,0.022956335418067693,0.49024347531241197,0.3987858343999774
4,6,17,0.4761840877030483,0.0,0.0,0.9419789017097968,0.46579481400674844,0.0,0.9419789017097968,0.0,-0.010389273696299883
4,6,18,0.9356285454540135,0.0,0.7270347092730755,0.36421062150448863,0.10575682146940353,0.15561678532355044,0.0,0.12346915548233135,-0.7578445660552643
4,6,19,0.09259199989158039,0.3125548549920168,0.03207212154133913,0.17015396864711105,0.4338273334336527,0.10573746234888824,0.30052221994446554,0.7940994089767615,0.48087914897735295
4,6,20,0.0,0.20732640759442142,0.0,0.0,0.20732640759442142,0.0,0.20732640759442142,0.447418872372364,-0.032766057183521186
4,6,21,0.45044881124204433,0.5545618554553214,0.45044881124204433,1.0497213555984577,0.3734643900529788,0.270292489339955,0.0,0.3734643900529788,-0.2879943256438584
4,6,22,0.0,0.2861396950890309,0.0,0.15503976698108243,0.5346382370594037,0.13109992810794852,0.13109992810794852,0.11664157900880719,0.5346382370594037
4,6,23,0.0,0.26864183227701943,0.0,0.0,0.0,0.0,0.0,0.26864183227701943,0.26864183227701943
4,6,25,0.21974769080474416,0.07729980755786733,0.0,0.4152480080119002,0.16397062333838802,0.12441076390242858,0.21974769080474416,0.07729980755786733,-0.11091818937810889
4,6,26,0.6037303613817822,0.14496660156123026,0.6037303613817822,0.10244131120969543,0.2602483036240996,0.0593948015120324,0.026328243636205128,0.2602483036240996,-0.4452812089086037
4,6,27,0.0,0.0,0.0,0.135948165877142,0.126767779684143,0.135948165877142,0.0,0.126767779684143,-0.009180386192999018
4,6,28,0.0,0.34355470025718815,0.0,1.0579820461533171,0.34355470025718815,0.0,0.0,1.0579820461533171,1.0579820461533171
4,6,30,0.344299473477408,0.08792263960493264,0.24200231047866863,0.2410664006764017,0.5288023486074149,0.4112124125111699,0.19593783420628796,0.5032058385100889,-0.11504378225094042
4,6,31,0.0,0.22340160110382873,0.0,0.0,0.22340160110382873,0.0,0.22340160110382873,0.22340160110382873,0.22340160110382873
4,6,32,0.0,0.22062263936484472,0.0,0.0,0.22062263936484472,0.0,0.08776491471936128,0.22062263936484472,0.22062263936484472
4,6,33,0.013817828094014502,0.09894529141154174,0.0,0.04050003727838422,0.21831421246606045,0.02000435543498667,0.06142684877314644,0.15771165142919022,0.23377067716284572
4,6,34,0.0,0.07482175901558633,0.0,0.08956763992929721,0.07482175901558633,0.08956763992929721,0.07482175901558633,0.16438939894488352,-0.014745880913710888
4,6,35,0.0,0.0,0.0,0.23069991785211982,0.0,0.3480918637368509,0.0,0.9782662157060926,0.6301743519692417
4,6,36,0.11107342487342808,0.13432091613850972,0.0,0.11107342487342808,0.0,0.11107342487342808,0.0,0.13432091613850972,0.023247491265081632
4,6,37,0.0,0.7055866739094607,0.2508992043875045,0.0,0.7055866739094607,0.0,0.7055866739094607,0.7055866739094607,0.4546874695219562
4,6,38,0.09355506883065934,1.3161648924039764,0.09355506883065934,0.09355506883065934,1.1835404304523836,0.5774321058637037,0.09355506883065934,0.03906939312093347,0.6451777177096134
4,6,39,0.0,0.21137612764101496,0.07395424753813969,0.7678065009781859,0.21137612764101496,0.6303846208753107,0.07395424753813969,0.21137612764101496,-0.4190084932342957
4,6,40,0.0,0.0,0.0,0.0,0.23565520339310775,0.0,0.0,0.0,0.23565520339310775
4,6,41,0.11736813168725886,0.12599859984234424,0.0876272012196883,0.1395290366270412,0.0842349536480177,0.09456869994481307,0.043883278895422304,0.12599859984234424,-0.12395706974683103
4,6,42,0.0,0.0,0.0,0.0,0.21693245944520972,0.0,0.0,0.21693245944520972,0.21693245944520972
4,6,43,0.0,0.05735525708479809,0.0,0.01940863179668123,0.03450105463437523,0.04956186034409994,0.03450105463437523,0.0668281962252722,0.04012053833159513
4,6,44,0.0,0.13190880531517984,0.0,0.0,0.0,0.0,0.0,0.0,-0.13190880531517984
4,6,45,0.0,0.0,0.0,0.2788568230427832,0.0,0.2788568230427832,0.0,0.0,-0.2788568230427832
4,6,46,0.0,0.285802411516223,0.11934669016519599,0.0,0.0,0.0,0.0,0.47278846565648297,0.06763936397506402
4,6,47,0.039521723256774714,0.2198790390322449,0.16869713330513106,0.1578268391284895,0.3866619186747133,0.1578268391284895,0.0,0.09098232418939028,0.014977473493060655
4,6,48,0.3356192209757443,0.0,0.3356192209757443,0.0,0.0,0.0,0.0,0.0,-0.3356192209757443
4,6,49,0.3968925040740717,0.0,0.3968925040740717,0.3968925040740717,0.5850280065185147,0.3968925040740717,0.0,0.0,-0.9819205105925863
4,6,50,0.0,0.0,0.0,0.0,0.19280880277617907,0.0,0.0,0.0,0.19280880277617907
4,7,1,0.0,0.3120231641420497,0.0,0.22579798476864218,0.26296658191823835,0.22579798476864218,0.08622517937340757,0.08622517937340757,0.26296658191823835
4,7,3,0.0,0.0,0.0,0.0,0.8181927647481092,0.0,0.0,0.0,0.8181927647481092
4,7,5,0.0,0.19922368724560074,0.19922368724560074,0.0,0.19922368724560074,0.0,0.19922368724560074,0.19922368724560074,0.19922368724560074
4,7,6,0.0,0.3113810447964768,0.0,0.1532200610930072,0.1071442906217762,0.1532200610930072,0.0,0.0,0.2653052743252458
4,7,7,0.0,0.0,0.0,0.0,0.0,0.0,0.0,0.28862165067564577,0.28862165067564577
4,7,9,0.0,0.0,0.0,1.087585327017136,0.0,1.087585327017136,0.0,0.0,-1.087585327017136
4,7,11,0.09224620802043357,0.1149150458197554,0.38816234500562363,0.3047650652391627,0.0,0.6929274102447863,0.0,0.0,-0.578012364425031
4,7,12,0.0,0.07148584160618789,0.0,0.15333958126149116,0.0,0.08185373965530328,0.0,0.0,-0.08185373965530328
4,7,13,0.0,0.0,0.0,0.0,0.3971097970386659,0.0,0.0,0.3971097970386659,0.3971097970386659
4,7,14,0.046895609723703435,0.0,0.0,0.16086187034770116,0.0,0.046895609723703435,0.0,0.0,-0.16086187034770116
4,7,15,0.0,0.39678604291466607,0.0,0.31170940137088277,0.18227795738445596,0.390434424043052,0.2683927740664844,0.18227795738445596,-0.07289180830321447
4,7,16,0.5019422814770098,0.0,0.5019422814770098,0.5019422814770098,0.0,0.0,0.0,0.0,-0.5019422814770098
4,7,17,0.12498869096658567,0.1126141951761099,0.04040035460514676,0.19033902873102665,0.03509624774204762,0.170551252751435,0.09330797880952821,0.10626357439573528,-0.1021152627781666
4,7,18,0.0,0.5518073058879798,0.0,0.0,0.5518073058879798,0.0,0.4856223397148688,0.06618496617311098,0.5518073058879798
4,7,19,0.0,0.09769393567881265,0.0,0.0,0.21315651848717157,0.0,0.09769393567881265,0.0,0.21315651848717157
4,7,20,0.0,0.4856223397148688,0.0,0.0,0.4856223397148688,0.0,0.4856223397148688,0.0,0.4856223397148688
4,7,21,0.07336968081882442,0.057880443368223844,0.07336968081882442,0.0684034583981531,0.14011535246657372,0.0724889628035632,0.06291671914635055,0.07719863332022318,0.03168250018518833
4,7,22,0.0,0.9054603343409957,0.0,0.0,0.9054603343409957,0.0,0.6243715796334027,0.28108875470759304,0.9054603343409957
4,7,23,0.0,0.8450963120515962,0.0,0.0,0.8450963120515962,0.0,0.5827468076578426,0.26234950439375354,0.8450963120515962
4,7,24,0.0,0.8171536352783435,0.0,0.28896844024609597,0.5281851950322475,0.0,0.3642167547861516,0.4529368804921919,0.2392167547861516
4,7,26,0.0,0.44761981156571107,0.0,0.19370929363948367,0.44761981156571107,0.0,0.1768596008738644,0.3715715873627771,0.2539105179262274
4,7,27,0.0,0.5772981877441042,0.0,0.5772981877441042,0.0,0.0,0.5772981877441042,0.0,0.0
4,7,28,0.4812019199762519,0.0,0.20109363309210584,0.2801082868841461,0.2801082868841461,0.0,0.22374614731716289,0.2801082868841461,-0.14473149352512268
4,7,29,0.0,0.44380983213146913,0.0,0.44380983213146913,0.0,0.44380983213146913,0.0,0.0,0.0
4,7,30,0.03993305638791667,0.11656117454593917,0.03993305638791667,0.03993305638791667,0.15649423093385584,0.03993305638791667,0.034687309979633485,0.1613561982356891,0.27791737278162826
4,7,31,0.0,0.6853051937774006,0.0,0.07559857220458507,0.6982449146212595,0.06298001813773542,0.7482852119151361,0.4099127601825758,0.6352648964835241
4,7,32,0.0,0.0,0.0,0.0,0.7058004746275351,0.0,0.0,1.651377405940501,1.651377405940501
4,7,33,0.3600694350548635,0.9712446794297375,0.3600694350548635,0.3600694350548635,1.324144916743505,0.3600694350548635,0.9712446794297375,0.3529002373137676,0.9640754816886417
4,7,34,0.019125122512605966,0.04568929091317486,0.012698242338747955,0.045475873648223836,0.03016156034637206,0.03098807641603642,0.019761062452709578,0.05367762083060581,0.02661652442780129
4,7,35,0.06163569612519988,0.0,0.02453044253794937,0.08067810215300397,0.0,0.06839778928400865,0.04416057806139937,0.10402392979536816,0.0037156921189141845
4,7,37,0.0,0.0,0.0,0.0,0.0,0.0,0.0,0.4175521126572915,-0.4175521126572915
4,7,38,0.0,0.0,0.0,0.0,0.3461584773934308,0.0,0.0,0.0,0.3461584773934308
4,7,40,0.0,1.1708411520194129,0.0,0.0,0.8224032025682328,0.0,0.9214027657542211,0.4046557003926986,0.7843998813720666
4,7,41,0.0,0.0,0.0,0.0,0.16468196495429135,0.0,0.0,0.10886889046645006,0.16468196495429135
4,7,42,0.06290180658618884,0.19193628418402542,0.06290180658618884,0.0,0.19193628418402542,0.0,0.11542069249545686,0.27904312949555865,0.27904312949555865
4,7,43,0.0,0.0,0.0,0.0,0.18187167305043525,0.0,0.0,0.0,0.18187167305043525
4,7,45,0.03574433588246082,0.2751996785934311,0.0,0.03574433588246082,0.2585310312144172,0.0,0.12919380160695962,0.14040667831080042,0.2227866953319563
4,7,46,0.2383081999921066,0.19844318408396044,0.0,0.3005170421301371,0.15761426815307145,0.124417684276061,0.21982311029110194,0.0,-0.18373168990795463
4,7,47,0.1289487035016871,0.1289487035016871,0.1289487035016871,0.0,0.1289487035016871,0.0,0.1289487035016871,0.281074271172581,0.281074271172581
4,7,48,0.3852912536614613,0.2539601299235946,0.0,0.639251383585056,0.0,0.2539601299235946,0.0,0.0,-0.639251383585056
4,7,49,0.0,0.48562233971486873,0.0,0.27301161402425445,0.48562233971486873,0.0,0.48562233971486873,0.2257537420860214,0.4383644677766357
4,7,50,0.0,0.0,0.0,0.30713806577728625,0.0,0.0,0.0,0.0,-0.30713806577728625
4,7,51,0.07061151464732433,0.1232514784118289,0.07061151464732433,0.0,0.11589002512656743,0.0,0.1232514784118289,0.08435786869917442,0.09113817147146104
4,7,52,0.0,0.0,0.0,0.738150413936779,0.0,0.738150413936779,0.0,0.0,-0.738150413936779
4,7,53,0.10782345480862855,0.11276438300603948,0.10782345480862855,0.0,0.11276438300603948,0.054151335959818074,0.12344857837108111,0.11276438300603948,-0.05543289204104543
4,7,54,0.0,1.0382304529175153,0.0,0.0,1.0382304529175153,0.0,0.5463251321792274,0.49190532073828785,1.0382304529175153
4,7,55,0.04147025463414287,0.0,0.0,0.04147025463414287,0.047207889307341606,0.04147025463414287,0.0,0.09255875480287001,0.05108850016872716
4,7,56,0.31843888647949037,1.0323160095587427,0.31843888647949037,0.31843888647949037,0.9623235822486472,0.47178859705383414,0.23468762469994983,0.5353322380577356,0.42054255788471767
4,7,57,0.02864601944548426,0.15076966192511934,0.0,0.05478418841104329,0.3623674434324333,0.07059330939080442,0.06937461995926697,0.29299282347316635,0.29177413404162894
4,7,59,0.14133160677457418,0.19722644784033458,0.14133160677457418,0.0,0.19722644784033458,0.14133160677457418,0.0,0.9365148737114065,0.7951832669368324
4,7,61,0.22750967835354535,0.0,0.22750967835354535,0.12399959203435229,0.0,0.35150927038789764,0.0,0.0,-0.35150927038789764
4,8,1,0.0,0.0,0.0,0.0,0.6802629824329262,0.0,0.0,0.6802629824329262,0.6802629824329262
4,8,2,0.0,0.16101719610306095,0.0,0.0,0.0,0.0,0.0,0.16101719610306095,-0.16101719610306095
4,8,3,0.0,0.18903212401093203,0.0,0.0,0.18903212401093203,0.0,0.18903212401093203,0.18903212401093203,0.18903212401093203
4,8,4,0.0,0.0,0.0,0.0,2.7543849393543316,0.0,0.0,0.0,2.7543849393543316
4,8,5,0.046295999945790194,0.3088490986336554,0.0,0.0,0.4256966044543979,0.0,0.046295999945790194,0.6176830627522688,0.3158905141078409
4,8,6,0.47131774064200926,0.4885306536076315,0.1900973187607199,0.0809810411668261,0.4853825979341384,0.2014802888724438,0.23589181040535653,0.5677195431807711,0.08020774171810549
4,8,7,0.0,0.37913706330930985,0.0,0.0,0.37913706330930985,0.0,0.18203093423274933,0.31368291524269304,0.5107890443192535
4,8,8,0.05088672544486969,0.204784801011843,0.0,0.05088672544486969,0.6024529567377124,0.10292407805424345,0.204784801011843,0.204784801011843,0.49952887868346885
4,8,11,0.0,0.0,0.0,1.2688495481866588,0.0,1.2688495481866588,0.0,0.0,-1.2688495481866588
4,8,12,0.12077747846446772,0.0,0.19025819310644673,0.0,0.0,0.14143454712977566,0.0,0.0,-0.31103567157091444
4,8,14,0.29688932294897735,0.04914835224284232,0.2414217640538414,0.29688932294897735,0.04914835224284232,0.5383110870028187,0.04914835224284232,0.12418998141851022,-0.4141211055843085
4,8,15,0.0,0.42891504963712734,0.0,0.42891504963712734,0.0,0.0,0.0,0.0,0.0
4,8,16,0.3842105734966686,0.0,0.0,0.0,0.0,0.0,0.0,0.0,-0.3842105734966686
4,8,17,0.39313714187002213,0.0,0.39313714187002213,0.39313714187002213,0.0,0.39313714187002213,0.0,0.0,-0.39313714187002213
4,8,18,0.0,0.0,0.0,0.5641387960534231,0.0,0.0,0.0,0.47175600161286046,1.0358947976662836
4,8,19,0.3849519012308415,0.0,0.3849519012308415,0.3849519012308415,0.0,0.3849519012308415,0.3849519012308415,0.9772520661725053,0.2073482637108223
4,8,20,0.20930144861819583,0.14042386355097808,0.0959035903113182,0.0,0.14042386355097808,0.365758091733593,0.14042386355097808,0.4462478154697211,-0.03290813457074953
4,8,21,0.0,0.1965934089713693,0.0,0.0,0.1965934089713693,0.0,0.1965934089713693,0.1965934089713693,0.1965934089713693
4,8,22,0.0,0.5148194052725042,0.0,0.0,0.5148194052725042,0.0,0.0,0.0,0.5148194052725042
4,8,23,0.0,0.6339495645937719,0.0,0.0,0.1374056278932318,0.0,0.0,0.2503573073733423,0.38897606900843795
4,8,25,0.0,0.33115648119623653,0.0,0.2169869207645211,0.08618298561090251,0.2534200153175974,0.0,0.30623773878866356,-0.13000950320032092
4,8,27,0.06995718797859636,0.591900096065873,0.06995718797859636,0.11576448134622146,0.591900096065873,0.06995718797859636,0.6160499906768443,0.591900096065873,0.5219429080872767
4,8,28,0.5723388608633572,0.0,0.5723388608633572,0.5723388608633572,0.0,0.5723388608633572,0.0,0.0,-0.5723388608633572
4,8,29,0.0,0.0,0.0,0.0,0.22579798476864218,0.0,0.22579798476864218,0.0,0.22579798476864218
4,8,30,0.009791495567183726,0.07565785000762036,0.009791495567183726,0.03172754133247455,0.30852485348440467,0.041707946049606426,0.022911908925004276,0.3327793877581095,0.25642872516108206
4,8,31,0.057356792378567875,0.057356792378567875,0.0,0.057356792378567875,0.04411252966422095,0.0,0.0,0.04411252966422095,0.04411252966422095
4,8,32,0.2222345763331124,0.0,0.06771851891127739,0.06771851891127739,0.8087493499992985,0.15451605742183502,0.0,0.27852514236480597,0.586514773666186
4,8,33,0.03701460588758091,0.09269968262137691,0.06244807565010111,0.1171763196420436,0.21226790055515965,0.06803865293579164,0.03701460588758091,0.26917201527795737,0.13808160827846933
4,8,34,0.30194369616116934,0.09526747050540765,0.30194369616116934,0.32467096888844205,0.0,0.6266146650496114,0.0,0.11175536171508674,-0.8336374972701057
4,8,35,0.207375826110214,0.19627220604455184,0.16296827320682136,0.16296827320682136,0.05412862434453324,0.0,0.0,0.2706835678107502,0.043192615963324084
4,8,36,0.0,0.5322683245915087,0.12421195040179958,0.0,0.1669416534201284,0.12421195040179958,0.12411053513175307,0.25827905818597824,0.1926084342921063
4,8,38,0.13608035081258035,0.12229242931258116,0.0,0.0,0.1391293055640466,0.0,0.12229242931258116,0.26142173487662773,0.1253413840640474
4,8,39,0.2160479997470209,0.2160479997470209,0.0,0.0,1.3630384577238839,0.0,0.2160479997470209,1.3630384577238839,1.3630384577238839
4,8,40,0.0,0.26567587820017635,0.0,0.0,0.19879054736345028,0.15356903288864313,0.0,0.19879054736345028,0.3108973926749835
4,8,41,0.0,0.40755791187345436,0.0,0.23213972545089873,0.5096897150660222,0.15064586601984453,0.16382784080947438,0.16382784080947438,0.3590438490461777
4,8,42,0.0,0.0,0.0,0.4446360409581687,0.0,0.0,0.0,0.0,-0.4446360409581687
4,8,43,0.05482827844000596,0.06838308452004432,0.06456964691735528,0.05482827844000596,0.03150535400182201,0.05482827844000596,0.08633363244182797,0.3174571684220122,-0.4107221162939518
4,8,44,0.0,0.0,0.0,0.26964851960228475,0.0,0.33457194031038157,0.18036881333755111,0.0534066328680292,-0.28116530744235235
4,8,45,0.0,0.2656579811161813,0.0,0.2656579811161813,0.0,0.0,0.0,0.0,-0.2656579811161813
4,8,46,0.0,0.2431823701252219,0.0,0.09416708716362512,0.04285766031447101,0.0,0.054006223368003946,0.3131077305495833,0.24699133999406195
4,9,1,0.5669995021521417,0.10089070417693424,0.5669995021521417,0.023993649403093908,0.10089070417693424,0.09384834519106111,0.0,0.10089070417693424,-0.5451658518057779
4,9,2,0.0,0.0,0.0,0.1280465003767882,0.0,0.0,0.0,0.10839344508539817,-0.019653055291390026
4,9,4,0.0,0.0,0.0,0.0,0.0,0.4953186059565951,0.0,0.0,-0.4953186059565951
4,9,5,0.0,0.5273937799999874,0.08134967229195365,0.06344247740933295,0.5273937799999874,0.06344247740933295,0.19836955858443536,0.32237010158688656,0.46395130259065437
4,9,6,0.30296361073516614,0.4720615009815559,0.3456349628975381,0.2448454163336576,0.5452513790193717,0.2201299792556447,0.21061180617387526,0.2614496948076807,0.038574000963215005
4,9,7,0.09202587075783948,0.1810435169657552,0.10654547671830691,0.06958453046765403,0.29837073256200913,0.4487670596891324,0.11809834803684428,0.4019257770089325,0.012447842366894423
4,9,8,0.15300462450091348,0.32664762000195036,0.05572680513391082,0.21482322430798964,0.5738945643687801,0.4484963037018794,0.16755120082787153,0.29784700750105475,0.31598774884148884
4,9,10,0.22672121616875152,0.22672121616875152,0.0,0.0,1.8638523247158887,0.0,0.1767412426055031,0.0,1.8638523247158887
4,9,11,0.0,0.25507039353408545,0.25507039353408545,0.0,0.25507039353408545,0.25507039353408545,0.25507039353408545,0.25507039353408545,0.25507039353408545
4,9,12,0.068464212804844,0.12484578482639952,0.03613389009144544,0.19594272123864115,0.5260835942044804,0.14373397412109534,0.0,0.4561327927447053,0.4044206874879932
4,9,13,0.1916800516452546,0.14442806203761416,0.1233120656548486,0.1418805956283119,0.09471279916124821,0.2440790331597243,0.060139100532539916,0.034573698628708294,-0.14936623399847607
4,9,15,0.0,0.2951167049321831,0.0,0.0,0.2951167049321831,0.0,0.0,0.2951167049321831,0.2951167049321831
4,9,16,0.4320833220658362,0.06687850081481433,0.4320833220658362,1.4161961095540918,0.4644595955417149,0.4320833220658362,0.06687850081481433,0.4644595955417149,-0.9517365140123768
4,9,17,0.3252355748922719,0.18268405622599437,0.3252355748922719,0.3252355748922719,0.31837167111707776,0.3871504006368463,0.18268405622599437,0.2822200205965442,-0.06877872951976852
4,9,18,0.22506211194184012,0.11394664331734333,0.22506211194184012,0.22506211194184012,0.28001734322970456,0.22506211194184012,0.0,0.28001734322970456,0.05495523128786443
4,9,19,0.041135527670814825,0.4233894183453814,0.041135527670814825,0.10004426527345742,0.319224560044077,0.24008514348286025,0.10103940067430912,0.29168421199604494,0.25880864743620213
4,9,20,0.2103161313386262,0.0,0.06603899377669341,0.4376328384815265,0.0,0.5094003896725897,0.14427713756193278,0.23409712862420823,-0.22153089604104975
4,9,21,0.2489868565176807,0.3356192209757443,0.2489868565176807,0.584606077493425,0.0,0.584606077493425,0.0,0.0,-0.584606077493425
4,9,22,0.0,0.8777733471673314,0.0,0.8777733471673314,0.0,0.8777733471673314,0.0,0.0,-0.8777733471673314
4,9,28,0.02834015202109394,0.05677111630093588,0.03989301933454111,0.02834015202109394,0.038060102534804005,0.02834015202109394,0.038060102534804005,0.038060102534804005,-0.048884082586962904
4,9,29,0.0,0.136523200674562,0.0,0.0,0.6216095175807467,0.0,0.136523200674562,0.5398377576045821,0.6216095175807467
4,9,30,0.0,0.09662475944733417,0.0,0.09662475944733417,0.09662475944733417,0.25991359206691633,0.0,0.09662475944733417,-0.16328883261958216
4,9,31,0.0,0.0,0.22684462252394286,0.0,0.0,0.0,0.0,0.0,-0.22684462252394286
4,9,32,0.0,0.7330228915013745,0.0,0.0,0.7733887717480014,0.0,0.0,0.7081705078912681,0.7485363881378951
4,9,33,0.0,0.22056742581054556,0.0,0.25657155218206706,0.0,0.3358114098183293,0.0,0.1226390503154928,-0.21317235950283647
4,9,34,0.0,0.08247057241518488,0.0,0.01777007070295801,0.08247057241518488,0.0,0.03995022214579022,0.05664343999434935,0.08247057241518488
4,9,35,0.8323031044670861,0.0,0.6484759915525592,0.8323031044670861,0.0,0.8323031044670861,0.0,0.0,-1.0027983761316517
4,10,1,0.38784542228672836,0.2848971319066882,0.38784542228672836,0.38784542228672836,0.2848971319066882,0.6727425541934166,0.6727425541934166,0.2848971319066882,-0.10294829038004016
4,10,2,0.0,0.0,0.0,0.0,0.0,0.8837062130275156,0.0,0.0,-0.8837062130275156
4,10,3,0.0,0.2473593841851755,0.0,0.2473593841851755,0.2473593841851755,0.0,0.0,0.2473593841851755,0.2473593841851755
4,10,4,1.2264404161357652,0.0,1.2264404161357652,1.2264404161357652,0.0,1.2264404161357652,0.0,0.0,-1.2264404161357652
4,10,5,0.0,0.0,0.0,0.0,0.5841307116689625,0.0,0.0,0.5841307116689625,0.5841307116689625
4,10,7,0.0,0.12384361724832683,0.0,0.0,0.05471022676112473,0.2000999077580644,0.05471022676112473,0.11063008382067006,-0.21331344118572118
4,10,9,0.0,0.0,0.0,0.0,0.0,0.0,0.0,0.5293141728404351,0.5293141728404351
4,10,13,0.19276267737577715,0.3991136546542093,0.05095022183671847,0.372245827753647,0.30426939020448585,0.3369087728700505,0.02808477271019561,0.3991136546542093,0.06220488178415872
4,10,14,0.33289672621273914,0.1206268641987268,0.07157877492713766,0.05571638585200262,0.30517130771279,0.05571638585200262,0.05571638585200262,0.3194668003490408,0.12356308669018548
4,10,15,0.4912331561969032,0.0,0.4912331561969032,0.4912331561969032,0.0,0.4912331561969032,0.0,0.0,-0.4912331561969032
4,10,16,0.0,0.0,0.0,0.02738524204719408,0.02288737586911478,0.02738524204719408,0.0,0.0,-0.0044978661780792975
4,10,17,0.4052658409277143,0.0273046401349124,0.4052658409277143,0.4052658409277143,0.06366287151556331,0.4484521390793043,0.0704909382865024,0.0273046401349124,-0.38478926756374104
4,10,18,0.16618589310224471,0.10911916189180074,0.2960606974682001,0.16618589310224471,0.21374576576730087,0.2960606974682001,0.10911916189180074,0.21374576576730087,-0.08231493170089917
4,10,19,0.11948459361085746,0.1422810114858206,0.09817911664827855,0.0995609563622306,0.2997323638728258,0.06537217814000712,0.10259497325201818,0.2997323638728258,0.14796529506525546
4,10,21,0.0,0.0,0.0,0.18765627511959862,0.0,0.18765627511959862,0.10343013713400083,0.0,-0.18765627511959862
4,10,22,0.4266220065649119,0.5596510914980289,0.28307112513903276,0.6474785995873901,0.4406830583941371,0.28307112513903276,0.36337734679753814,0.3847176815357217,0.014061051829225188
4,10,23,0.0,0.3928142348318282,0.0,0.0,0.3928142348318282,0.0,0.3928142348318282,0.3928142348318282,0.3928142348318282
4,10,24,0.7972253653029584,0.0,0.0,0.7972253653029584,0.0,0.7972253653029584,0.0,0.0,-0.7972253653029584
4,10,25,0.0,0.0,0.0,0.0,0.7975729690802725,0.0,0.7975729690802725,0.0,0.7975729690802725
4,10,26,0.14897540391979214,0.0,0.08831091701983118,0.08831091701983118,0.0,0.14897540391979214,0.054203128455765325,0.0,-0.14897540391979214
4,10,27,0.0,0.0,0.0,0.0,0.2208783859593892,0.0,0.0,0.2208783859593892,0.2208783859593892
4,10,28,0.11664157900880719,0.1539370265641266,0.0,0.15354909970564615,0.12819719109621747,0.14253686118926256,0.11664157900880719,0.1539370265641266,-0.025507355321974935
4,10,30,0.20686586619243985,0.11457575808584623,0.1723304315679286,0.24311871042634436,0.5431529205729511,0.24311871042634436,0.08172838292471739,0.11457575808584623,0.30003421014660664
4,10,31,0.0,0.6594496728263642,0.0,0.5153320503857822,0.6594496728263642,0.0,0.09101546711637466,0.8995224209510214,0.8995224209510214
4,10,33,0.10179619813961295,0.5040729986825864,0.06041693199690745,0.34976026353114575,0.23174186603912064,0.04765524972930933,0.44622667488289625,0.1561662789396026,0.037008151057180985
4,10,35,0.0,0.914670146476341,0.0,0.0,0.914670146476341,0.7055866739094606,0.20908347256688034,0.20908347256688034,0.914670146476341
4,10,37,0.0,0.21422005586737236,0.0,0.0,0.21422005586737236,0.0,0.0,0.21422005586737236,0.21422005586737236
4,10,38,0.0790814322123021,0.7422296718163743,0.0,0.8070648243121337,0.7385360957623591,0.1511819323601859,0.037805498400703755,1.0083738189559992,0.7471870547564932
4,10,39,0.16327572538893348,0.10213569765983542,0.16327572538893348,0.24940374464917658,0.21778986983082357,0.21259431247876354,0.0,0.06952369789535313,-0.060130708137362376
4,10,40,0.0,0.0,0.0,0.33932095711653,0.0,0.33932095711653,0.0,0.0,-0.33932095711653
4,10,41,0.03658820433536355,0.0,0.0,0.5258287527329103,0.06743526886298391,0.5438036049939788,0.0,0.05165555588259409,-0.4805506056715077
4,10,42,0.020972833760798646,0.03410085842187145,0.0,0.018395107287929133,0.14082461789528633,0.043530794539070265,0.024637492152243697,0.22886492686666315,0.19416597235205357
4,10,43,0.0,0.0,0.0,0.0,0.0,0.0,0.0,7.435242565906303,-7.435242565906303
4,10,44,0.0,0.15754326277989283,0.0,0.0,0.3583858162882927,0.0,0.0,0.15754326277989283,0.3583858162882927
4,10,45,0.13699055734389462,0.591213091140401,0.0,0.446189787575364,1.0176121978900758,0.13699055734389462,0.575885936082973,0.44172626180710284,0.8806216405461813
4,10,47,0.13329724703831633,0.0,0.0,0.35607865155720875,0.0,0.13329724703831633,0.13329724703831633,0.22278140451889245,-0.13329724703831633
4,10,48,0.0884343812427297,0.31621661917316835,0.0,0.09107515353146013,0.31621661917316835,0.07532293300992227,0.04078712864385375,0.3811072806043748,0.28308758400414114
4,10,49,0.5534551246842391,0.0,0.0,0.0,0.0,0.0,0.0,0.0,-0.5534551246842391
4,11,1,0.14199639706071027,0.2254292459029959,0.14199639706071027,0.7790954207471463,0.2254292459029959,0.7790954207471463,0.2254292459029959,0.07021193177548903,-0.5536661748441505
4,11,2,0.42610953925157835,1.0239240050592149,0.42610953925157835,0.42610953925157835,1.0239240050592149,0.10496669689622569,1.1288907019554406,1.0239240050592149,0.49284776891141097
4,11,4,0.04356333424136365,0.04313244387967138,0.04356333424136365,0.04356333424136365,0.13891712102040732,0.08669577812103502,0.04313244387967138,0.04356333424136365,0.13891712102040732
4,11,5,4.1350388210103874,0.0,4.1350388210103874,0.0,0.0,0.0,0.0,0.0,-4.1350388210103874
4,11,7,0.0,0.0,0.0,0.0,1.3330466172435107,0.0,0.0,1.3330466172435107,1.3330466172435107
4,11,8,0.0,0.5093366214440888,0.0,0.5093366214440888,1.0604484152689848,0.0,0.0,0.0,1.0604484152689848
4,11,9,0.014529692888326782,0.16997119825657833,0.014529692888326782,0.3213060392522691,0.1252965705071549,0.13599974015680408,0.0,0.24954916594214466,0.09603199781493958
4,11,10,0.0,0.7226778018289088,0.0,0.0,0.7226778018289088,0.0,0.0,0.7226778018289088,0.7226778018289088
4,11,11,0.14117228063132192,0.12683194277555465,0.0,0.0593465356279105,0.04327585370058819,0.22132160775473814,0.020478480101184297,0.20480699081617343,-0.047486962147727144
4,11,12,0.11491701070046803,0.32657825524387507,0.18756019222669312,0.11491701070046803,0.48561069313463523,0.18756019222669312,0.0,0.673214766073805,0.630940936899562
4,11,13,0.0,0.4867755930574687,0.0,0.31632196740693924,0.4867755930574687,0.7656145628470337,0.0,0.4867755930574687,0.6197462210906238
4,11,14,0.49977791020848494,0.35047842700137755,0.40598631669625496,0.40598631669625496,0.35047842700137755,0.40598631669625496,0.0,0.40395521191117584,-0.09582269829730912
4,11,15,0.23724147555520445,0.23724147555520445,0.0,0.0,0.0,0.16093757386937557,0.0,0.0,-0.39817904942458004
4,11,16,0.0,0.07021193177548903,0.0,0.0,0.07021193177548903,0.0,0.07021193177548903,0.2600051122196526,0.2600051122196526
4,11,18,0.0,0.4765317564463991,0.21480856564752912,1.6935696296156555,0.6496109951431145,0.0,0.0,0.4765317564463991,-1.25876720012007
4,11,19,0.35713806577728624,0.0,0.35713806577728624,0.35713806577728624,0.0,0.35713806577728624,0.0,0.0,-0.35713806577728624
4,11,20,0.0,0.7021193177548902,0.0,0.0,0.7021193177548902,0.0,0.7021193177548902,0.7021193177548902,0.7021193177548902
4,11,21,0.0,0.09570108099022172,0.0,0.359711670660988,0.09570108099022172,0.2731061859601525,0.0,0.4554127516512098,0.18230656569105722
4,11,22,0.0,0.0,0.0,0.1866265264140915,0.0,0.1866265264140915,0.0,0.0,-0.1866265264140915
4,11,23,0.0,0.3720013749912322,0.12496205993119837,0.0,0.3097787668584743,0.0,0.3720013749912322,0.5865063292005938,0.2387893832378656
4,11,24,0.0,0.0,0.23515734490353618,0.3491319156415472,0.0,0.0,0.0,0.3491319156415472,0.11397457073801104
4,11,25,1.4635938860408257,0.772841257385186,0.0,1.6526563121334332,0.614354403035529,0.11558578275891108,0.614354403035529,0.8278687320186537,-0.8908237724345194
4,11,27,0.0,0.0,0.0,0.0,0.11735944273583274,0.0,0.0,0.11735944273583274,0.11735944273583274
4,11,28,0.1430847152158393,0.0,0.1430847152158393,0.5889413873146015,0.3367511250600753,0.1430847152158393,0.0,0.0,-0.2521902622545262
4,11,29,0.0,0.33493980176384464,0.0,0.0,0.24643324852011106,0.18894005441320624,0.18894005441320624,0.14321602819823517,0.11220266906140644
4,11,30,0.05560942511135992,0.7336749784164924,0.0,0.42787456653455386,0.8386234442423601,0.04137552874521714,0.057329114331115455,0.4914475036152045,0.7416384903857831
4,11,31,0.6971420576069579,0.3048559056173045,0.0,0.0,0.21428172148107186,0.6971420576069579,0.0,0.21428172148107186,-0.7877162417431908
4,11,34,0.0,0.5337747403038043,0.06857134992855325,0.0,0.5337747403038043,0.06857134992855325,0.0,0.04706610540502707,0.46520339037525105
4,11,35,0.11071268859242873,0.0,0.05952301096288104,0.2695117128412984,0.0,0.1799226639480647,0.0,0.04548453675594054,-0.22402717608535783
4,11,36,0.192467372581859,0.546092802698248,0.192467372581859,0.0,0.546092802698248,0.41986678758490276,0.9659595902831507,0.546092802698248,-0.06624135746851383
4,11,37,0.0,0.04547047503403961,0.0,0.04547047503403961,0.1177211442432613,0.0,0.0,0.1177211442432613,0.1177211442432613
4,11,38,0.1659912376784538,0.036155409907534956,0.20214664758598877,0.1659912376784538,0.193910869070024,0.1659912376784538,0.036155409907534956,0.193910869070024,0.027919631391570193
4,11,39,0.051872261774516815,0.21347595636039848,0.1366199233535456,0.24528499386176594,0.38894186729707975,0.24528499386176594,0.13597561698386648,0.3746823682606961,0.13336729880103487
4,11,40,0.0,0.06301070800364401,0.0,0.0,1.815166229202731,0.0,1.815166229202731,0.14287682077947736,1.8950323419785644
4,11,41,0.006765947187980455,0.2071230522045254,0.03911280927178242,0.07838115221172269,0.25330414696713427,0.3215663052479219,0.20850003975971487,0.26127914329082524,0.0113510066549517
4,11,42,0.1531361813889714,0.0,0.07726743793139276,0.16082418403888618,0.0,0.16082418403888618,0.0,0.0,-0.23669292749646478
4,11,43,0.5282944798762034,0.0,0.5282944798762034,0.5282944798762034,0.0,0.5282944798762034,0.0,0.0,-0.5282944798762034
4,11,44,0.0,0.0,0.0,0.0,0.0,0.41986678758490276,0.41986678758490276,0.4525153084698709,0.03264852088496817
4,11,45,0.08804967892703804,0.07446720036794291,0.08804967892703804,0.0,0.13470676017504904,0.0,0.07446720036794291,0.13470676017504904,0.04665708124801102
4,11,46,0.0,0.26642493033444253,0.0,0.0,0.3326884461222593,0.18451100992970534,0.26642493033444253,0.14817743619255397,0.3326884461222593
4,11,48,0.0,0.3160894345644286,0.0,0.0,0.3160894345644286,0.0,0.3160894345644286,0.0,0.3160894345644286
4,11,49,0.577402117745577,0.0,0.577402117745577,0.0,0.0,0.0,0.0,0.0,-0.577402117745577
4,11,50,0.09865813931132356,0.22292833604938112,0.09865813931132356,0.09865813931132356,0.32158647536070467,0.3512765303840515,0.2970224750349522,0.40620803152488283,0.15358964045215484
4,11,51,0.0,0.0,0.0,0.0,1.1359459849340015,0.0,0.0,1.1359459849340015,1.1359459849340015
4,12,1,0.10569925696882804,0.3265572784031211,0.02870564667741252,0.0,0.664056993065359,0.0,0.0892642117564961,0.6157586668411259,0.6431778200780198
4,12,2,0.08173297091588425,0.10186884990169355,0.20611019651704685,0.4005890647185044,0.5675344663816057,0.3188560938026202,0.22675432747764204,0.6694033162832992,0.16694540166310118
4,12,3,0.033850598960835164,0.09979128560801186,0.033850598960835164,0.033850598960835164,0.08386474411287866,0.033850598960835164,0.051403581904707424,0.09979128560801186,0.050014145152043485
4,12,4,0.0,0.16212130080104237,0.0,0.0,0.686770450823497,0.0,0.16212130080104237,0.5490512038557803,0.686770450823497
4,12,5,0.2456165780984516,0.3924662481174419,0.2456165780984516,0.2456165780984516,0.3924662481174419,0.0,0.2050737449790465,0.3924662481174419,0.14684967001899027
4,12,6,0.0,0.0,0.0,0.0,0.1104391929796946,0.0,0.0,0.24382389563410714,-0.02294550967471795
4,12,7,0.0,0.12324652073986736,0.13460153026149924,0.040684109240982806,0.040684109240982806,0.0,0.0,0.12324652073986736,-0.011355009521631869
4,12,8,0.1684405153859216,0.10030275967927003,0.0,0.0572413330009019,0.1510098715529272,0.3099585549289949,0.31623425043722003,0.1510098715529272,-0.32738919876198924
4,12,9,0.09020003467855874,0.11501939699347535,0.09020003467855874,0.09020003467855874,0.2265062905463561,0.08143532251106737,0.058507208080455834,0.11501939699347535,0.14507096803528874
4,12,11,0.0,0.06581790717283219,0.1544798468322405,0.277675843276266,0.06581790717283219,0.277675843276266,0.09297928604063574,0.4036629260142412,-0.2588095524838867
4,12,12,0.0,0.0,0.0,0.05065590703462317,0.05223464343915309,0.4169335958809588,0.0,0.36627768884633566,0.31404304540718253
4,12,13,0.0,0.0,0.0,0.0,0.0,0.17128247561755433,0.07266925169738703,0.09861322392016729,0.025943972222780262
4,12,14,0.0449639588326235,0.09423927617928246,0.0449639588326235,0.22493948737075498,0.2006980119141301,0.08667798965340014,0.1809172658326826,0.34347487311459796,0.11853538574384297
4,12,15,0.0,0.0,0.0,0.0,0.3226816210141822,0.5937786458979547,0.0,0.3226816210141822,-0.2710970248837725
4,12,17,0.19288147614529785,0.8804819284678737,0.0,0.7598474161864973,0.8968770769164114,0.05163388965541708,0.32732727848186105,1.0749719080094173,0.8668697966459065
4,12,18,0.27524465026527295,0.0,0.9201752518009442,0.1701652174485108,0.04009178104752512,0.27524465026527295,0.0,0.1106504484384712,-0.9146042361792351
4,12,19,0.1842124335738387,0.17432072633990067,0.35853315991373935,0.1842124335738387,0.17432072633990067,0.1842124335738387,0.17432072633990067,0.17432072633990067,-0.009891707233938035
4,12,20,0.0,0.0,0.0,0.0,0.0,0.0,0.0,1.6556056189089052,1.6556056189089052
4,12,22,0.11296161727566259,0.3253728249038057,0.11296161727566259,0.36734207924453727,0.1727720063286845,0.11296161727566259,0.1727720063286845,0.1727720063286845,-0.19457007291585277
4,12,23,0.3650127666266475,0.0,0.3650127666266475,0.0,0.0,0.0,0.0,0.0,-0.3650127666266475
4,12,24,0.41306903143923906,0.2087807247531769,0.0,0.4603992133586412,0.1911324809443868,0.41306903143923906,0.1911324809443868,0.645680661852372,-0.2277875829455082
4,12,25,0.14866023973378026,0.2334014876407348,0.09628086289660547,0.09117358238663285,0.015169244519395777,0.08541029587963422,0.07112266663144616,0.2795108434617634,0.03435982098423034
4,12,26,0.3269033556760233,0.0,0.13252997058999624,0.13252997058999624,0.0,0.13252997058999624,0.0,0.0,-0.3269033556760233
4,12,27,0.05641766493472527,0.32996530101565374,0.05641766493472527,0.1668459614459643,0.4435847740801878,0.13985519940710053,0.05641766493472527,0.32996530101565374,0.30372957467308725
4,12,28,0.01583880751677905,0.12556560829391883,0.01583880751677905,0.0,0.1424710088837999,0.0,0.018086553645055212,0.1424710088837999,0.12663220136702083
4,12,29,0.0,0.10242387201911526,0.0,0.10242387201911526,0.20484774403823053,0.0,0.20484774403823053,0.20484774403823053,0.20484774403823053
4,12,30,0.109389931739163,0.0,0.13750619853273222,0.109389931739163,0.126767779684143,0.33155894881409304,0.06694899028728561,0.15902140215130645,-0.334551794030927
4,12,31,0.22278107508761238,0.07226229672359878,0.06714615735926942,0.0,0.0,0.06714615735926942,0.15051877836401362,0.07226229672359878,0.0051161393643293545
4,12,32,1.7044381570063134,1.2400054300245122,1.7044381570063134,1.7044381570063134,1.2400054300245122,0.0,0.0,1.5310265994523216,-0.7554538964096104
4,12,33,0.0,0.0,0.0,0.0,0.0,0.0,0.0,0.5068618700867678,-0.5068618700867678
4,12,35,0.07004540371258822,0.0,0.14361528121168163,0.07004540371258822,0.0,0.0,0.0,0.0,-0.14361528121168163
4,12,36,0.04188586878387154,0.2216341940850662,0.0,0.2642237740076078,0.2216341940850662,0.04188586878387154,0.23131180971982634,0.27925466392754017,0.0472391430690437
4,12,37,0.5551872124697497,0.0,0.5551872124697497,0.0,0.0,0.0,0.0,0.0,-0.5551872124697497
4,12,38,0.0,0.6360374996132536,0.0,0.0,0.6360374996132536,0.0,0.6360374996132536,0.6360374996132536,0.6360374996132536
4,12,39,0.0,0.13788380348019555,0.07409461516454713,0.04577215215177448,0.03297959687511635,0.0,0.03297959687511635,0.09211165132842107,0.005224480887215804
4,13,1,0.0,1.1567731659401075,0.0,0.0,1.1567731659401075,0.0,0.8024859002188182,1.1567731659401075,1.1567731659401075
4,13,3,0.1966518595836613,0.4951360090839568,0.0,0.26701361913413196,0.2800886471315844,0.01839550236871108,0.0,0.33310404520169795,0.3147085428329869
4,13,4,0.02652870892446772,0.0792846992591121,0.02652870892446772,0.07110872333967166,0.034704684843908165,0.07110872333967166,0.04033442584661444,0.034704684843908165,0.008175975919440442
4,13,5,0.0,0.0,0.05084813792219888,0.0,0.04992690469082009,0.0,0.04992690469082009,0.05113167327343174,0.050210440042052946
4,13,6,0.19095072250553904,0.0,0.11268560568214364,0.11268560568214364,0.12301409843603194,0.11268560568214364,0.0,0.12301409843603194,-0.06793662406950714
4,13,8,0.5076681793420789,0.5076681793420789,0.0,0.5076681793420789,0.5076681793420789,0.0,0.0,0.5076681793420789,0.5076681793420789
4,13,9,0.33508695027097224,0.15674336987627013,0.0,0.0,0.15674336987627013,0.0,0.0,0.0,-0.1783435803947021
4,13,10,0.1689827855887796,0.2430984460858083,0.0,0.1689827855887796,0.1689827855887796,0.1689827855887796,0.0,0.4120812316745879,0.2430984460858083
4,13,14,0.0,0.0,0.0,0.09478029948037532,0.0,0.09478029948037532,0.0,0.0,-0.09478029948037532
4,13,15,0.0,0.04616600518459641,0.5621534761656519,0.3943963615317715,0.02765011640188825,0.6019483087495575,0.0,0.02665944940766327,-0.13253484850443398
4,13,16,0.6642761315545725,0.0,0.0,0.0,0.31813452458069547,0.6642761315545725,0.0,0.0,-0.3461416069738771
4,13,20,0.6271742885054634,0.0,0.4562543235294484,0.6271742885054634,0.0,0.4562543235294484,0.0,0.0,-0.6271742885054634
4,13,21,0.0,0.28467412960583105,0.0,0.0,0.28467412960583105,0.28467412960583105,0.28467412960583105,0.0,0.28467412960583105
4,13,22,0.0,0.19875140602716102,0.0,0.19875140602716102,0.0,0.19875140602716102,0.0,0.0,-0.19875140602716102
4,13,23,0.0872659797943087,0.07445808694474985,0.32619627813963875,0.0872659797943087,0.07445808694474985,0.0872659797943087,0.0,0.1330843597382404,-0.19311191840139835
4,13,24,1.0550495222739644,0.0,1.0550495222739644,1.0550495222739644,0.0,1.0550495222739644,0.0,0.0,-1.0550495222739644
4,13,26,0.1062177509415186,0.5478425772737555,0.1062177509415186,0.0,0.27347226221818144,0.11642408565593161,0.21740970263625212,0.05606255958192931,-0.22353988943484282
4,13,28,0.10510443230936153,0.29815203543221896,0.0,0.0,0.29815203543221896,0.0,0.29815203543221896,0.29815203543221896,0.29815203543221896
4,13,30,0.0,0.0,0.0,1.2754243752104808,0.0,1.2754243752104808,0.0,0.0,-1.2754243752104808
4,13,31,0.0,0.0,0.10960410321293508,0.0,0.0,0.0,0.0,0.08446967443412781,-0.02513442877880727
4,13,32,0.276578255243875,0.0,0.0,0.0,0.30474725869914127,0.0,0.37079925722780543,0.3094363736707594,0.3424877388281701
4,13,33,0.0,0.0,0.0,0.0,0.484592353008348,0.0,0.0,0.0,0.484592353008348
4,13,34,0.0,3.2176212829531514,0.8669053207382879,0.0,3.2176212829531514,0.0,0.8669053207382879,3.2176212829531514,2.3507159622148635
4,13,35,0.05832078950440359,0.2939574511171742,0.0,0.05832078950440359,0.2939574511171742,0.05832078950440359,0.30664930609981744,0.9078755304829265,0.8951836755002832
4,13,36,0.032655371579406976,0.03790457554421033,0.016455152272628202,0.032655371579406976,0.03790457554421033,0.0496397852782998,0.0411880716215671,0.056346515853878766,0.0067067305755789675
4,13,37,0.020107144199609038,0.013887888252862537,0.005728195612555328,0.01437894858705371,0.02069048258559498,0.0,0.003250552397013381,0.030392103796337673,0.015113418276279995
4,13,39,0.0,0.0,0.0,0.0,0.5330515883091829,0.0,0.0,0.18854804519577953,0.7215996335049624
4,13,41,0.0,0.48866624590698304,0.0,0.0,0.48866624590698304,0.0,0.48866624590698304,0.1023924005059215,0.48866624590698304
4,13,42,0.0,0.0459261270379449,0.5650025229817507,0.0,0.2279516568408169,0.5650025229817507,0.0,0.2279516568408169,0.7929541798225676
4,13,43,0.3496190166076697,0.11528895625045311,0.0,0.0,0.11528895625045311,0.0,0.0,0.11528895625045311,-0.2343300603572166
4,13,44,0.16315599035618147,0.565057617962406,0.07889756685101022,0.16315599035618147,0.6426573582799704,0.14268523129440727,0.1992651905008051,0.4820959188319325,0.47950136792378895
4,13,45,0.0,0.07531376356032533,0.0,0.0,0.11644972917081564,0.0,0.04103850758153821,0.041135965610490315,0.11644972917081564
4,13,46,0.0,0.0,0.3966424313995064,0.0,0.0,0.21187594611815652,0.0,0.0,0.02710946083680668
4,13,47,0.11437835280724637,0.11437835280724637,0.0,0.0,0.257936598028341,0.0,0.11437835280724637,0.257936598028341,0.257936598028341
4,13,49,0.0,0.18796740304067697,0.0,0.0,0.11144218020434765,0.0,0.18796740304067697,0.11144218020434765,-0.07652522283632932
4,13,50,0.0,0.0,0.0,0.0,1.183165943718668,0.0,0.0,1.183165943718668,1.183165943718668
4,13,51,0.3019579203281279,0.19053494101081533,0.0,0.3019579203281279,0.0,0.0,0.0,0.39585243059863645,-0.09664043074030682
4,14,1,0.0,1.1981135878402518,0.0,0.0,0.0,0.0,0.0,0.0,0.0
4,14,3,0.0,0.7902235864110715,0.0,0.0,0.7902235864110715,0.826138062878478,0.7902235864110715,0.7902235864110715,-0.03591447646740653
4,14,5,0.0,0.2586755381202227,0.0,0.0,0.2586755381202227,0.0,0.2586755381202227,0.2586755381202227,0.2586755381202227
4,14,6,0.18956335418067694,0.18956335418067694,0.18956335418067694,0.18956335418067694,0.18956335418067694,0.18956335418067694,0.18956335418067694,0.18956335418067694,0.0
4,14,7,0.0,0.21445752481856367,0.0,0.36738591453394553,0.0,0.0,0.15292838971538184,0.0,-0.15292838971538184
4,14,8,0.0,1.228708806071058,0.903975056842974,0.0,1.228708806071058,0.0,1.228708806071058,1.228708806071058,0.324733749228084
4,14,9,0.2787986953353605,0.18235640919566745,0.1183207733328719,0.26349758265496304,0.11407374895325857,0.18182357398472337,0.10431656285682755,0.09792693865881408,-0.06674734208385658
4,14,10,0.02787716125768012,0.12678857841465285,0.0,0.0,0.12678857841465285,0.0,0.12678857841465285,0.09545810488466133,0.12678857841465285
4,14,11,0.07478584606627647,0.12807268472500355,0.10808889026519461,0.11086603575613244,0.12807268472500355,0.053286838658727076,0.12807268472500355,0.12807268472500355,0.07756299155721429
4,14,13,0.0,0.0,0.0,0.0,0.3900186710123431,0.0,0.0,0.3900186710123431,0.3900186710123431
4,14,14,0.0,0.0,0.0,0.0,1.5906726229034773,0.0,0.0,0.0,1.5906726229034773
4,14,15,0.0,0.07274610792786716,0.0,0.0,0.6863434595554332,0.0,0.07274610792786716,0.5449503375195686,0.6863434595554332
4,14,16,0.0,0.1688842605709795,0.0,0.0,0.1688842605709795,0.0,0.0,0.25520186783916415,0.25520186783916415
4,14,17,1.0003659800243085,0.0,0.9464138599532297,0.8979866247652133,0.0,0.8979866247652133,0.0,0.0,-1.0487932152123252
4,14,19,0.02521839808833012,0.05650566502742834,0.0,0.03715659230576137,0.05650566502742834,0.08453628991860897,0.030473591421036367,0.021426293106010852,-0.028030624891180623
4,14,20,0.13064380600785397,0.0,0.043681904652224685,0.043681904652224685,0.06842432824777948,0.043681904652224685,0.0,0.06842432824777948,-0.06221947776007448
4,14,21,0.0,0.0,0.0,1.0565961471244565,0.0,0.0,0.0,0.0,-1.0565961471244565
4,14,23,0.0,0.3276556816189488,0.0,0.0,0.7336668020986031,0.0,0.3276556816189488,0.3276556816189488,0.7336668020986031
4,14,24,0.0,0.42944879549892107,0.0,0.0,0.42944879549892107,0.0,0.0,0.0,0.42944879549892107
4,14,25,0.0,0.5206544149143594,0.0,0.0,0.7674921084025829,0.0,0.5206544149143594,0.7610217444023678,0.7949798846574063
4,14,26,0.0,0.0,0.0,0.0,0.8299161510800751,0.0,0.0,0.0,0.8299161510800751
4,14,27,1.9018422521958844,0.38094019488539194,0.0,0.38094019488539194,0.0,0.38094019488539194,1.9018422521958844,0.0,-2.2827824470812765
4,14,28,0.0065550619861220434,0.33184021214182347,0.0,0.09402792507940194,1.2549477832312408,0.7551102327901079,0.11152271420543265,0.38922087702991354,1.283030489999952
4,14,29,0.04521934878426019,0.27323236498551245,0.2045481911870273,0.0,0.27323236498551245,0.0,0.18174254945882218,0.27323236498551245,0.06868417379848517
4,14,30,0.0,0.0,1.3141166408993152,0.0,0.0,0.0,0.0,0.0,-1.3141166408993152
4,14,31,0.12023634642754966,0.10203254351840647,0.0,0.0,0.04801066661044909,0.0,0.04801066661044909,0.10203254351840647,0.02980686370130592
4,14,32,0.2905639404592255,0.0,0.2905639404592255,0.2905639404592255,0.27925113534178786,0.2905639404592255,0.2905639404592255,0.27925113534178786,-0.011312805117437652
4,14,33,0.09229266311851195,0.0,0.0,0.09229266311851195,0.0,0.0,0.0,0.0,-0.09229266311851195
4,14,34,0.48116843145464755,0.06863815446906281,0.48116843145464755,0.0,0.06863815446906281,0.0,0.027304640134912402,0.06863815446906281,-0.41253027698558475
4,14,35,0.0,0.895248449348179,0.0,0.15856370781100995,0.895248449348179,0.0,0.3862738454010615,0.15856370781100995,0.895248449348179
4,14,36,0.8510100161350002,0.0,0.0,0.8510100161350002,0.0,0.0,0.0,0.0,-0.8510100161350002
4,14,38,0.0,0.0,0.0,0.0,0.0,0.0,0.0,0.22281684439246127,0.22281684439246127
4,14,39,0.0,0.35366670044111453,0.08017784071966945,0.1527548481213003,0.3879409327451577,0.1527548481213003,0.22295256463980992,0.3879409327451577,0.15500824390418794
4,14,41,0.14746876913906004,0.9659691494697804,0.12777797823926113,0.7024095749678771,0.5856644721248608,0.12777797823926113,0.5856644721248608,0.5229997499159376,0.6313606287970236
4,14,42,0.10665871187399181,0.0136523200674562,0.0413069031439239,0.0,0.0136523200674562,0.0,0.0136523200674562,0.034497217060697284,-0.07216149481329452
4,14,43,0.0,0.8834263720899124,0.0,0.8834263720899124,0.8834263720899124,0.0,0.0,0.8834263720899124,0.8834263720899124
4,14,44,0.10616143918886604,0.01959787964682672,0.04608753560489736,0.08141563414262704,0.0,0.08141563414262704,0.0,0.027439138831764864,-0.15319845766745763
4,14,45,0.0,0.1767683020790264,0.0,0.0,0.1767683020790264,0.0,0.1767683020790264,0.061435440303552906,0.1767683020790264
4,14,46,0.14997146749766338,0.0,0.0,0.0,0.2976542955174657,0.38512881240119956,0.0,0.2976542955174657,-0.0874745168837339
4,14,47,0.0,0.07496699651604868,0.0,0.0,0.10651808834854648,0.0,0.04190018504872835,0.20098091164660054,0.20098091164660054
4,14,48,0.0,0.6200027150122561,0.0,0.0,0.6200027150122561,0.0,0.0,0.9611010294471103,0.9611010294471103
4,14,51,0.0,0.11766540766125051,0.0,0.0,0.11766540766125051,0.10012317263994781,0.046807954516992684,0.11766540766125051,0.01754223502130271
4,14,52,1.0512408221231033,0.4464225822216078,0.5997276342385784,0.6135102942814825,0.4652019028938928,0.860145639497703,0.4652019028938928,0.45151318788452494,-0.4087263966467143
4,14,54,0.14199054575820655,0.0,0.0,0.14199054575820655,0.15527741990316793,0.0,0.0,0.15527741990316793,0.15527741990316793
4,14,56,0.0,1.153181337275881,0.0,0.0,1.153181337275881,0.0,0.0,1.153181337275881,1.153181337275881
4,14,57,0.0,0.06631238322698046,0.0,0.027161378867803555,0.6546020538445885,0.19227283756814276,0.08682946046412031,0.4613508319147579,0.6403123094837606
4,14,59,0.0,0.5742064859413303,0.0,0.0,0.5742064859413303,0.0,0.5742064859413303,0.5742064859413303,0.5742064859413303
4,14,61,0.12202857545693348,0.0,0.12202857545693348,0.3529537410736513,0.0,0.23092516561671783,0.0,0.0,-0.3529537410736513
4,14,62,0.7034851411993346,0.23466229675472475,0.6224671412942018,0.6224671412942018,0.3749318294197545,0.6224671412942018,0.08101799990513285,0.268886987892856,-0.24753531187444733
4,14,63,0.0,0.7021193177548902,0.0,0.0,0.7021193177548902,0.0,0.7021193177548902,0.7021193177548902,0.7021193177548902
4,14,64,0.07606278383544696,1.6742448416213882,0.20422647856528445,0.24754014718956346,1.6280780541030055,0.08669053207382879,0.2457417612142116,1.7810417023713199,1.4567689914170638
4,14,65,0.11108721810362589,0.0,0.0,0.11108721810362589,0.0,0.11108721810362589,0.11108721810362589,0.11777625247991297,0.006689034376287081
4,14,66,0.0,0.9001253168581562,0.0,0.0,0.9001253168581562,0.0,0.11170080055191436,0.11170080055191436,0.9001253168581562
4,14,67,0.0,0.09735511861149375,0.0,0.0,0.16805167962942608,0.0,0.0,0.09735511861149375,0.16805167962942608
4,14,68,0.0,0.12347554459250637,0.0,0.12347554459250637,0.28952854319378835,0.14162004811750897,0.14790849507627937,0.14790849507627937,0.28952854319378835
4,14,69,0.0,0.36167560937730936,0.0,0.0,0.36167560937730936,0.0,0.1957522111163626,0.1957522111163626,0.36167560937730936
4,14,70,0.36087632359098565,0.06176412006711708,0.36087632359098565,0.0,0.18527801240493905,0.06254304095435803,0.09126299219055925,0.16281103697145927,-0.16581438647226368
4,14,71,0.0,0.0,0.0,0.0,0.18327300344618808,0.18327300344618808,0.0,0.0,0.18327300344618808
4,14,72,0.0,0.0,0.0,0.0,2.6126260419510006,0.0,0.0,2.6126260419510006,2.6126260419510006
4,14,73,0.0,0.0,0.0,0.0,0.0,1.6771883682925002,0.0,0.0,-1.6771883682925002
4,14,74,0.0,0.42148323456871406,0.0,0.5362702138255252,0.42148323456871406,0.0,0.5362702138255252,0.42148323456871406,-0.11478697925681114
4,14,75,0.0,0.0,0.2140993555680728,0.0,0.2706716481866171,0.0,0.2706716481866171,0.2706716481866171,0.056572292618544295
4,14,77,0.0,0.7537894526541269,0.0,0.0,1.1163325381203453,0.0,0.6921531720127513,0.6921531720127513,1.0546962574789698
4,14,78,0.0,0.1328333844401144,0.0,0.0,0.1328333844401144,0.0,0.1328333844401144,0.1328333844401144,0.1328333844401144
4,14,79,0.0,0.0,0.0,2.9676212829531514,0.0,0.0,0.0,2.9676212829531514,2.9676212829531514
4,14,80,0.0,0.19403299864536713,0.0,0.4707605609874867,0.16902370624552399,0.0,0.27672756234211954,0.16902370624552399,-0.10770385609659554
4,14,81,0.0,0.0,0.0,0.0,0.0855300682206266,0.0,0.0,0.0855300682206266,0.0855300682206266
4,14,82,0.0,0.35511453297965306,0.0,0.2576660251928911,0.2576660251928911,0.0,0.0,0.4286847576616804,0.4286847576616804
4,14,83,0.0,0.409569602023686,0.0,0.0,0.409569602023686,0.0,0.409569602023686,0.409569602023686,0.409569602023686
4,14,85,0.0,1.0950944285222488,0.0,0.0,1.0950944285222488,0.0,0.0,0.0,1.0950944285222488
4,14,86,0.3662600305679331,0.0,0.3662600305679331,0.5155364480016577,0.0,0.5155364480016577,0.0,0.0,-0.5155364480016577
4,14,87,0.0,0.02996850746514776,0.0,0.0,0.02996850746514776,0.0,0.02996850746514776,0.12673975826888317,0.12673975826888317
4,14,88,0.035207446203998606,0.4141561580937383,0.035207446203998606,0.0,0.03994345940022013,0.0,0.0,0.45409961749395844,0.4188921712899598
4,14,89,0.0,0.06079863710437667,0.0,0.06079863710437667,0.10113383973114945,0.0,0.0,0.23323109636351044,0.23323109636351044
4,14,90,0.13988557946748864,0.0,0.0,0.13988557946748864,0.0,0.13988557946748864,0.0,0.0,-0.13988557946748864
4,14,91,0.0,0.2586755381202227,0.0,0.0,0.2586755381202227,0.0,0.2586755381202227,0.2586755381202227,0.2586755381202227
4,14,92,0.37061353715629286,0.1950082957316103,0.0,0.37061353715629286,0.0,0.0,0.0,0.2441181448094639,0.26352119911639166
4,14,93,0.04439729561773766,0.06726144087728682,0.0,0.04439729561773766,0.06726144087728682,0.0,0.021276342962269407,0.06726144087728682,0.022864145259549152
4,14,94,0.0,1.5356903288864312,0.0,1.5356903288864312,0.0,0.0,1.5356903288864312,0.0,-1.5356903288864312
4,14,96,0.0,1.540843240021889,0.0,0.7729980755786734,1.540843240021889,0.0,0.7678451644432156,0.7729980755786734,1.540843240021889
4,14,97,0.0,0.0,0.0,0.0,0.3136890998344601,0.0,0.0,0.3136890998344601,0.3136890998344601
4,14,98,0.0,0.20090933036401593,0.0,0.09260665844437978,0.10830267191963615,0.10830267191963615,0.0,0.10830267191963615,0.0
4,14,99,0.16976376580750957,0.0,0.16976376580750957,0.16976376580750957,0.4794798653147838,0.16976376580750957,0.0,0.0,0.30971609950727425
4,14,100,0.18832981218741154,0.07578877101337346,0.40522676037856376,0.20513411817825228,0.1517390394787278,0.18832981218741154,0.20168534268818392,0.10611010495696742,-0.253487720899836
4,14,101,0.0,0.0,0.23338948723253833,0.0,0.32853074746092686,0.0,0.0,0.32853074746092686,0.09514126022838854
4,14,102,0.05403992517675896,0.011821440603839835,0.022444806404017782,0.04462609959791559,0.08638361746368052,0.07037774576686696,0.018551368947036365,0.019946489419958528,0.026784692562378625
4,14,103,0.0,0.3201232863705901,0.0,0.0,0.3201232863705901,0.0,0.0,0.3201232863705901,0.3201232863705901
5,1,1,0.19675459118980224,0.0,0.19675459118980224,0.19675459118980224,0.3586927409073077,0.19675459118980224,0.19675459118980224,0.0,0.16193814971750545
5,1,2,0.1608417361300667,0.42286042355566894,0.27851254338961356,0.43935427951968026,0.42286042355566894,0.43935427951968026,0.27851254338961356,0.27851254338961356,-0.016493855964011334
5,1,3,0.20496728051846153,0.0,0.42659323611087774,0.42659323611087774,0.15124295884875752,0.20496728051846153,0.0,0.5858874379084544,0.1592942017975767
5,1,4,0.2817544205642236,0.0,0.0,0.0,0.0,0.2934798647118278,0.0,0.0,-0.5752342852760515
5,1,5,0.12592293836147345,0.25909416612748365,0.2651792100562802,0.2651792100562802,0.25909416612748365,0.2651792100562802,0.38501710448895715,0.25909416612748365,-0.00608504392879657
5,1,6,0.0,0.8165019780430305,0.0,0.0,0.045447789225813634,0.0,0.0,0.511896776295477,-0.25915741252173985
5,1,7,0.6531565104877501,0.0,0.6531565104877501,0.9157438818546139,0.0,0.9157438818546139,0.6531565104877501,0.0,-0.9157438818546139
5,1,8,0.07509239195946761,0.03540413687156104,0.03540413687156104,0.03540413687156104,0.03540413687156104,0.10177113431272304,0.03540413687156104,0.06886340850482411,-0.0715892631406966
5,1,10,0.12209256294877854,0.11617566509228598,0.0,0.20051127480540248,0.11617566509228598,0.2024068769489099,0.0,0.11617566509228598,-0.20832377480540248
5,1,12,0.0,0.07688857451698233,0.7364019480989339,0.0,0.07688857451698233,0.7364019480989339,0.07688857451698233,0.24059493826927592,-0.41891843531267564
5,1,16,0.0,0.0,0.0,0.0,0.3141231788748384,0.0,0.0,0.0,0.3141231788748384
5,1,17,0.0,0.0,1.1250150515286501,0.0,0.0,0.0,0.0,0.0,-1.1250150515286501
5,1,18,0.0,0.0,0.0,0.0,0.1674392234635239,0.0,0.0,0.0,0.1674392234635239
5,1,19,0.0,0.3276556816189488,0.0,0.0,0.3276556816189488,0.0,0.3276556816189488,0.3276556816189488,0.3276556816189488
5,1,20,0.0,0.6302187499675125,0.0,0.0,0.579783030288179,0.3866461075876482,0.579783030288179,0.6067560061215191,0.7494572091427164
5,1,22,0.0,0.618036310951757,0.16319094339235168,0.16319094339235168,0.9037452729265196,0.4086648914555504,0.44889990536711416,0.44889990536711416,0.4950803814709691
5,1,23,0.17010043851572546,0.0,0.0,0.17010043851572546,0.10756054033806071,0.17010043851572546,0.0,0.10756054033806071,-0.06253989817766474
5,1,24,0.19607120370195694,0.0,0.15422633018457196,0.0,0.0,0.15422633018457196,0.0,0.0,-0.3502975338865289
5,1,26,0.14809637045365384,0.14809637045365384,0.14809637045365384,0.14809637045365384,0.24751340938512117,0.14809637045365384,0.14809637045365384,0.14809637045365384,0.09941703893146733
5,1,27,0.05752444400919826,0.06443769085452107,0.05752444400919826,0.13250868670835322,0.06443769085452107,0.11566963198781137,0.13942193355367602,0.09496388105450085,-0.03125230277794443
5,1,28,0.0,0.0,0.0,0.8301826870263586,0.0,0.9447002720660312,0.9447002720660312,0.0,-1.7748829590923898
5,1,29,0.0,0.0,0.29156007762904057,0.0,0.0,0.15870485131812606,0.0,0.0,-0.29156007762904057
5,1,30,0.0,0.24408661596613862,0.0,0.22564802890079944,0.8136140598433771,0.07104841378506473,0.0,0.8136140598433771,0.7425656460583123
5,1,31,0.0,0.0571492467940027,0.0,0.0,0.1443055921482548,0.0,0.0571492467940027,0.0571492467940027,0.1443055921482548
5,1,33,0.4883702517951141,0.0,0.0,0.4883702517951141,0.500006689568289,0.0,0.0,0.15398076049233658,0.16561719826551138
5,1,34,0.3457228190548438,0.15589222446339437,1.2757857714030094,0.0,0.0,0.0,0.0,0.0,-1.4316779958664039
5,1,35,0.0,0.0,0.0,0.9299646866918216,0.0,0.543169470211106,0.0,0.10486655005343219,-0.8663253253724855
5,1,38,0.0,0.04850824966134178,0.2241075147827118,0.10701105031319325,0.09321599194472538,0.15761914922514325,0.05366682936011739,0.045072123273472,-0.1706339161959209
5,1,39,0.0,0.21482404229735277,0.0,0.0,0.34207785212963093,0.0,0.21482404229735277,0.0,0.34207785212963093
5,1,40,1.082628970772957,0.7729980755786734,1.082628970772957,0.7729980755786734,0.7729980755786734,0.0,0.0,0.7729980755786734,-0.30963089519428366
5,1,41,0.5282980735622282,0.11170080055191436,0.0,0.2166053438392723,0.11170080055191436,0.6182899861245067,0.11170080055191436,0.32830614439118666,-0.8182819152955483
5,1,42,0.0,0.0,0.0,0.0,0.0,0.8837062130275156,0.0,0.0,-0.8837062130275156
5,1,43,0.0,0.0,0.0,0.0,0.3588971661809452,0.0,0.0,0.3588971661809452,0.3588971661809452
5,1,44,0.0,0.28399279412142053,0.0,0.0,0.0,0.0,0.0,0.28399279412142053,0.28399279412142053
5,1,45,0.22433010530915162,0.9087691437145403,0.0932519676527724,0.1666397662298588,0.9087691437145403,0.36030914733166824,0.9087691437145403,0.9087691437145403,0.39751768965080686
5,1,46,0.0,0.3245170620383125,0.0,0.0,0.3245170620383125,0.0,0.0,0.3245170620383125,0.3245170620383125
5,1,47,0.23956300809367198,0.3843824917213777,0.3704667378963866,0.5214547243334411,0.37989506634898446,0.39763371183370705,0.5301920991998641,0.18836159839490255,-0.09109302015227472
5,1,48,0.0,0.081657831861778,0.14625622179870773,0.1109035271444639,0.1109035271444639,0.0,0.1109035271444639,0.0,-0.11701052651602183
5,1,49,0.0,0.1779806860614556,0.0,0.19198949296526216,0.1307221623746841,0.1301100217067423,0.045752118774695066,0.25292734413708506,0.12067548121315204
5,1,50,0.0,0.5283465853710769,0.0,0.0,0.5283465853710769,0.17178611269317393,0.5283465853710769,0.0,0.5283465853710769
5,1,51,0.0,0.24800108600490248,0.0,0.0,1.2146379260270324,0.31156410585851974,0.0,0.9030738201685127,1.2146379260270324
5,1,52,0.0,0.0,0.20685089188625513,0.20685089188625513,0.0,0.15685089188625512,0.0,0.0,-0.3637017837725103
5,1,53,0.0,0.5827468076578426,0.0,0.0,0.5827468076578426,0.0,0.5827468076578426,0.0,0.5827468076578426
5,1,55,0.11990389022032934,1.1715944174258561,0.11990389022032934,0.11990389022032934,1.1715944174258561,0.1817911313172643,1.1654874007055442,0.620806392906498,0.989803286108592
5,1,56,0.0,0.6590449244312772,0.0,0.0,0.6590449244312772,0.0,0.6590449244312772,0.0,0.6590449244312772
5,1,57,0.561096299550584,0.5537229082226748,0.0,0.561096299550584,0.5537229082226748,0.0,0.2913734038289213,0.26234950439375354,-0.007373391327909262
5,1,58,0.07469605695530422,0.03276556816189488,0.10759767406134624,0.07469605695530422,0.05642888703626824,0.10759767406134624,0.03276556816189488,0.05642888703626824,-0.051168787025078
5,1,60,0.0,0.06437913708102437,0.05982112201098549,0.0,0.11571008069029964,0.05982112201098549,0.0,0.11571008069029964,0.05588895867931417
5,1,62,0.0,0.0,0.0,0.0,0.32176987312774397,0.0,0.0,0.32176987312774397,0.32176987312774397
5,1,63,0.0,0.14886478458580113,0.0,0.0,0.14886478458580113,0.0,0.0,0.14886478458580113,0.14886478458580113
5,1,65,0.0,0.3241312614477444,0.0,0.0,0.0,0.0,0.0,0.3241312614477444,0.3241312614477444
5,1,66,0.11592109617563191,0.11592109617563191,0.04432519111848324,0.16024628729411514,0.13945658107192055,0.06818870506418769,0.0,0.1760843499565541,0.10019822265851674
5,1,68,0.0,0.456557120454331,0.0,0.0,0.456557120454331,0.2325542665861883,0.456557120454331,0.456557120454331,0.2240028538681427
5,1,70,0.0,0.0,0.26088570406688777,0.0,0.16370747931060656,1.1904602192576208,0.0,0.16370747931060656,-1.2876384440139022
5,1,71,0.10132146387983786,0.0,0.16361461465372473,0.10132146387983786,0.4969763684086257,0.4607189713710879,0.0,0.4969763684086257,-0.026035753736349074
5,1,72,0.0,0.23032662591435096,0.23872872436275433,0.5685112231017571,0.1865039353055448,0.7347180024479311,0.1865039353055448,0.2731858205310919,-0.4615321819168391
5,1,73,0.10259669133108988,0.08197862292142502,0.03112335706471009,0.10259669133108988,0.13730636632676335,0.10259669133108988,0.08197862292142502,0.13182693348894206,0.08455798556319048
5,1,74,0.0,0.0,0.36321590763112543,0.0,0.0,0.36321590763112543,0.0,0.0,0.36321590763112543
5,1,76,0.0,0.0,0.0,0.0,1.1046327662843944,0.0,1.1046327662843944,0.0,1.1046327662843944
5,1,77,0.4026105604375039,0.0,0.0,0.4026105604375039,0.0,0.0,0.0,0.0,-0.4026105604375039
5,1,78,0.0,0.15856370781100995,0.0,0.15856370781100995,0.34827868153228564,0.0,0.10520312059851376,0.24307556093377194,0.34827868153228564
5,1,79,0.3076601492421284,0.2348545107102751,0.17145995183960455,0.42017587796443784,0.2348545107102751,0.27295075621276454,0.08761678202862304,0.2348545107102751,-0.08287551379223183
5,1,80,0.1612491447484992,0.03868229769300188,0.29965338828769056,0.19993144244150107,0.09131458080545335,0.36495423763103374,0.10017731154680623,0.03868229769300188,-0.3080929383769321
5,1,81,0.0,0.39421225815312094,0.0,0.0,0.39421225815312094,0.0,0.0,0.0,0.39421225815312094
5,1,82,0.27110122728311464,0.17340319107734206,0.12637533633341552,0.19922955952238808,0.17636478088503052,0.2677619318944415,0.10563068048856944,0.2473510625597588,-0.24824598845127807
5,1,83,0.0417977020586726,0.0,0.09509693192180022,0.0,0.20678995612380738,0.635804027023576,0.015837028907303145,0.2122261980620465,0.7162446016175772
5,1,84,0.18699213134556247,0.11458520755304254,0.18995409698162194,0.24764828794213534,0.13959839432791227,0.2677976765501718,0.03664904496465127,0.16638108590886083,-0.041270131539432646
5,1,86,0.27005207629114764,0.13071413580130462,0.37993287875911896,0.36896296900433184,0.11348182782879729,0.36896296900433184,0.13071413580130462,0.0403101171602672,-0.49607607944481047
5,1,87,0.11500351544791743,0.0,0.17395841045941574,0.19197857065349003,0.0,0.19197857065349003,0.0,0.0,-0.25093346566498836
5,1,88,0.0,0.8120398176783518,0.0,0.4516185678975081,1.4715868315658642,0.3534824852110062,0.8120398176783518,1.0199682636683562,0.6664857784573501
5,1,89,0.17541607721934188,0.6728325829078122,0.3972788198337609,0.0,0.6728325829078122,0.17541607721934188,0.30962765733378034,0.30962765733378034,0.4974165056884703
5,1,91,0.0,0.3251204630721201,0.1339002612450065,0.18398572511669986,0.2712777773015506,0.32902057893626707,0.2712777773015506,0.22119231342985723,-0.16167095127697942
5,1,92,0.0,0.19746127308918707,0.0746015741222179,0.0746015741222179,0.10970754000996241,0.1285844468117054,0.16369041269944992,0.19746127308918707,-0.018876906801742983
5,1,93,0.6391100884765282,0.0,0.6391100884765282,0.27777118756207375,0.0,0.6391100884765282,0.27777118756207375,0.0,-0.6391100884765282
5,1,94,0.0,2.8710324297066516,0.0,0.0,3.0726897081716618,0.16689822475342653,0.0,3.0726897081716618,2.9057914834182346
5,1,95,0.0,0.0,1.0342544594312755,1.0342544594312755,0.0,0.0,0.0,0.0,-1.0342544594312755
5,1,96,0.0706265187807352,0.04054399475553925,0.12062718773756409,0.0706265187807352,0.15581116117810703,0.0876897446572511,0.023480768879023346,0.21597620031961595,0.10418608270929339
5,1,97,0.0,1.7424784247350598,0.0,1.0005961402669166,1.5138364955220815,0.0,0.8267270950077051,1.293108583864332,1.2851945663091031
5,1,98,0.0,0.2606531136219984,0.24147781842435165,0.28129661326425776,0.4113264620572729,0.24440315558210587,0.1429483330605715,0.2606531136219984,0.04630588054717157
5,1,99,0.0,0.07446720036794291,0.0,0.0,0.07446720036794291,0.13389488076174477,0.07446720036794291,0.07446720036794291,-0.05942768039380186
5,1,100,0.0,0.0,0.0,0.23851528996314614,0.0,0.23851528996314614,0.0,0.15623992014636034,-0.08227536981678578
5,1,102,0.0,0.31937656480210697,0.0,0.0,0.22591098248801256,0.0,0.15995178873777985,0.1651823197687506,0.1324454001739181
5,1,103,0.0,0.30340536717182814,0.0,0.0,0.30340536717182814,0.0,0.10292220027452904,0.10292220027452904,0.30340536717182814
5,1,105,0.0,0.2755567622276694,0.0,0.0,0.2755567622276694,0.0,0.0,0.2755567622276694,0.2755567622276694
5,1,106,0.42172534536779094,0.03223524807750156,0.2866944571869562,0.2866944571869562,0.05414572851673616,0.45396059344529255,0.06138407640191671,0.05414572851673616,-0.3998148649285564
5,1,107,0.0,0.6644970117993434,0.0,0.12883301259644556,0.46322551667051726,0.0,0.3343925040740717,0.8949788911692392,0.49243590091158695
5,1,110,0.0,0.7319185242135222,0.0,0.0,0.7319185242135222,0.0,0.0,0.7319185242135222,0.7319185242135222
5,1,111,0.0,0.09789516552825096,0.0,0.0,0.24938779628096308,0.0,0.0,0.09789516552825096,0.24938779628096308
5,1,112,0.0,0.0,0.0,0.0,0.6273496948529915,0.0,0.0,0.0,0.6273496948529915
5,1,113,0.0,0.44678260036129636,0.0,0.0,0.44678260036129636,0.0,0.44678260036129636,0.44678260036129636,0.44678260036129636
5,1,114,0.00410335538524061,0.025690346775987825,0.011639198277839187,0.011639198277839187,0.0359461370848111,0.014335395959388018,0.013055149373164012,0.024554393583785188,0.012372636836470673
5,1,115,0.35267744737361345,0.15242795280865226,0.0,0.0,0.16656546001034847,0.0,0.0,0.0,-0.3385399401719173
5,2,1,0.2149302899972857,0.7461852552002964,0.2149302899972857,0.2149302899972857,0.7461852552002964,0.2149302899972857,0.15034485351084934,0.8118820048774338,0.6635283228983019
5,2,4,0.0,0.0,0.0,0.11895464514249927,0.0,0.11895464514249927,0.0,0.1488075274072026,0.029852882264703326
5,2,5,0.0,0.3197953791787657,0.0,0.0,0.08550131069395711,0.0,0.0,0.08550131069395711,0.4052966898727228
5,2,6,0.28532474905974653,0.3864816244053275,0.16439338400308431,0.23705078214862002,0.44660306281453666,0.23485799234490734,0.4987206428461043,0.17127364353498253,0.17750428039323046
5,2,7,0.0,0.17936083472272546,0.0,0.14723772868165205,0.3308534654754376,0.0,0.032123106041073414,0.17936083472272546,0.3308534654754376
5,2,8,0.10239812985867504,0.40472257717810806,0.11575983755473669,0.21264377776368953,0.29703682249687385,0.11575983755473669,0.35321335581296814,0.315470233431466,0.19278185256724514
5,2,9,0.0,0.0,0.0,0.0,0.740250632264171,0.0,0.0,0.740250632264171,0.740250632264171
5,2,10,0.3681453350860697,0.1205422277798001,0.2130448133105259,0.3976720957494952,0.09101546711637466,0.25195499215157674,0.31318990332362645,0.09101546711637466,-0.373984338345728
5,2,11,0.6239390428625955,0.7170891981386408,0.0,1.125996546013604,0.1489401714681875,0.0,0.0759238325095672,0.7170891981386408,-0.26947117059635317
5,2,12,0.0,0.0,0.0,0.090173210976208,0.0,0.059732574586332514,0.0,0.090173210976208,0.03044063638987548
5,2,13,1.477601361940609,0.0,0.0,0.9819185242135222,0.0,0.4956828377270868,0.0,0.0,-1.477601361940609
5,2,14,0.057834081665258635,0.0,0.11888326338002313,0.057834081665258635,0.057834081665258635,0.17671734504528178,0.0,0.057834081665258635,-0.061049181714764485
5,2,15,0.3852912536614613,0.29171813530296997,0.3852912536614613,0.3852912536614613,0.0,0.0,0.0,0.29171813530296997,-0.0935731183584913
5,2,16,0.047011566337785256,0.047011566337785256,0.0,0.03969002920088578,0.030119779903553072,0.0,0.0,0.1299252830885775,0.08291371675079226
5,2,17,0.023294282892951393,0.7510460403569538,0.05173299268714456,0.14908341051488894,0.7743403232499052,0.2001680052409392,0.6371082698146227,0.7743403232499052,0.6259053106961106
5,2,18,0.0,0.0,0.0,0.09676086740149041,0.09889925606818702,0.09676086740149041,0.09889925606818702,0.0,0.0021383886666966057
5,2,19,0.20530913863283712,0.0,0.20530913863283712,0.4211147227343298,0.0,0.4211147227343298,0.20530913863283712,0.0,-0.4211147227343298
5,2,20,0.0,0.0,0.19408117250281182,0.14448422012304796,0.0,0.3385653926258598,0.0,0.0,-0.3385653926258598
5,2,21,0.10153363586841577,0.3410887126273973,0.0,0.10153363586841577,0.931707426877321,0.0,0.11484129718826605,0.66799350095419,0.8069936473066054
5,2,22,0.4151725822216078,0.0,0.38784542228672836,0.8030180045083362,0.0,0.0,0.0,0.0,-0.8030180045083362
5,2,23,0.04932906965566178,0.0,0.04932906965566178,0.04932906965566178,0.08051872892827898,0.04932906965566178,0.0,0.10069263685680807,0.13188229612942529
5,2,24,0.0,0.2162215007392277,0.0,0.0,0.2162215007392277,0.0,0.0,0.4675367134424569,0.4675367134424569
5,2,25,0.05405137277497625,0.02637885584847246,0.0,0.023284817131186325,0.02637885584847246,0.020027786970411184,0.02637885584847246,0.049663672979658784,-0.024415486765728654
5,2,26,5.791824972815143,0.7621397640432613,0.0,0.0,0.0,0.0,0.0,0.0,-6.553964736858404
5,2,27,0.0,0.44698947957173074,0.0,0.08301826870263586,0.3326685149652415,0.0,0.0,0.40939138721429613,0.21205215390517104
5,2,28,0.055620374323462216,0.0,0.061759055920750115,0.055620374323462216,0.0,0.11737943024421232,0.0,0.0,-0.11737943024421232
5,2,29,0.6802629824329262,0.10239240050592151,0.17730230815351608,0.6802629824329262,0.10239240050592151,0.0,0.10239240050592151,0.10239240050592151,-0.7551728900805208
5,2,30,0.04393885703253189,0.5223784332115293,0.5753597622761899,0.6404543370617624,0.06509457478557248,0.11951487879781439,0.07557602176528251,0.5965154800292305,-0.5117041624381986
5,3,1,0.0,1.638278408094744,0.0,0.0,1.638278408094744,0.0,1.638278408094744,1.638278408094744,1.638278408094744
5,3,2,0.10115976280144628,0.07808277353084249,0.0,0.1792425363322888,0.18006162659840275,0.10115976280144628,0.0,0.07808277353084249,0.07890186379695648
5,3,3,0.5981797268102044,0.3304552251513912,0.5981797268102044,0.7448048826398657,0.534278748585107,0.14662515582966126,0.9286349519615957,0.47708038098105254,-0.0639009782250973
5,3,4,0.0,0.0,0.0,0.0,0.0,0.0,0.0,0.8747344195183886,0.8747344195183886
5,3,5,0.493686635426065,0.6562276686152332,0.493686635426065,0.3859684306013507,0.7584956642783969,0.09388025142380242,0.07679430037944113,0.689093389274085,0.17092877742852947
5,3,7,0.0,0.12099767522377847,0.03571476354059206,0.02848751940960269,0.0469854421298185,0.0,0.0,0.12099767522377847,0.05591127007897761
5,3,8,0.0,0.0,0.08097186291741125,0.08097186291741125,0.07070477649020199,0.0,0.07076778128475819,0.0,-0.08103486771196747
5,3,9,0.0584791578262613,0.19209467942786304,0.0,0.0,0.5642609259071992,0.0,0.12605691784468812,0.12451691940943624,0.5642609259071992
5,3,10,0.0,0.3518162226657885,0.0,0.0,0.17432072633990067,0.0,0.0,0.3518162226657885,0.3518162226657885
5,3,11,0.18206162541730253,0.2963293722671068,0.1764374125939507,0.11722609409244282,0.353405749983037,0.06554996405397426,0.4182412813078967,0.030717720151776453,-0.08792888199712953
5,3,12,0.36287314658200837,0.19623312405872095,0.36287314658200837,0.0,0.4318355839417796,0.0,0.10253687248952326,0.19623312405872095,0.06896243735977119
5,3,13,0.0,0.4717566223393774,0.05160205728856297,0.013872801688647384,0.4841674539168459,0.03462539807293516,0.44680320220765746,0.47553940747295376,0.41869259493963557
5,3,14,0.07661144143935375,0.06468004758662867,0.0,0.05883108104276532,0.0,0.13544252248211908,0.0,0.05883108104276532,-0.14129148902598243
5,3,15,0.0,0.0,0.0,0.0,1.2776327898521047,0.0,0.0,0.0,1.2776327898521047
5,3,16,0.0,0.0,0.0,0.0,0.6814041545877892,0.0,0.0,0.0,0.6814041545877892
5,3,17,0.0,0.33740025764624393,0.0,0.0797094979794017,0.3409718593541255,0.049721066950843745,0.21108901320232065,0.39655855483217733,0.3875736058186471
5,3,18,0.011372817374267513,0.0,0.011372817374267513,0.04107389268462548,0.03871645702139601,0.011372817374267513,0.0,0.013865414708944649,0.011507979045715173
5,3,19,0.0,0.06565411545856101,0.0,0.24028572782271143,0.30228730420229455,0.0,0.06565411545856101,0.37147818443884745,0.2997489754516844
5,3,20,0.0,0.1811045488187951,0.0,0.1668858041231888,0.5308762415962077,0.1668858041231888,0.14730533806193558,0.14730533806193558,0.3639904374730189
5,3,21,0.11801912130578943,0.045751341122898546,0.0,0.07226778018289089,0.08751013913649859,0.07226778018289089,0.11801912130578943,0.24068973058052281,0.16842195039763194
5,3,22,0.0,0.1108234962024196,0.0,0.0,0.1108234962024196,0.0,0.1108234962024196,0.038397150189720564,0.1108234962024196
5,3,23,0.14321602819823517,0.36657390333575507,0.0,0.0,0.15496743491158696,0.14321602819823517,0.0,0.15496743491158696,0.22335787513751984
5,3,24,0.32176212829531514,0.0,0.0,0.0,0.0,0.0,0.0,0.0,-0.32176212829531514
5,3,25,0.10198886126332798,0.0,0.19324660768373464,0.19324660768373464,0.0,0.0,0.0,0.0,-0.19324660768373464
5,3,26,0.22243770044543967,0.25974960873191066,0.0,0.0,0.25974960873191066,0.0,0.0,0.0,0.03731190828647099
5,3,29,0.0,0.720401685931563,0.0,0.43049087260054786,0.6591022946051796,0.0,0.13594993791141008,0.6067760131387308,0.8130631700247846
5,3,30,0.07142724049369062,0.0,0.07142724049369062,0.0,0.5260119792963069,0.15856999769456037,0.0,0.0,0.3674419816017466
5,3,31,0.07154235760791965,0.2646345105277922,0.07154235760791965,0.07154235760791965,0.8487312967148536,0.07154235760791965,0.19243272924803476,0.07220178127975743,0.7771889391069339
5,3,33,0.0,0.7598174449449034,0.0,0.0,0.9126092226851655,0.0,0.1649980396723992,0.7598174449449034,0.9126092226851655
5,3,34,0.0,0.0,0.3851739797817763,0.0,0.0,0.0,0.0,0.0,-0.3851739797817763
5,3,36,0.0,1.2316870033568403,0.0,0.0,1.2316870033568403,0.0,1.2316870033568403,1.2316870033568403,1.2316870033568403
5,3,37,0.06698966233578856,0.0479378651521658,0.06698966233578856,0.11492752748795436,0.2264008580203963,0.06698966233578856,0.0,0.0479378651521658,0.15941119568460774
5,3,38,0.0,0.0,0.0,0.42294984939555297,0.0,0.42294984939555297,0.0,0.0,-0.42294984939555297
5,3,39,0.2632824363620513,0.3998056370366133,0.2632824363620513,0.2632824363620513,0.3998056370366133,0.2632824363620513,0.3998056370366133,0.3998056370366133,0.136523200674562
5,3,40,0.10528882870554385,0.1680588112419114,0.0,0.10262343700707997,0.21344722833371776,0.3542713849116324,0.3708667983709827,0.21344722833371776,-0.14082415657791464
5,3,41,0.0,0.18753021217671892,0.3430961637906176,0.0,0.3335348824237723,0.08360206253445597,0.0,0.08360206253445597,-0.19709149354356412
5,3,42,0.42673039612320796,0.14809637045365384,0.42673039612320796,0.6914702608156519,0.14809637045365384,0.6914702608156519,0.14809637045365384,0.7280285455837532,0.036558284768101246
5,3,43,0.0,0.0,0.0,0.0,1.0992450231458544,0.0,1.0992450231458544,1.0992450231458544,1.0992450231458544
5,3,44,0.2526642960515004,0.21457576373505663,0.0,0.0,0.21457576373505663,0.2526642960515004,0.0,0.0,-0.038088532316443796
5,3,45,0.0,0.13263087972245663,0.0,0.0,0.17154643398035418,0.0,0.08657012151672454,0.13263087972245663,0.18277217829340628
5,3,46,0.0,0.021832577642851462,0.0,0.0,0.07238540570689708,0.015115204353056499,0.015115204353056499,0.0491420905243658,0.08584124661602348
5,3,48,0.05984469653644797,0.0,0.0,0.05984469653644797,0.0,0.05984469653644797,0.0,0.10760910460454574,-0.03875539905908876
5,3,49,0.0,0.0,0.05032394936019489,0.05032394936019489,0.1236797479673096,0.0,0.0,0.14561185755301329,0.1236797479673096
5,4,2,0.2160479997470209,0.2160479997470209,0.0,0.0,0.2160479997470209,0.0,0.2160479997470209,0.2160479997470209,0.2160479997470209
5,4,6,0.0,0.45362284483151516,0.0,0.35459134924236224,0.3928080563733285,0.35459134924236224,0.2407116079674606,0.2407116079674606,0.28056565475968454
5,4,7,0.0,0.4172362226206875,0.0,0.0,0.4172362226206875,0.0,0.0,0.4172362226206875,0.4172362226206875
5,4,8,0.6481439992410627,0.6481439992410627,0.0,0.0,0.6481439992410627,0.0,0.6481439992410627,0.6481439992410627,0.6481439992410627
5,4,10,0.7988516377207496,0.49231586755743306,0.7154235760791964,0.7988516377207496,0.47305148542747394,0.7154235760791964,0.1638278408094744,0.29922697296362494,-0.24237209065172247
5,4,12,0.0,1.0560156550072728,0.0,0.8478917951294718,0.2081238598778009,0.0,0.2081238598778009,0.0,-0.6397679352516709
5,4,13,1.611653615810525,0.0,0.0,1.611653615810525,0.0,1.611653615810525,0.0,0.0,-1.611653615810525
5,4,14,0.8206764432320126,0.819139204047372,0.0,0.0,0.819139204047372,0.0,0.819139204047372,0.819139204047372,-0.0015372391846406597
5,4,15,0.0,0.0,0.0,0.0,0.0,0.38510793894865236,0.0,0.826138062878478,0.44103012392982566
5,4,16,0.062015906792432976,0.7950837348809211,0.0,0.7950837348809211,0.7950837348809211,0.28751800599300004,0.0,0.7950837348809211,0.44554982209548816
5,4,17,0.0,1.4603267791724062,0.0,0.0,1.4603267791724062,0.0,0.0,1.4603267791724062,1.4603267791724062
5,4,18,0.0,1.5884391881546636,0.0,0.0,1.5884391881546636,1.5884391881546636,0.0,1.5884391881546636,0.0
5,4,19,0.0,0.09987038490611314,0.0,0.0,0.5717943644503091,0.044456483391342644,0.14432686829745578,0.5717943644503091,0.5273378810589665
5,4,20,0.19607120370195694,0.4287036172743345,0.0,0.19607120370195694,0.0,0.0,0.0,0.0,-0.6247748209762914
5,4,24,0.1686710438974639,0.04518067179204417,0.0649341937776884,0.0649341937776884,0.05052544377113244,0.0649341937776884,0.0,0.04518067179204417,-0.0729649283342873
5,4,25,0.05638358938230064,0.21564025435036918,0.0,0.034917594833517564,0.25043925269503586,0.0,0.04181574188652018,0.11339985257220055,0.26687461769831244
5,4,26,0.0,0.9300040725183842,0.0,0.0,0.9300040725183842,0.0,0.0,0.9300040725183842,0.9300040725183842
5,4,27,0.1207108820269207,0.0,0.0,0.1207108820269207,0.0,0.11654290099656135,0.0,0.11654290099656135,-0.004167981030359341
5,4,28,0.05256782704803884,0.0,0.03657416139386741,0.021396381484622456,0.027716851794505504,0.03484519180945065,0.0,0.014268041469677311,-0.024850975253533334
5,4,29,0.0,0.12869917733954558,0.0,0.0,0.1372253870691849,0.0,0.0,0.26592456440873047,0.26592456440873047
5,4,30,0.19919238347546253,0.030657400350885138,0.06059510505871577,0.18469402716225444,0.04281926206593479,0.1297704685831613,0.051863789537698275,0.06595476928092517,-0.10192603882474177
5,4,31,0.18783628037614905,0.9829670448568464,0.0,0.0,1.1895459153084214,0.0,0.9829670448568464,0.9829670448568464,1.0017096349322723
5,4,32,0.0,0.0,0.0,0.0,0.0,1.058380010864191,0.0,0.0,-1.058380010864191
5,4,33,0.0,0.11318591587646416,0.0,0.6158163412829226,0.0,0.5026304254064584,0.0,0.0,-0.5026304254064584
5,4,34,1.9814978759732291,0.0,0.0,1.9814978759732291,0.14568340899919616,0.0,0.14046376569629035,0.14046376569629035,-1.8358144669740328
5,4,35,0.41991851551710735,0.13587938033584784,0.05655034722837664,0.2924820224710877,0.05337590723542862,0.06840064681170828,0.12338142659686106,0.13768192007962718,-0.31790459689663914
5,4,37,0.0,0.843614758493664,0.0,0.0,1.064493144453053,0.10378744308545924,0.24031064376002123,0.9607057013675938,1.064493144453053
5,4,39,0.5653971393656342,0.02642384529185071,0.21292514805276208,0.48749462167277496,0.5629912105149114,0.10220336801131376,0.07726739047432174,0.5487148825186007,-0.11312770889217112
5,4,41,0.0,0.06466888453005568,0.16165161356699276,0.0,0.06466888453005568,0.16165161356699276,0.06466888453005568,0.06466888453005568,0.06466888453005568
5,4,42,0.0,0.1843063209106587,0.0,0.0,0.6052700219096726,0.0,0.1843063209106587,0.6052700219096726,0.6052700219096726
5,4,43,0.0,0.46352861448127386,0.0,0.0,0.46352861448127386,0.0,0.46352861448127386,0.0,0.46352861448127386
5,4,44,0.0,0.0,0.0,0.0,0.22723894612906817,0.0,0.0,0.2680058184845282,0.49524476461359634
5,4,45,0.0,0.04621336450048897,0.0,0.042015246462237525,0.0,0.042015246462237525,0.0,0.0,0.004198118038251444
5,4,46,0.0,0.0,0.0,0.0,0.0,0.5134772519315365,0.0,0.0,0.5134772519315365
5,4,47,0.0,0.814938594310542,0.0,0.814938594310542,0.0,0.0,0.0,0.0,0.0
5,4,48,0.0,1.1641979918722027,0.0,1.1641979918722027,0.0,0.0,0.0,0.0,0.0
5,4,49,0.0,0.5305001583579106,0.27044545363714473,0.06414424308267824,0.5172286453975943,0.0,0.4343234096671658,0.5172286453975943,0.10554956518812839
5,4,50,0.0,0.3312729726584598,0.0,0.0,0.3312729726584598,0.0,0.3312729726584598,0.3312729726584598,0.3312729726584598
5,5,1,0.5967334508259798,0.3982709397742926,0.5967334508259798,0.0,0.3982709397742926,0.5967334508259798,0.0,0.3982709397742926,-0.19846251105168722
5,5,2,0.0,0.0,0.0,0.0,1.1991459502850663,0.0,1.1991459502850663,0.4285634429621437,1.1991459502850663
5,5,3,0.0,0.46657719866813124,0.0,0.0,1.0173170494901025,0.0,0.13864031817593936,1.0173170494901025,1.0173170494901025
5,5,5,0.0,0.0,0.0,0.0,0.18743898826773792,0.0,0.3362566117364546,0.0,0.03862136479902126
5,5,7,0.0,0.0,0.0,0.0,0.3129271669655156,0.0,0.0,0.3129271669655156,0.3129271669655156
5,5,9,0.0,0.0,0.046757330526360726,0.0,0.05035609583353125,0.0,0.0,0.05035609583353125,0.003598765307170522
5,5,10,0.0,0.0,0.0,0.0,0.0,0.0,0.0,1.5879425185213052,1.5879425185213052
5,5,12,0.0,0.0,0.0,0.0,0.0,0.0,0.0,0.44176656863332087,0.44176656863332087
5,5,13,0.06479877617535863,0.5393802380702056,0.0,0.0,0.5393802380702056,0.0,0.44791644196432273,0.5712862134559787,0.4426754865090739
5,5,14,0.22093321669905105,0.051196200252960754,0.10988080246797129,0.11105241423107975,0.051196200252960754,0.11105241423107975,0.051196200252960754,0.051196200252960754,-0.05868460221501054
5,5,15,0.0,0.11419264032154039,0.0,0.09063211058476135,0.11018806463786748,0.09063211058476135,0.0,0.0,-0.035760641724227354
5,5,16,0.0,0.11199853944558306,0.0,0.0,0.36731850420638273,0.0,0.11146026414495308,0.28068064018407735,0.36731850420638273
5,5,17,0.0,0.819139204047372,0.0,0.0,1.56868377409394,0.0,0.819139204047372,0.819139204047372,1.56868377409394
5,5,18,0.0,0.06888919055691735,0.0,0.0,0.06888919055691735,0.0,0.10065264010937597,0.06888919055691735,-0.03176344955245862
5,5,19,0.055555199934948236,0.3133623136865382,0.0,0.0,0.6391555623280747,0.026300780149628437,0.18779763376326689,0.10477289872991939,0.6128547821784461
5,5,21,0.0,0.0,0.0,0.8708753473170001,0.0,0.0,0.0,0.0,-0.8708753473170001
5,5,22,0.0,1.228708806071058,0.0,0.0,1.228708806071058,0.0,1.228708806071058,1.228708806071058,1.228708806071058
5,5,23,0.0,0.3931868179427386,0.0,0.0,0.3931868179427386,0.0,0.3931868179427386,0.3931868179427386,0.3931868179427386
5,5,24,0.0,0.047661243125154344,0.0,0.0,0.047661243125154344,0.23861697548618935,0.047661243125154344,0.047661243125154344,-0.190955732361035
5,5,27,0.10652738481289459,0.3814794514502508,0.0,0.6713998959716919,0.3814794514502508,0.20899115983502684,0.3492711983011394,0.2667975131106186,-0.1511848065594351
5,5,28,0.0,0.16155206323194296,0.0,0.2740898634051022,0.25017600028436693,0.35806322092208276,0.35806322092208276,0.25017600028436693,-0.1078872206377158
5,5,29,0.08101799990513284,0.5584632184403919,0.0,0.0,0.613853179098157,0.22198922041765584,0.3893932234871309,0.30724610113649264,0.5463745882362976
5,5,30,0.13093434001995038,0.27808223992969533,0.13093434001995038,0.22463107645372896,0.09369673643377859,0.13093434001995038,0.0,0.27808223992969533,0.14714789990974494
5,5,31,0.5070852255696463,0.09424320476371095,0.13381638702199358,0.5070852255696463,0.17666437871986945,0.6409016125916399,0.0,0.17666437871986945,-0.10236125506407229
5,5,35,0.046295999945790194,0.6709871875294465,0.0,0.10884005568154055,0.7273802459587992,0.1681471660160887,0.44266348122965643,0.38104624203247356,0.7062795878366234
5,5,36,0.2596982958719833,0.0,0.21539585559900365,0.6821848209115967,0.1472034366544222,0.12576330533525187,0.0,0.28431470005306947,-0.19877869739965856
5,5,37,0.0,0.0,0.0,0.6348194052725042,0.0,0.0,0.0,0.0,0.6348194052725042
5,5,38,0.040082170166610795,0.23403977258496342,0.0,0.040082170166610795,0.3991645955827325,0.06390174464174599,0.4231782501531315,0.28865377145446736,0.20073837224232244
5,5,40,0.0,0.3862738454010615,0.0,0.0,0.3862738454010615,0.0,0.3862738454010615,0.0,0.3862738454010615
5,5,41,0.25708536008457994,0.321472659386059,0.0,0.4636831062471139,0.2638318368953922,0.5503713102818615,0.0,0.2638318368953922,-0.3437434450763345
5,5,42,0.0,0.37422027532263735,0.0,0.0,0.0,0.0,0.0,0.0,-0.37422027532263735
5,5,43,0.03112335706471009,0.23237851521907874,0.03112335706471009,0.12003672329427807,0.19547390129638983,0.03112335706471009,0.10846052764658141,0.2015644620687281,0.1613417514940109
5,5,44,0.2048795383408303,0.12441076390242858,0.12959755235071727,0.5677526849228387,0.3771977018908196,0.0,0.1803482067403093,0.26831771341305116,-0.11908676476947828
5,5,45,0.26050044374689113,0.0,0.26050044374689113,0.0,0.1732757280446109,0.39941468886211373,0.1732757280446109,0.0,-0.22613896081750284
5,5,46,0.5290161710604202,0.8445869746271578,0.5290161710604202,0.543292396207028,0.3012945784201297,0.16589265062403488,0.1685558598113723,0.0,-0.06182894201625555
5,5,47,0.0,0.521473537391547,0.0,0.0,0.521473537391547,0.0,0.3073091724931945,0.0,0.2141643648983525
5,5,48,0.0,0.2278905029162913,0.0,0.0,0.5002046205827408,0.0,0.1018625050278961,0.32573418756381123,0.5713406671667627
5,5,49,0.465381948108661,0.0,0.3871016296264355,0.603801898819933,0.403564793900889,0.7737459565609437,0.23362073615987825,0.0,-0.20023710491904395
5,5,50,0.0,0.0,0.0,0.0,0.0,0.7701926258988487,0.0,0.0,-0.7701926258988487
5,5,52,0.0,0.0,0.0,0.16596356810428603,0.0,0.16596356810428603,0.0,1.133717642170375,0.8017905059618028
5,5,53,0.04940400455090763,0.029874321761494623,0.0,0.07927832631240227,0.09688149631131397,0.0,0.0,0.029874321761494623,0.09688149631131397
5,5,54,0.0,0.1978641041662538,0.0,0.0,0.4486774103587627,0.060460817412225996,0.060460817412225996,0.5066300075667223,0.4461691901544963
5,6,1,0.14718006744054618,0.744843430833553,0.0,0.7655785279034849,0.8427309768583824,0.14718006744054618,0.0,0.8791084572693985,0.8298159358536816
5,6,2,0.0,0.3488137113672116,0.0,0.0,0.3488137113672116,0.0,0.0,0.3488137113672116,0.3488137113672116
5,6,3,0.0,0.16720412506891194,0.0,0.0,1.032380389363789,0.0,0.0,0.5021561817292967,1.032380389363789
5,6,4,0.0,0.0,0.19671402996979667,0.0,0.328140830627817,0.19671402996979667,0.0,0.328140830627817,0.13142680065802037
5,6,5,0.0,0.167457130464098,0.0,0.0,0.167457130464098,0.0,0.0,0.167457130464098,0.167457130464098
5,6,6,0.0,0.0,0.0,0.0,0.23663318874373357,0.0,0.0,0.23663318874373357,0.23663318874373357
5,6,7,0.0,0.23260759076342774,0.0,0.0,0.10071219166706251,0.0,0.0,0.2245715732848017,0.08560101919501185
5,6,8,0.28896269106297207,0.12763613738611873,0.4542802445193534,0.28896269106297207,0.2944304029573366,0.6763516456390131,0.07404818522682692,0.1653186089251023,-0.8157412541334947
5,6,9,0.5016998496771674,0.5149308587906406,0.0,0.5016998496771674,0.5149308587906406,0.5016998496771674,0.10030275967927003,0.5149308587906406,0.5149308587906406
5,6,10,0.14163971930334876,0.4447475821196364,0.2906446726088018,0.14844466147448868,0.8689269482272304,0.14163971930334876,0.4447475821196364,0.08776491471936128,0.2881978948405911
5,6,11,0.0,0.0,0.0,0.0,0.4417567719187784,0.0,0.0,0.4417567719187784,0.4417567719187784
5,6,12,0.0,0.0,0.0,0.0,0.5282980735622282,0.0,0.0,0.0,0.5282980735622282
5,6,13,0.0,0.0,0.0,0.0,0.3021365750011875,0.0,0.0,0.3021365750011875,0.3021365750011875
5,6,14,0.0,0.1620656307238722,0.4550193567070907,0.0,0.0,0.4550193567070907,0.0,0.1620656307238722,0.1620656307238722
5,6,17,0.6774278518462622,0.0,0.6774278518462622,0.0,0.0,0.0,0.0,0.0,-0.6774278518462622
5,6,18,0.0,0.047822290971970466,0.0,0.024260146562851477,0.07208243753482194,0.023013182630924882,0.053070381484088464,0.0,0.04906925490389706
5,6,19,0.34790886722761566,0.07518466602795806,0.0703717781004256,0.23795349989733136,0.11775117899589504,0.36427422713165314,0.21992423939817385,0.3699819581325971,-0.2641202643304638
5,6,20,0.10534782427221775,0.3166548908178898,0.0,0.0,0.3166548908178898,0.2605491737870239,0.07856284696636565,0.3166548908178898,-0.04924210724135189
5,6,21,0.6713279900421598,0.06481439992410627,0.0,1.031384593884128,0.35868647509814766,0.4248710037660744,0.06481439992410627,0.35868647509814766,-0.6726981187859803
5,6,24,0.0,1.2208065486009698,0.0,0.0,1.2208065486009698,0.0,0.0,1.2208065486009698,1.2208065486009698
5,6,25,0.0,0.10503777181853603,0.0,0.0,0.31874412974620525,0.0,0.0,0.31874412974620525,0.31874412974620525
5,6,26,0.0,1.714814469097338,0.0,0.0,0.0,0.0,0.0,0.0,-1.714814469097338
5,6,27,0.4931005210342079,0.556807330705338,0.0800314895949688,0.7512417768603238,0.667710857849802,0.0800314895949688,0.5204731291681499,0.556807330705338,0.17461033681559412
5,6,28,0.0,0.0,0.9298029156099162,0.0,0.0,0.20993339379245138,0.20993339379245138,0.0,-1.1397363094023676
5,6,29,0.30518415897237816,0.3636115295447538,0.2951349386525732,0.30518415897237816,0.1771436328606446,0.30518415897237816,0.0,0.20029586582119777,-0.2926901711794426
5,6,30,0.0,0.0,0.0,0.0,0.0,0.0,0.0,0.6532133427987004,0.6532133427987004
5,6,31,0.3633002293521342,0.5001926349540471,0.06716045806925486,0.3633002293521342,0.5001926349540471,0.3633002293521342,0.0,0.5001926349540471,0.43303217688479223
5,6,34,0.4635764947144277,0.06295797933852482,0.43574054779442295,0.30763013883897294,0.12158115793922963,0.3207905181494836,0.10870279882847386,0.053219236826675675,-0.62287459960086
5,6,35,0.0688448385732065,0.08427413823457014,0.0,0.0688448385732065,0.14362047570471193,0.2636474614990637,0.13814328859239983,0.035245250882255115,-0.03691378352407636
5,6,37,0.03510576916891897,0.39245377831617745,0.062228488858660364,0.027210013920385138,0.5985570321377881,0.027210013920385138,0.23849373332451262,0.6542960218108443,0.5457854463409347
5,6,38,0.23295446686310944,0.890209885177544,0.1263027312416202,0.0817812365923177,0.9895405691934253,0.07501185332854336,0.022759332489523353,0.890209885177544,0.7565861023303158
5,6,39,0.0,0.8969685058044031,0.0,0.0,0.8969685058044031,0.2955012741232216,0.0,0.49600217200980495,0.6014672316811817
5,6,40,0.0,0.03626465408718926,0.0,0.0,0.0,0.0,0.0,0.09839957805434485,0.1346642321415341
5,6,41,0.0,0.1638278408094744,0.0,0.0,0.41093812736859175,0.12596003627547084,0.2897878770849453,0.1638278408094744,0.28497809109312094
5,6,42,0.0,0.7024209656987302,0.0,0.0,0.7024209656987302,0.0,0.7024209656987302,0.0,0.7024209656987302
5,6,43,0.0,0.0,0.0,0.0,0.3296424074039139,0.0,0.3296424074039139,0.3296424074039139,0.3296424074039139
5,6,44,0.2221048284621595,0.0,0.0,0.6363809600167321,0.0,0.6363809600167321,0.0,0.0,-0.4142761315545725
5,6,45,0.14010232187818986,0.0,0.16145683804261762,0.09796595760378152,0.0,0.0,0.0,0.0,-0.23806827948197137
5,6,46,0.04394196605024154,0.04394196605024154,0.0,0.08070916740729632,0.04394196605024154,0.05656781998127137,0.04394196605024154,0.04394196605024154,-0.09333502133832616
5,6,47,0.0,0.36894077853748986,0.03588956130527367,0.0,0.8038789618228552,0.0,0.19754903818667385,0.4042162567037575,1.0492479140976974
5,6,49,0.025316066085170754,0.04966184777213678,0.0,0.05666683189842736,0.04565435725198215,0.011286941373544078,0.04966184777213678,0.006213445289866286,-0.011012474646445208
5,6,50,0.0,0.0,0.0,0.0,0.0,0.0,1.1558737609843837,0.0,-1.1558737609843837
5,6,51,0.1428552263109145,0.0,0.13605259648658524,0.13605259648658524,0.18250172941177936,0.0,0.0,0.25129034930632577,0.1548842559206054
5,7,1,0.0491420905243658,0.035951368329803064,0.0,0.15826824510431745,0.035951368329803064,0.10862403105161622,0.09543330885705348,0.048252520839020006,-0.07406435593549439
5,7,2,0.0,0.35187042753541437,0.0,0.0,0.0,0.0,0.35187042753541437,0.0,0.0
5,7,3,0.0,0.0,0.4623495043937535,0.0,0.0,0.4623495043937535,0.0,0.0,-0.4623495043937535
5,7,5,0.2204234046085084,0.12483114003403839,0.3334202867138802,0.2204234046085084,0.12483114003403839,0.0,0.3452545446425468,0.12483114003403839,-0.20858914667984174
5,7,7,0.3282807268883305,0.3282807268883305,0.0,0.0,0.6811809642020981,0.0,0.3282807268883305,0.6811809642020981,0.6811809642020981
5,7,8,0.043880406060341874,0.14920702778305833,0.043880406060341874,0.043880406060341874,0.14920702778305833,0.08917217592405607,0.043880406060341874,0.14920702778305833,0.060034851859002245
5,7,9,0.15859947645787262,0.25487616658069867,0.10984714258132973,0.10984714258132973,0.25487616658069867,0.10984714258132973,0.0,0.1157424284090089,0.09627669012282604
5,7,10,0.3982745802870513,0.5161496803799778,0.0,0.2697391576953701,0.4152473868015789,0.03981366812028305,0.3917506918157931,0.5590892846798322,-0.006870723324552261
5,7,11,0.10311211640111825,0.7030888941734114,0.07142952708118412,0.02395397816181614,0.7250187704603508,0.10311211640111825,0.6794733116300042,0.7758613289473083,0.6262698394849618
5,7,12,0.0,0.1771436328606446,0.0,0.0,0.1771436328606446,0.0,0.0,0.1771436328606446,0.1771436328606446
5,7,13,0.4070938035589575,0.0,0.0,0.4070938035589575,0.0,0.4070938035589575,0.0,0.0,-0.4070938035589575
5,7,15,0.0,0.3518840430345119,0.0,0.0,0.5047998486987044,0.0,0.3518840430345119,0.5047998486987044,0.5047998486987044
5,7,16,0.0,0.1245449317025511,0.0,0.0,0.1245449317025511,0.1245449317025511,0.1245449317025511,0.1231014664848019,0.247646398187353
5,7,17,0.19959569555784948,0.20804947118236058,0.04364478000665012,0.3527699819004965,0.2992676032294479,0.4864078177290463,0.10297003836559843,0.17807349862727823,-0.10906938841863116
5,7,18,0.0,0.20744434388212668,0.0,0.0,0.7268761819443456,0.11996193930997222,0.3274062831920989,0.612383480374544,0.720312100941251
5,7,19,0.08094235807008342,0.0,0.08094235807008342,0.1485606647418557,0.04610645283778195,0.1485606647418557,0.0,0.0,-0.10245421190407374
5,7,20,0.051872261774516815,0.07679430037944113,0.16208396407877101,0.051872261774516815,0.15082924320016095,0.051872261774516815,0.07679430037944113,0.07679430037944113,-0.011254720878610056
5,7,21,0.0,0.5950351546852434,0.0,0.0,0.5950351546852434,0.0,0.0,0.5950351546852434,0.5950351546852434
5,7,22,0.5952301096288104,0.0,0.0,0.5952301096288104,0.0,1.015096897213713,0.41986678758490276,0.7410398419766092,-0.27405705523710394
5,7,24,0.0,0.4746854324826571,0.0,0.15919622830056077,0.45508755283583036,0.28741882363655435,0.0,0.45508755283583036,0.14807084955244923
5,7,26,0.2188470515285367,0.9104453671188303,0.0,0.8435441114596575,1.341723838269862,0.6965607909578619,0.7310771338135786,0.6106467044562833,1.1228767867413254
5,7,27,0.37348028477652107,0.44112902064610815,0.37348028477652107,0.6358311467911011,0.8360665489884221,0.37348028477652107,0.10640775258085451,0.40543246316334713,0.530805927098872
5,7,28,0.0,0.34355470025718815,0.0,0.8710794613941704,0.34355470025718815,0.5275247611369822,0.0,0.34355470025718815,-0.18397006087979406
5,7,29,0.23959833832750002,0.14556750275993421,0.23959833832750002,0.23959833832750002,0.23959833832750002,0.23959833832750002,0.0,0.38516584108743424,0.38516584108743424
5,7,30,0.10315896280134969,0.30568191594857147,0.10315896280134969,0.10315896280134969,0.39582999614335085,0.10315896280134969,0.30568191594857147,0.3031242732470961,0.2926710333420012
5,7,31,0.0,0.4581214700376362,0.0,0.0,0.4581214700376362,0.0,0.0,0.4581214700376362,0.4581214700376362
5,7,32,0.3090124326170048,0.3261176440033255,0.3090124326170048,0.33477903513629387,0.3261176440033255,0.3090124326170048,0.3003510414840364,0.3261176440033255,0.017105211386320776
5,7,33,0.03086399996386013,0.10938150161713545,0.0,0.0,0.10938150161713545,0.0,0.03086399996386013,0.19017932084720954,0.19017932084720954
5,7,35,0.0,0.1638278408094744,0.0,0.0,0.2208532915538861,0.0,0.1638278408094744,0.1638278408094744,0.2208532915538861
5,7,36,0.0,0.0,0.0,0.0,1.2492409500776134,0.0,0.0,0.0,1.2492409500776134
5,8,1,0.0,0.2247306653138509,0.1652216711625813,0.3849414292532669,0.4003348521533215,0.05222478905720955,0.07666901029861162,0.2247306653138509,-0.024899266350821896
5,8,2,0.0,0.0,0.0,3.3543767365850004,0.0,3.3543767365850004,0.0,0.0,-3.3543767365850004
5,8,3,0.6808742875874217,0.0,0.0,0.5893229481218758,0.0,0.6808742875874217,0.0,0.0,-0.8715845530578185
5,8,4,0.14736994685907095,0.27602947903381875,0.14736994685907095,0.14736994685907095,0.0,0.0,0.0,0.27602947903381875,-0.4233994258928897
5,8,5,0.24004629003657565,0.571604823032446,0.24004629003657565,0.24004629003657565,0.46721372265180555,0.24004629003657565,0.0,0.26310231312438365,-0.3444373904172161
5,8,6,0.14203651308385945,0.0,0.14203651308385945,0.14203651308385945,0.11763341243792252,0.0,0.0,0.11763341243792252,-0.024403100645936926
5,8,7,0.0,0.40348575743466775,0.0,0.0,0.0,0.0,0.0,0.0,-0.40348575743466775
5,8,8,0.011175536171508673,0.016324966763499267,0.02150361512811217,0.0,0.0292688957576588,0.0,0.016324966763499267,0.03735376014866629,0.03356728031033191
5,8,9,0.0,0.39445289568066916,0.0,0.0,0.5473687013448617,0.0,0.0,0.5473687013448617,0.5473687013448617
5,8,10,0.5466558295589876,0.05276352212607194,0.7957332754995446,0.014567847495780457,0.057763080917363534,0.5320879820632072,0.0,0.057763080917363534,-0.7907337167082531
5,8,11,0.0,0.38323428667878845,0.0,0.0,0.6716153109941784,0.0,0.18855083271927756,0.5069485087049347,0.7016319626644455
5,8,12,0.09227834920487103,0.015616041928199613,0.07000329178019268,0.09227834920487103,0.03139306949672741,0.09227834920487103,0.0,0.03139306949672741,-0.06088527970814361
5,8,13,0.28568370075345806,0.0744514735753538,0.0,0.6401356344079098,0.12158251425397533,0.1505395226325027,0.03900662876416057,0.5640475853507608,-0.6536972982748899
5,8,14,0.21409870668299016,0.10077048841046454,0.1969688252940208,0.12186838768022583,0.1572947221362966,0.1930794984645792,0.057787587243235496,0.19472501742388382,0.11261823661770654
5,8,15,1.2854371980915829,0.2555922232912582,0.3460385634836278,0.7659155024983201,0.11889915495219064,0.8472882457927718,0.5485989724266747,0.2555922232912582,-1.1665380431393921
5,8,16,0.4003498487373479,0.07575474860603194,0.4043081039129614,0.4003498487373479,0.2071670475904027,0.3216834722601334,0.07575474860603194,0.2071670475904027,-0.19714105632255868
5,8,17,0.5976513203784806,0.35353309049512516,0.0,0.0,0.35353309049512516,0.24411822988335544,0.35353309049512516,0.35353309049512516,0.10941486061176972
5,8,18,0.04029134039526312,0.0,0.10341722585220826,0.463303597360552,0.047852748407031555,0.463303597360552,0.0,0.047852748407031555,-0.5188680748057287
5,8,20,0.0,0.1427549997748823,0.0,0.061049242013211324,0.08170575776167098,0.0,0.09648965356781326,0.035440411554601946,0.08170575776167098
5,8,21,0.0,0.16985016079952847,0.0,0.16985016079952847,0.16985016079952847,0.0,0.0,0.16985016079952847,0.16985016079952847
5,8,22,0.0,0.0,0.0,0.0,0.0,0.7557602176528251,0.7557602176528251,0.0,-0.7557602176528251
5,8,23,0.1586262076329318,0.340308771423747,0.12250515260216983,0.3842929021167867,0.3457068682808315,0.2360660198277533,0.022753866779093666,0.9726322399061536,0.6733932315959269
5,8,24,0.36734009396755174,0.0,0.5249362491863794,0.0,0.19879054736345028,0.9971402753449059,0.6298001813773542,0.19879054736345028,-0.9559458832002833
5,8,25,0.14633954003077176,0.1967342425138986,0.0,0.16948134037894855,0.15024391353300956,0.09840779527105749,0.0,0.15024391353300956,-0.09067750290004
5,8,27,0.022331830012282488,0.048727243726652304,0.013850120098549938,0.0670838131278926,0.10196093675599498,0.04686441916961185,0.10196093675599498,0.013841399362243169,0.07682736717461451
5,8,28,0.011164943722631427,0.8285779094976102,0.052254719033675706,0.2402014105607569,1.2056262349265827,0.024037804880517846,0.5884134099862033,0.24016449951140706,1.153371515892907
5,8,29,0.010708668236656201,0.031330614199017746,0.0,0.021930337514571574,0.025624610211081773,0.0,0.0,0.029589424486052812,0.02501051587522889
5,9,1,0.13939304710950645,0.27466636674854417,0.0,0.0,0.27466636674854417,0.0,0.13939304710950645,0.5262446219924192,0.5262446219924192
5,9,2,0.16721547122181413,0.2405083744238739,0.21022177731917477,0.20588484832323417,0.29030423568151376,0.21022177731917477,0.2405083744238739,0.2405083744238739,0.02540952572410257
5,9,3,0.0,0.0,0.16603623493034217,0.0,0.0,0.0,0.0,0.0,-0.16603623493034217
5,9,4,0.0,0.409569602023686,0.0,0.0,0.409569602023686,0.0,0.409569602023686,0.409569602023686,0.409569602023686
5,9,5,0.0,0.0,0.0,0.3782307725251864,0.7066575148794778,0.3782307725251864,0.0,0.7066575148794778,0.7066575148794778
5,9,6,0.14133160677457418,0.0,0.0,0.0,0.0,0.2576087400676683,0.0,0.0,-0.2576087400676683
5,9,7,0.6746738411417699,0.0,0.6746738411417699,0.7295485084770021,0.032629182008276456,0.19203703202926053,0.0,0.0,-0.6969193264687257
5,9,9,0.45588995171416746,0.14028293172993106,0.8393180833979943,0.4131004855270551,0.1709671752378309,0.4131004855270551,0.2682138212744672,0.043054030836089545,-0.7476540049218295
5,9,10,0.25251582868677314,0.6871094005143763,0.0,0.8823170233123238,0.6871094005143763,0.19520762279794754,0.0,0.6871094005143763,0.23938594902965563
5,9,13,0.0,0.5602063858188269,0.051889865289215645,0.0,0.9334483198899756,0.0,0.519707440792144,0.4124416712382078,0.8815584546007599
5,9,14,0.0,0.7215787465284003,0.0,0.0,0.7215787465284003,0.0,0.2652894013107966,0.2652894013107966,0.7215787465284003
5,9,15,0.1603894771515492,0.0,0.3927701630205352,0.0,0.0,0.0,0.0,0.0,-0.3927701630205352
5,9,16,0.0,0.0,0.0,0.0,0.22723894612906817,0.0,0.0,0.0,0.22723894612906817
5,9,17,0.0,0.8073907824284223,0.0,0.0,0.6359093355186884,0.0,0.4386828876783539,0.6359093355186884,0.4644278886089547
5,9,18,0.0,0.030175194200779274,0.0,0.030175194200779274,0.7973917594780958,0.0,0.04738172512566244,0.27474174812730245,1.041958313404619
5,9,19,0.12129245350279391,0.15443035056825255,0.0,0.3252491570317334,0.15443035056825255,0.198507313036566,0.09496896013912383,0.30185775563024986,0.1033504425936839
5,9,20,0.0,0.05435242565906303,0.0,0.0,0.05435242565906303,0.15622078386964786,0.0,0.4876014485794046,0.3313806647097567
5,9,21,0.17456604212763413,0.42782855854774765,0.17456604212763413,0.17456604212763413,0.2044554198006304,0.17456604212763413,0.1382891276219375,0.28953943092581014,0.029889377672996265
5,9,22,0.18584228906057473,0.0,0.18584228906057473,0.18584228906057473,0.06841602679154742,0.4715524531700683,0.0,0.0,-0.4031364263785209
5,9,23,0.0,0.5032193234252733,0.019402793368697158,0.09429849044562372,0.16380253070440937,0.0,0.12311842146342657,0.05185418929617424,-0.14140267418051075
5,9,24,0.13031265422388474,0.06172799992772026,0.06858465429616448,0.06858465429616448,0.06172799992772026,0.06858465429616448,0.06172799992772026,0.12742663559870857,0.05884198130254408
5,9,25,0.0,0.0,0.0,0.0,0.0,0.0,0.0,0.6201590679243297,0.6201590679243297
5,9,27,0.45161856789750815,0.1466377766176656,0.0,0.0,0.1466377766176656,0.0,0.1466377766176656,0.06282618411952164,-0.3049807912798425
5,9,28,0.0,0.3546300341242163,0.0,0.0,0.3546300341242163,0.24411767579223181,0.178177677154464,0.3965427049603517,0.15242502916811984
5,9,29,0.024928615355425492,0.053079327825176346,0.0,0.0,0.053079327825176346,0.0,0.024928615355425492,0.08712598685841039,0.08712598685841039
5,9,30,0.0,0.0,0.0,0.0,13.548557036925244,0.0,0.0,13.548557036925244,13.548557036925244
5,10,1,0.1587042932798235,0.21783134311671776,0.12365088678971464,0.1207108820269207,0.21783134311671776,0.2505435112216579,0.1283940120733927,0.15369018525086187,-0.19141646138476365
5,10,3,0.0,0.07362776143888682,0.0,0.06613311575165456,0.0,0.06613311575165456,0.0,0.1689646883412024,0.10283157258954785
5,10,4,0.0,0.7133706753580196,0.0,0.0,0.7133706753580196,0.0,0.7133706753580196,0.7133706753580196,0.7133706753580196
5,10,7,1.1462106977927742,1.1462106977927742,1.1462106977927742,0.0,1.1462106977927742,0.0,1.1462106977927742,1.1462106977927742,1.1462106977927742
5,10,8,0.14577063909276988,0.0,0.0,0.14577063909276988,0.0,0.08984077491178401,0.0,0.0,-0.23561141400455388
5,10,10,0.0,0.062244040761019095,0.07809529691981977,0.0,0.0,0.07809529691981977,0.0,0.0,-0.015851256158800675
5,10,11,0.05952301096288104,0.18017294350300667,0.0,0.05952301096288104,0.15159270235138433,0.05952301096288104,0.037449342010211516,0.07301633895862031,0.063489450236881
5,10,12,0.3521930257052795,0.2576660251928911,0.0,0.2576660251928911,0.2576660251928911,0.0,0.0,0.2576660251928911,-0.09452700051238838
5,10,13,0.0,1.1071268859242873,0.0,0.0,1.2606595579938835,0.0,0.0,1.2606595579938835,1.2606595579938835
5,10,14,0.0,0.0,0.0,0.0,2.1097114073850487,0.0,0.0,0.0,2.1097114073850487
5,10,16,0.0,0.0,0.0,0.0,0.8932810011321956,0.0,0.0,0.8932810011321956,0.8932810011321956
5,10,17,0.0,0.3378962212741037,0.0,0.0,2.0432589558939194,0.0,0.0,0.0,2.0432589558939194
5,10,23,0.0,0.0,0.0,0.0,0.0,1.7338106414765757,0.0,0.0,0.0
5,10,24,0.05340890417948253,0.0,0.05340890417948253,0.0949977268586565,0.041588822679173965,0.1157750684891411,0.0949977268586565,0.0,-0.06567334136528626
5,10,25,0.22902598415777095,0.0,0.0,0.0,0.0,0.0,0.0,0.0,-0.22902598415777095
5,10,26,0.0,0.0,0.0,0.0,0.0,0.630476596900573,0.0,0.0,0.0
5,10,27,0.0404732236849453,0.04361787777299561,0.0,0.12586947451168762,0.0,0.0,0.0404732236849453,0.0,-0.03863371896569639
5,10,28,0.09692520070021435,0.17014430217870083,0.01515849656657758,0.11937919157038089,0.3251130788859202,0.11937919157038089,0.0,0.2573513865517041,0.28935033271497906
5,10,29,0.0,0.0,0.0,0.0,0.07887772958124453,0.15411650146458453,0.0,0.07887772958124453,0.07887772958124453
5,10,30,0.0775629193891562,0.06333159771411731,0.2788651120826932,0.0,0.06333159771411731,0.0,0.06333159771411731,0.06333159771411731,-0.2155335143685759
5,10,31,0.34560467854461385,0.0,0.0,0.34560467854461385,0.0,0.34560467854461385,0.34560467854461385,0.0,-0.34560467854461385
5,10,32,0.0,0.0,0.0,0.0,0.0,0.4651085331723766,0.0,0.0,-0.4651085331723766
5,10,33,0.48954682149997036,0.0,0.3363438174052546,0.48954682149997036,0.0,0.4354376736585001,0.4354376736585001,0.0,-0.7717814910637547
5,10,34,0.26126260419510006,0.0,0.0,0.4511715182044137,0.0,0.4511715182044137,0.26126260419510006,0.0,-0.4511715182044137
5,10,35,0.16041722538820477,0.0,0.09783213902508292,0.405753889864293,0.0,0.09783213902508292,0.0,0.4408468092170168,-0.027492167010398083
5,10,36,0.0,0.08488943690734813,0.0,0.08488943690734813,0.0877007710414612,0.0,0.0,0.0877007710414612,0.0877007710414612
5,10,38,0.0,0.0,0.0,0.0,0.0,0.0,0.0,0.6456976454649456,-0.6456976454649456
5,10,40,0.0,0.23984653438407427,0.0,0.0,0.0,0.0,0.0,0.1753304053518162,0.4151769397358905
5,10,41,0.15644537713570364,0.409569602023686,0.15460195775286062,0.15644537713570364,0.547024354608327,0.13745475258464104,0.409569602023686,0.409569602023686,0.23597701971976276
5,10,43,0.0,0.4652417447987084,0.0,0.0,0.4652417447987084,0.0,0.4652417447987084,0.4652417447987084,0.4652417447987084
5,10,44,0.0,0.0,0.0,0.5523681754060966,0.39254400375296583,0.7835400406687525,0.0,0.0,-0.39099603691578666
5,10,45,0.34247639335973656,0.7591439878515963,0.0,0.5486092135140495,0.3556582304169284,0.34247639335973656,0.1495254102626155,0.4462456065153668,-0.2997165442790375
5,10,46,0.46451696700022954,0.5688260226554015,0.46451696700022954,0.0,0.5688260226554015,0.0,0.46451696700022954,0.5688260226554015,0.5688260226554015
5,10,48,0.06708438584862467,0.0,0.0,0.0,0.0,0.17820045939742665,0.0,0.0,-0.24528484524605132
5,10,49,0.01639512926840145,0.04493043243604544,0.0,0.02601898906192931,0.11542260505987678,0.024036909804821295,0.05728254055060415,0.09360100724261854,0.08898700920661812
5,11,2,0.07241262734400111,0.07103699828076218,0.0,0.24907972106428855,0.0,0.0,0.0,0.14808234908248163,-0.1660260177416118
5,11,3,0.2984277975389137,0.0,0.0,0.2984277975389137,0.0,2.0441814413989348,0.0,0.0,-2.3426092389378486
5,11,4,0.07429125383595518,0.0,0.07429125383595518,0.07429125383595518,0.042640382244724585,0.07429125383595518,0.0,0.1605813977871682,0.1289305261959376
5,11,5,0.0,0.244973495585334,0.0,0.0,0.19482663910290243,0.0,0.0,0.3074818294954222,0.06250833391008818
5,11,7,0.0,1.0609284691274055,0.0,0.0,0.6322248518530711,0.0,0.0,0.6322248518530711,0.2035212345787366
5,11,8,0.187110482367298,0.20170946792744215,0.0,0.0,0.05585040027595718,0.0,0.05585040027595718,0.31037058769236636,0.1232601053250684
5,11,9,0.14133534713927073,0.0,0.0,0.0,0.0895667448934072,0.0,0.0,0.0895667448934072,-0.051768602245863535
5,11,10,0.0,0.0,0.0,0.19364667150967452,0.0,0.0,0.0,0.08528350641738852,-0.10836316509228598
5,11,12,0.33023291931206405,0.5619776460916187,0.33023291931206405,0.33023291931206405,0.9154604511812803,0.33023291931206405,0.0,0.5619776460916187,0.5852275318692163
5,11,13,0.0,0.0,0.0,1.1845590851315173,0.0,0.0,0.0,0.0,-1.1845590851315173
5,11,14,0.24357897650779384,1.5390568046204196,0.39782230055065326,0.18265407645852616,1.5390568046204196,0.5660136018195165,1.5950390429650734,1.5390568046204196,0.5142960022009819
5,11,15,0.2737218434550612,0.2457417612142116,0.022983402140093607,0.05444995273097939,0.2457417612142116,0.08111880349800323,0.3038771625721212,0.2457417612142116,-0.05464893300787339
5,11,16,0.276652062797423,0.7257294560975001,0.276652062797423,0.6545207564120089,0.0,0.6545207564120089,0.0,0.7257294560975001,0.07120869968549119
5,11,17,0.0,0.4414751118635168,0.0,0.3864990377893367,1.844687448526896,0.0,0.0,1.844687448526896,1.844687448526896
5,11,19,0.18410972329003542,0.3186893684325347,0.18410972329003542,0.18410972329003542,0.1345796451424993,0.18410972329003542,0.1345796451424993,0.1345796451424993,-0.04953007814753613
5,11,21,0.0,0.14183500268916668,0.0,0.0,0.14183500268916668,0.0,0.0,0.18314772603963397,0.14183500268916668
5,11,22,0.0,0.9490094169130847,0.0,0.0,1.6913233076013743,0.0,0.039318681794273856,0.039318681794273856,1.6913233076013743
5,11,23,0.47810837475182344,0.3739673609317604,0.015237811305320667,0.5584667074241014,0.2892430279990492,0.0955961439775987,0.23493239295970214,0.24102770619271188,-0.11681401452625079
5,11,24,0.48915111452811333,0.0,0.0,0.48915111452811333,0.0,0.0,0.0,0.0,-0.48915111452811333
5,11,25,0.49537446899330734,0.8487032264330463,0.0,0.49537446899330734,0.3533287574397389,0.0,0.0,0.3533287574397389,0.3533287574397389
5,11,26,0.0,0.1545996151157347,0.23289740700337422,0.1545996151157347,0.1545996151157347,0.23289740700337422,0.0,0.1545996151157347,-0.07829779188763952
5,11,28,0.0,1.229236689972778,0.0,0.0,0.0,0.0,0.0,1.229236689972778,1.229236689972778
5,11,29,0.10870024767291406,0.0,0.04906600048371599,0.15669292246723343,0.015448209210972985,0.06977338145819571,0.0,0.03615559018545271,-0.1630254199201368
5,11,30,0.0,2.061328201543129,0.0,2.061328201543129,2.061328201543129,0.0,0.0,2.061328201543129,2.061328201543129
5,11,31,0.30017232334826943,0.16429685809956435,0.3123466635023078,0.2608039971383437,0.16429685809956435,0.44856053229573745,0.1304337239662937,0.14688650910207515,-0.3390537860251873
5,11,32,0.0,0.0,0.4085599083988085,0.0,0.0,0.5084027073854962,0.0,0.0,-0.5084027073854962
5,11,33,0.0,0.11188752202987123,0.0,0.0,0.11188752202987123,0.07872502267216927,0.1906125447020405,0.0,0.03316249935770196
5,12,2,0.05956111188864984,0.06009461089693374,0.10051076182472903,0.05956111188864984,0.06009461089693374,0.05956111188864984,0.06009461089693374,0.06009461089693374,-0.09997726281644513
5,12,3,0.5095504823985854,0.07533728807353915,0.0,0.0,0.0,0.0,0.0,0.3941918140259298,-0.04002138029911643
5,12,5,0.1256576063516146,0.28078344512992703,0.0,0.511331447101894,0.4131381570744741,0.1256576063516146,0.1256576063516146,0.28078344512992703,-0.22385089637903458
5,12,6,0.5877957456226891,0.13373338977458848,0.5877957456226891,0.7086385597357041,0.23702202027871236,0.8607827329571385,0.06594199619796043,0.23092610305440944,-0.4606260032006446
5,12,7,0.04668503559706513,0.4980656416206085,0.06934434040659437,0.0683144768489867,0.039370599067769824,0.0683144768489867,0.039370599067769824,0.039370599067769824,0.40709185996209263
5,12,8,0.0,0.0,0.0,0.0,0.1435526389072953,0.0,0.0,0.1435526389072953,0.1435526389072953
5,12,9,0.03003919465598508,0.2706522753113538,0.03003919465598508,0.22022341987557353,0.5035199174619677,0.30069146996733886,0.2706522753113538,0.9050233721064475,0.7148391468868589
5,12,10,0.170919964976015,0.19247595061542072,0.170919964976015,0.170919964976015,0.2507773489475629,0.170919964976015,0.170919964976015,0.0,0.27233333458696857
5,12,11,0.17520942097541797,0.3196863726491934,0.14728777863202833,0.3125035157432762,0.3009581149686572,0.0,0.3009581149686572,0.2890491631465647,0.022110326720571227
5,12,12,0.0,0.5220066235221925,0.0,0.34355470025718815,0.544826632621151,0.0,0.0,0.47296112894887693,0.6257369573505227
5,12,13,0.16946028112491898,0.0,0.21465903396706768,0.16946028112491898,0.14133150297589556,0.16946028112491898,0.0,0.3136619345438242,0.09900290057675647
5,12,14,0.054277128604083374,0.0,0.16538972628592538,0.054277128604083374,0.10817235401277082,0.054277128604083374,0.054277128604083374,0.10817235401277082,-0.057217372273154536
5,12,15,0.41718767236187637,0.6457202431043655,0.0,0.5997011068735075,0.40974271041814697,0.11345994201104738,0.11376933389546834,0.580573851438618,-0.1321182752719458
5,12,17,0.798326379129633,1.1296864534213111,0.6224671412942018,1.1377991916799841,1.1296864534213111,0.6224671412942018,0.614354403035529,1.1296864534213111,0.33136007429167824
5,12,18,0.0,0.7753736357677193,0.0,0.0,0.0,0.0,0.0,0.20376881273527334,-0.3678360102971726
5,12,19,0.0,0.0,0.0,0.0,0.12089825310416753,0.0,0.0,0.3317406542551237,0.3317406542551237
5,12,20,0.39941697123267667,0.18350736916637414,0.17044381570063136,0.33197460003674734,0.12962879984821254,0.0,0.12962879984821254,0.33068097001079594,-0.0467594163916226
5,12,22,0.054038114069246856,0.08983872009762485,0.09912471955735085,0.07749529404536575,0.5008504764655486,0.07749529404536575,0.059958819444319335,0.6577894958516967,0.5500390426856252
5,12,23,0.0,0.09306729952666494,0.0,0.0,0.14017461498383935,0.0,0.053067124364583905,0.08710749061925543,0.14017461498383935
5,12,24,0.37806052077219776,0.06971628279022846,0.15487309202974178,0.4172645315609028,0.14114352328391908,0.26681047480903075,0.06971628279022846,0.14114352328391908,-0.2761210082769837
5,12,25,1.8073907751120468,0.0,1.6566246323749532,0.15076614273709354,0.0,0.0,0.0,0.0,-1.8073907751120468
5,12,26,0.0333766970851805,0.411909711964549,0.10469286930159755,0.39406954099001246,0.4276883486604225,0.39406954099001246,0.3143243937990038,0.4276883486604225,-0.057291499523824285
5,12,27,0.0,0.80190206728842,0.0,0.0,0.80190206728842,0.0,0.80190206728842,0.80190206728842,0.80190206728842
5,13,1,0.0,0.0,0.03891739896691174,0.0,0.034531286699014424,0.036460616702010874,0.0,0.0763738846588885,0.000995868989965884
5,13,2,0.3183798811483328,0.4529852294658888,0.032806009192511455,0.5406501691467022,0.1969037709378828,0.30836957129553655,0.19882155772935106,0.23407278289317882,-0.2967346362654374
5,13,3,0.3649987029887869,0.12775350420304504,0.23217087987304955,0.2539618589296469,0.06460194810779532,0.23220619260662603,0.08135657446645593,0.19901361075882815,-0.27587073034747656
5,13,4,0.23514969273810543,0.40659472435471555,0.0,0.33904247316139413,0.05736350437991501,0.29810312319103605,0.23514969273810543,0.11882459983459152,-0.2949290623193691
5,13,5,0.04654185589029797,0.0,0.04654185589029797,0.12513336193043362,0.03508030841658449,0.12513336193043362,0.0,0.07479128812045108,-0.05034207380998254
5,13,6,0.9335579489301533,0.9335579489301533,0.0,0.9335579489301533,0.9335579489301533,0.0,0.9335579489301533,0.0,0.9335579489301533
5,13,7,0.0,0.0,0.0,0.0,0.4431196852621198,0.0,0.0,0.4431196852621198,0.4431196852621198
5,13,8,0.0,0.0,0.26470942388909413,0.0,0.0,0.25991359206691633,0.0,0.0,-0.5246230159560105
5,13,9,0.0,0.0,0.0,0.1944026316813453,0.0,0.1944026316813453,0.0,0.20516911080800315,0.010766479126657846
5,13,10,0.0,0.0,0.0,0.0,0.0,0.0,0.0,1.2986838755537682,1.2986838755537682
5,13,11,0.0,0.0,0.0,1.866265264140915,0.0,1.866265264140915,0.0,0.0,-1.866265264140915
5,13,13,0.061444906858080885,0.056940402353576385,0.0,0.025700570975620063,0.019734145664491977,0.025700570975620063,0.0,0.093575815850426,0.03213090899234511
5,13,14,0.0,0.20478480101184302,0.07962304512935871,1.0368140356338416,0.20478480101184302,1.1164370807632003,0.20478480101184302,0.20478480101184302,-0.9116522797513573
5,13,15,0.14556750275993421,0.0,0.0,0.3543896755469422,0.0,0.20882217278700796,0.0,0.0,-0.3543896755469422
5,13,16,0.1260381085099118,0.6546526147607726,0.04474032067815365,0.3089743865227294,0.6774870539650479,0.14155474882294883,0.09562505765527762,0.5338395266042929,0.43386674722298035
5,13,17,0.0,0.36797338440695865,0.0,0.0,0.36797338440695865,0.0,0.0,0.43557845573638926,0.43557845573638926
5,13,18,0.07712577746585055,0.08175848153066385,0.03149466096794057,0.050438127752045835,0.07386784516178271,0.045631116497909976,0.03132035377861801,0.07386784516178271,0.04718019544797801
5,13,19,1.9619947428437339,0.135823099051757,0.7711868548427623,0.9070099538945193,0.14375900299650002,0.14375900299650002,0.0,0.14375900299650002,-1.6744767368507336
5,13,20,0.0,0.7257294560975001,0.0,0.0,0.7257294560975001,0.0,0.7257294560975001,0.7257294560975001,0.7257294560975001
5,13,22,0.0,0.4529368804921919,0.0,0.0,0.4529368804921919,0.0,0.0,0.4529368804921919,0.4529368804921919
5,13,23,0.30840685170744075,0.0,0.0,0.0,0.0,0.0,0.0,0.0,-0.30840685170744075
5,13,24,0.0,0.0,0.0,0.0,0.0,0.0,0.0,0.4838196373983334,0.4838196373983334
5,13,26,0.02207372248883357,0.14523204152294583,0.0,0.021502905899741534,0.10090265934347413,0.17498044305191726,0.10090265934347413,0.19408957326121676,-0.0023937756904420767
5,13,27,0.0,0.9171932198443588,0.0,0.0,0.9171932198443588,0.0,0.9171932198443588,0.0,0.9171932198443588
5,13,31,0.0,0.33749268020750806,0.0,0.0,0.7092554623426142,0.0,0.0,0.33749268020750806,0.7092554623426142
5,13,32,0.0,0.819139204047372,0.0,0.0,0.819139204047372,0.0,0.819139204047372,0.819139204047372,0.819139204047372
5,13,33,0.0,0.11451823341906271,0.0,0.11451823341906271,0.11451823341906271,0.0,0.0,0.11451823341906271,0.11451823341906271
5,13,34,0.09702007137994301,0.3615667867705254,0.09702007137994301,0.09702007137994301,0.2645467153905824,0.09702007137994301,0.3615667867705254,0.2645467153905824,0.16752664401063938
5,13,35,0.045919585822167035,1.0150011175442801,0.012792938595884887,0.09473067732208801,0.9847504902627925,0.017280233927230694,0.19347982412911224,0.9354031585353543,1.0106210787546124
5,13,36,0.0,0.36032590779599805,0.0,0.0,0.0,0.0,0.36032590779599805,0.36032590779599805,0.36032590779599805
5,13,38,0.09317713157180557,0.057259116709531356,0.09317713157180557,0.15043624828133692,0.15043624828133692,0.09317713157180557,0.0,0.15043624828133692,0.15043624828133692
5,13,39,0.7217848148078277,0.0,0.7217848148078277,0.7217848148078277,0.0,0.7217848148078277,0.7217848148078277,0.7217848148078277,-0.7217848148078277
5,13,40,0.0,0.18742215744504492,0.0,0.0,0.18742215744504492,0.1303034858022112,0.1303034858022112,0.18742215744504492,0.05711867164283371
5,13,41,0.05423103043997549,0.02409232953080506,0.0,0.0,0.02409232953080506,0.0,0.07832335997078055,0.1293982326177427,0.1293982326177427
5,13,42,0.47685906076530177,0.7120170756658399,0.47685906076530177,0.0,0.7315056483499507,0.0,0.024896977152567997,0.02879376881546219,0.2763788115376338
5,13,43,0.0,1.124360837205343,0.0,1.124360837205343,1.124360837205343,0.0,0.0,1.124360837205343,1.124360837205343
5,13,44,0.0,0.15358860075888225,0.0,0.0,0.15358860075888225,0.3128907542714073,0.15358860075888225,0.15358860075888225,-0.15930215351252502
5,13,45,0.0,0.12839774403501092,0.0,0.0,0.12839774403501092,0.0,0.12839774403501092,0.3181909244791745,0.3181909244791745
5,13,46,0.044320100407419835,0.0756654703215967,0.0,0.044320100407419835,0.0756654703215967,0.0721294542879376,0.09922942567691129,0.0,0.0035360160336591062
5,13,47,0.0,0.7287116153371481,0.0,0.0,0.9965013768606378,0.0,0.7006843867080791,0.7287116153371481,0.9965013768606378
5,13,48,0.0,1.997568416490153,0.0,0.0,1.997568416490153,0.0,1.997568416490153,0.0,1.997568416490153
5,13,49,0.0,0.17843392406748396,0.04754605630489711,0.0,0.4120546602273622,0.0,0.37926097217814303,0.1895583048937659,0.4120546602273622
5,13,50,0.0,0.0,0.38559457456204843,0.0,0.0,0.0,0.0,0.0,-0.38559457456204843
5,13,53,0.5321986198688533,0.4970429188142885,0.6642761315545724,0.6642761315545724,0.2853669166414504,0.0,0.4970429188142885,0.0,-0.24683170322740294
5,13,54,0.1975558966027679,0.19332305379382414,3.0393640490678964,0.1975558966027679,0.0,0.04987598794879246,0.0,0.19332305379382414,-3.2369199456706643
5,13,55,0.0,0.08277450520762579,0.0,0.0,0.1123684144709463,0.0,0.08277450520762579,0.1180624105070099,0.23043082497795617
5,13,57,0.04462134134931183,0.0,0.04462134134931183,0.08982914993244272,0.02824413421559366,0.060682143966703524,0.0,0.051372733151087466,-0.02470328776366223
5,13,59,0.12702610984998342,0.0,0.05371258326160079,0.12702610984998342,0.0,0.12702610984998342,0.0,0.0,-0.12702610984998342
5,13,60,0.4426433004758768,0.319003603300739,0.4426433004758768,0.4426433004758768,0.319003603300739,0.4426433004758768,0.319003603300739,0.319003603300739,-0.12363969717513779
5,13,62,0.08113363609114342,0.15145734967064506,0.08113363609114342,0.08113363609114342,0.15145734967064506,0.0,0.0,0.15145734967064506,0.15145734967064506
5,13,64,0.0,0.021379403965939868,0.0,0.0,0.0396629973326465,0.07020060263851396,0.0,0.021379403965939868,-0.030537605305867455
5,13,66,0.0,0.0,0.0,0.0,0.6942249344055379,0.3727085262872223,0.0,0.6610859214283821,0.32151640811831556
5,13,67,0.16883494821077238,0.0,0.16883494821077238,0.0,0.0676881967192969,0.0,0.0,0.0,-0.10114675149147548
5,13,68,0.15561678532355044,0.10378744308545924,0.15561678532355044,0.15561678532355044,0.19201250241390114,0.2594042284090097,0.10378744308545924,0.0882250593284419,0.0363957170903507
5,13,69,0.0,0.11859622770979872,0.004731776189747175,0.012269810723471006,0.14924157053377463,0.009508187760314809,0.053103055071008334,0.1836179411330987,0.19437606851220385
5,13,70,0.0,0.1513309406431934,0.0,0.13527228221929344,0.1513309406431934,0.13527228221929344,0.1513309406431934,0.0,0.016058658423899974
5,14,1,0.0,0.0,0.0,0.0,0.9181283131181105,0.0,0.0,0.0,0.9181283131181105
5,14,2,0.0,0.17566851107496861,0.3921424074039139,0.015674336987627015,0.09844562815251118,0.4126825693197069,0.0,0.13269542429487136,-0.16413671728679835
5,14,3,0.0,1.433493607082901,0.0,0.0,1.433493607082901,0.0,1.433493607082901,1.433493607082901,1.433493607082901
5,14,4,0.08306106245946494,0.08229012673932454,0.06745871697936077,0.08306106245946494,0.1796103557676624,0.06745871697936077,0.06745871697936077,0.12055277268524833,0.09654929330819746
5,14,5,0.0,1.0926502643584548,0.0,0.0,1.0926502643584548,0.0,1.0926502643584548,0.0,1.0926502643584548
5,14,6,0.07559034418429511,0.5586558401619778,0.14233200446471503,0.12705321766933517,0.3363271128800686,0.05146287348504006,0.0,0.2979190714662043,0.4404513063965178
5,14,7,0.0,0.14413857070990574,0.0,0.0,0.14413857070990574,0.0,0.14413857070990574,0.1446523416569561,0.2157190255176686
5,14,8,0.0,0.4479188186965951,0.0,1.0188389118684185,0.0,0.18432851755673765,0.0,0.0,-0.8823741783994548
5,14,9,0.5892045300897766,0.0,0.5892045300897766,0.5892045300897766,0.0,0.5892045300897766,0.0,0.0,-0.5892045300897766
5,14,10,0.46752375595870227,0.0,0.46752375595870227,0.0,0.3750050171762167,0.46752375595870227,0.0,0.0,-0.09251873878248557
5,14,11,0.1417007601054697,0.1166350911585268,0.1417007601054697,0.2603214978830719,0.0,0.48072942491989357,0.0,0.0,-0.36409433376136674
5,14,12,0.13673512688188294,1.2631942916966339,0.06368777729589807,0.5784483129268392,1.389962071380777,0.06368777729589807,0.8214811056516778,0.6035869316168437,1.3262742940848788
5,14,14,0.14650773662396172,0.22394196304391978,0.0,0.35016738329048697,0.13943428818682804,0.1915702573073869,0.15295144634284766,0.13943428818682804,-0.32065611334603733
5,14,15,0.3753645502887629,0.2942315747347869,0.270606936309511,0.2245175416608902,0.2942315747347869,0.25376878602063174,0.2537456432760813,0.42291465255386207,0.18935183156407978
5,14,16,0.0,0.04236926917486407,0.0,0.20038892445463827,0.04236926917486407,0.0,0.24275819362950235,0.04236926917486407,-0.15801965527977418
5,14,17,0.012451843455239451,0.020823528371724045,0.3051304174330623,0.020002496208144687,0.06543927658878167,0.012451843455239451,0.0,0.03736633305661446,-0.22314833615939017
5,14,18,0.0,0.015156825011346537,0.0,0.015156825011346537,0.07481391037248139,0.0,0.0,0.17440747770566253,0.17440747770566253
5,14,19,0.6318289342280434,0.0,0.49460354715885857,0.6318289342280434,0.0,0.6520225029008757,0.1671866948897239,0.0,-0.6220611950803367
5,14,20,1.6438866881267356,0.0,0.0,1.6438866881267356,0.0,1.6438866881267356,0.0,0.0,-1.6438866881267356
5,14,21,0.5193564022050164,0.14769869797782822,0.5193564022050164,0.0,0.14769869797782822,0.0,0.14769869797782822,0.14769869797782822,-0.3716577042271882
5,14,22,0.06088325726747969,0.516758350246174,0.036626810669489175,0.2290225013885023,0.5094840208715415,0.1019308440784135,0.38219733586807453,0.5094840208715415,0.3895655105052785
5,14,23,0.0,0.22534437911162714,0.1355962585264461,0.0,0.22534437911162714,0.06353756752618654,0.08805261018707393,0.1515901777132605,0.02621055305899451
5,14,24,0.0,1.053758918077234,0.0,0.5419422814770097,0.14430199913066466,0.053410989575746234,0.054532778174267514,0.0,-0.8549241407723018
5,14,25,0.0,0.3219368385048583,0.0,0.0,0.3929267951279784,0.07470917723747231,0.02891079543696607,0.1461977234236897,0.3929267951279784
5,14,26,0.08665580010895785,0.2154024115745072,0.08634872315250319,0.19635355108894686,0.18075969502708625,0.13378371081958698,0.13506078510526628,0.06252085420049029,-0.039086672342567845
5,14,27,0.0,0.0,0.0,0.0,0.0,2.209265532568789,0.0,0.0,-2.209265532568789
5,14,28,0.20621504205199181,0.0,0.20621504205199181,0.0,0.0,0.0,0.0,0.28206939802671155,0.07585435597471973
5,14,29,0.0738753185308054,0.135464146957922,0.0,0.0738753185308054,0.135464146957922,0.0,0.0738753185308054,0.1262940970688583,0.2001694155996637
5,14,30,0.0,0.40166495376646283,0.0,0.0,0.42505719822092575,0.2670853086239635,0.0,0.1345796451424993,0.42505719822092575
5,15,1,0.0,0.4255050080675001,0.0,0.0,0.4255050080675001,0.0,0.0,0.0,0.4255050080675001
5,15,3,0.354059169805062,0.2749656437363153,0.354059169805062,0.354059169805062,0.0,0.354059169805062,0.0,0.0,-0.0790935260687467
5,15,4,0.0,1.592437616731304,0.0,0.20613282015431292,1.592437616731304,0.0,0.0,1.592437616731304,1.592437616731304
5,15,5,0.0,0.34325838190189983,0.0,0.0,0.4292406858426283,0.34325838190189983,0.0,0.0,0.4292406858426283
5,15,6,0.0,1.0089125418287945,0.0,0.0,1.0089125418287945,0.0,1.0089125418287945,0.0,1.0089125418287945
5,15,7,0.2627567145131592,0.2839085619992609,0.14339421596639806,0.16553511462699974,0.3445643511870881,0.16553511462699974,0.18057693678933817,0.38164371517696527,0.24407764072715904
5,15,8,0.0,0.36881337306578604,0.0,0.0,0.36881337306578604,0.047532089160555034,0.047532089160555034,0.0,0.32128128390523103
5,15,9,0.0,0.17777378862968082,0.0,0.0,0.17777378862968082,0.1041029518882811,0.07367083674139972,0.07367083674139972,0.17777378862968082
5,15,10,0.49138760047040053,0.13426104933395738,0.49138760047040053,0.6266202496850313,0.13426104933395738,0.8250013138326888,0.12076660816593447,0.14937550531568047,-0.554859200351074
5,15,12,0.1595145938160545,3.030283399820781,0.1595145938160545,0.1595145938160545,3.030283399820781,0.0,3.189797993636836,0.0,2.8707688060047265
5,15,14,0.0,1.638278408094744,0.0,0.0,1.638278408094744,0.0,1.638278408094744,1.638278408094744,1.638278408094744
5,15,15,0.0,0.4492925954400944,0.0,0.0,0.0,0.0,0.0,0.0,0.0
5,15,16,0.22286492414574166,0.047995518305139324,0.052030917295107705,0.40287911041281926,0.047995518305139324,0.4129010635449495,0.028790597172749927,0.019204921132389398,-0.3649055452398101
5,15,17,0.08488188290375479,0.7076388393760905,0.25271316594856164,0.47138092069309145,0.7327441295189177,0.16330732884688234,0.34624509172958096,0.7704975337496984,0.46446421200083643
5,15,18,0.24060195150626362,0.07361886434082604,0.0,0.31422081584708966,0.6047076190484191,0.12140547368858465,0.12140547368858465,0.07361886434082604,0.3641056675421554
5,15,19,0.03607370501717029,0.32525840927330996,0.07485881684975128,0.11871496584286564,0.4116485696109154,0.08023349772933647,0.18442018475646613,0.37315064801528236,0.4408506123671625
5,15,20,0.16818220291588182,0.07524273293210118,0.16818220291588182,0.16818220291588182,0.0,0.16818220291588182,0.0,0.0,-0.243424935847983
5,15,21,0.273278257153552,0.0,1.2902501961018977,0.273278257153552,0.0,0.273278257153552,0.0,0.0,-1.2902501961018977
5,15,22,0.0,0.0,0.0,0.0,0.0,0.0,0.0,0.23795664706364417,0.23795664706364417
5,15,23,0.0,0.0,0.0,0.0,0.4234802847765211,0.18776050284760484,0.0,0.4234802847765211,0.23571978192891627
5,15,24,0.0,0.19077006615761727,0.0,0.0,0.19077006615761727,0.0,0.0,0.19077006615761727,0.19077006615761727
5,15,26,0.3842097120516177,0.0,0.0,0.3842097120516177,0.2651121038172462,0.3842097120516177,0.3842097120516177,0.0,-0.11909760823437149
5,15,27,0.21364914942198424,0.2775669852132909,0.10887638009713868,0.21364914942198424,0.17603175301168725,0.04129923757669988,0.11298651235091324,0.10145476846343808,-0.03879787092689329
5,15,29,0.0,0.6745826414313231,0.0,1.2141017708446575,2.375736423463128,0.0,1.638902238356505,0.39919114448081716,2.375736423463128
5,15,31,0.0,0.08651920440979294,0.055325820929005315,0.0,0.1488295926191892,0.055325820929005315,0.045527094348268946,0.040992110061523986,0.0935037716901839
5,15,32,0.0,0.11513330297159821,0.2640484868107635,0.0,0.11513330297159821,0.6284742549542869,0.03212310604107341,0.12995244105885465,0.1325003873738333
5,15,33,0.07275512601627224,0.13194345359126963,0.04164421405270123,0.06638015247121878,0.16794393524018641,0.04164421405270123,0.07275512601627224,0.13194345359126963,0.12629972118748517
5,16,1,5.0062520683425165,0.3510596588774451,0.0,5.0062520683425165,0.3510596588774451,0.0,0.3510596588774451,0.3510596588774451,-4.655192409465071
5,16,2,0.0,0.21527667422296415,0.0,0.0,0.21527667422296415,0.0,0.0,0.21527667422296415,0.21527667422296415
5,16,3,0.0,0.11924977472443342,0.11111259768184199,0.0,0.5783139312834887,0.0,0.0,0.11924977472443342,0.4672013336016467
5,16,4,0.442850754369715,0.0,0.0,0.442850754369715,0.0,0.442850754369715,0.0,0.0,-0.442850754369715
5,16,5,0.0,0.7286074208997394,0.25973677511075366,0.0,0.7286074208997394,0.25973677511075366,0.5446874639970277,0.3629766354260598,0.46887064578898574
5,16,7,0.0,0.03000013137156078,0.0,0.0,0.0662909394853882,0.038649527874799826,0.0,0.07383273270951483,0.07147401294854243
5,16,8,0.0,0.0,0.0,0.05207136087435794,0.0311896592726172,0.05207136087435794,0.0,0.056973321658671666,0.03609162005693093
5,16,9,0.2361795665224773,0.34538172894431785,0.2361795665224773,0.2361795665224773,0.41714671832765704,0.05720487202164741,0.123245316609384,0.362021656583876,0.404919238773687
5,16,11,0.45344243233750303,0.22672121616875152,0.0,0.0,0.22672121616875152,0.0,0.22672121616875152,0.0,-0.22672121616875152
5,16,12,0.12531285598395814,0.5257435011638958,0.27429620132295146,0.5193899266013581,0.221562685957664,0.2007186062676104,0.08697064800001685,0.19432680085932832,-0.3218171170066066
5,16,14,0.1659912376784538,0.5569615645406645,0.1659912376784538,0.31338320019543225,0.40956960202368603,0.1659912376784538,0.40956960202368603,0.40956960202368603,0.09618640182825376
5,16,15,0.0,0.21694838053994778,0.0,0.08245312806172517,0.08245312806172517,0.0,0.0,0.28357104293722335,0.14907579045900074
5,16,16,0.0,0.0,0.0,0.0,0.3747722850232841,0.0,0.0,0.0,0.3747722850232841
5,16,18,0.046895609723703435,0.06202779423847956,0.038129449055929764,0.09569751542319031,0.06202779423847956,0.16020476035751727,0.0,0.06202779423847956,-0.13630641517496747
5,16,19,1.4075882107309787,0.0,0.7618905652660333,0.0,0.1631459100413823,0.7618905652660333,0.0,0.0,-1.2444423006895964
5,16,20,0.1621471729274138,0.2705737060605479,0.13890231893165805,0.3330949666269736,0.23695980536961367,0.11322169487960589,0.0,0.21768083452079157,0.015189210946579743
5,16,21,0.07561171171499564,0.03450989503115576,0.0,0.028125011619901778,0.07025534723123389,0.0,0.0,0.0,-0.005356364483761745
5,16,22,0.0,0.1650986434238207,0.0,0.0,0.14448420098679998,0.0,0.0,0.14226476926233478,0.2226229872286669
5,16,23,0.0,0.41226564030862584,0.0,0.41226564030862584,0.838579097204936,0.0,0.0,0.41226564030862584,0.41226564030862584
5,16,24,0.10826289707729571,0.0,0.10826289707729571,0.2274226837797027,0.47893603635439885,0.0,0.0,0.7063587201341015,0.3706731392771031
5,16,28,0.07114075523895673,0.08458526840448442,0.07114075523895673,0.09830537504930811,0.057420648594133025,0.1011824356945735,0.057420648594133025,0.057420648594133025,-0.04376178710044048
5,16,29,0.04591751174594397,0.21303230774748338,0.04591751174594397,0.03220825314911139,0.33118606278723406,0.0,0.02879533438811408,0.5766656938406146,0.5307481820946707
5,16,30,1.0894128301694215,0.0,0.0,1.0894128301694215,0.23526682487584505,1.0894128301694215,0.0,0.23526682487584505,-0.8541460052935766
5,16,31,0.0,1.1536781992075964,1.5000200687048668,1.0306641007715645,1.1536781992075964,0.0,0.0,1.1536781992075964,-0.3463418694972704
5,16,32,0.0,0.0,0.0,0.0,0.0,0.6594713962118114,0.0,0.0,-0.6594713962118114
5,16,34,0.0,0.29350129989697643,0.0,0.1695007568945252,0.12400054300245122,0.0,0.0,0.12400054300245122,-0.04550021389207398
5,16,35,0.0,1.638278408094744,0.0,0.0,1.638278408094744,0.0,1.638278408094744,1.638278408094744,1.638278408094744
5,16,36,0.2529180385325957,0.3388067135968928,0.30155115328690224,0.2582644183028429,0.13638621864853442,0.3298257885828844,0.15745004534433854,0.3388067135968928,-0.06969694145011067
5,16,37,0.354059169805062,0.0,0.0,0.0,0.0,0.354059169805062,0.0,0.2939485635176714,0.6480077333227334
5,16,38,0.0,0.06434826981474638,0.0,0.0,0.06434826981474638,0.0,0.025598100126480373,0.06434826981474638,0.06434826981474638
5,16,39,2.283735037908837,0.24667428745914058,2.368482699487866,0.11847709636292308,0.24667428745914058,0.11847709636292308,0.11847709636292308,0.24667428745914058,-2.1218084120287255
5,17,1,0.28294858337163653,0.4128401333520301,0.07337677703376373,0.7101954314176272,0.7760199735403097,0.2830251560274282,0.12064030958014829,0.6553796639601613,0.34009380928502864
5,17,2,0.0,0.43477388522514365,0.0,0.0,0.43477388522514365,0.0,0.43477388522514365,0.43477388522514365,0.43477388522514365
5,17,3,0.0,0.17652878661831084,0.0,0.0,0.17652878661831084,0.0,0.17652878661831084,0.0,0.17652878661831084
5,17,4,0.23782332817986307,0.3167591041945023,0.0,0.0,0.14268876457599383,0.0,0.14268876457599383,0.14268876457599383,0.07893577601463925
5,17,5,0.1659912376784538,0.16936439200961362,0.1659912376784538,0.1659912376784538,0.0,0.1659912376784538,0.0,0.45484536755940547,0.11948973787133803
5,17,6,0.0,0.19745372151849655,0.0,0.0,0.19745372151849655,0.0,0.19745372151849655,0.19745372151849655,0.19745372151849655
5,17,7,0.0,0.2205174084022523,0.0,0.0,0.2205174084022523,0.0,0.2205174084022523,0.2205174084022523,0.2205174084022523
5,17,8,0.3487565759819505,0.23692897490522163,0.10000133791365777,0.3259116229632296,0.31119795098788805,0.3259116229632296,0.23692897490522163,0.2882801786900722,-0.13755996290772024
5,17,9,0.7530807612323961,0.09451606200546601,0.7530807612323961,1.3673568927869686,0.09451606200546601,0.11805275471388135,0.21256881671934735,0.09451606200546601,-1.2728408307815027
5,17,10,0.30852498958454955,0.0,0.47265648303681634,0.30852498958454955,0.10063130209755003,0.30852498958454955,0.0,0.17024904186214554,-0.4096698265641202
5,17,13,0.0998267580669619,0.0,0.0,0.0998267580669619,0.09725137886661205,0.0,0.0,0.09725137886661205,-0.0025753792003498505
5,17,14,0.21426804358575915,0.2602696150268016,0.2004309756198893,0.2255890123529518,0.33329981775876166,0.22705058005248982,0.2602696150268016,0.2602696150268016,-0.030143753076010128
5,17,15,0.20476769706671138,0.10403125683655727,0.20476769706671138,0.4898006110098553,0.10403125683655727,0.20476769706671138,0.30511879334419295,0.10403125683655727,-0.05363128839601181
5,17,16,0.0,0.12999355822163491,0.0,0.0,0.6141222315695256,0.8760777605995435,0.014627485786560214,0.6478022517708717,-0.28284368450533864
5,17,17,0.14010591042234957,0.1035936897747212,0.0,0.0,0.24369960019707074,0.0,0.14010591042234957,0.4945988045845753,0.4945988045845753
5,17,18,0.09125319165666188,0.056665113744210224,0.07385940093445974,0.07385940093445974,0.056665113744210224,0.13178305844337312,0.0,0.056665113744210224,-0.16637113635582476
5,17,19,0.0,0.6774278518462622,0.0,0.0,0.6774278518462622,0.2178427934761445,0.0,0.0,-0.2178427934761445
5,17,20,0.2795409899570795,0.0,0.0,0.2795409899570795,0.0,0.25223902402500936,0.0,0.0,-0.5317800139820889
5,17,21,0.0,0.0,0.0,0.0,0.0,0.058138566646547075,0.0,0.06988524748926987,0.011746680842722797
5,17,22,0.0,0.09262446825954833,0.0,0.0,0.1250039088189971,0.0,0.0,0.0,0.16800888243570117
5,17,23,0.0,0.10815747442195049,0.0,0.0,0.24034137888751125,0.0,0.07328300154305696,0.13218390446556075,0.24034137888751125
5,17,24,0.05616244883857459,0.0,0.05616244883857459,0.05616244883857459,0.6227946229837836,0.1543131264558246,0.09815067761725,0.4923225008044144,0.46848149652795906
5,17,25,0.0,0.0,0.0,0.0,0.0,1.1981353641187946,0.0,0.0,-1.1981353641187946
5,17,26,0.29641073201745094,0.04136260902732929,0.26677163198322934,0.32157287631089954,0.05648581727430164,0.3179781388861059,0.046446881227825365,0.04136260902732929,-0.26149232161180425
5,17,27,0.07226778018289089,1.5334117079970218,0.0,0.0,1.6942389520216956,0.039445289568066914,0.2977521949903832,0.3507491935761549,1.5922718975959032
5,17,28,0.097925989831413,0.23138946390618523,0.21656070966523405,0.10522854156966323,0.15529186365734998,0.05707724622537038,0.06834898236509376,0.3041209527916318,-0.06224412971873894
5,17,29,0.22649840779034577,0.017428493703135574,0.0,0.0,0.6366562602337876,0.0,0.017428493703135574,0.6366562602337876,0.4101578524434418
5,17,30,0.0,0.0,0.0,0.0,0.7125247547003749,0.0,0.7125247547003749,0.2706716481866171,0.7125247547003749
5,17,32,0.0,0.19403299864536713,0.0,0.19403299864536713,0.0,0.14305562121722273,0.0,0.19317532402653192,0.050119702809309184
5,18,1,0.0,0.32557920048626726,0.0,0.17006574560823154,0.24267381804798607,0.0,0.4127395636562176,0.24243778307311825,0.22788549234292246
5,18,3,0.10740994459467255,0.12210560198506513,0.0,0.10740994459467255,0.7395025832844784,0.12201021740645461,0.6560479120723748,0.7933050829932947,0.8767597542053982
5,18,4,0.0,0.23113739576526166,0.0,0.26440845390860085,0.06625065501845552,0.0,0.06625065501845552,0.06355495555551303,-0.13431138206640947
5,18,5,0.0,0.05153320503857823,0.0,0.2067981430408277,0.2067981430408277,0.0,0.15526493800224947,0.11406789601830147,0.26933283402055097
5,18,6,0.0,0.0,0.0,0.3583037030821142,0.3583037030821142,0.0,0.3583037030821142,0.0,0.3583037030821142
5,18,7,0.0,0.07646419485769092,0.0,0.0,0.12877749679544098,0.0,0.0,0.12877749679544098,0.12877749679544098
5,18,8,0.0,0.20613282015431292,0.23117475219687678,0.20613282015431292,0.20613282015431292,0.5246546169087046,0.0,0.20613282015431292,-0.3185217967543917
5,18,9,0.08058268079052625,0.10159585887862022,0.03995665544289865,0.08058268079052625,0.10159585887862022,0.08058268079052625,0.0,0.10159585887862022,-0.018943477354804672
5,18,10,0.0,0.0,0.0,0.0,0.0,0.0,0.0,1.200462323889713,-1.200462323889713
5,18,11,0.11080130062690906,0.3208169070674271,0.024730177357942928,0.20293827530260836,0.4639199002623277,0.13089654628452305,0.11699543972053197,0.4858804762861916,0.28406271052497784
5,18,13,0.11520155951487128,0.04208489276558799,0.0,0.11520155951487128,0.04208489276558799,0.20245613802912882,0.15019045848027987,0.632506719277989,0.4300505812488602
5,18,14,0.0,0.1420694557019661,0.0,0.0,0.48415329566996024,0.0,0.1420694557019661,0.2966507870818519,0.48415329566996024
5,18,15,0.3684248671476774,0.3981262794889283,0.5994964081037434,0.44524455167723503,0.5330326146576708,0.3684248671476774,0.24866725837152365,0.3981262794889283,-0.13910313003391958
5,18,17,0.09259199989158039,0.828694356583906,0.0,0.0,0.6454624201433709,0.0,0.6454624201433709,0.6454624201433709,0.828694356583906
5,18,18,0.3093225630779877,0.0,0.3093225630779877,0.0,0.0,0.0,0.0,0.0,-0.3093225630779877
5,18,19,0.0,0.0,0.0,0.0,0.7911940485454961,0.0,0.7911940485454961,0.7911940485454961,0.7911940485454961
5,18,21,0.20450091839746426,0.0,0.14231762699599407,0.04554637619225867,0.0,0.10772966759372885,0.0,0.07420759398580191,-0.13029332441166233
5,18,22,0.10934180243979857,0.12098231359773931,0.06617735597227353,0.0,0.03963576793777607,0.10934180243979857,0.03963576793777607,0.12098231359773931,-0.0545368448143328
5,18,24,0.0,1.5291919683461106,0.0,0.0,0.0,0.0,0.0,1.5291919683461106,1.5291919683461106
5,18,25,0.10363816845386697,0.20988412785125582,0.0,0.12835084255420723,0.08563728042313434,0.14341591344765653,0.14861729856086975,0.20988412785125582,-0.07263383789718818
5,18,26,0.0419297092073125,0.031000135750612806,0.0419297092073125,0.0419297092073125,0.07292984495792532,0.08611501985868827,0.0,0.25202400124955326,0.20783869059817744
5,18,29,0.0,0.33781622507042075,0.0,0.0,0.0,0.0,0.0,0.2303037910286605,0.33781622507042075
5,18,30,0.0,0.0,0.0,0.0,9.89320520831269,0.0,0.0,9.89320520831269,9.89320520831269
5,18,31,0.0,0.4984831056751703,0.0,0.0,0.0,0.0,0.458854339028543,0.0,0.03962876664662729
5,18,35,0.20467705239191455,0.20467705239191455,0.0,0.0,0.20467705239191455,0.0,0.20467705239191455,0.20467705239191455,0.20467705239191455
5,18,36,0.0,0.058509943146240855,0.0,0.0,0.058509943146240855,0.0,0.058509943146240855,0.42951751240941743,0.42951751240941743
5,19,1,0.12593710959204257,0.3380751663986674,0.04033262854908019,0.23893761418839268,0.22507466180231725,0.12593710959204257,0.22507466180231725,0.22507466180231725,-0.01386295238607541
5,19,2,0.0,0.750920051925726,0.750920051925726,0.0,0.750920051925726,0.0,0.750920051925726,0.750920051925726,0.750920051925726
5,19,3,0.46786745321460244,0.07021193177548903,0.45010648408742393,0.0,0.07021193177548903,0.4362004698872939,0.11601558133020569,0.07021193177548903,-0.6297770965965295
5,19,4,0.0,0.1252586343833721,0.0,0.0,0.18417243523164903,0.0,0.1252586343833721,0.1252586343833721,0.18417243523164903
5,19,5,0.0,0.3174560584686989,0.0,0.0,0.0,0.0,0.3174560584686989,0.0,0.0
5,19,7,0.0,0.19924348583713594,0.0,0.19924348583713594,0.0,0.19924348583713594,0.0,0.0,-0.19924348583713594
5,19,8,0.14545988924681894,0.2900233159315082,0.0,0.06751854119138265,0.1308296865381783,0.0,0.1308296865381783,0.26652213586308443,0.05023131014807987
5,19,9,0.9819185242135222,0.38245200456071105,0.0,1.0371326724691416,0.38245200456071105,0.0,0.3272378563050915,0.38245200456071105,-0.5994665196528112
5,19,11,0.0,0.34088763140126266,0.0,0.0,0.34088763140126266,0.0,0.0,0.7096586383930961,0.7096586383930961
5,19,12,0.708118339610124,0.0,0.0,0.708118339610124,0.0,0.0,0.0,0.0,-0.708118339610124
5,19,14,0.0,0.0,0.0,0.0,0.0,0.0,0.0,0.5649234465363355,-0.5649234465363355
5,19,17,1.2548557036925245,0.0,0.0,0.0,0.0,1.2548557036925245,0.0,0.0,-1.2548557036925245
5,19,19,0.0,0.0,0.0,1.8593870803705237,0.0,0.0,0.0,0.0,-1.8593870803705237
5,19,20,0.0,0.22683892543383324,0.0,0.07361886434082604,0.22683892543383324,0.0,0.0,0.22683892543383324,0.22683892543383324
5,19,22,0.0,0.19333410455563124,0.0,0.14723772868165205,0.22291325314859792,0.0,0.0,0.9611526249210476,0.9611526249210476
5,19,23,0.1653175534563813,0.44666344131559227,0.0,0.18570320899912907,0.08266702866830082,0.0,0.0,0.44666344131559227,-0.26835373378720956
5,19,25,0.0,0.8200625947441423,0.0,0.17622302496561654,0.579013317488977,0.036570258708997626,0.4914835224284232,0.6438395697785259,0.4676165448129094
5,19,26,0.0,0.1140723363044009,0.0,0.0,0.1140723363044009,0.11450912388679167,0.11450912388679167,0.0,-0.00043678758239076854
5,19,28,0.0,0.22340160110382873,0.0,0.0,0.5729833479610574,0.0,0.22340160110382873,0.22340160110382873,0.5729833479610574
5,19,29,0.0,0.21482404229735277,0.039686709812618376,1.0409339592268825,0.3208688838242512,0.0,0.21482404229735277,0.0,1.3221161332385152
5,19,30,0.0,0.0,0.0,0.0,0.0,0.7678451644432156,0.0,0.0,-0.7678451644432156
5,19,31,0.14285508205474676,0.14285508205474676,0.17065037776142586,0.17065037776142586,0.0,0.17065037776142586,0.14285508205474676,0.14568340899919616,0.11788811329251708
5,19,33,0.0,0.23029751207271765,0.0,0.021056534496399448,0.20342753530986601,0.6460481496066504,0.0,0.6300432877780305,0.06612742822758738
5,19,34,0.0,0.0,0.0,0.0,0.0,0.4909478961263975,0.0,0.0,-0.4909478961263975
5,19,36,0.0,4.914835224284232,0.0,0.0,4.914835224284232,0.0,4.914835224284232,4.914835224284232,4.914835224284232
5,19,37,0.0,0.2034677581001616,0.0,0.0,0.0,0.1575067003986083,0.0,0.0,0.04596105770155329
5,19,38,0.0,0.0,0.0,0.6350280065185148,0.6350280065185148,0.0,0.6350280065185148,0.6350280065185148,0.6350280065185148
5,19,39,0.10670865279329173,0.07021193177548903,0.10670865279329173,0.10670865279329173,0.07021193177548903,0.10670865279329173,0.07021193177548903,0.07021193177548903,-0.0364967210178027
5,19,43,0.0,1.0300635877361641,0.0,0.0,1.0300635877361641,0.0,1.0300635877361641,0.0,1.0300635877361641
5,19,44,0.0,0.2037346485776355,0.0,0.2037346485776355,0.0,0.0,0.0,0.0,0.0
5,19,45,0.01574036729518418,0.31555325373513143,0.04230590111841899,0.06580119504694588,0.2298125302802645,0.0738757686530938,0.1775389724503045,0.2298125302802645,0.04363050434906899
5,19,46,0.26978375299574103,0.05694324701405555,0.26978375299574103,0.05952301096288104,0.0204784801011843,0.0,0.08000149106406534,0.05694324701405555,-0.2723635169445665
5,20,1,0.0,0.0,0.45062076157007896,0.45062076157007896,0.0,0.45062076157007896,0.0,0.0,-0.45062076157007896
5,20,3,0.49619010597085583,0.0,0.8340986272442232,0.38451863200059827,0.3188379919176068,0.5453975683714347,0.0,0.09854795350648245,-0.41671268182013393
5,20,5,0.6713251321792274,0.22340160110382873,0.6713251321792274,0.0,0.22340160110382873,0.6713251321792274,0.22340160110382873,0.22340160110382873,-0.4479235310753987
5,20,6,0.0,0.0,0.0,0.0,1.3278197022961276,0.0,0.0,0.0,1.3278197022961276
5,20,7,0.0,0.9829670448568465,0.0,0.0,0.9829670448568465,0.0,0.9829670448568465,0.9829670448568465,0.9829670448568465
5,20,8,0.0,0.0,0.0,0.0,0.8478917951294718,0.0,0.0,0.0,0.8478917951294718
5,20,9,0.16925299480417583,0.5977555931951287,0.2556657076829279,0.16925299480417583,0.7144869955947882,0.21770395452585992,0.5977555931951287,0.5977555931951287,0.45882128791186044
5,20,11,0.04104178953588144,0.18261837396496214,0.04104178953588144,0.04104178953588144,0.18261837396496214,1.2967968117682511,0.0,0.18261837396496214,-1.114178437803289
5,20,12,0.07083333148620266,0.0,0.07083333148620266,0.07083333148620266,0.0,0.07083333148620266,0.0,0.07216717984717078,0.001333848360968115
5,20,13,0.0,0.14723772868165208,0.0,0.14723772868165208,0.6636849048105893,0.0,0.0,0.14723772868165208,0.6636849048105893
5,20,14,1.440277740219454,0.0,1.440277740219454,1.440277740219454,0.0,1.440277740219454,0.0,0.0,-1.440277740219454
5,20,15,0.0,0.0,0.8865038223696647,0.0,0.4894377301241469,0.8865038223696647,0.0,0.0,-0.39706609224551787
5,20,16,0.0,0.20153418020924949,0.0,0.0,0.20153418020924949,0.0,0.20153418020924949,0.0,0.20153418020924949
5,20,17,0.1135512818762911,0.31250364239794814,0.0,0.17806544907878138,0.31250364239794814,0.3929799549149265,0.05310215532420733,0.35791033107140957,0.17984488199262819
5,20,18,0.18272657560340147,0.7036532641288792,0.0,0.10573746234888824,0.6083857936234714,0.10573746234888824,0.0,0.5339449618000843,0.7585992469658583
5,20,21,0.12652878696277572,0.03668506972428883,0.11305223935059625,0.11820050964928865,0.8217374610013789,0.12652878696277572,0.03668506972428883,0.7258379104368349,0.48625688412346296
5,20,22,0.0,0.325719357778044,0.2645467153905824,0.0,0.325719357778044,0.0,0.17139611989936546,0.15432323787867855,0.0611726423874616
5,20,24,0.41823312990199435,0.6437624682729359,0.8614850410868267,1.376817091472609,0.5153320503857822,0.41823312990199435,0.12843041788715376,0.5153320503857822,-0.21772257281389074
5,20,26,0.0,0.19053494101081533,0.5473781703507385,0.0,0.0,0.5473781703507385,0.0,0.0,-0.7379131113615539
5,20,30,0.023810321461384433,0.08842912755166897,0.011613219083121898,0.004071632989569479,0.02194743593782624,0.14205811064150217,0.08362378601678054,0.2997256047028316,0.1542366060165471
5,20,32,0.2160479997470209,0.6512238487932921,0.0,0.0,0.5190332612524452,0.0,0.2160479997470209,0.2160479997470209,0.9542091102987164
5,20,33,0.0,0.25365092449485677,0.0,0.0,0.42267463074038075,0.0,0.25365092449485677,0.42267463074038075,0.42267463074038075
5,20,34,0.0,0.6875331689344737,0.0,0.0,0.6875331689344737,0.0,0.6875331689344737,0.6875331689344737,0.6875331689344737
5,20,35,0.0,0.20613282015431292,0.0,0.20613282015431292,0.20613282015431292,0.15528606810416296,0.0,0.4622726281887248,0.30698656008456177
5,20,36,0.09086894415739097,0.1383941631442023,0.02561666948387526,0.04694075432742487,0.16283523795555666,0.02561666948387526,0.11016934132480723,0.1872019327300431,0.15962466753105958
5,20,37,0.0,0.0,0.28226160493594254,0.0,0.0,0.0,0.0,0.0,-0.28226160493594254
5,20,39,0.26556394045922554,1.170198862924817,0.0,0.26556394045922554,1.170198862924817,0.0,1.170198862924817,1.170198862924817,0.9046349224655915
5,20,40,0.04060590568964477,0.030182910900390447,0.0,0.030182910900390447,0.0,0.0,0.0,0.04364082329837877,0.003034917608734001
5,21,1,0.20911656495099717,0.0,0.20911656495099717,0.20911656495099717,0.0,0.20911656495099717,0.0,0.0,-0.20911656495099717
5,21,2,0.0,0.0,0.0,0.0,0.5175135832561004,0.0,0.0,0.0,0.5175135832561004
5,21,3,0.12089825310416753,0.3125327674308578,0.0,0.10463809050254151,0.3125327674308578,0.0,0.08699642382414874,0.08699642382414874,0.3125327674308578
5,21,5,0.0,0.0791887849687185,0.0,0.08248467385045084,0.0,0.08248467385045084,0.0,0.0791887849687185,-0.16167345881916934
5,21,6,0.33888888005163625,0.3542872657212892,0.6722266730971622,0.33888888005163625,0.3542872657212892,0.33888888005163625,0.0,0.3542872657212892,-0.31793940737587295
5,21,7,0.0,0.5950905832888195,0.0,0.0,0.3312729726584598,0.0,0.3312729726584598,0.3312729726584598,0.0674553620281001
5,21,8,0.0,0.16737039183949629,0.0,0.0,0.0,0.0,0.0,0.0,0.16737039183949629
5,21,11,0.2741620502217046,0.5335041755211434,0.0,0.5335041755211434,0.0,0.2593421252994388,0.0,0.0,-0.5335041755211434
5,21,12,0.20451664901325392,0.05290846583225878,0.15160818318099514,0.20451664901325392,0.051318246185834616,0.15160818318099514,0.0,0.08423124143832053,-0.12028540757493339
5,21,13,0.0,0.18578907242660878,0.0,0.0,0.0,0.0,0.0,0.18578907242660878,-0.18578907242660878
5,21,15,1.4308471521583928,0.0,1.4308471521583928,1.4308471521583928,0.0,1.4308471521583928,0.0,0.0,-1.4308471521583928
5,21,16,0.0,0.0,0.0,0.0,0.0,0.33022518518224325,0.0,0.0,-0.33022518518224325
5,21,17,0.3869352055394091,0.7305490680580831,0.26592498403871295,0.45145851290289807,0.8233810461080463,0.3869352055394091,0.2638207305647651,0.8085920847255901,0.4195526257122333
5,21,18,0.6395528634127426,0.07365581440751738,0.7026005231028,0.4464296798827089,0.12091247597213094,0.4693425999625433,0.07365581440751738,0.15583501630346805,-0.6395235075418406
5,21,19,0.0,0.44072374137776377,0.0,0.0,0.6826381640951901,0.0,0.398766100438214,0.7392284766621228,0.7811861176016724
5,21,20,0.0,0.17632118865582552,0.0,0.0,0.17632118865582552,0.16656951321006305,0.0,0.17632118865582552,0.00975167544576247
5,21,21,0.39758991176998876,0.2400924647779426,0.39758991176998876,0.0,0.2400924647779426,0.3873683148073548,0.07955370712134999,0.2400924647779426,-0.5448657617994008
5,21,23,1.728176602615799,1.868600466166777,1.728176602615799,1.728176602615799,0.14042386355097805,1.728176602615799,0.14042386355097805,0.2677781419285862,-1.460398460687213
5,21,24,0.04193588490119223,0.0,0.0,0.16857928809685863,0.0,0.04193588490119223,0.0,0.1266434031956664,-0.04193588490119223
5,21,25,0.0,0.42004485939928937,0.0,0.0,0.0,0.0,0.0,0.42004485939928937,-0.42004485939928937
5,21,26,0.0,0.0,0.0,0.0,0.0,0.0,0.0,0.394955943029831,0.394955943029831
5,21,28,0.0,0.14455397718483035,0.20397772252665597,0.0,0.14455397718483035,0.0,0.14455397718483035,0.14455397718483035,-0.05942374534182562
5,21,29,0.0,0.0,0.0,0.0,0.0,0.7557602176528251,0.7557602176528251,0.0,-0.7557602176528251
5,21,30,0.0,0.0,0.0,0.0,0.0,0.31886359153170196,0.13995559586163425,0.0,-0.31886359153170196
5,21,31,0.18296600381372732,0.06169053207382878,0.18296600381372732,0.18296600381372732,0.3105850173683389,0.2759065358875561,0.06169053207382878,0.2395304173724612,0.46008996300090155
5,21,32,0.0,0.6005817638513319,0.0,0.0,0.0,0.0,0.0,0.6005817638513319,0.6005817638513319
5,21,34,0.0,0.9330807292682144,0.0,0.0,0.9330807292682144,0.0,0.9330807292682144,0.9330807292682144,0.9330807292682144
5,21,35,0.5244875777309254,0.0,0.5244875777309254,0.5244875777309254,0.0,0.5244875777309254,0.0,0.0,-0.5244875777309254
5,21,36,0.0,0.469308859758287,0.0,0.18479561081965246,0.44391284676592757,0.27975956832008214,0.2523241298181637,0.5265716234941182,0.39008839239813287
5,21,38,0.02512685243743951,0.29539209147383255,0.02512685243743951,0.02512685243743951,0.05144546112838489,0.0,0.0,0.8520290878791102,1.1737397880438882
5,21,39,0.0,0.0,0.0,0.036108125116802205,0.07304857135295717,0.0,0.036108125116802205,0.06902582644756786,0.10513395156437005
5,21,40,2.565350742237487,0.0,0.0,2.565350742237487,0.0,0.0,1.1783022290562266,0.0,-2.565350742237487
5,22,2,0.0,0.8824905574593789,0.0,0.0,0.8824905574593789,0.0,0.3510596588774451,0.8824905574593789,0.8824905574593789
5,22,5,0.1340347801083889,0.16765859322794455,0.5291900054320956,0.2734631916297805,0.07069656101793233,0.1394284115213916,0.0,0.1541165014645845,-0.6114639476989149
5,22,6,0.0,0.0,0.2607703952223465,0.0,0.40087350867294047,0.5440104914573644,0.0,0.11763341243792252,0.6616439038952869
5,22,7,0.4057940310084922,0.7042654363999455,0.3179914102961509,0.4057940310084922,0.52758932529204,0.3179914102961509,0.4927296632064943,0.52758932529204,0.12179529428354781
5,22,8,0.13870485131812607,0.0,0.0,0.13870485131812607,0.0,0.13870485131812607,0.11411053513175308,0.0,-0.25281538644987916
5,22,9,0.12542390313157242,0.28803497502324316,0.0,0.12542390313157242,0.45130804075508946,0.0,0.08191392040473719,0.45130804075508946,0.370610889268156
5,22,10,0.0,0.0,0.0,0.0,0.0,1.023793552590954,0.0,0.0,-1.023793552590954
5,22,11,0.660471744687382,0.0,0.660471744687382,0.660471744687382,0.10604484152689848,0.4885401400184659,0.0,0.0,-0.5544269031604836
5,22,12,0.0,0.0,0.0,0.7935242565906303,0.0,0.0,0.0,0.0,-0.7935242565906303
5,22,13,0.10889902813694077,0.18263646297429306,0.37683496172949726,0.10889902813694077,0.2072574097636257,0.0627638969398111,0.24540035991410417,0.4684313432463736,0.02883248457706522
5,22,15,0.0,0.0866268528705214,0.03874178815041317,0.06344247740933294,0.0866268528705214,0.06344247740933294,0.04914835224284232,0.4108246578921097,0.3086403923323636
5,22,16,0.0,0.34755981533261016,0.0,0.42395176147074354,0.34755981533261016,0.027189633175428406,0.30891448248763875,0.34755981533261016,-0.07639194613813342
5,22,17,0.27672756234211954,0.09692139504066895,0.0,0.027425123272261927,0.25162711259787024,0.027425123272261927,0.12273697403159937,0.12889013856627085,-0.05252557301651121
5,22,18,0.16187396491811287,0.20613282015431292,0.0,0.20613282015431292,0.20613282015431292,0.2714044312446093,0.10953046632649638,0.20613282015431292,-0.06527161109029632
5,22,19,0.20616177114455386,0.0,0.0,0.0,0.0,0.0,0.0,0.0,-0.20616177114455386
5,22,20,0.0,0.0,0.0,0.0,0.7951621894538011,0.0,0.0,0.7951621894538011,0.7951621894538011
5,22,21,0.8008944528313283,1.6411165355640278,2.3975759531619953,0.8281802163384135,1.663966023766723,0.8281802163384135,1.6411165355640278,1.663966023766723,0.8357858074283094
5,22,24,0.26539691876185145,0.0,0.09828428546750553,0.09828428546750553,0.0,1.1126885183847204,0.0,0.0,-1.2798011516790664
5,22,25,0.0,4.137017837725102,0.0,0.0,4.137017837725102,0.0,4.137017837725102,0.0,4.137017837725102
5,22,26,0.0,0.09080397690778136,0.0,0.09080397690778136,0.0,0.09832592979183065,0.0,0.0,-0.189129906699612
5,22,27,0.0,0.3852912536614613,0.0,0.0,0.0,0.0,0.0,0.0,-0.3852912536614613
5,22,28,0.0,1.2350664032943486,0.0,0.0,1.8802357860050745,0.22821625983215135,1.2350664032943486,1.8802357860050745,1.6520195261729231
5,22,29,0.6186451261559754,0.1561937533248623,0.7798276393140963,0.250736204840598,0.8731017900307924,0.0,0.06664006164238516,0.8731017900307924,0.09327415071669622
5,22,30,0.7466512655166424,0.0,0.1462041297448944,0.42380765862013614,0.020635475539167343,0.09947566040926556,0.03320724763952266,0.020635475539167343,-0.5146806738719762
5,22,31,0.03825779584428428,0.3213488244337283,0.19339596475897564,0.5660623275509459,0.7880277907541788,0.5733712988166857,0.0,0.7880277907541788,0.14412710184640898
5,22,33,0.0,0.0,0.0,0.0,0.24848818420431285,0.0,0.0,0.24848818420431285,0.24848818420431285
5,22,34,0.28186849423958676,0.27486490342133363,0.19814978759732296,0.47088783197084316,0.27486490342133363,0.31780480420430035,0.27486490342133363,0.27486490342133363,-0.23195923851422312
5,22,35,0.0,0.0,0.0,0.0,0.0,0.0,0.13607427301828126,0.3417867024598731,0.20571242944159182
5,22,36,0.0,1.0306641007715645,0.0,1.0306641007715645,1.0306641007715645,0.5228363062875171,0.0,1.0306641007715645,0.5078277944840474
5,22,37,0.09575248720470303,0.0668794863207811,0.0,0.0,0.2664685639262221,0.09575248720470303,0.0668794863207811,0.0668794863207811,0.17071607672151903
5,22,38,0.10885941841462503,0.16396844024609594,0.10885941841462503,0.0,0.24585253201654722,0.0,0.0,0.24585253201654722,0.1369931136019222
5,22,39,0.0,0.14455397718483035,0.0,0.0,0.14455397718483035,0.0,0.14455397718483035,0.14455397718483035,0.14455397718483035
5,22,40,0.014762066591957355,0.2393214760959249,0.3006813261737874,0.11740265020502738,0.19976003527353664,0.1438078372930449,0.14893440073588582,0.25747836163600074,-0.13268729441648588
5,22,41,0.0,0.09855306453828024,0.0,0.0,0.3259757483179829,0.0,0.0,0.2274226837797027,0.3259757483179829
5,22,43,0.041644438213471066,0.0,0.02511906272265643,0.15068806137118432,0.0,0.06264185538746186,0.0,0.06719608327941383,-0.12275737545112529
5,22,45,0.0,0.06686850645284668,0.0,0.0,0.12096117240208486,0.0,0.06686850645284668,0.20302328267252703,0.20302328267252703
5,22,46,0.28483696691231153,0.0,0.6494199309406714,0.48368562527910347,0.0,0.28483696691231153,0.0,0.3463981617543837,-0.40883870085080537
5,22,47,1.8588106414765757,0.0,1.8588106414765757,0.0,0.0,1.8588106414765757,0.0,0.0,-1.8588106414765757
5,22,48,0.31853918023709415,0.11373711857352238,0.31474560828141557,0.31853918023709415,0.11373711857352238,0.31853918023709415,0.05400917828883772,0.11373711857352238,-0.389102778386607
5,23,1,0.18449241604086714,0.0,0.0,0.18449241604086714,0.0,0.0,0.0,0.0,-0.18449241604086714
5,23,2,0.0,0.0,0.0,0.0,0.11166012514152444,0.15761914922514325,0.0,0.11166012514152444,-0.04595902408361881
5,23,3,0.0,0.0,0.14556087937710888,0.0,0.15253063554741308,0.14556087937710888,0.0,0.15253063554741308,0.006969756170304209
5,23,5,0.0,0.33207307481054343,0.0,0.0,0.33207307481054343,0.0,0.0,0.33207307481054343,0.33207307481054343
5,23,6,0.0,0.31178444892678875,0.0,0.0,0.0,0.0,0.0,0.0,-0.31178444892678875
5,23,7,0.0,0.2787387481621135,0.0,0.0,0.2787387481621135,0.0,0.0,0.1570615894374192,0.2787387481621135
5,23,8,0.0,0.0,0.2494806431563973,0.2494806431563973,0.0,0.7598378625637584,0.0,0.09197808993938361,-0.6678597726243748
5,23,9,0.0584791578262613,0.16062586522159944,0.049271062741693294,0.0,0.36785133342553566,0.1825511149161905,0.19404571528637812,0.36785133342553566,0.13602915576765187
5,23,10,0.0,0.6825031798416381,0.0,0.0,0.1721507167644456,0.0,0.0,0.1325991524104409,0.8546538966060838
5,23,11,0.40376247002867144,0.0,0.40376247002867144,0.40376247002867144,0.0,0.40376247002867144,0.0,0.0,-0.40376247002867144
5,23,13,0.0,0.14638370484270444,0.12544960219375226,0.0,0.23736602903209472,0.2540004514996857,0.0,0.3074189842432695,0.053418532743583845
5,23,14,1.067211211360392,0.2756757801203403,0.5668030404218788,0.0,0.1671643995789324,0.31102690975607145,0.03472199995934265,0.82699366543836,-0.40801107517735297
5,23,15,0.04320959994940418,0.1500276147698085,0.0,0.0,0.09200416823030566,0.0,0.04320959994940418,0.09200416823030566,0.1500276147698085
5,23,16,0.22830620079505448,0.20446847988952502,0.22830620079505448,0.0,0.20446847988952502,0.0,0.07017616517098617,0.07017616517098617,0.04633844426545672
5,23,17,0.13338581599161467,0.6689206511446645,0.13338581599161467,0.6487178663773969,0.9274842660024833,0.13338581599161467,0.15358860075888225,0.9274842660024833,0.7940984500108687
5,23,18,0.0,0.49435536208678316,0.2674690843354202,0.2486136008725716,0.2457417612142116,0.2486136008725716,0.2457417612142116,0.2457417612142116,-0.2703409239937802
5,23,19,0.0551611914247713,0.0551611914247713,0.0,0.0,1.1156096066937562,0.0,0.0551611914247713,0.0551611914247713,1.1156096066937562
5,23,20,0.07745044339485732,0.1691136403540573,0.0,0.22259596088087577,0.1691136403540573,0.07745044339485732,0.24805036039103837,0.1691136403540573,-0.053482320526818505
5,23,21,0.0,0.1271552528543552,0.07704579858842055,0.0,0.3031003896725173,0.07704579858842055,0.169423266244605,0.1271552528543552,0.3801461882609378
5,23,22,0.09036929382053008,0.0,0.09036929382053008,0.6290121457201339,0.0,0.6290121457201339,0.0,0.0,-0.6290121457201339
5,23,23,0.0,0.5968014200916567,0.0,0.0,0.5968014200916567,0.1989792918414537,0.5968014200916567,0.9543148959753402,0.7553356041338866
5,23,25,0.4334526603691439,0.5067408632495614,0.0,0.4334526603691439,0.1633033356996751,0.4334526603691439,0.0,0.6700441989492364,0.23659153858009246
5,23,27,0.03580093303311627,0.26218129903873183,0.0265037525623218,0.2473603455847999,0.2367295072896062,0.07269806751568265,0.015872914267128068,0.255399507678762,0.15724964841395378
5,23,28,0.0701364124988768,0.16213929726215665,0.0,0.37249139154150884,0.0405900742192525,0.6965534773276376,0.01906305880120773,0.2362964532184532,0.3527796644256262
5,23,29,0.12962879984821254,0.2313158902131546,0.10168709036494206,0.0,0.2313158902131546,0.0,0.2313158902131546,3.3502555534776493,3.3502555534776493
5,23,30,0.11081880237154118,0.9866940128572279,0.0,0.09353496239177951,0.5975589614597949,0.08466383739440873,0.37383016611002595,1.0073045247840542,0.9226406873896456
5,23,31,0.0,0.06422342549364761,0.0,0.07424685941507532,0.06422342549364761,0.0,0.0,0.06422342549364761,0.13847028490872293
5,24,1,0.0,0.0,0.0,0.0,0.06639098511480639,0.0,0.06882815085428146,0.0,-0.0024371657394750695
5,24,2,0.12063130209755002,0.0,0.12063130209755002,0.12063130209755002,0.22186274261441905,0.12063130209755002,0.22186274261441905,0.22186274261441905,0.10123144051686903
5,24,3,0.0,0.0,0.0,0.0,0.11484659617687573,0.0,0.11484659617687573,0.11484659617687573,0.11484659617687573
5,24,4,0.0,0.0,0.0,0.0,0.0,0.1783194648673032,0.0,0.0,-0.1783194648673032
5,24,5,0.32784659718143855,0.20785629928452581,0.25506145150302584,0.24975000835012232,0.0,0.20933488730845368,0.0,0.21093889700707955,-0.5340988867673384
5,24,6,0.0,0.0,0.0,0.0,0.24471886506207344,0.3686570351134753,0.0,0.0,-0.12393817005140187
5,24,7,0.0,0.5070861739340874,0.15911607068173472,0.15911607068173472,0.5070861739340874,0.0,0.5070861739340874,0.5070861739340874,0.3479701032523527
5,24,8,0.11759777898491013,0.07678755836830421,0.123941113252087,0.11759777898491013,0.07678755836830421,0.0,0.07678755836830421,0.07678755836830421,-0.1647513338686929
5,24,9,0.0,0.19027247957106858,0.0,0.0,0.19027247957106858,0.0,0.0,0.19027247957106858,0.19027247957106858
5,24,10,0.0,0.0,0.0,0.0,0.6626351578781675,0.0,0.0,0.6626351578781675,0.6626351578781675
5,24,11,0.4529968155806915,0.0,0.0,0.0,0.0,0.0,0.0,0.0,-0.4529968155806915
5,24,12,0.0,0.34783942872781504,0.0,0.0,0.0,0.0,0.0,0.0,0.0
5,24,13,0.21450808553021009,0.0,0.0,0.0,0.2169324594452097,0.21450808553021009,0.0,0.43034798369226984,-0.21099115033206048
5,24,14,0.0,0.5101024567304021,0.08378945516650142,0.14723772868165205,0.5101024567304021,0.0,0.36286472804875003,0.5101024567304021,0.4263130015639007
5,24,15,0.8377817013688195,0.04087929989091799,0.06345361009299585,0.44002738081554255,0.7475368147703959,0.06345361009299585,0.12595623120486193,0.7475368147703959,0.03571134460643829
5,24,16,0.33138420416392905,0.0,0.18358623619521733,0.18358623619521733,0.0,3.4088053981561335,0.18358623619521733,0.0,-3.592391634351351
5,24,17,0.0,0.0,0.0,0.32123780276327474,0.32123780276327474,0.0,0.32123780276327474,0.0,0.32123780276327474
5,24,19,0.34247639335973656,0.0,0.0,0.34247639335973656,0.6013767157128769,0.34247639335973656,0.0,0.6013767157128769,0.2589003223531403
5,24,20,0.4649023047347608,0.2095633541806769,0.0,0.4649023047347608,0.5812357439390101,0.05031083395059904,0.0,0.5812357439390101,-0.14354074892702662
5,24,21,0.0,0.20711802978454225,0.0,0.0,0.20711802978454225,0.0,0.0,0.47388743509336734,-0.059651375524282846
5,24,23,0.0,0.3826055903011282,0.3826055903011282,0.0,0.3826055903011282,0.3826055903011282,0.3826055903011282,0.3826055903011282,0.3826055903011282
5,24,24,0.2729330226928098,0.08257057071358756,0.41835388954799313,0.17383519129640096,0.09409718392303304,0.2738940013721283,0.1490886914730527,0.24154099573771337,-0.31671619924789635
5,24,25,0.06916301569935575,0.0,0.06916301569935575,0.06916301569935575,0.0,0.17311328368118797,0.0,0.0,-0.17311328368118797
5,24,26,2.124355018830372,0.0,2.124355018830372,2.124355018830372,0.0,2.124355018830372,2.124355018830372,0.0,-2.124355018830372
5,24,27,0.3159177092608129,0.0,0.3159177092608129,0.0,0.6362690491613909,0.3159177092608129,0.0,0.0,0.320351339900578
5,24,28,0.059009861634177006,0.19998299322269764,0.0,0.0,0.11418354166300056,0.11006498962782235,0.03566604000972525,0.16431695321297238,0.030908141960698268
5,24,29,0.0,0.2586755381202227,0.0,0.0,0.2586755381202227,0.0,0.2586755381202227,0.2586755381202227,0.2586755381202227
5,24,30,3.0713806577728624,0.3612713439160406,0.0,3.0713806577728624,0.7634185842064198,0.0,0.0,0.3612713439160406,-2.3079620735664426
5,24,31,0.07431529104703517,0.225096558396793,0.09176695705292638,0.07431529104703517,0.38700567416564446,0.0769748420231022,0.11025096860717622,0.465973515269058,0.32021827502376815
5,24,32,0.08484818820002898,0.22118191068732926,0.1540819518527555,0.08484818820002898,0.0692337636527265,0.08484818820002898,0.0692337636527265,0.0692337636527265,0.051485534287271296
5,24,33,0.0,0.0,0.3606315205770917,0.5932064398133824,0.0,0.3452301096288104,0.0,0.0727552923569523,-0.7786169225628544
5,24,34,0.0,0.15360653103996907,0.0,0.0,0.5982873297161551,0.0,0.16203172098753132,0.32695334300550627,0.7174010268203898
5,24,35,0.0,0.0,0.0,0.1318942792423623,0.4131577409031498,0.0,0.0,0.1318942792423623,0.545052020145512
5,25,1,0.05116926309797864,0.1574033363929357,0.0,0.040684109240982806,0.21176619703808697,0.06554996405397426,0.1167192271519529,0.09185337233896144,0.21176619703808697
5,25,3,0.0,0.0,0.0,0.0,1.049289500706412,0.0,0.0,0.0,1.049289500706412
5,25,4,0.05958557931394725,0.0,0.0,0.05958557931394725,0.08374650847461641,0.0,0.05958557931394725,0.04549116209469514,0.02416092916066916
5,25,5,0.0,0.0,0.0,0.0,0.0,0.2799111917232685,0.2799111917232685,0.0,-0.2799111917232685
5,25,6,0.0,0.0,0.0,0.12084281411301513,0.0,0.12084281411301513,0.0,0.0,-0.12084281411301513
5,25,8,0.0,0.0,0.0,0.0,0.3387842278212169,0.0,0.0,0.3387842278212169,0.3387842278212169
5,25,9,0.0,0.10662042421774805,0.0,0.10662042421774805,0.10662042421774805,0.32187514773875114,0.0,0.10662042421774805,-0.2152547235210031
5,25,10,0.8580323421208403,0.0,0.0,0.0,0.0,0.0,0.0,0.0,-0.8580323421208403
5,25,11,0.6128802443720288,0.0,0.0,0.0,0.1631459100413823,0.4989603670968498,0.0,0.0,-0.9486947014274962
5,25,12,0.17395467292704556,0.33382863183734557,0.0,0.17454905010636473,0.14797580224508336,0.08087390157399586,0.18729453522752765,0.17809625010644614,0.07900005733630414
5,25,13,0.0,0.3218199016207065,0.08333444826138148,0.0482287291926985,0.3218199016207065,0.20993339379245138,0.4454796038908357,0.3218199016207065,0.028552059566873633
5,25,14,0.18798356977788006,0.5145879223602555,0.0,0.6728974554278339,1.0772748365846148,0.08045533932609242,0.23403977258496342,0.5459337389114128,0.8892912668067348
5,25,15,0.25757261019070415,0.0,0.25757261019070415,0.25757261019070415,0.0,0.25757261019070415,0.0,0.0,-0.25757261019070415
5,25,16,0.09551755814939784,0.06759842151371905,0.09551755814939784,0.09551755814939784,0.06759842151371905,0.09551755814939784,0.0,0.0,-0.0279191366356788
5,25,17,0.082777717150352,0.04138648343582802,0.12212213230134705,0.530224557217396,0.1943851292599973,0.7490170309387185,0.04138648343582802,0.07676633603479806,-0.674910120546695
5,25,18,0.0,0.8669812386177442,0.0,0.05153320503857822,0.8669812386177442,1.3063130209755003,0.1229236689972778,0.8669812386177442,-0.43933178235775594
5,25,19,0.09587407334866377,0.07850139272560923,0.09587407334866377,0.20583782541358722,0.07850139272560923,0.09587407334866377,0.0,0.0,-0.12733643268797798
5,25,20,0.23003485198861995,0.07085745314425784,0.1010009754464748,0.1010009754464748,0.13425158870847817,0.23003485198861995,0.0,0.2130899515136641,-0.016944900474955837
5,25,21,0.0699695417081051,0.34748671598065684,0.0699695417081051,0.5125671169300141,0.34748671598065684,0.6422982751434513,0.06686850645284668,0.8164446835418069,0.17414640839835568
5,25,22,0.0,0.531977758787671,0.0,0.061038747633694324,0.136523200674562,0.0,0.136523200674562,0.4269891178225278,0.3220004768573847
5,25,23,0.16425517007585164,0.3492731263560035,0.13813458099186893,0.38011112329740443,0.3091741584733307,0.3721353653991361,0.11799664558779377,0.2549930642838367,0.01945595879809694
5,25,24,0.21969428516265946,0.0,0.21969428516265946,0.21969428516265946,0.2749095051692821,0.4946037903319416,0.0,0.0,0.05521522000662263
5,25,26,0.0,0.0,0.0,0.0,0.0,0.0,0.7557373872291716,0.7557373872291716,0.0
5,25,27,0.44417527065097095,0.0,0.0,0.0,0.0,0.0,0.0,0.0,-0.44417527065097095
5,25,28,0.0,0.0,0.0,0.0,0.9089557845162727,0.0,0.0,0.0,0.9089557845162727
5,25,29,0.0,0.2188244876513845,0.0,0.0,0.5078271644882713,0.0,0.0,0.5078271644882713,0.5078271644882713
5,25,30,0.0,0.0,0.0,0.0,0.667637369696828,0.667637369696828,0.0,0.0,0.667637369696828
5,25,32,0.036121055030761996,0.24648661753766507,0.0,0.036121055030761996,0.315682047907933,0.0,0.20515722917356974,0.28108433272279904,0.279560992877171
5,25,33,0.05401041525822953,0.12490828861216119,0.05401041525822953,0.05401041525822953,0.284117860950003,0.11242868510670198,0.1999810090935777,0.25317321360203016,0.22767571032516337
5,25,34,0.1658955263079266,0.0,0.1658955263079266,0.2559755666421388,0.0,0.1658955263079266,0.0,0.0,-0.42187109295006536
5,25,35,0.0,0.0,0.0,0.5918230450779607,0.0,0.5918230450779607,0.0,0.0,-0.5918230450779607
5,25,36,0.12810574119654222,0.0,0.12810574119654222,0.0,0.6642927722011871,0.0,0.11782749507033541,0.24784141886354344,0.22417209419477033
5,25,37,0.0,0.4562893452176036,0.0,0.0,0.4562893452176036,0.0,0.0,0.0,0.4562893452176036
5,25,38,0.0,0.0,0.0,0.0,1.8105749085112026,0.0,0.0,0.31055483980633586,1.8105749085112026
5,25,40,0.7325386831198086,0.0,0.0,1.1131935475758064,0.4913045506227076,1.1131935475758064,0.0,0.4913045506227076,-0.6218889969530987
5,25,41,0.0,0.7121187223931005,0.0,0.0,0.5848863697889376,0.0,0.0,0.5848863697889376,-0.12723235260416285
5,25,42,0.0,0.0,0.0,0.0,1.40372728749345,0.0,0.0,1.40372728749345,1.40372728749345
5,25,44,0.0,0.0,0.0,0.0,1.2747004504877775,0.29209134924236224,0.0,0.9826091012454152,1.2747004504877775
5,25,45,0.28678843193279613,0.19312318353003383,0.35230741973978524,0.28678843193279613,0.0,0.28678843193279613,0.0,0.8740352752977388,0.3286046720279198
5,25,46,0.8546479406414498,0.38216286179893905,0.8546479406414498,0.0,0.38216286179893905,0.0,0.38216286179893905,0.38216286179893905,-0.47248507884251073
5,25,48,0.5697652937609665,0.0,0.5697652937609665,0.0,0.3534828050896616,0.0,0.0,0.0,-0.2162824886713049
5,25,49,0.3690422953080958,0.0,0.0,0.3690422953080958,0.0,0.3690422953080958,0.0,0.0,-0.3690422953080958
5,25,50,0.0,0.06573330523737547,0.0,0.0,0.1023978239405626,0.07425738504882584,0.0,0.07515666900219821,0.06663258919074784
5,25,52,0.301879736318811,0.29618058227774485,0.0,0.0,0.29618058227774485,0.0,0.29618058227774485,0.29618058227774485,-0.0056991540410661345
5,25,53,0.13517456078897042,0.07647572317142383,0.0,0.2004753152057761,0.0,0.12399959203435229,0.0,0.0,-0.18269842965189886
5,25,54,0.12915619123515035,0.0,0.14360233211097245,0.0,0.024101100347022383,0.0,0.0,0.0,-0.20255876612913254
5,26,2,0.0,0.0,0.0,0.0,0.0,0.14174126666397407,0.0,0.0,0.0020323638768561386
5,26,3,0.0,0.3395577476293925,0.0,0.3395577476293925,0.0,0.0,0.0,0.0,0.0
5,26,4,0.06485187957800177,0.0,0.0,0.06485187957800177,0.09012415231401578,0.06485187957800177,0.0,0.1790566785233482,0.20432895125936223
5,26,7,0.0,0.20808004338439093,0.0,0.0,0.4467217615403021,0.0,0.3483508708490759,0.0,0.4467217615403021
5,26,8,0.0,0.8635868416952216,0.0,0.0,0.8635868416952216,0.0,0.8635868416952216,0.8635868416952216,0.8635868416952216
5,26,9,0.0,0.38322401801840905,0.0,0.0,0.42125871520852065,0.12596003627547084,0.5472187514839915,0.2513152127032292,0.16338987361787
5,26,10,0.3893359634338321,0.2680695602167778,0.29523383624647664,0.29523383624647664,0.2680695602167778,0.0,0.2680695602167778,0.2680695602167778,-0.12126640321705429
5,26,11,0.3306351069127626,0.14893440073588582,0.3306351069127626,0.3306351069127626,0.3330398617832849,0.0,0.3330398617832849,0.14893440073588582,0.0024047548705222743
5,26,12,0.0,0.11263207375803456,0.0,0.0,0.09466216541116679,0.08997145448247916,0.08997145448247916,0.09466216541116679,0.11732278468672219
5,26,13,0.13498142757001422,0.039421022278099724,0.0550325827753228,0.13498142757001422,0.4879510124531437,0.13498142757001422,0.0,0.2301956451193237,0.3135485626050298
5,26,14,0.0,0.10015229405953435,0.0,0.0,0.10015229405953435,0.0,0.0,0.10015229405953435,0.10015229405953435
5,26,16,2.531576104910914,0.0,1.8499863065688618,1.7338106414765757,0.0,0.11617566509228598,0.0,0.0,-2.6477517700032
5,26,17,0.0,0.0,1.128427059676243,0.0,0.0,1.128427059676243,0.0,0.0,-1.128427059676243
5,26,18,0.0,0.0,0.0,0.0,0.0,0.0,0.0,0.5645232098718851,0.5645232098718851
5,26,19,0.04143447361238582,0.0,0.0,0.11584532258258354,0.0,0.11584532258258354,0.0,0.044364245928418714,-0.057293377836376176
5,26,20,1.3548557036925244,0.0,0.6643306802486898,0.0,0.0,0.0,0.0,0.0,-2.0191863839412143
5,26,21,0.14844466147448868,0.0,0.0,0.2724933980815992,0.0,0.14844466147448868,0.14844466147448868,0.12404873660711058,-0.14844466147448868
5,26,23,0.0,0.9489659022208178,1.1411053513175309,0.9489659022208178,0.9489659022208178,0.0,0.9489659022208178,1.1411053513175309,0.9489659022208178
5,26,24,0.0,0.4762803504106294,0.0,0.40581684665788026,0.0,0.40581684665788026,0.0,0.0,-0.8820971970685096
5,26,25,0.6647087945366298,0.26220247944488173,0.0,0.26220247944488173,0.13950213850066687,0.0,0.0,0.13950213850066687,-0.2630041765910811
5,26,26,0.2204234046085084,0.27142082974691556,0.0,0.3840764919774287,0.5670790059589385,0.2204234046085084,0.2411673875708619,0.2700262733971514,0.4544233437284253
5,26,27,0.0,0.22864192921297838,0.0,0.0,0.7669953872871808,0.4221156536444591,0.20571045262182902,0.5612849346653517,0.11623780442974332
5,26,28,0.0,1.228708806071058,0.0,0.0,1.4540790065580065,0.0,1.228708806071058,1.4540790065580065,1.4540790065580065
5,26,29,0.14064440489419242,0.20796989358060575,0.0,0.07574888893721902,0.32838781582398663,0.09522849408852038,0.26765446903675094,0.14492133996994702,0.2335305145364274
5,26,30,0.0,0.9603118044219119,0.0,0.0,0.9603118044219119,0.0,0.0,0.9603118044219119,0.9603118044219119
5,26,31,0.3978223005506532,0.3655494002956061,0.0,0.0,0.926834334960958,0.3978223005506532,0.3655494002956061,0.926834334960958,0.5290120344103048
5,26,32,0.03685545432418577,0.14018638572531966,0.07515383905707598,0.052812993673086416,0.19299937939840608,0.0,0.14018638572531966,0.19299937939840608,0.11784554034133007
5,26,34,0.0,0.2152325484883152,0.24602819687206387,0.0,0.2152325484883152,0.5038401451018834,0.5038401451018834,0.2152325484883152,-0.5346357934856321
5,26,36,0.21424561177034976,0.12560041517649984,0.04302921123051827,0.3353769896714649,0.050685421049390764,0.2604619955443558,0.050685421049390764,0.0993111104826968,-0.161150885061659
5,26,37,0.0,0.610330194555708,0.0,0.0,0.32452778303948504,0.3105721362083259,0.12742165396292454,0.12742165396292454,-0.27184676468506386
5,26,38,0.04979737130353614,0.0546092802698248,0.04979737130353614,0.14503418884414582,0.2831764498496348,0.04979737130353614,0.0546092802698248,0.3388934028513981,0.19385921400725228
5,26,39,0.16255062724859054,0.273046401349124,0.0,0.0,0.5484988686109498,0.0,0.273046401349124,0.5484988686109498,0.3859482413623593
5,26,40,0.0,0.09464942075955994,0.0,0.0,0.14279206183117774,0.0,0.0,0.14279206183117774,0.14279206183117774
5,26,41,0.18397508430068274,0.2117789257054814,0.0,0.18397508430068274,0.0,0.18397508430068274,0.0,0.2117789257054814,0.027803841404798663
5,26,42,0.028153297865851298,0.0,0.0,0.062356929615447435,0.04274262423028332,0.0,0.028153297865851298,0.06396701500352503,0.001610085388077595
6,1,1,0.0238309056599561,0.01192312913485108,0.036883880619336874,0.4496289257642803,0.1441640206267202,0.4181055428844249,0.0,0.02719658286710746,-0.16947917680581293
6,1,2,0.0,0.3071772015177645,0.0,0.0,0.9255025270373076,0.0,0.3071772015177645,0.9255025270373076,0.9255025270373076
6,1,4,0.2158967104238054,0.07567774165204429,0.2158967104238054,0.6496072775703781,0.07567774165204429,0.16956153036545857,0.0,0.07567774165204429,-0.5739295359183338
6,1,5,0.0,0.6859257876389352,0.0,0.0,0.0,0.0,0.0,0.0,-0.6859257876389352
6,1,6,0.0,0.2711655743065121,0.2711655743065121,0.0,0.2711655743065121,0.0,0.2711655743065121,0.2711655743065121,0.2711655743065121
6,1,7,0.5515957302968122,0.0,0.5515957302968122,0.5515957302968122,0.0,0.5515957302968122,0.0,0.0,-0.5515957302968122
6,1,9,0.0,0.2539338188615389,0.22907360044554653,0.13055275471388134,0.31839535800468094,0.19501429385702335,0.2539338188615389,0.31158114897109196,0.36887099754801017
6,1,10,0.8433872570358696,0.0,0.35482408276057553,0.35482408276057553,0.0,0.6735134511931102,0.0,0.0,-0.8433872570358696
6,1,12,0.0199961344072444,0.03660053341950728,0.04145192641920962,0.0199961344072444,0.05747227436531465,0.04145192641920962,0.04086787535305176,0.10796513373571044,0.10942479134043126
6,1,13,0.0,0.0,0.0,0.6348194052725042,0.0,0.0,0.0,0.0,-0.6348194052725042
6,1,14,0.0,0.04468032022076575,0.0,0.13809204385152415,0.2350675622714781,0.13809204385152415,0.04468032022076575,0.18641826274591486,0.09697551841995394
6,1,15,0.23659902264947913,0.10889726565407476,0.23659902264947913,0.21633181524271816,0.0978821556598034,0.13650580701212722,0.0,0.2632644609622683,-0.10141213458352712
6,1,16,0.0,0.32953845227785783,0.2259937642107435,0.0,0.32953845227785783,0.2246462977200472,0.12287088060710581,0.32953845227785783,0.32819098578716155
6,1,17,0.056624601947586437,0.0,0.0,0.0,0.0,0.0,0.0,0.04466763641408803,-0.011956965533498405
6,1,18,0.0,0.23925270247555427,0.0,1.3548557036925244,0.23925270247555427,0.0,0.23925270247555427,0.23925270247555427,-1.1156030012169702
6,1,19,0.3600694350548635,0.054609280269824804,0.3600694350548635,0.3600694350548635,0.054609280269824804,0.47503524811881453,0.054609280269824804,0.054609280269824804,-0.4204259678489897
6,1,20,0.11963594536204088,0.0,0.18977194115158197,0.11963594536204088,0.5210395199641222,0.11963594536204088,0.0,0.0,0.3312675788125403
6,1,21,0.2037946899001191,0.0957846001703521,0.0,0.18588031974292285,0.16774420717873054,0.22480964556152502,0.015147993937296532,0.17865233448298534,-0.14301088894375352
6,1,22,0.022274887372990996,0.07922610378096201,0.02204817211812132,0.05768310374517668,0.07922610378096201,0.13725606718496333,0.0634207387246967,0.11715186190425866,-0.011890282845119733
6,1,23,0.0,0.23677465625635583,0.3118465145553936,0.0,0.3971050455711298,0.3118465145553936,0.0,0.3841372949025323,0.6477250640974846
6,1,25,0.09340265273447361,0.0,0.06916403373154291,0.09340265273447361,0.05703179044118105,0.3553864138971987,0.0,0.13562845337042975,-0.23189020381713082
6,1,26,0.0,0.0,0.5975503350916782,0.0,0.0,0.0,0.0,0.0,-0.5975503350916782
6,1,27,0.09762442219829842,0.02721927728725933,0.06916301569935575,0.18909801119881162,0.2421497886631147,0.40649632869417196,0.0,0.2723141081932872,-0.16539819042936527
6,1,29,0.6594250589062154,0.2749956211194667,0.5499476578001176,0.46474092615855894,0.061523128776269816,0.5017035715290645,0.09848577414677541,0.061523128776269816,-0.7790154109234554
6,1,30,0.06793021919660752,0.0315802888375962,0.0,0.036349930359011316,0.03238010428302244,0.036349930359011316,0.0,0.0,-0.03555011491358508
6,1,31,0.15125768575134485,0.15795885463040646,0.15125768575134485,0.0,0.15795885463040646,0.15125768575134485,0.15795885463040646,0.0,0.006701168879061609
6,2,1,0.041251554909655784,0.12883301259644556,0.0,0.3957296725960506,0.3082689850101291,0.0,0.0,0.4942283011444357,0.7707403457594253
6,2,2,0.2113158154231677,0.883841510395132,0.0,0.19032743222799886,0.883841510395132,0.19032743222799886,0.883841510395132,0.3071772015177645,0.4821982627439655
6,2,3,0.0,0.0,0.0,0.0,0.0,0.2249331125164259,0.0,0.0,-0.2249331125164259
6,2,4,0.14037313764516868,0.3012677938187937,0.3396958930166972,0.15396087541960504,0.17753048977203414,0.09889925606818702,0.14730691839918866,0.05119620025296075,-0.3161262786642681
6,2,5,0.07367085942360539,0.23506978944409898,0.05651386061039258,0.1681931252380266,0.0947493498134495,0.6183948240379297,0.0947493498134495,0.2766141525944176,0.39936231700400177
6,2,6,0.06537217814000712,0.0876049954062393,0.0,0.06537217814000712,0.03150535400182201,0.06537217814000712,0.09687753214182913,0.0876049954062393,0.022232817266232188
6,2,7,0.0,0.10057391099777276,0.059888623138915485,0.0,0.02495172741809376,0.1554732239994483,0.0,0.10057391099777276,-0.029947585583581782
6,2,8,0.0,1.228708806071058,0.0,0.0,1.228708806071058,0.0,1.228708806071058,1.228708806071058,1.228708806071058
6,2,9,0.10822365629614734,0.0,0.15928686556355337,0.0,0.0,0.0,0.0,0.0,-0.2675105218597007
6,2,10,1.6301505018821867,0.0,1.6301505018821867,0.0,0.0,0.0,0.0,0.0,-1.6301505018821867
6,2,12,0.0,0.047661243125154344,0.05946507572273329,0.0,0.08846006877062566,0.0,0.047661243125154344,0.08846006877062566,0.028994993047892364
6,2,13,0.03682194465800708,0.015358860075888225,0.025424298473708647,0.03682194465800708,0.015358860075888225,0.0,0.015358860075888225,0.11560502411111298,0.05335878097939726
6,2,14,0.0,0.0,0.0,0.0,0.0,0.8303451644432156,0.0,0.0,-0.8303451644432156
6,2,15,0.08219433440633678,0.0,0.0,0.08219433440633678,0.13870485131812607,0.08219433440633678,0.0,0.0,0.056510516911789294
6,2,16,0.0,0.07644281988968123,0.0,0.01753425936095575,0.14861186481300312,0.0,0.0480445284997349,0.12298514556033367,0.16708069444570448
6,2,18,0.24993233819684316,0.13998485462019086,0.745155645505643,0.24993233819684316,0.2170705296902739,0.24993233819684316,0.24993233819684316,0.13443818564334004,-0.6680699704355598
6,2,20,0.0,0.24426766674293227,0.0,0.02176801113630811,0.1107159342998133,0.08320009141554277,0.0,0.37067592818226097,0.3240331891067649
6,2,23,0.0,0.0,0.0,0.0,0.0,0.0,0.0,0.6500311183539051,0.6500311183539051
6,2,24,0.04574150095343183,0.07729980755786733,0.1759139091388201,0.313368740739298,0.12304130851129917,0.29005180587091817,0.053982872689487496,0.12304130851129917,-0.25144140459157543
6,2,25,0.5341531578735412,0.0,0.5341531578735412,0.0,0.0,0.5341531578735412,0.0,0.0,-0.5341531578735412
6,2,26,0.12202857545693348,0.0,0.0885213134864085,0.0,0.13304209496663422,0.0885213134864085,0.0,0.07058004746275352,-0.07750779397670778
6,2,27,0.21982379873727045,0.0,0.21982379873727045,0.5926512697418743,0.0,0.21982379873727045,0.27842956371601063,0.09439790728859321,-0.40385545516468785
6,2,28,0.09847920124594632,0.10392814964226292,0.0,0.19443011876438465,0.0,0.33687144220462634,0.0,0.14244132344024163,-0.25439614621235224
6,2,29,0.0,0.0,0.0,0.0,0.0,0.0,0.0,0.39893019334541113,0.39893019334541113
6,2,30,0.41926580201493135,0.02194122867984032,0.09571844976801192,0.16696542567528505,0.15818548759422787,0.21109762232986276,0.16318673108107146,0.13286303590346543,-0.2868002376947574
6,2,31,0.07005070865145901,0.29450128963082167,0.03256627716245002,0.07005070865145901,0.3388700125202717,0.03256627716245002,0.03256627716245002,0.3388700125202717,0.2688193038688127
6,2,32,0.5141460343634101,0.0,0.32022332322004593,0.0,0.0,0.16509748444173353,0.0,0.1884864095274219,-0.3256596248359882
6,2,34,0.0,0.0,0.0,0.0,0.4457687208173906,0.0,0.0,0.4457687208173906,0.4457687208173906
6,3,2,0.0,0.0,9.300629523481657,0.0,0.0,0.0,0.0,0.0,-9.300629523481657
6,3,3,0.5088092064373892,0.0,0.0,0.0,0.0,0.0,0.6118057853713906,0.0,-1.12061499180878
6,3,4,1.602614497680198,0.09526747050540765,1.3185696296156555,0.0,0.11693436138861495,0.7701021791059505,0.0,0.11693436138861495,-2.351049785902941
6,3,5,0.06159587889310591,0.0,0.0,0.06252581534362361,0.030403228221863227,0.04077119473254536,0.0,0.02241486615013466,-0.03473287463016022
6,3,6,0.0,0.11170080055191436,0.0,0.0,0.11170080055191436,0.0,0.11170080055191436,0.11170080055191436,0.11170080055191436
6,3,7,0.0,0.27609913326891944,0.0,0.0,0.27609913326891944,0.0,0.27609913326891944,0.27609913326891944,0.27609913326891944
6,3,8,0.0,0.0,0.16188807757254026,0.0,0.0,0.0,0.0,0.5928125024684808,0.43092442489594057
6,3,9,0.06745871697936076,0.25497127834362027,0.22981402418080332,0.14206029110157867,0.16325195635918438,0.14206029110157867,0.23377961308601453,0.1663208961066538,0.025157254162816944
6,3,10,0.317909650984076,0.317909650984076,0.0,0.18381089252040786,0.317909650984076,0.0,0.13409875846366814,0.317909650984076,0.317909650984076
6,3,11,0.4320833220658362,1.7967142141085355,0.4320833220658362,0.4320833220658362,1.7967142141085355,0.4320833220658362,1.310622726475795,1.7967142141085355,1.3646308920426995
6,3,12,1.0463631581730548,0.0,0.17669163556388034,0.16650896228377993,0.0,0.11309346599368933,0.0,0.11493241927372903,-0.9843754703256962
6,3,13,0.05852105184627197,0.02607367686957735,0.05852105184627197,0.05852105184627197,0.07719622110583421,0.05852105184627197,0.0,0.028398649623350036,0.01867516925956223
6,3,14,0.1906954047041977,0.3790470921910014,0.24274478964546933,0.058043940462682915,0.25387573636474303,0.21388519244891702,0.2682068804248111,0.38769082085898743,0.06616769882985635
6,3,16,0.0,0.34489743919185306,0.0,0.0,0.34489743919185306,0.0,0.0,0.743384410866125,0.743384410866125
6,3,17,0.21088131160462617,0.21088131160462617,0.0,0.0,0.0,0.0,0.0,0.0,-0.21088131160462617
6,3,18,0.5395137407985727,1.047704247193736,0.0,0.19383694120333922,0.7754379143922006,0.0,0.34567679959523345,0.7047413533742682,0.432475020572733
6,3,19,0.2947398937181419,0.0,0.2947398937181419,0.2947398937181419,0.0,0.0,0.0,0.0,-0.2947398937181419
6,3,20,0.2594034800445631,0.2468012290161847,0.17060128874007532,0.13202878285958422,0.1552950903839563,0.2603710431785,0.1684116127319598,0.17570395187913876,-0.2223344263247925
6,3,21,0.07780839266177522,0.0,0.07780839266177522,0.07780839266177522,0.0,0.07780839266177522,0.0,0.7482236036306498,0.6704152109688746
6,3,22,0.35353309049512516,0.35353309049512516,0.0,0.0,0.35353309049512516,0.0,0.35353309049512516,0.35353309049512516,0.35353309049512516
6,3,23,0.0,0.0,0.0,0.07989553860967094,0.0,0.151152043530565,0.151152043530565,0.0,-0.23104758214023594
6,3,24,0.102898098876567,0.023278641321945823,0.02409807789574522,0.05270641009290835,0.023278641321945823,0.02409807789574522,0.06617184438089882,0.023278641321945823,-0.1082277897517843
6,3,25,0.689854234505678,0.0,0.6399686332195825,0.6014424789783046,0.0,0.6014424789783046,0.0,0.45199031335176104,-0.23786392115391697
6,3,26,0.22188508354070394,0.12828284476207358,0.1599802023848947,0.1623153878925286,0.34319033789935727,0.28469261876164037,0.12828284476207358,0.17664209209864914,0.13413482103839616
6,3,27,0.47715830037443346,0.4341814948880266,0.0,0.26652579415459143,0.4341814948880266,0.0,0.1676557007334352,0.34430307406351895,0.3013262685771121
6,3,28,0.0,0.7385335920968019,0.0,0.0,0.7385335920968019,0.0,0.3623495043937535,0.0,0.7385335920968019
6,4,1,0.0,0.0,0.34582523562354894,0.0,0.0,0.0,0.0,0.0,-0.34582523562354894
6,4,2,0.16843454628439913,0.0,0.17797412906866553,0.06729374500477857,0.0,0.06729374500477857,0.0,0.0,-0.27911493034828605
6,4,3,0.9939747794249719,0.0,0.9939747794249719,0.0,0.1613408105070911,0.0,0.0,0.1613408105070911,-0.8326339689178808
6,4,5,0.0,0.0,0.10956685460164402,0.0,0.047567640937716454,0.10956685460164402,0.0,0.0,-0.06199921366392758
6,4,6,0.0,0.0,0.0,0.0,1.1361406772859932,0.0,0.0,0.45989044969691806,1.5960311269829113
6,4,7,0.0,0.0,0.0,0.0,0.0,0.2042595182845473,0.2042595182845473,0.0,-0.2042595182845473
6,4,8,0.5591328745244472,0.07979182203410436,0.22354101397069623,0.34427776249023906,0.11872861139408407,0.6361326563666866,0.12009539504771478,0.1739608398859966,-0.39546404454634343
6,4,9,0.0,0.7518696121627079,0.0,0.7518696121627079,0.7518696121627079,0.7518696121627079,0.7518696121627079,0.0,0.7518696121627079
6,4,10,0.0,0.5153320503857822,1.1625786904352071,0.5153320503857822,0.5153320503857822,0.0,0.0,0.5153320503857822,-0.6472466400494249
6,4,11,0.0,0.0468483682168893,0.0,0.0468483682168893,0.0468483682168893,0.0,0.0,0.1282211115113411,0.1282211115113411
6,4,12,0.0,0.0,0.0,0.0,0.0,0.5813540135790962,0.5813540135790962,0.0,-0.5813540135790962
6,4,13,0.3662776888463356,0.33669791557013845,0.3662776888463356,0.0,0.33669791557013845,0.0,0.33669791557013845,0.33669791557013845,-0.029579773276197152
6,4,14,0.13747669470132787,0.0,0.13747669470132787,0.0,0.0,0.0,0.0,0.632060470879647,0.4945837761783191
6,4,15,0.0,0.7365678328498467,0.0,0.5889509147266083,0.7631156437771055,0.0,0.1494714799245367,0.8817137240693467,0.7853378659993279
6,4,16,0.0,0.21472439774946053,0.0,0.0,0.21472439774946053,0.0,0.0,0.0,0.21472439774946053
6,4,17,0.0,0.6988474133907545,0.0,0.0,0.6988474133907545,0.0,0.4663463952611584,0.8381397958951627,0.8381397958951627
6,4,18,0.9227287244405763,0.20328859803104465,0.07171870830557622,0.531102350176293,0.20392450727752381,0.2380753771885084,0.8510100161350002,0.3745974738403564,-0.11348027376040479
6,4,19,0.0,0.0,0.0,0.0,0.0,0.7705825073229225,0.0,0.0,-0.7705825073229225
6,4,20,0.5137145900396048,0.0,2.602763378293827,0.5137145900396048,0.0,0.5137145900396048,0.0,0.0,-3.116477968333432
6,4,21,0.0,0.21257235943277356,0.0,0.15114747744583434,0.5384868092997601,0.0,0.06678910799410033,0.44068873571782813,0.4711907217715908
6,4,22,0.08248969312089459,0.4437139727288697,0.08248969312089459,0.1266610117253902,0.4437139727288697,0.08248969312089459,0.08248969312089459,0.5262036658497643,0.3612242796079751
6,4,24,0.14939211391060842,0.15741124831120162,0.14939211391060842,0.14939211391060842,0.22336594969995288,0.14939211391060842,0.0,0.14961174830158624,0.07397383578934448
6,4,25,0.34966350387814565,0.19219688954598016,0.34966350387814565,0.34966350387814565,0.9263987750323387,0.5796880697396612,0.0,0.5335465223389991,0.6880603380856964
6,4,27,0.0,0.8973168301647824,0.0,0.0,0.8973168301647824,0.0,0.8973168301647824,0.0,0.8973168301647824
6,4,28,0.0,0.6555222623928298,0.0,0.0,0.6555222623928298,0.0,0.409569602023686,0.6555222623928298,0.6555222623928298
6,4,29,0.16996766316401854,0.18485375756791914,0.0,0.16996766316401854,0.32404975094658595,0.16996766316401854,0.35482142073193773,0.32404975094658595,0.1540820877825674
6,4,30,0.0,0.0,0.0,0.08554455586005118,0.09266236604586892,0.08554455586005118,0.09266236604586892,0.08954727742567314,0.09666508761149088
6,4,31,0.05560153993424406,0.09610930487513035,0.05259075845415846,0.11321057401399767,0.18262470806251224,0.12488883689356428,0.165989299179623,0.20766013630050792,0.26589655521335465
6,4,33,0.28066572355094704,0.2208565930224781,0.0,0.46885577709118265,0.46424438955121244,0.24799918406870458,0.0,0.46424438955121244,-0.06442051806843921
6,4,34,1.1545963754882085,0.0,1.1545963754882085,1.1545963754882085,0.0,0.0,0.0,0.0,-1.1545963754882085
6,4,35,0.0,0.0,0.0,0.0,0.22718919698680032,0.0,0.0,0.22718919698680032,0.22718919698680032
6,4,36,0.2257352446970987,0.03445923116733189,0.3283980711220237,0.2257352446970987,0.08377137393355347,0.010820738860953557,0.013848365914047702,0.03445923116733189,-0.25847506310251794
6,4,37,0.0,0.0,0.0,0.0,0.444209656924319,0.0,0.0,0.0,0.444209656924319
6,4,38,0.0,0.0,0.0,0.0,0.0,0.0,0.0,0.5772433013512915,0.5772433013512915
6,4,40,0.20302952844822383,0.6083857936234714,0.0,0.0,0.7848790367517674,0.0,0.0,0.17649324312829595,0.5818495083035436
6,4,41,0.4289320305895299,0.24338779652873435,0.4289320305895299,0.4289320305895299,0.24338779652873435,0.4289320305895299,0.4289320305895299,0.24338779652873435,-0.18554423406079554
6,4,42,0.0,0.546092802698248,0.0,0.0,0.6765293304117147,0.0,0.546092802698248,0.546092802698248,0.6765293304117147
6,4,43,0.0,0.1429012057581115,0.0,0.0,0.0,0.4071705879348266,0.0,0.0,-0.550071793692938
6,4,44,0.1902818464752183,0.0,0.0,0.1902818464752183,0.0,0.1902818464752183,0.0,0.0,-0.1902818464752183
6,4,45,0.0,0.26042364455811623,0.0,0.26042364455811623,1.1207889147965895,0.0,0.0,1.1207889147965895,1.1207889147965895
6,4,46,0.0,1.3952450202694637,0.0,0.0,1.66035712408671,0.0,1.3952450202694637,1.3952450202694637,1.66035712408671
6,4,47,0.0,0.0,0.0,0.39342805993959334,0.0,0.39342805993959334,0.0,0.0,-0.39342805993959334
6,4,48,0.0,0.0,0.0,0.7331257791483063,0.0,0.7331257791483063,0.0,0.7331257791483063,0.0
6,4,49,0.08075159953614017,0.05061246653161274,0.14746714062227456,0.18672717944432415,0.211427720715261,0.18672717944432415,0.0,0.126252427872311,-0.047126638010639446
6,4,50,0.0,1.176673397389598,0.0,0.25474587991001446,1.09438919619831,0.0,0.9219275174795835,1.040850298337841,1.09438919619831
6,4,51,0.0,0.0,0.0,0.4828435281076828,0.0,0.4828435281076828,0.0,0.0,-0.4828435281076828
6,4,52,0.0,0.14242374447862008,0.0,0.0,0.14242374447862008,0.26141815314375855,0.0,0.6427012723164061,0.38128311917264757
6,4,53,0.0,0.2018314684286282,0.0,0.08356735952201876,0.08356735952201876,0.0,0.0,0.2018314684286282,0.2018314684286282
6,4,54,1.7373471393522528,0.051196200252960754,0.05894123728561723,1.023793552590954,0.051196200252960754,1.023793552590954,0.051196200252960754,0.3827092467510347,-1.3546378926012181
6,4,55,0.026897614180694585,0.43035247140185967,0.026897614180694585,0.019204921132389398,0.3955412829997539,0.0,0.3763363618673644,0.1963664246814428,0.39953111608794184
6,4,56,0.3977434615156416,0.14399431143778618,0.24719665595370408,0.3977434615156416,0.20920833414801673,0.29515890611164003,0.04785054049511086,0.09882247571650837,-0.5318755542640042
6,4,58,0.0,0.6871094005143763,0.0,0.6871094005143763,0.6871094005143763,0.0,0.0,0.6871094005143763,0.6871094005143763
6,4,59,0.0,0.0,0.0,0.7587541155977872,0.0,1.473932982503861,0.0,0.0,-1.473932982503861
6,4,60,0.0,0.6356278383544696,0.0,0.6356278383544696,0.0,0.0,0.0,0.0,-0.6356278383544696
6,4,61,0.21322063532367314,0.21322063532367314,0.0,0.21322063532367314,0.2738148047789261,0.0,0.0,0.21322063532367314,0.2738148047789261
6,4,62,0.8042086806503335,0.0,0.0,0.8042086806503335,0.0,0.8042086806503335,0.8042086806503335,0.0,-0.8042086806503335
6,4,63,0.0,0.23365398613066882,0.0,0.6500311183539051,1.0809946222117384,0.0,0.2050737449790465,0.6674232493728001,0.4023832627062109
6,4,65,0.0,0.0835104225314583,0.0,0.41828523456417477,0.643358860092387,0.0,0.0,0.889696260763755,0.47141102619958025
6,4,66,1.133921558906126,0.13990334646255148,1.1145361026782163,1.133921558906126,0.19615409903898398,1.1964997097604075,0.09340314283663226,0.10508354940832021,-1.0336917863850266
6,4,67,0.0,0.2891079543696607,0.0,0.0,0.2891079543696607,0.0,0.2891079543696607,0.2891079543696607,0.2891079543696607
6,4,69,0.0,0.0,0.0,0.0,0.2646751779853257,0.0,0.0,0.49918026915928787,0.49918026915928787
6,4,70,0.4935594958469971,0.2602763378293827,0.2602763378293827,0.4935594958469971,0.2602763378293827,0.4935594958469971,0.4935594958469971,0.2602763378293827,-0.23328315801761437
6,4,71,0.6335255969958303,0.0204784801011843,0.6335255969958303,0.6335255969958303,0.5074811865674684,0.6335255969958303,0.06333482439739868,0.0204784801011843,-0.12604441042836184
6,4,72,0.0,0.335817833531562,0.0,0.0,0.0,0.0,0.0,0.0,-0.335817833531562
6,4,73,0.12474032157819866,0.14655767153849864,0.07509237947996086,0.0,0.13644893367867644,0.0,0.0703436951341725,0.0703436951341725,-0.13959774378380918
6,4,74,0.0,0.0,0.0,0.0,0.6435242565906303,0.0,0.0,0.0,0.6435242565906303
6,4,75,0.0,0.0,0.0,0.0,0.0,0.0,0.0,0.8003082159264753,-0.8003082159264753
6,4,76,0.0,0.2540465880144204,0.0,0.0,0.4562199760143589,0.18327300344618805,0.0,0.27294697256817085,0.20217338799993853
6,4,77,0.0,0.18688813920113817,0.0,0.0,0.18688813920113817,0.0,0.0,0.18688813920113817,0.18688813920113817
6,4,78,0.0,0.1546584430350593,0.0,0.0,0.1546584430350593,0.1546584430350593,0.1546584430350593,0.1546584430350593,0.1546584430350593
6,5,1,0.0,0.3283389604374039,0.07987423918935012,0.03616365265865138,0.14943096476733617,0.0,0.02678206329022508,0.3847924581412848,0.005043731766415661
6,5,3,0.37361061093789444,0.0,0.0,0.37361061093789444,0.0,0.37361061093789444,0.0,0.0,-0.37361061093789444
6,5,4,0.23198327326451929,0.0,0.0,0.23198327326451929,0.5228565432052185,0.23198327326451929,0.0,0.0,0.2908732699406992
6,5,5,0.2708050153825601,0.22799035618366567,0.2708050153825601,0.2708050153825601,0.22799035618366567,0.2708050153825601,0.0,0.0,-0.042814659198894434
6,5,6,0.0,0.27605779376308387,0.0,0.0,0.27605779376308387,0.0,0.27605779376308387,0.27605779376308387,0.27605779376308387
6,5,7,0.24974689924441482,0.22474340530436535,0.0,0.45324114255652187,0.10306641007715646,0.3661619478687301,0.1541165014645845,0.10306641007715646,-0.7609938629455265
6,5,8,0.6145763484627131,0.34155759708123185,0.18509587773146205,0.7067736622026488,0.07289453495986571,0.13971463573253404,0.0,0.1013438876585007,-0.6948359116945736
6,5,9,0.0,0.09892070943177173,0.0,0.08917133441975245,0.09892070943177173,0.0,0.09892070943177173,0.19944679451306344,0.11027546009331096
6,5,11,0.28852942609141613,0.18600081450367686,0.42293860528004723,0.24540438396915648,0.18600081450367686,0.05739083854516923,0.05739083854516923,0.18600081450367686,-0.5767374980875415
6,5,12,0.1363973590970135,0.4676251718592845,0.0,0.30702961786217253,0.4676251718592845,0.170632258765159,0.4676251718592845,0.4676251718592845,0.16059555399711192
6,5,13,0.42718090191251734,0.11650141459522963,0.3398661625244532,0.528588394471635,0.053543882395122644,0.43731974294267334,0.028632591877352263,0.14709895122578198,-0.41635367754933006
6,5,14,0.17609651285263975,0.20613282015431292,0.0,0.3382326785525282,0.20613282015431292,0.0,0.0,0.20613282015431292,-0.10206355109654212
6,5,15,0.0,0.5153320503857822,0.12836931298288412,0.6142429430989663,0.6315458679457161,0.09891089271318416,0.0,0.7656134214020973,0.538333215706029
6,5,17,1.5695631893722441,0.20068424714338956,0.15434708491769453,1.4059101020033236,0.05778304138527807,0.06614875067901194,0.0,0.1939151673981889,-1.5185492277321666
6,5,18,0.0,0.15911898289252907,0.11306827771141659,0.0,0.9822486356643655,0.0,0.0,1.4430444908701419,1.3299762131587252
6,5,19,0.3102763378293827,0.04417131860449562,0.0,0.5682906982858176,0.3517013590325012,0.6589071583133503,0.0,0.17695328883410838,-0.48470016688061895
6,5,20,0.5827873596692381,0.23442848385395526,0.28307112513903276,0.4602113107948323,0.26111643747166957,0.31903617921285043,0.42349498869001084,0.16711181716869236,-0.32167092219756854
6,5,21,0.29878422782121683,0.04505282950321382,0.29878422782121683,0.36007225225841977,0.0338047412491048,0.38263561773888194,0.06128802443720288,0.0338047412491048,-0.36506607142376624
6,5,22,0.0,0.0,0.0,0.22240699887035603,0.0,0.13330466172435107,0.0,0.0,-0.22240699887035603
6,5,23,0.0,0.7413308596773521,0.0,0.0,0.7413308596773521,0.0,0.0,0.7413308596773521,0.7413308596773521
6,5,24,0.23052253179206325,0.4094019693266087,0.21422570447138112,0.6241579576134668,0.3777303955677636,0.23928807689706488,0.014301953424266276,0.4470209605144217,0.15060714036578568
6,5,25,0.26652579415459143,0.4158918479298711,0.0,0.26652579415459143,0.4158918479298711,0.2246462977200472,0.0703436951341725,0.4158918479298711,0.19124555020982387
6,5,26,0.36460375744964235,0.1294105372834834,0.0,0.6096672753732716,0.1294105372834834,0.1994037976289722,0.0,0.21176269737297285,-0.4624118229346257
6,5,27,0.031058528948036016,0.04935164798057157,0.1607164359326643,0.22646693405776772,0.21950009174842836,0.03189617043647133,0.03301882724737819,0.21950009174842836,-0.1841136043749691
6,5,28,0.05171363134537752,0.0,0.08271615368350756,0.11605793160963233,0.0,0.07901676074411113,0.0,0.0,-0.14570116526068363
6,5,29,0.3746652388207023,0.18554890024938703,0.05097306561153702,0.6807278812619443,0.21436639958717413,0.22896148093664237,0.22066994853432356,0.3170836308237431,-0.3406578821915597
6,5,31,0.0,0.2983007320472243,0.0,0.0,0.13000180783397236,0.0,0.13000180783397236,0.389874504619371,0.389874504619371
6,6,1,0.0,1.1734931121128118,0.0,0.0,1.1734931121128118,0.0,0.4838196373983334,1.1734931121128118,1.1734931121128118
6,6,2,0.0,0.0913114240908662,0.0,0.0,0.21755516880908274,0.0,0.21755516880908274,0.6648921560521378,0.7911359007703543
6,6,3,0.0,0.0,0.0,0.1305189825738582,0.0,0.37999916612228307,0.1305189825738582,0.2106118061738753,-0.1693873599484078
6,6,4,0.07580409159049757,0.22661473392997097,0.07580409159049757,0.07580409159049757,0.11007506172741442,0.07580409159049757,0.0,0.11007506172741442,0.15081064233947342
6,6,5,0.0,0.819139204047372,0.0,0.0,0.819139204047372,0.0,0.819139204047372,0.819139204047372,0.819139204047372
6,6,6,0.0,0.0,0.0,0.0,0.0364051059605744,0.03875693423860641,0.03875693423860641,0.3713571626209591,0.33260022838235265
6,6,7,0.0552293589304708,0.0635700884901322,0.14803921350247434,0.0552293589304708,0.0635700884901322,0.0552293589304708,0.0552293589304708,0.0635700884901322,-0.08446912501234216
6,6,8,0.0,0.0,0.0,0.0,0.0,0.0,0.0,1.2506938195944648,1.2506938195944648
6,6,9,0.0,0.27116557430651217,0.0,0.0,0.789572592123433,0.20993339379245138,0.20993339379245138,0.789572592123433,0.5796391983309815
6,6,10,0.3590913411558808,0.5189980483170998,0.13151259144435307,0.29697376697196476,0.763299295090018,0.11061346774465822,0.14443388493341455,0.7070804013617051,0.3123285488528456
6,6,12,0.036050146669445955,0.0,0.0,0.11353386412523943,0.058913747535167704,0.07009339971687051,0.1704407180383857,0.706030775380348,0.6173674057428516
6,6,13,0.16479928888752182,0.8559091912770201,0.4606860056230583,0.1679807401255877,0.9556913855942338,0.16846029589925843,0.08024859002188182,0.42442553851354164,0.5449455366563446
6,6,14,0.5998858699906535,0.0,0.0,0.0,0.0,0.5998858699906535,0.0,0.0,-0.5998858699906535
6,6,15,0.0,0.9829670448568465,0.0,0.0,0.9829670448568465,0.0,0.9829670448568465,0.9829670448568465,0.9829670448568465
6,6,16,0.0987296758243115,0.3567682775252491,0.0,0.029355119430834565,0.3834003768414632,0.22839818097979422,0.027318668943619347,0.3560817078978439,0.15500219586166894
6,6,19,0.21497833146578635,0.2385722233409358,0.05259125817063343,0.21497833146578635,0.2728100371715424,0.2836888687878775,0.19440612866096846,0.20655316797512027,0.18574605550942433
6,6,20,0.3557189257941493,0.46709797643076945,0.2942997246464652,0.3676553208029532,0.3156594961209497,0.17062807340225813,0.12320896575442558,0.3774665753331936,0.07579744044709785
6,6,21,0.0,1.5884391881546636,0.0,0.0,1.5884391881546636,1.5884391881546636,0.0,1.5884391881546636,0.0
6,6,22,0.5520270867917694,0.27160044469260497,0.5520270867917694,0.5520270867917694,0.27160044469260497,0.28616943043167853,0.5374581010526958,0.3637025449390806,-0.08258522323562098
6,6,23,0.10814035256661117,0.3954306571506265,0.09193036688227561,0.10814035256661117,0.46556607088296903,0.10416583284541511,0.3958595447673955,0.4472275020379871,0.3730635609299995
6,6,25,0.07568910575861244,0.22262188098799215,0.0,0.09044317027241079,0.22262188098799215,0.08850705975832258,0.009989502488382587,0.38532455302129404,0.285240927265945
6,6,26,0.0,0.0,0.0,0.0,0.0,0.0,0.0,0.24533744850198802,0.24533744850198802
6,6,27,0.5687128215695992,0.13338470265441255,0.30408884645827233,0.21764147135845938,0.13338470265441255,0.0782130598370678,0.0,0.13338470265441255,-0.43532811891518675
6,6,29,0.0,0.0,0.0,0.0,0.0,0.0,0.0,0.6303846208753107,0.6303846208753107
6,6,31,0.07277975506903944,0.014115393643692095,0.020017828247056946,0.036559401291730166,0.016589552630792658,0.0,0.0,0.030704946274484758,-0.06209263704161163
6,7,1,0.0,0.08963298703185692,0.0,0.23542205695158835,0.0,0.08963298703185692,0.0,0.13598514835110398,-0.09943690860048437
6,7,2,0.0,0.0,0.0,0.3921424074039139,0.0,0.3921424074039139,0.0,0.0,-0.3921424074039139
6,7,3,1.0910917282889963,0.6761136340928618,0.4149780941961345,1.0910917282889963,0.0,0.4149780941961345,0.6761136340928618,0.0,-1.0910917282889963
6,7,4,0.19361388552990397,0.10444218452951948,0.22879657188946742,0.21291564864596824,0.09237186258943887,0.7804594239126159,0.0954890694670784,0.01595725722170205,-0.7926988191944097
6,7,5,0.0,1.0315384705232356,0.0,0.0,1.0315384705232356,0.0,0.0,0.0,1.0315384705232356
6,7,6,1.2264404161357652,0.0,1.2264404161357652,1.2264404161357652,0.0,1.2264404161357652,0.0,0.0,-1.2264404161357652
6,7,7,0.0,0.2915081004707334,0.0,0.023538416565600708,0.39092513940220075,0.32544565925883995,0.12375466472896737,0.1363628805863979,0.20184236072975864
6,7,8,0.0,0.07227698859241517,0.0,0.0,0.07227698859241517,0.0,0.07227698859241517,0.22687894634527578,0.22687894634527578
6,7,10,0.0,0.07446720036794291,0.0,0.0,0.07446720036794291,0.0,0.07446720036794291,0.5994016111372722,0.5994016111372722
6,7,11,0.0,0.36806974389718145,0.0,0.17051384729441357,0.23721433946237466,0.0,0.0,0.20328452318763546,0.2118393723853029
6,7,12,0.0,0.0,0.0,0.0,0.0,0.0,0.0,1.1411053513175309,1.1411053513175309
6,7,13,0.0,0.8050859805153047,0.0,0.0,0.0,0.4665403646341072,0.0,0.8050859805153047,-1.2716263451494119
6,7,14,0.1461276947608917,0.3988085951173939,0.25798644582389657,0.1461276947608917,0.3988085951173939,0.46849945351510947,0.18829558742618108,0.3988085951173939,0.14082214929349735
6,7,15,0.2645080855302101,0.8191392040473721,0.0,0.2645080855302101,0.8191392040473721,0.2519200725509417,1.3355673621285238,0.8191392040473721,0.5672191314964303
6,7,16,0.0,0.5221868773975438,0.0,0.11446116187786366,0.47685065791863185,0.11446116187786366,0.1989111502753266,0.3972235986046339,0.2013722999377073
6,7,17,0.0,0.0,0.0,0.0,0.257704725736307,0.0,0.0,0.257704725736307,0.257704725736307
6,7,18,0.051872261774516815,0.2671498824849566,0.051872261774516815,0.051872261774516815,0.488216090627992,0.5677677541193542,0.13960778823766803,0.08145841990536737,-0.07955166349136228
6,7,19,0.0,0.0,0.0,0.0,0.0,0.5239083854516923,0.0,0.0,-0.5239083854516923
6,7,20,0.0,0.37115424840389577,0.0,0.0,0.6159659315431143,0.6440687844122437,0.37115424840389577,0.37115424840389577,-0.028102852869129363
6,7,21,0.0,0.0,0.6643306802486898,0.0,0.15302138551968508,0.0,0.0,0.0,-0.5113092947290048
6,7,22,0.0860335303703698,0.020342054620491403,0.0860335303703698,0.7866054224728007,0.10101245987403695,0.9978270052925937,0.0,0.10101245987403695,-0.8968145454185568
6,7,23,0.08491207613905545,0.04818465906161012,0.08491207613905545,0.0,0.04818465906161012,0.0,0.04818465906161012,0.04818465906161012,-0.03672741707744533
6,7,24,0.048810067136343,0.288010476848119,0.13149185292403823,0.23583468025047702,0.3019052286252812,0.2542291797841851,0.14538660470120043,0.11246863957177444,-0.02015723164751072
6,7,25,0.18250638331332375,0.11528895625045311,0.18250638331332375,0.18250638331332375,0.11528895625045311,0.18250638331332375,0.18250638331332375,0.11528895625045311,-0.06721742706287064
6,7,27,0.0,0.36239155542426743,0.0,0.22637183175292833,0.8231506152536164,0.0,0.10222051291447963,0.5991300402282908,0.9106396837151713
6,7,28,0.09744850778676195,0.4934801544758745,0.09744850778676195,0.0,0.2091195783467206,0.31304303683269746,0.4418106214734925,0.2091195783467206,-0.4857325424018926
6,7,29,0.03262974564346455,0.2704971707923897,0.0,0.0,0.3787698142560048,0.0,0.2704971707923897,0.09986491202723073,0.3461400686125404
6,7,30,0.0,0.7413907507363617,0.0,0.4879264977969951,0.7413907507363617,0.10142746000765841,0.0,0.3864990377893367,0.6399632907287033
6,7,31,0.01320906738305877,0.008722216732922587,0.00802034892169722,0.053705165376942206,0.025415458789615507,0.08210307166502283,0.004188124335747453,0.02488609830594505,-0.08127774263195614
6,7,32,0.12857758385022303,0.2628542935687573,0.12857758385022303,0.06784599783714695,0.23050660776079784,0.4852500448580284,0.0,0.23050660776079784,-0.2547434370972305
6,7,33,0.19377896793731053,0.4321147360051604,0.23690811738237982,0.19377896793731053,0.5413575787647608,0.23690811738237982,0.22808990180788102,0.37173908233008257,0.3789911666398254
6,7,34,0.2611732171957655,0.33155087121206656,0.2611732171957655,0.2941633073852592,0.11005084841669943,0.6467555431950914,0.0691088025314738,0.11005084841669943,-0.536704694778392
6,7,35,0.8806004938193153,0.0,0.8806004938193153,0.8806004938193153,0.2092532077510003,0.0,0.0,0.2092532077510003,-0.671347286068315
6,7,36,0.0,0.10457096221881344,0.0,0.0,0.10457096221881344,0.0,0.10457096221881344,0.10457096221881344,0.10457096221881344
6,7,37,2.2822107026350618,0.0,2.2822107026350618,0.0,0.0,0.0,0.0,0.0,-2.2822107026350618
6,7,38,0.0,0.0,0.0,0.0,0.6554433150096143,0.23284817131186322,0.196379158450559,0.0,0.42259514369775103
6,7,39,0.0,0.20425313935961445,0.11893015144546658,0.0,0.08391528187909951,0.0,0.0,0.0,-0.155352727046882
6,8,1,0.0,0.18903212401093203,0.0,0.0,0.7101304715849799,0.0,0.18903212401093203,0.7101304715849799,0.7101304715849799
6,8,2,0.0,1.793290919762619,0.0,0.0,1.9910053289256793,0.0,0.23403977258496342,2.079520121376945,0.5202689741992891
6,8,4,0.0,0.0,0.0,0.0,0.30248591769751504,0.0,0.0,0.30248591769751504,0.30248591769751504
6,8,5,0.0,0.1132178782370749,0.0,0.056553492852754995,0.05297698251434932,0.056553492852754995,0.05297698251434932,0.06024089572272556,0.056664385384319886
6,8,6,0.07492627459475155,0.2906624726035859,0.07492627459475155,0.07492627459475155,0.6598874083253896,0.07492627459475155,0.11352210538789141,0.4714390283427466,0.5849611337306381
6,8,7,0.0,0.23174710202290905,0.0,0.0,0.27585963168712996,0.049638724629833236,0.1821083773930758,0.09375125429405418,0.22622090705729678
6,8,9,0.04981474812505259,0.59081296282378,0.0,0.2927718172596037,0.5220122609028415,0.08433670466638497,0.15295554235151843,0.45126443192695825,0.327558682292051
6,8,11,0.0,0.8069789998279788,0.0,0.0,1.1698437278767289,0.0,0.7089433979770003,0.6327836221333469,1.1698437278767289
6,8,13,0.0,0.04506207615700789,0.0,0.21281372841506271,0.2271059903116063,0.057548790412813224,0.18204391415459842,0.07416419309978882,0.1404550829560122
6,8,14,0.0,0.31755487440033964,0.0,0.0,0.31755487440033964,0.0,0.31755487440033964,0.1725896795221015,0.31755487440033964
6,8,15,0.29523383624647664,0.4223962524505571,0.1578968493373544,0.0,0.12716241620408048,0.0,0.4223962524505571,0.12716241620408048,0.26449940311320275
6,8,16,0.0,0.0,0.0,0.0,0.0,0.6897948783837061,0.0,0.0,-0.6897948783837061
6,8,17,0.0,0.06553113632378976,0.0,0.0,0.31584772305431263,0.0,0.06553113632378976,0.06553113632378976,0.31584772305431263
6,8,18,0.07312850081481434,0.33289791657412315,0.0,0.04756911234330298,0.3797355817105109,0.0,0.17623954764707814,0.1976747759975535,0.4255342996572683
6,8,19,0.0,0.23165268021785465,0.0,0.12292975165324761,0.23165268021785465,0.12292975165324761,0.09970187001830916,0.1319508101995455,0.10872292856460702
6,8,21,0.0,0.1608463806329813,0.0,0.23047023513757234,0.2919570080950054,0.08640116963615346,0.043112589686703784,0.1821756306077099,0.20555583845885197
6,8,23,0.0,0.366295452079268,0.0,0.0,0.5834648288877403,0.0,0.366295452079268,0.6687879447059805,1.0350833967852484
6,8,24,0.13716930859232895,0.355151675549661,0.21824466416046628,0.13716930859232895,0.40564921913389834,0.13716930859232895,0.355151675549661,0.12198259910484868,0.257280713238153
6,8,25,0.0,0.10191418995329544,0.09977393991032513,0.13989613354723354,0.37974342920649046,0.039974422397345714,0.22960629698734136,0.5016493469495863,0.39981467444428515
6,8,26,0.8283123161874766,0.45712823386247037,0.8283123161874766,0.45712823386247037,0.0,0.45712823386247037,0.0,0.0,-1.2854405500499468
6,8,27,0.0,0.0,0.0,1.1700560130370294,0.0,0.0,0.0,0.0,-1.1700560130370294
6,8,28,0.0,0.18636065997138632,0.0,0.0,0.18636065997138632,0.0,0.0,0.18636065997138632,0.18636065997138632
6,8,29,0.16211434220774057,0.6141345679847714,0.16211434220774057,0.16211434220774057,0.7201794095116698,0.16211434220774057,0.49580777192374786,0.44598247767997223,0.5580650673039294
6,8,30,0.0,0.1893576050318285,0.018832813684228625,0.06847061466542625,0.2089161101136254,0.05294797293848879,0.03963534724256354,0.18515469077319482,0.17295948346442466
6,8,32,0.0,0.8751544059089099,0.0,0.0,0.0,0.0,0.0,0.8751544059089099,0.8751544059089099
6,8,34,0.0,0.24966228006807678,0.0,0.4234498309152258,0.6731121109833026,0.0,0.6731121109833026,0.0,0.6731121109833026
6,8,35,0.12065920227812735,0.0,0.2201488481988542,0.12065920227812735,0.0,0.12065920227812735,0.0,0.0,-0.2201488481988542
6,8,36,0.3104912780483153,0.1504967309338242,0.0,0.05296898652953913,0.09752774440428506,0.18946883311068333,0.1547823063476809,0.11220770281087548,-0.38870138403156457
6,8,37,0.9164146382232105,0.14708175957656314,0.13570509379932125,0.8177495455536495,0.14708175957656314,0.8177495455536495,0.9259993823180604,0.22369179012306675,-0.8284279418994651
6,8,38,2.733497780856617,0.4248710037660744,2.447024650794744,0.4162047055445551,0.4248710037660744,2.564445128518083,0.4248710037660744,0.0,-2.3086267770905424
6,8,39,0.1456502990442941,0.0653262654894224,0.0,0.039992391332710236,0.02783919867573336,0.039992391332710236,0.039992391332710236,0.06996155991050841,-0.14101500462320807
6,8,40,1.2845611212593522,0.5185151993928502,0.0,0.2964552209261293,0.5185151993928502,0.0,0.5185151993928502,0.5185151993928502,-0.24753072247365174
6,8,41,0.05282895385579193,0.05489388931601417,0.0,0.07312850081481434,0.0946607048886011,0.0,0.0,0.05489388931601417,-0.03129674978200517
6,8,42,0.16663496388629268,0.3017437383326547,0.7509237947996087,0.21571420678017666,0.30560749199559695,0.16663496388629268,0.3747588237640936,0.09748363211779609,-0.6564919022512742
6,8,43,0.0,0.0474125610350157,0.0,0.05621280916087094,0.0474125610350157,0.05621280916087094,0.0,0.0474125610350157,-0.00880024812585524
6,8,44,0.18143236402437501,0.19273863624644047,0.18143236402437501,0.29157813983946285,0.19273863624644047,0.18143236402437501,0.19273863624644047,0.19273863624644047,-0.2802718676173974
6,9,1,0.7221384888858127,0.0,0.187110482367298,0.7221384888858127,0.0,0.5350280065185147,0.0,0.0,-0.7221384888858127
6,9,3,0.3058844895493926,0.1926209703681338,0.1503132842177167,0.35824357281568503,0.11224663898534448,0.22433261576876312,0.16723816474968167,0.136327020152025,-0.08725194729837008
6,9,4,0.0,0.14652344906182482,0.0,0.0,1.5694391650174409,0.14652344906182482,1.432213777948256,0.1372253870691849,1.5694391650174409
6,9,5,2.4340090827343026,0.0,0.0,0.0,0.0,0.0,2.4340090827343026,0.0,0.0
6,9,6,0.3677277694104028,0.21595310864782563,0.4475253464256148,0.4205823386807395,0.11751805005520032,0.4172296353019898,0.06604349914063293,0.42315549276017755,-0.18552240511048576
6,9,7,0.0,0.1291931795297432,0.0,0.0763454889460418,0.25617494040741545,0.0,0.17982945146137364,0.1291931795297432,0.25617494040741545
6,9,8,2.0548583601584194,0.0,0.0,2.0548583601584194,0.0,2.0548583601584194,0.0,0.0,-2.0548583601584194
6,9,11,0.051148581499369704,0.11189611779623246,0.0,0.03864990377893367,0.15640527577602098,0.09565773947915823,0.07324621401729878,0.11189611779623246,0.10525669427665127
6,9,12,0.0,0.314268346624078,0.0,0.21187594611815652,0.1023924005059215,0.0,0.1023924005059215,0.1023924005059215,-0.10948354561223503
6,9,13,0.20137136331638325,0.3692588797851937,0.20137136331638325,0.2556168423043603,0.3692588797851937,0.20137136331638325,0.20137136331638325,0.3692588797851937,0.1678875164688105
6,9,14,0.07402921177516182,0.0,0.07402921177516182,0.2203247696363837,0.0,0.1535872471160292,0.07402921177516182,0.2203247696363837,-0.1535872471160292
6,9,15,0.3434768308303295,0.15564262785637775,0.3434768308303295,0.3434768308303295,0.05069881613528929,0.3434768308303295,0.3422743470582545,0.1516151225198018,-0.14116289217523834
6,9,17,0.09104262696256081,0.029150043990410525,0.09104262696256081,0.021533901128646685,0.5964847713789457,0.11010492681422276,0.12733770853792736,0.5508696425071737,0.41336370692521707
6,9,18,0.0,0.0,0.0,0.0,0.0,0.0,0.0,0.09745666126710117,0.09745666126710117
6,9,19,0.0,0.18981702176562704,0.0,0.2859708679194732,0.4950186589158695,0.0,0.18981702176562704,0.24849369485624298,0.4575414858526393
6,9,20,0.11191726201576177,0.047541396357053727,0.11191726201576177,0.11191726201576177,0.1445486231963098,0.0,0.047541396357053727,0.1364885659588347,0.11826716395258412
6,9,21,0.4180553038414615,0.1709084933743441,0.3508317513005046,0.5421658389732146,0.0,0.4180553038414615,0.1709084933743441,0.24340090827343025,-0.2987649306997844
6,9,22,0.38260559030112823,0.07145060287905575,0.38260559030112823,0.38260559030112823,0.2823201898510141,0.38260559030112823,0.0,0.4922304570975273,-0.11672662287237139
6,9,24,0.4972136833486299,0.0,0.0,0.0,0.0,0.0,0.0,0.0,-0.4972136833486299
6,9,26,0.14347709636292308,0.07863736358854771,0.14347709636292308,0.30033405932448864,0.07863736358854771,0.22184669755148861,0.22211445995147078,0.19176619070601544,-0.18693746980703868
6,9,27,0.19838106414765758,0.5248341317686399,0.19838106414765758,0.0,0.5248341317686399,0.19838106414765758,0.4318337245168015,0.09300040725183843,0.32645306762098236
6,9,28,0.3207932510257012,0.0,0.0,0.0,0.0,0.6003246457411179,0.0,0.3049433396895455,-0.29538130605157237
6,9,29,0.0,0.0,0.0,0.9126223299581995,0.0,0.0,0.0,0.0,-0.9126223299581995
6,9,30,0.0,0.0,0.0,0.0,0.8669053207382879,0.0,0.0,0.0,0.8669053207382879
6,9,31,0.1677169393672339,0.0,0.1677169393672339,0.1677169393672339,0.0,0.3075402255260933,0.0,0.0,-0.3075402255260933
6,9,32,0.0,0.031367936752008094,0.03989301933454112,0.1726150548144052,0.031367936752008094,0.1726150548144052,0.0,0.16941750338646783,-0.04309057076247852
6,9,33,0.23867410602260208,0.0,0.23867410602260208,0.23867410602260208,0.0,0.23867410602260208,0.0,0.0,-0.23867410602260208
6,9,34,0.0,0.2252632811130273,0.0,0.4738838783512305,0.2252632811130273,0.3637321366341001,0.2252632811130273,0.2252632811130273,-0.24862059723820318
6,9,36,0.0,0.40853827647503477,0.0,0.0,0.40853827647503477,0.0,0.40853827647503477,1.033885186272267,1.033885186272267
6,9,37,0.0,0.20426913823751738,0.0,0.0,0.20426913823751738,0.0,0.20426913823751738,0.37481829545494444,0.37481829545494444
6,9,38,0.0,0.0,0.0,0.0,0.0,0.0,0.0,0.5323709511410246,0.5323709511410246
6,9,39,0.0,0.0,0.0,1.6352586590851879,0.0,1.6352586590851879,0.0,0.0,-1.6352586590851879
6,9,40,0.1523261351146856,0.11170080055191436,0.1523261351146856,0.1523261351146856,0.11170080055191436,0.1523261351146856,0.26402693566659996,0.11170080055191436,-0.04062533456277123
6,9,41,0.22579798476864218,0.12033785748051494,0.22579798476864218,0.22579798476864218,0.0,0.0,0.0,0.17277398804884472,-0.17336185420031236
6,9,42,0.6175332016471743,0.8816936184340336,0.0,0.0,0.8816936184340336,0.0,0.0,0.0,0.2641604167868593
6,9,45,0.021786352915665975,0.1082693943004973,0.0,0.04445514042524539,0.08000853878708569,0.0939743939235148,0.1082693943004973,0.1862360040148298,0.04780646966606957
6,9,46,0.9293944498898452,0.0,0.9293944498898452,0.9293944498898452,0.0,0.9293944498898452,0.7515466952343589,0.0,-0.9293944498898452
6,9,47,0.05956111188864984,0.03561474800205965,0.0,0.05956111188864984,0.03561474800205965,0.05956111188864984,0.03561474800205965,0.03561474800205965,-0.02394636388659019
6,9,48,0.15102852248728743,0.18796740304067697,0.15102852248728743,0.3389959255279644,0.0,0.15102852248728743,0.3389959255279644,0.0,-0.3389959255279644
6,9,49,0.4430960939334847,0.0,0.4430960939334847,0.4430960939334847,0.0,0.0,0.4430960939334847,0.4711050099196519,0.02800891598616717
6,10,2,0.0,0.0,0.0,0.0,0.22718919698680032,0.0,0.0,0.22718919698680032,0.22718919698680032
6,10,3,0.0,0.30271096660817715,0.0,0.0,0.30271096660817715,0.0,0.0,0.30271096660817715,0.30271096660817715
6,10,7,0.0,0.0,0.0,1.6935696296156555,0.0,1.6935696296156555,0.0,0.0,-1.6935696296156555
6,10,8,0.0,0.0,0.0,0.6992380332153394,0.0,0.6992380332153394,0.0,0.0,-0.6992380332153394
6,10,9,2.574097026362521,2.574097026362521,0.0,2.574097026362521,0.0,0.0,2.574097026362521,0.0,-2.574097026362521
6,10,11,0.7925590063489537,0.18739347286755717,0.7925590063489537,0.979952479216511,0.18739347286755717,0.7925590063489537,0.0,0.18739347286755717,-0.6051655334813967
6,10,12,0.0,0.45893849701098693,0.0,0.08962296528448387,0.45893849701098693,0.0,0.0,0.2761517353107535,0.45893849701098693
6,10,13,0.31472235677559685,0.0,0.13025022187344557,0.0,0.0,0.13025022187344557,0.0,0.0,-0.31472235677559685
6,10,14,0.0,0.04290161710604202,0.0,0.0,0.04290161710604202,0.0,0.038036845043917696,0.10949691118909143,0.07146006614517372
6,10,15,1.2551117825674387,0.23403977258496342,1.2551117825674387,1.2551117825674387,0.23403977258496342,1.2551117825674387,1.2833975922639087,0.23403977258496342,-1.0210720099824753
6,10,17,0.20145152735237862,0.11845590851315174,0.0829956188392269,0.3855742524877442,0.11845590851315174,0.26711834397459244,0.0,0.11845590851315174,-0.1486624354614407
6,10,18,0.0,0.20636408616771082,0.0,0.07439975522061139,0.20636408616771082,0.07439975522061139,0.10052608508129168,0.10052608508129168,0.13196433094709945
6,10,19,0.42639139054676883,0.13340697868799978,0.3615769906226626,0.08309294655112236,0.29285254621750767,0.08309294655112236,0.06481439992410627,0.26305427138968007,-0.04999895892709973
6,10,21,0.0,0.3129271669655156,0.0,0.0,0.3129271669655156,0.0,0.0,4.715125137642932,4.715125137642932
6,10,22,0.0,0.6203805432228392,0.1712624679830603,0.0,0.1712624679830603,0.0,0.1712624679830603,0.1712624679830603,-0.2778556072567187
6,10,23,0.0,0.4417131860449562,0.0,0.4417131860449562,0.5444697224435044,0.0,0.10275653639854831,0.4417131860449562,0.5444697224435044
6,10,24,0.0,1.4089372265634053,0.0,0.0,1.1784553471935093,0.0,1.1784553471935093,0.6400514813935819,1.4089372265634053
6,10,25,0.0,0.4851843177269181,0.0,0.0,0.4851843177269181,0.0,0.0,0.8342474144169074,1.3194317321438254
6,10,26,0.12736811420858318,0.0,0.12736811420858318,0.0,0.0,0.0,0.0,0.0,-0.12736811420858318
6,10,28,0.4655777714694384,0.10233852619595728,0.3632392452734811,0.3632392452734811,0.10233852619595728,0.3632392452734811,0.4655777714694384,0.10233852619595728,-0.2609007190775238
6,10,29,0.0,0.0,0.0,0.0,0.0,0.0,0.0,1.8117475219687675,1.8117475219687675
6,10,30,0.38495190123084144,0.212935027768215,0.38495190123084144,0.32818863920784946,0.212935027768215,0.32818863920784946,0.0,0.0,-0.29106289538838853
6,10,31,0.0,0.0,0.0,0.0,0.6807596520662843,0.0,0.0,0.6807596520662843,0.6807596520662843
6,10,32,0.06900210926875046,0.0,0.11398873177203564,0.06900210926875046,0.16532714663934564,0.0,0.21068494213754993,0.22212336494262824,0.05133841486731
6,10,33,0.0,0.0,0.0,0.0,0.0,0.23006912569623247,0.0,1.2366506510390862,1.0065815253428538
6,10,35,0.0,0.0,0.0,0.0,0.2806424673326759,0.0,0.0,0.2806424673326759,0.2806424673326759
6,10,36,0.1260953193801146,0.0,0.0,0.1260953193801146,0.0,0.14427713756193278,0.0,0.0,-0.27037245694204737
6,10,37,0.6350280065185147,0.0,0.6350280065185147,0.8190833070755007,0.06134891204017957,0.7232064150850993,0.0,0.02732130869525943,-0.2185832805072078
6,10,38,0.0,0.0,0.0,0.0,1.0604484152689848,0.0,0.0,0.0,1.0604484152689848
6,10,39,0.6275194801496847,0.13653144094109726,0.07986611277583335,0.6275194801496847,0.2163975537169306,0.07986611277583335,0.5944650448866157,0.2163975537169306,-0.33125581365692075
6,10,40,0.13747904547895354,0.03031376512501595,0.13747904547895354,0.13747904547895354,0.03176272652615708,0.13747904547895354,0.016275870449205903,0.03878768932209445,-0.09611290731238414
6,10,41,0.37958636088832715,0.31922359629137953,0.11621381755993378,0.446338474195647,0.22884589131796831,0.446338474195647,0.11621381755993378,0.11621381755993378,-0.5067012387925945
6,10,42,0.8172691343916615,0.3279368804921919,0.3577117880395982,0.3577117880395982,0.3279368804921919,0.3577117880395982,0.3803139191772348,0.3279368804921919,-0.10901833472223482
6,10,43,0.0,0.023172040750080357,0.06722598885219505,0.033612994426097526,0.04645017065199257,0.06722598885219505,0.0800631650780901,0.0726045180158729,-0.028234465262419694
6,10,44,0.045161856789750814,0.14230741457236076,0.0,0.0,0.09468900580205594,0.15119131722133944,0.031708614350220855,0.09468900580205594,-0.00888390264897868
6,10,45,0.20903983855262073,0.4610826705671968,0.07038723248813326,0.20903983855262073,0.4610826705671968,0.0,0.25204283201457606,0.4610826705671968,0.3906954380790635
6,10,47,0.05125579871429542,0.06442920572233737,0.02810779874140032,0.06938900449084259,0.06442920572233737,0.05060066236202011,0.11502986808435747,0.023147999972895097,0.01382854336031726
6,10,50,0.04136057881388923,0.0,0.0,0.0,0.0,0.0,0.0,0.6947248518530711,0.6533642730391819
6,11,1,0.15055563959199955,0.09191076052265762,0.0,0.06544340568902211,0.2830714536547022,0.06544340568902211,0.0136523200674562,0.218350435068123,0.2326522421602587
6,11,2,0.23471504786039363,0.6734231585814575,0.09906987579361923,0.8298686207544582,0.0,0.4535198141732015,0.09412396698021396,0.1215816952936315,-0.6289503235509243
6,11,3,0.8522190785031567,0.0,0.0,0.8522190785031567,0.0,0.0,0.0,0.0,0.0
6,11,4,0.829956188392269,0.0,0.829956188392269,0.829956188392269,0.0,0.829956188392269,0.0,0.0,-0.829956188392269
6,11,5,0.31167593331175325,0.3179143213112319,0.37191546373045703,0.767920319092011,0.24956380554095464,0.5512742716392534,0.767081022868535,0.23874290334433232,-0.7461016528771905
6,11,10,0.7311038962309869,0.0,0.7311038962309869,0.8156680156406928,0.37599838057860274,0.9183634660270001,0.0,0.37599838057860274,-0.5423650854483972
6,11,11,0.025123714905250033,0.01872712641910931,0.0,0.025123714905250033,0.0797075848780504,0.06790250087963,0.0,0.06614108063153887,0.011805083998420396
6,11,12,0.04788208779186168,0.16142564328214976,0.04788208779186168,0.24130012129643771,0.16142564328214976,0.16768125695561167,0.03150535400182201,0.2397628268679641,0.07208156991235239
6,11,13,0.0,0.20203199366657776,0.5721453205054895,0.5290161710604202,0.38309005116224704,0.5721453205054895,0.3346049496531716,0.12855752546374163,-0.07554458916307318
6,11,14,0.0,0.9408829544544158,0.0,0.12595623120486193,1.1139741243758159,0.17309116992139983,0.9408829544544158,0.9408829544544158,1.1139741243758159
6,11,15,0.0,0.16909164954879713,0.0,0.0,0.8067676333840108,0.0,0.0,0.16909164954879713,0.8067676333840108
6,11,16,0.039004380657965125,0.05065788167053706,0.039004380657965125,0.039004380657965125,0.3070079715699676,0.039004380657965125,0.05065788167053706,0.3070079715699676,0.3070079715699676
6,11,17,0.0,1.9207397182235408,0.0,0.0,1.9207397182235408,0.0,0.0,1.9207397182235408,1.9207397182235408
6,11,20,0.0,0.26881551937703235,0.0,0.1963169715755361,0.24459217115769014,0.14938180179643346,0.04827519958215404,0.2831938489944976,0.17874470897144037
6,11,21,0.1431517017712563,0.393232516571107,0.0,0.08303902244900511,0.3404689944450351,0.020643230269623194,0.1606331992847168,0.24957556503501238,0.24407953685350614
6,11,22,0.0,0.08056610118197156,0.0,0.0,0.08056610118197156,0.0,0.0,0.3322704001450824,0.3322704001450824
6,11,23,0.06709570789900629,0.058543161009430154,0.051059155340464527,0.02412486624818617,0.058543161009430154,0.02412486624818617,0.016036552558541757,0.058543161009430154,0.007484005668965637
6,11,24,0.0,0.0,0.0,0.0,0.0,0.4830515883091828,0.0,0.0,-0.4830515883091828
6,11,26,0.1932689434951385,0.08605163974211122,0.1932689434951385,0.2246403360874516,0.32747664573884866,0.2484991233819253,0.06239902637525139,0.26507761936359725,0.023953516397750375
6,11,29,0.49215210514284646,0.2160479997470209,0.2761041053958255,0.2761041053958255,0.2160479997470209,0.2761041053958255,0.2160479997470209,0.2160479997470209,-0.06005610564880462
6,11,30,1.1438834716778927,0.0,0.0,1.1438834716778927,0.0,0.0,0.0,0.0,-1.1438834716778927
6,11,31,0.4393885703253189,0.0,0.4393885703253189,0.4393885703253189,0.0,0.4393885703253189,0.0,0.0,-0.4393885703253189
6,11,32,0.13788475978590628,0.4746478587408793,0.0,0.045952723130101965,0.4746478587408793,0.0,0.0,0.4746478587408793,0.38271582208507493
6,11,33,0.3869045788073009,0.0,0.26828384102969866,0.9565653495725133,0.0,1.0751860873501156,0.11411053513175308,0.0,-1.1892966224818684
6,11,35,1.604670655944995,0.0,1.4435052943639428,0.1611653615810525,0.32753636708180506,0.1611653615810525,0.0,0.32753636708180506,-1.2771342888631902
6,11,36,0.4167911968811649,0.2627658833981553,0.26322216399252174,0.4167911968811649,0.370883476790219,0.4167911968811649,0.2627658833981553,0.2801131256509224,-0.013297007082584932
6,11,37,0.356083870842266,0.204784801011843,0.356083870842266,0.356083870842266,0.4238338178877039,0.0,0.204784801011843,0.4238338178877039,0.06774994704543791
6,12,1,0.0,0.5807684402104002,0.0,0.0,1.6420963213454887,0.0,0.23403977258496342,0.6727004768662044,2.0180211521227136
6,12,2,0.32148253063245946,0.0,0.16935696296156555,0.32148253063245946,0.0,0.1521255676708939,0.0,0.0,-0.32148253063245946
6,12,3,0.41565882447430275,0.5456637247956422,0.41565882447430275,0.07405814540241726,0.6533509143530529,0.07405814540241726,0.41565882447430275,0.9231111252058022,0.9567401693607955
6,12,4,0.0,0.6913724678808281,0.0,0.0,0.6913724678808281,0.0,0.6913724678808281,0.0,0.6913724678808281
6,12,5,0.0,0.0,0.0,0.0,0.0,0.22362511577233338,0.0,0.0,-0.22362511577233338
6,12,6,0.0,0.8134967229195365,0.8134967229195365,0.0,1.1942478574260955,0.0,0.8134967229195365,0.8134967229195365,1.1942478574260955
6,12,7,0.0,0.10379423493397262,0.0,0.10379423493397262,0.10379423493397262,0.09572971880494037,0.0,0.0,0.008064516129032251
6,12,8,0.5045890675296902,0.2719944401412479,0.5045890675296902,0.5045890675296902,0.07021193177548903,0.5045890675296902,0.2719944401412479,0.2719944401412479,-0.23259462738844233
6,12,9,0.10342544594312757,0.10342544594312757,0.0,0.09969662113503407,0.0,0.09969662113503407,0.0,0.0,-0.20312206707816163
6,12,10,0.0,0.14900714895344896,0.0,0.12868711689292134,0.14900714895344896,0.12868711689292134,0.0,0.0,0.020320032060527626
6,12,12,1.4308471521583928,0.0,1.4308471521583928,1.4308471521583928,0.0,1.4308471521583928,0.0,0.0,-1.4308471521583928
6,12,13,0.17414086072428853,0.23620175342306057,0.0,0.2567540133884668,0.15358860075888225,0.0,0.15358860075888225,0.15358860075888225,-0.10316541262958459
6,12,14,0.0,0.036138494296207586,0.0,0.0,0.1221720246665774,0.0,0.036138494296207586,0.1221720246665774,0.1221720246665774
6,12,15,0.18149305438491992,0.06825128973697049,0.32922631586611084,0.11413071403190507,0.06825128973697049,0.05995478052981002,0.0,0.09836296529571768,-0.32823584398617506
6,12,17,1.1245315400407991,0.0,0.0,1.1245315400407991,0.14285448098738124,0.7972253653029584,0.2965090672339785,0.14285448098738124,-1.135331645300015
6,12,18,0.0,0.4373075212626528,0.0,0.0,0.13527331963903771,0.18894005441320624,0.18894005441320624,0.13527331963903771,-0.09459542697002098
6,12,19,0.42181758408758996,0.17150236440137948,0.1102117023042542,0.5310850678716026,0.22654467956921176,0.2546830687854504,0.3116058817833357,0.05827599135147343,-0.3859115240188117
6,12,20,1.2446926055685525,0.0,0.0,1.3594061903256882,0.0,0.11471358475713576,0.0,0.0,-1.3594061903256882
6,12,21,0.1289487035016871,0.3075177363903302,0.1289487035016871,0.0,0.3075177363903302,0.0,0.1289487035016871,0.1289487035016871,0.3075177363903302
6,12,22,0.0,0.0,0.0,0.10790279205074636,0.0,0.10790279205074636,0.0,0.0,-0.10790279205074636
6,12,23,0.8054264249306169,0.0904014083356345,0.8054264249306169,0.8054264249306169,0.10980065722959827,0.04968903770144522,0.06860165212440199,0.2197048320868777,-0.5639218366325067
6,12,25,0.0,0.16190045444700998,0.0,0.0,0.16190045444700998,0.0,0.16190045444700998,0.46920962694020446,0.46920962694020446
6,12,27,0.17895145436842214,0.0341308001686405,0.30585982731444705,0.11748657854179832,1.573507316641266,0.18046469414422928,0.0955956759952643,1.573507316641266,1.2676474893268188
6,12,28,0.22281376300151423,0.47705035789095274,0.22281376300151423,0.699864120892467,0.4309960896500544,0.5945758912968294,0.2193843326980616,0.4309960896500544,-0.3829641343448366
6,12,30,0.3550533050101422,0.2945689238239949,0.27620075658709603,0.15185295421872386,0.3523694591913723,0.15185295421872386,0.02257781675460204,0.05780053536737736,0.019893970935832082
6,12,33,0.613153055465665,0.8701289538055815,0.21507130556307993,0.051326920164112194,0.1903172765670998,0.15433762511200222,0.1776588793628393,0.6162182899764111,0.06322553861675057
6,12,35,0.68294657898355,0.21724610487020413,0.5930259056190937,0.7034542021303328,0.39275044389893193,0.4088134720452551,0.2823221473876929,0.3044064680401545,-0.29019613508461806
6,12,36,0.17122287053959406,0.07815072939496188,0.17122287053959406,0.09307214114463219,0.4790685398702131,0.09307214114463219,0.07815072939496188,0.4790685398702131,0.38599639872558095
6,12,38,0.5679621830328262,0.0,0.0,0.5679621830328262,0.0,0.5679621830328262,0.0,0.0,-0.5679621830328262
6,12,39,0.0,0.0,1.062177509415186,0.0,0.33054296071419104,0.0,0.0,0.33054296071419104,-0.731634548700995
6,12,40,1.375452837351329,1.375452837351329,1.375452837351329,0.0,1.375452837351329,0.0,1.375452837351329,1.375452837351329,1.375452837351329
6,12,41,0.0,0.6913724678808281,0.0,0.0,0.6913724678808281,0.0,0.6913724678808281,0.0,0.6913724678808281
6,12,44,0.06312560965404675,0.3124891927713873,0.14966522900240445,0.19195862225049232,0.6968710235644991,0.06312560965404675,0.18365618017494176,0.22334907460191156,0.5472057945620947
6,12,45,0.0,0.9088563069764125,0.0,0.5153320503857822,1.099231874229692,0.0,0.0,1.0531671323142353,1.243542699567515
6,13,1,0.029157813983946283,0.05521300986420359,0.029157813983946283,0.019941265517002964,0.06017480342635806,0.029157813983946283,0.0,0.03527174434720062,0.011075723925408811
6,13,2,0.0,0.7622071776178387,0.0,0.038806599729073424,0.7234005778887653,0.0,0.07863736358854771,0.39115538786452275,0.787917516159838
6,13,3,0.1325715071069948,0.20239608124072975,0.0,0.33496758834772455,0.20239608124072975,0.1325715071069948,0.20239608124072975,0.0,-0.1325715071069948
6,13,6,0.0,0.28974578357939546,0.0,0.2208565930224781,0.5004759173828476,0.0,0.0,0.28974578357939546,0.5004759173828476
6,13,7,0.0,0.0,0.0,0.0,0.0,0.0,0.0,0.34815797756926076,0.34815797756926076
6,13,8,0.0,0.08903206735953241,0.0,0.0,0.4599847277286763,0.0,0.0,0.0,0.4599847277286763
6,13,9,0.0,0.23006912569623247,0.0,0.0,0.1794485830904726,0.0,0.23006912569623247,0.1794485830904726,0.1794485830904726
6,13,10,0.2915412781855398,0.06277889320771153,0.2915412781855398,0.2915412781855398,0.17006574560823154,0.07197716358598334,0.07197716358598334,0.11307266319442565,-0.3464178563027338
6,13,11,0.0,0.8874373541482582,0.0,0.0,1.0349936901850973,0.0,0.0,1.04465871024388,1.1922150462807193
6,13,12,0.0,0.0,0.0,0.0,1.671508590052899,0.0,0.0,1.671508590052899,1.671508590052899
6,13,13,0.19047264131650832,0.0,0.19047264131650832,0.0,0.0,0.19047264131650832,0.0,0.18278676170023342,-0.007685879616274899
6,13,14,0.27600651129923376,0.0,0.6634233765983449,0.0,0.5240789976041624,0.0,0.0,0.39152294569553936,-0.4153508902934164
6,13,15,0.0,0.715026951767367,0.0,0.715026951767367,0.715026951767367,0.715026951767367,0.0,0.715026951767367,0.0
6,13,16,0.0,0.28711649044218934,0.28711649044218934,0.0,0.28711649044218934,0.0,0.28711649044218934,0.28711649044218934,0.28711649044218934
6,13,17,0.5967334508259798,0.0,0.5967334508259798,0.0,0.42096370099901387,0.5967334508259798,0.0,0.42096370099901387,-0.17576974982696597
6,13,18,0.0,1.4756641319475245,0.0,0.0,1.4756641319475245,0.0,1.4756641319475245,1.4756641319475245,1.4756641319475245
6,13,20,0.0,0.4365317541417138,0.0,0.0,0.5831305512108742,0.0,0.0,0.4365317541417138,0.5831305512108742
6,13,21,0.44815996387072554,0.07499449412549425,0.1867065515209732,0.47037655689930663,1.4776577958848944,0.1644899584923922,1.5657224741470015,0.05723101984728519,1.047261306292378
6,14,1,0.3923538714469108,0.0,0.0,0.0,0.0,0.0,0.0,0.0,-0.3923538714469108
6,14,5,1.6094439062543042,0.0,0.9746245009818001,0.9746245009818001,0.0,2.2410971955200094,0.0,0.0,-2.8759166007925137
6,14,7,0.0,0.06290080021504806,0.0,0.0,0.5277560704547831,0.0,0.4648552702397351,1.0069527471097832,1.0069527471097832
6,14,8,0.0,0.15368973114740347,0.0,0.0,0.15368973114740347,0.0,0.15368973114740347,0.15368973114740347,0.15368973114740347
6,14,9,1.1219898796203718,0.5461113134141186,0.01323870973177958,1.1219898796203718,0.6184307344884762,0.035707275058115134,0.46985426229955296,0.701023458329668,-0.37031112244087216
6,14,10,0.0,0.0,0.0,0.0,0.0,0.5298279555143538,0.26991436344743747,0.0,-0.5298279555143538
6,14,11,0.0,0.345544012657369,0.15952501003111305,0.0,0.44985306831254085,0.0,0.345544012657369,0.44985306831254085,0.2903280582814278
6,14,12,0.0415051440239576,0.3879982936972139,0.0,0.1877606568854645,0.3879982936972139,0.0,0.241742780835707,0.241742780835707,0.3464931496732563
6,14,13,0.0,0.0,0.0,0.0,0.0,0.5472581079935381,0.0,0.0,-0.5472581079935381
6,14,14,0.0,8.613097289119954,0.0,0.0,8.613097289119954,0.0,0.0,8.613097289119954,8.613097289119954
6,14,16,0.32348154185592687,0.5413045506227075,0.32348154185592687,0.27233296035655713,0.7747910790311721,0.32348154185592687,0.0,0.23348652840846454,0.5519408392727952
6,14,18,0.6104032743004849,0.0,0.0,0.6104032743004849,0.0,0.6104032743004849,0.0,0.0,-0.6104032743004849
6,14,19,0.0,0.06707344837649824,0.0,0.0,0.06707344837649824,0.0,0.06707344837649824,0.12307466417923549,0.12307466417923549
6,14,21,0.0,0.2891079543696607,0.0,0.0,0.2891079543696607,0.0,0.2891079543696607,0.2891079543696607,0.2891079543696607
6,14,22,0.21197100924195808,0.138445146812343,0.21197100924195808,0.03494142433942709,0.2207132089005168,0.03494142433942709,0.07989166487526121,0.2207132089005168,0.0436836239979858
6,14,23,0.0,0.0,0.2450686884218697,0.0,0.26978375299574103,0.0,0.0,0.0,0.02471506457387132
6,14,25,0.0,0.2562905314193221,0.09860566338418625,0.0,0.09860566338418625,0.0,0.09860566338418625,0.1870050983244802,0.11771966522963824
6,14,26,0.7866074383346452,0.7866074383346452,0.0,0.7866074383346452,0.0,0.0,0.0,0.0,0.0
6,14,27,0.02393476694200466,0.15091197582275528,0.02393476694200466,0.05258861334542788,0.29306943425843385,0.0853055058845112,0.09750548712859147,0.1827159453271701,0.26822174428176065
6,14,29,0.0,0.7763486811001015,0.21695401364231376,0.18412272513536554,0.7763486811001015,0.9058621259656423,0.7763486811001015,0.8808537227781414,0.37527194232242217
6,14,30,0.0,1.0918791933951446,0.0,0.0,0.5929188262982948,0.0,0.5929188262982948,0.5929188262982948,0.09395845920144504
6,14,31,0.28655267444819355,0.0,0.28655267444819355,0.4345084357176837,0.09939527368172514,0.4345084357176837,0.0,0.40714893989372986,-0.02735949582395386
6,14,32,0.0,0.2510863622080387,0.1123231488600236,0.0,0.30179347408169593,0.0,0.1651248229977691,0.2158319348714263,0.18947032522167234
6,14,33,0.0,0.39246977002245276,0.0,0.0,0.16382784080947438,0.6383590425625473,0.1934654964037028,0.16382784080947438,-0.7031731309660512
6,14,34,0.0,0.8515803420409781,0.0,0.0,0.8515803420409781,0.0,0.24319454841750668,0.24319454841750668,0.8515803420409781
6,14,36,0.0,0.0,0.0,0.0,1.0604484152689848,0.0,0.0,0.0,1.0604484152689848
6,14,39,0.0,0.04481148264224193,0.15946565683622735,0.14532224446697095,0.04481148264224193,0.0,0.0,0.04481148264224193,-0.11465417419398542
6,14,40,0.0,0.16539546729761187,0.0,0.0,0.25857579728330504,0.0,0.16539546729761187,0.16539546729761187,0.25857579728330504
6,14,42,0.10861571059618787,0.10597966489625645,0.029163592950873375,0.07447649273992102,0.5524263550605882,0.029163592950873375,0.07872679830231112,0.10597966489625645,0.44381064446440033
6,14,43,0.0,0.0,0.4794798653147838,0.0,0.0,0.0,0.0,0.0,-0.4794798653147838
6,15,1,0.2323284884054309,0.17045229373705945,0.0,0.08471157028219256,0.0,0.17128301313801503,0.0,0.3666194459496236,0.03523432900277048
6,15,2,0.0,0.12504881327613335,0.060684757711116595,0.057457883693059396,0.06759092958307394,0.0,0.0,0.06759092958307394,-0.05055171182110205
6,15,3,0.0,0.6405209868651273,0.0,0.0,0.8223121437683819,0.046186175304855075,0.5234773584160144,0.7026380447611993,0.8844292016644539
6,15,5,0.0,0.07917048611972728,0.0,0.04613998357042396,0.12219470225495156,0.04613998357042396,0.07917048611972728,0.12219470225495156,0.07605471868452761
6,15,6,0.0,0.7764632237009004,0.0,0.0,0.7764632237009004,0.0,0.0,0.7764632237009004,0.7764632237009004
6,15,7,0.5549782311076784,0.0,0.5549782311076784,0.5549782311076784,0.0,0.26978375299574103,0.0,0.0,-0.5549782311076784
6,15,8,0.0,0.0872920521848507,0.09913656754541737,0.09913656754541737,0.0872920521848507,0.0,0.0872920521848507,0.6694124804645089,0.5702759129190914
6,15,9,0.06309893227390717,0.0,0.06309893227390717,0.03636735274864897,0.03663729978954508,0.03636735274864897,0.0,0.04031830311652778,0.013856670632165696
6,15,10,0.0,0.23403977258496342,0.0,0.0,0.3665958244935865,0.0,0.23403977258496342,0.43563596513052366,0.5681920170391467
6,15,11,0.0,0.5006806015929326,0.0,0.0,0.5006806015929326,0.0,0.4665403646341072,0.8492154878999187,1.3157558525340258
6,15,12,0.0,0.0,0.0,0.0,0.0,0.0,0.0,0.16612067813877043,0.16612067813877043
6,15,13,0.0,0.24574176121421162,0.0,0.0,0.24574176121421162,0.0,0.24574176121421162,0.24574176121421162,0.24574176121421162
6,15,14,0.0,0.5153320503857822,0.0,0.5153320503857822,0.5153320503857822,0.0,0.0,0.5153320503857822,0.5153320503857822
6,15,15,0.11322114742083572,0.10054681654605292,0.0,0.0,0.10054681654605292,0.0,0.0,0.10054681654605292,-0.0126743308747828
6,15,16,0.22222079973979295,0.22222079973979295,0.0,0.0,0.22222079973979295,0.0,0.22222079973979295,0.22222079973979295,0.22222079973979295
6,15,17,0.15250447040966184,0.24949667833429606,0.0,0.0,0.24949667833429606,0.0,0.15250447040966184,0.24949667833429606,0.24949667833429606
6,15,18,0.5753478581407341,0.354085253945634,0.0,0.0,0.0,0.0,0.22126260419510005,0.354085253945634,0.354085253945634
6,15,19,0.12962879984821254,0.17538743433549514,0.0,0.0,0.2666317181280444,0.0,0.12962879984821254,0.22963933154889382,0.2666317181280444
6,15,20,0.0,0.7095958946914707,0.0,0.0,0.0,0.0,0.0,0.7095958946914707,0.0
6,15,21,0.3135016125199237,0.1818267213170908,0.3135016125199237,0.2544101946223032,0.09320750253039385,0.2544101946223032,0.03080895959465319,0.20687772946489746,-0.06910474302490636
6,15,24,0.0,0.0,0.0,0.0,0.0,1.5324691372595858,0.0,0.0,-1.5324691372595858
6,15,25,0.2419385185165222,0.0,0.2419385185165222,0.2419385185165222,0.0,0.16093757386937557,0.0,0.0,-0.4028760923858978
6,15,26,0.7024871760887633,0.29847059606574067,0.5371696226323821,0.681525042835824,0.093597814403611,0.681525042835824,0.0,0.20487278166212966,-0.47937726018544874
6,15,27,0.0,0.0,0.0,0.0,0.0,0.3484850728507401,0.10212975914227365,0.0,-0.3484850728507401
6,15,29,1.2316870033568403,0.0,1.2316870033568403,1.2316870033568403,0.0,0.0,0.0,0.0,-1.2316870033568403
6,15,30,0.0,1.0745892102824852,0.0,0.271896331754284,0.0,0.271896331754284,0.0,0.08751544059089099,-1.1714546608549872
6,15,31,0.0,0.0,0.0,0.0,0.0,0.0,0.0,0.15438330041179357,0.15438330041179357
6,15,32,0.0,0.07521779854455886,0.0,0.028762719091299477,0.2342725434730733,0.0,0.11289937076066145,0.09520701039870157,0.2342725434730733
6,15,33,0.0,0.07243546326701537,0.04179748285849509,0.0,0.107034375282699,0.036323578451179464,0.0,0.107034375282699,0.06523689242420391
6,15,34,0.8709261237472923,0.0,0.8709261237472923,0.9149980526360766,0.0,0.09149899708785733,0.0,0.0,-0.9149980526360766
6,15,35,0.4237330125869373,0.6244512122775829,0.4237330125869373,0.5153320503857822,0.6244512122775829,0.0,0.10911916189180074,0.6244512122775829,0.20071819969064564
6,15,36,0.0,0.07227698859241517,1.355962585264461,0.0,0.07227698859241517,0.0,0.07227698859241517,0.07227698859241517,-1.2836855966720457
6,15,37,0.10614629549316346,0.030387973481901955,1.4381171143258726,1.3317357294337628,0.030387973481901955,1.4807418190878983,0.0,0.030387973481901955,-1.556735230498106
6,15,38,0.0,0.07801325752832114,0.0,0.0,0.1790083446967959,0.0,0.07801325752832114,0.2073733527015785,0.30836843987005325
6,15,41,0.0,0.212763429622694,0.0,0.0,0.5145059548643579,0.0,0.212763429622694,0.5145059548643579,0.5145059548643579
6,15,42,0.0,0.6558737609843838,0.0,0.0,0.6558737609843838,0.0,0.0,0.6558737609843838,0.6558737609843838
6,15,43,0.0,0.0,0.30804102528076166,0.16902840852321543,0.15028396051961143,0.32312000570005656,0.0,0.0,-0.018602278930683447
6,16,1,0.04520991698143737,0.07036532047978425,0.06668106443739678,0.046640567025691866,0.09449948123147535,0.07298118553251326,0.04833132733106842,0.04688892117804761,0.004844888555845385
6,16,2,0.0,0.0,0.0,0.0,0.23423267813955254,0.0,0.0,0.0,0.23423267813955254
6,16,4,0.0,0.291060214139829,0.0,0.0,0.0,0.0,0.0,0.0,-0.291060214139829
6,16,5,0.0,0.0,0.0,0.6654211628667834,0.9494563321882817,0.0,0.6654211628667834,0.0,0.9494563321882817
6,16,6,0.0,0.28186443974197534,0.027778149420460498,0.02941554052138266,0.19067756680359008,0.05846200198180027,0.16754347513548615,0.1969590156568688,0.01953199131622278
6,16,7,0.08773646544580846,0.14065062830785116,0.05689353504606131,0.13863460827586815,0.24834962528024934,0.11417560030915305,0.08773646544580846,0.22657267909956252,0.13137910193308844
6,16,8,0.0,0.3446608631358572,0.0,0.0,0.3446608631358572,0.0,0.3446608631358572,0.3446608631358572,0.3446608631358572
6,16,9,0.10079016097074052,0.2620213245892994,0.04945769199305966,0.04945769199305966,0.2620213245892994,0.09001358615871065,0.04945769199305966,0.04055589416565099,0.1206752694529079
6,16,10,0.0,0.10047358752721423,0.0,0.0,0.18662813580842896,0.0,0.10047358752721423,0.32827057729280507,0.514898713101234
6,16,11,0.4408468092170168,0.0,0.0,0.0,0.0,0.0,0.4408468092170168,0.0,0.0
6,16,12,0.05423709650612743,0.07177518426992537,0.0,0.07594799990199445,0.08560972938493008,0.07594799990199445,0.06794539743865116,0.18838583970167955,0.15684952430348384
6,16,14,0.136847590225802,0.11362324977815015,0.0,0.22393375764044005,0.20295906811617231,0.07427773568350564,0.03772351597586581,0.16567110905113053,0.24170971439605987
6,16,15,0.0807122056831182,0.4198156922933988,0.0807122056831182,0.0807122056831182,0.4198156922933988,0.10237274006704543,0.3878894072008827,1.775669892113445,1.7642751084381065
6,16,16,0.09071773948373005,0.42053739319142736,0.036930198467165484,0.1299161140503452,0.5387434772753448,0.09332448917088135,0.04418729014562272,0.5897494276234978,0.5060463341322976
6,16,17,0.7252441271147363,0.0,0.0,0.7252441271147363,0.0,0.7252441271147363,0.0,0.0,-0.7252441271147363
6,16,18,0.4151725822216078,1.0287036603476827,0.0,0.0,1.0287036603476827,0.4151725822216078,0.0,0.7545235177973325,0.6135310781260749
6,16,19,0.23929022467638214,0.659188881713905,0.23929022467638214,0.5143354320718909,0.5804482727239668,0.47997996204617205,0.546092802698248,0.6758892455587847,0.15780229531044954
6,16,20,0.014939211391060844,0.095714461255096,0.06849840362088934,0.12886559983037588,0.20715170199676392,0.12886559983037588,0.05850220514460276,0.18438534538644907,0.13865329837587456
6,16,21,0.0,0.0,0.0,0.328642590652689,0.0,0.328642590652689,0.0,0.328642590652689,0.0
6,16,22,0.11852008406628882,0.1437414981285454,0.044461938663871554,0.6769157194898081,0.49582168261361315,0.5703233916128442,0.16872040063707863,0.6519978702179821,0.3762415781071256
6,16,23,0.07645959841730553,1.0701192167573454,0.07645959841730553,0.2010814524214089,1.105592741757485,0.11607824836514849,0.9578018394730123,0.5556685099297736,1.0646984898320067
6,16,24,0.0,0.0,0.8455117748619688,0.0,0.0,0.0,0.0,0.0,-0.8455117748619688
6,16,26,0.0,0.0,0.0,0.0,0.18179115690325454,0.0,0.0,0.0,0.18179115690325454
6,16,27,0.0,0.0,0.0,0.0,0.515409451472614,0.0,0.0,0.515409451472614,0.515409451472614
6,16,28,0.0,0.08751544059089099,0.0,0.33574975398800827,0.0,0.0,0.0,0.3470678917863187,0.18836304046819258
6,16,29,0.05657091659448189,0.3399652693360645,0.028739078757468943,0.421517456795527,0.20561518941735635,0.14944053900611404,0.0,0.41634187015070107,0.05241684251875385
6,16,30,0.0,0.571604823032446,0.0,0.3900147009640184,0.0,0.0,0.0,0.8928094881527638,-0.06881003584370056
6,16,31,0.0,0.015553276026215925,0.0,0.1195731476880397,0.03927304090110732,0.0,0.015553276026215925,0.05341275240660861,-0.042440630406539684
6,16,33,0.39368326209925714,0.28109020930133577,0.39368326209925714,0.28109020930133577,0.28109020930133577,0.0,0.0,0.28109020930133577,-0.11259305279792137
6,16,34,0.0,0.11223263852337947,0.0,0.0,0.2014641349574947,0.0,0.11223263852337947,0.11223263852337947,0.2014641349574947
6,16,35,0.3786644425889281,0.4717689645683237,0.22088328431666043,0.2529193829588736,0.31934101175967144,0.0,0.22420278707306546,0.09513822468660596,-0.21175138363790894
6,16,36,0.23869338033039195,0.45470475034039615,0.0,0.45470475034039615,0.6487702340191595,0.23869338033039195,0.0,0.45470475034039615,0.41007685368876745
6,16,37,0.0,0.0,0.0,0.0,0.23423267813955254,0.0,0.0,0.5656441355873386,0.7998768137268911
6,16,38,0.0,0.0,0.0,0.0,0.19724857106488633,0.0,0.0,0.2603475054819129,0.45759607654679924
6,16,39,0.0,0.2978323477789994,0.0,0.0,0.6115071952054951,0.2978323477789994,0.0,0.2978323477789994,0.31367484742649576
6,16,40,0.0,0.5596097213540605,0.0,0.2576660251928911,0.2576660251928911,0.0,0.0,0.2576660251928911,0.5596097213540605
6,16,41,0.0,0.33831534413919223,0.0,0.0,0.0,0.0,0.0,0.33831534413919223,0.0
6,16,42,0.0,0.1751462809208208,0.05811268222561976,0.09142564677249407,0.9400339010056333,0.09142564677249407,0.08372063414832671,0.2162476657239602,0.7904955720075195
6,16,43,0.05057988140072314,0.01671712661321167,0.0,0.0,0.06530733964413497,0.0,0.01671712661321167,0.01671712661321167,0.014727458243411826
6,16,44,0.0,0.999940184541568,0.0,0.0,0.999940184541568,0.0,0.8987842082450765,0.10115597629649138,0.999940184541568
6,16,46,0.0,0.44680320220765746,0.0,0.0,0.44680320220765746,0.0,0.44680320220765746,0.44680320220765746,0.44680320220765746
6,16,48,0.06675002757790022,0.1345216722438393,0.0,0.06675002757790022,0.0848358732215188,0.0,0.1345216722438393,0.1345216722438393,0.15260751788745786
6,16,49,0.0,0.9829670448568464,0.0,0.0,1.4805856377053614,0.0,0.9829670448568464,1.278983994727319,1.4805856377053614
6,16,50,0.0,0.0,0.0,0.0,0.0,0.0,0.0,11.700560130370294,11.700560130370294
6,16,51,0.21088131160462617,0.3900662876416057,0.0,0.21088131160462617,0.5511810418386885,0.0,0.3900662876416057,0.5511810418386885,0.34029973023406235
6,16,52,0.0,0.8191392040473721,0.2142885812435524,0.2260820404872781,0.9251840455742705,0.47800211303821977,1.120893196462075,0.8191392040473721,0.18305943142873704
6,16,53,0.0,0.0,0.0,0.21580558410149273,0.0,0.21580558410149273,0.0,0.0,-0.21580558410149273
6,16,54,0.0,0.14767499975905277,0.0,0.3332616543108777,0.14767499975905277,0.3332616543108777,0.08473853834972814,0.7560636705289555,0.4857384776274025
6,16,55,0.0,0.7440032580147075,0.0,0.0,0.7440032580147075,0.0,0.0,0.7440032580147075,0.7440032580147075
6,16,57,0.0,1.77042626972817,0.0,0.0,1.77042626972817,0.0,0.0,1.77042626972817,1.77042626972817
6,16,58,0.0374097996834477,0.0,0.018404925021250497,0.019004874662197205,0.02794455581346756,0.0,0.0,0.011449993003729043,-0.009465243869980142
6,16,59,0.6731920248168848,0.5809929743914337,0.025424298473708647,0.44408043398053554,0.6619249537620066,0.24130739245395752,0.01228708806071058,0.6278939926262261,-0.09038014189599143
6,16,60,0.0,0.6339474173986281,0.0,0.0,0.0,0.0,0.0,0.6339474173986281,0.6339474173986281
6,16,61,0.0,0.09662475944733417,0.0,0.09662475944733417,0.6595943824043886,0.0,0.0,0.09662475944733417,0.6595943824043886
6,16,62,0.10569925696882802,0.4272147710856576,0.0,0.10024758971109997,0.7463658768954213,0.0,0.07830088444654504,0.7021392664303174,0.7068171787675646
6,16,63,0.0,0.7570265755074616,0.04343079626325145,0.009398152894573537,0.9702746305608164,0.11055857288129674,0.03209943600875274,0.6946565296203554,0.7539152155291619
6,16,64,0.4461090259779846,0.2489482560421902,0.2840730261677189,0.2840730261677189,0.2489482560421902,0.0,0.1620359998102657,0.1620359998102657,-0.035124770125528705
6,16,65,0.0,0.0,0.0,0.0,0.46846535627910507,0.5881908445734567,0.0,0.0,-0.11972548829435165
6,16,66,0.0,0.5616582241525793,0.0,0.0,0.409569602023686,0.0,0.409569602023686,0.48093191318355255,0.421800379766403
6,16,68,0.0,0.3043897442774276,0.0,0.1775306585061068,0.1775306585061068,0.22893790244035683,0.0,0.1775306585061068,-0.05140724393425004
6,16,70,0.03716928513346606,0.07094613724766197,0.07370221172223064,0.03716928513346606,0.12891462552842348,0.07370221172223064,0.03716928513346606,0.1039628981103297,0.05521241380619283
6,16,71,0.0,0.0,0.1109035271444639,0.0,0.08923149643411525,0.1109035271444639,0.0,0.0,-0.02167203071034865
6,17,1,0.0,0.07592432935207406,0.0,0.0,0.1397913909245252,0.0,0.027304640134912402,0.18841108014168687,0.18841108014168687
6,17,2,0.11886514076224278,0.4241122675024045,0.25424298473708645,0.0,0.4241122675024045,0.0,0.3343925040740717,0.4241122675024045,0.05100414200307529
6,17,3,0.0,0.29618058227774485,0.0,0.0,0.29618058227774485,0.0,0.29618058227774485,0.29618058227774485,0.29618058227774485
6,17,4,0.0,0.3510596588774451,0.0,0.0,0.3510596588774451,0.0,0.3510596588774451,0.3510596588774451,0.3510596588774451
6,17,5,0.0724413906591167,0.0,0.0724413906591167,0.029591152253898034,0.0,0.0925223393477668,0.026991436344743748,0.0,-0.1649637300068835
6,17,6,0.0,0.1280812197102045,0.0,0.0,0.4830492131036521,0.0,0.0,0.243341844417765,0.4830492131036521
6,17,7,0.0,0.0,0.0,0.0,0.09788754602482938,0.0,0.0,0.0,0.09788754602482938
6,17,8,0.0,0.9538636316623265,0.0,0.0,0.993074769141634,0.511896776295477,0.44196685536684943,0.7990053044733313,0.993074769141634
6,17,11,0.0,0.1495891275936076,0.0,0.0,0.11529283821166084,0.04765317564463991,0.02457417612142116,0.11529283821166084,0.033343373185074174
6,17,13,0.49582210102621305,0.0,0.0,0.23984653438407427,0.0,0.0,0.2559755666421388,0.0,-0.49582210102621305
6,17,14,0.036483873866235875,0.3670091845952658,0.07652265812299133,0.038640365391877304,0.5070598675287544,0.2881318745267105,0.1073543295764087,0.4470123787219143,0.18244411913580805
6,17,15,0.0,0.0,0.9315896280134969,0.0,0.0,0.9315896280134969,0.0,0.0,-0.9315896280134969
6,17,16,0.0,0.0,0.20701991733633263,0.10589594587697758,0.0,0.3129158632133102,0.0,0.10589594587697758,-0.20701991733633263
6,17,17,0.0,0.2045277645262347,0.0,0.0,0.19887348792470094,0.04342104143188891,0.0,0.23775545109110346,0.22751461884287938
6,17,20,0.0,0.0,0.0,0.0,0.8865038223696647,0.0,0.0,0.8865038223696647,0.8865038223696647
6,17,21,0.24319454841750668,0.4304167525577178,0.08531956637747662,0.24319454841750668,0.6394827389241621,0.38481459653501565,0.06515880032195004,0.4304167525577178,0.3109686241291787
6,17,22,0.0,0.0,0.35372937006898986,0.0,0.0,0.0,0.0,0.0,-0.35372937006898986
6,17,23,0.22931645732446182,0.0,0.0,0.22931645732446182,0.16294447174925394,0.22931645732446182,0.0,0.0,-0.06637198557520788
6,17,24,0.4400621071809574,0.24224032175458907,0.5262801619163157,0.4893123195348277,0.23917960793407878,0.4770299495624453,0.24224032175458907,0.23917960793407878,-0.2871005539822369
6,17,26,0.0,0.3276556816189488,0.6900663911211087,0.0,0.3276556816189488,0.6900663911211087,0.3276556816189488,0.3276556816189488,-0.3624107095021598
6,17,27,0.43515428007887264,0.1800305942961257,0.3112335706471009,0.3112335706471009,0.1800305942961257,0.3742135887848363,0.24301061243386113,0.23005834707990433,-0.26807595113670374
6,17,28,0.0,0.2805035685265657,0.0,0.0,0.2805035685265657,0.0,0.0,0.2805035685265657,0.2805035685265657
6,17,30,0.11396094429189021,0.0,0.6865078122552303,0.0,0.0,0.39276572329620585,0.0,0.0,-0.805093393001086
6,17,32,0.4056681804557171,0.4056681804557171,0.4056681804557171,0.4056681804557171,0.4056681804557171,0.0,0.0,0.4056681804557171,0.4056681804557171
6,17,33,0.0,0.10774476049331566,0.0,0.0,0.14740320335292242,0.0,0.0,0.06911709105690476,0.14740320335292242
6,17,34,0.23773028152448558,0.0,0.057700535543168556,0.0,0.0,0.0,0.23773028152448558,0.05870941911024486,-0.2367213979574093
6,17,36,0.10852672262113648,0.06762694886114766,0.10852672262113648,0.0,0.16495438205018792,0.0,0.0,0.8338189209824324,0.7842059992095728
6,17,38,0.0,0.41056233445228013,0.0,0.41056233445228013,0.0,0.0,0.0,0.0,-0.41056233445228013
6,17,39,0.08491207613905545,0.08225404276510505,0.08491207613905545,0.0,0.08225404276510505,0.3755210056952097,0.08225404276510505,0.0,-0.3781790390691601
6,17,40,0.0,0.0,0.354059169805062,0.0,0.0,0.354059169805062,0.0,0.0,-0.354059169805062
6,17,41,0.0,0.09439442971802167,0.0,0.0,0.09439442971802167,0.08167362060377323,0.03875693423860641,0.09427393978978013,0.06663328668960496
6,17,42,0.0,0.0,0.31351574019684986,0.0,0.18410546104739908,0.31351574019684986,0.18410546104739908,0.0,-0.12941027914945083
6,17,43,0.0,0.0,0.0,0.0,1.4347709636292307,0.0,0.0,0.3793770577988936,1.8141480214281243
6,17,44,0.05574729164253479,0.04870024259708588,0.07347595893148477,0.07111294656228169,0.023921303568784056,0.08626001233822292,0.0,0.013227706103886733,-0.05996049448493661
6,17,45,0.6551575046077387,0.053310212108874024,0.6551575046077387,0.5654195840673063,0.053310212108874024,0.5121093719584323,0.0,0.053310212108874024,-0.6847025188097792
6,18,1,1.3548557036925244,0.11613698907660559,1.1170045413671512,0.05621804186026715,0.11613698907660559,0.0926778520142614,0.05991894721633843,0.11613698907660559,-2.4484011079973316
6,18,2,0.025945660376677223,0.15334971057434374,0.025945660376677223,0.05619979262031743,0.024071320535808897,0.1292927484547132,0.050483329780989725,0.3588576044011568,-0.07713456520224382
6,18,3,0.05670014617190849,0.0,0.0,0.0,0.06798831390871675,0.0,0.0,0.03585351344602024,0.01128816773680826
6,18,4,0.0,0.0,0.0,0.0,0.0,0.0,0.0,0.14030556092448349,0.14030556092448349
6,18,7,0.10370303987857003,0.5949012113901636,0.0,0.0,0.49357569041938987,0.0,0.21292160041821964,0.49357569041938987,0.2975968939511227
6,18,8,0.0,0.0,0.0,0.0,0.0,0.0,0.0,0.17451541668759976,0.17451541668759976
6,18,9,0.0,1.2502205798698711,0.0,0.0,0.0,0.0,0.0,1.2502205798698711,1.2502205798698711
6,18,10,0.0,0.125153341987621,0.24016440717447243,0.0,0.1470638224268556,0.11501106518685145,0.125153341987621,0.1470638224268556,0.032052757240004136
6,18,11,0.13289861599538072,0.7692757368828108,0.06728772945960668,0.13726200855484708,0.7692757368828108,0.13726200855484708,0.820289815589628,0.8725429947426205,0.7352809861877735
6,18,12,0.47694905071946425,0.0,0.47694905071946425,0.47694905071946425,0.0,0.47694905071946425,0.0,0.22377504405974247,-0.2531740066597218
6,18,13,0.0,0.35299558032389944,0.0,0.0,0.2654754088497288,0.0,0.0,0.4144835488976284,0.23882842587610736
6,18,14,0.0,0.18521331688875955,0.0,0.18521331688875955,0.0,0.0,0.0,0.275379354292826,0.275379354292826
6,18,15,0.0,0.9916685979597873,0.0,0.5820989959361014,0.409569602023686,0.0,0.409569602023686,0.409569602023686,0.409569602023686
6,18,16,0.0,0.3091992302314694,0.0,0.3091992302314694,0.6839715152547534,0.0,0.0,0.3091992302314694,0.6839715152547534
6,18,17,0.245710452621829,0.0,0.245710452621829,0.0,0.14990891400931364,0.245710452621829,0.0,0.0,-0.09580153861251536
6,18,18,0.28226160493594254,0.0,0.28226160493594254,0.0,1.0604484152689848,0.0,0.0,0.0,0.7781868103330423
6,18,19,0.10328030483066043,0.0,0.06119541206507245,0.05708018572762389,0.0,0.05708018572762389,0.0,0.0,-0.1644757168957329
6,18,20,0.1301544730559412,0.039158066211300385,0.0,0.0,0.039158066211300385,2.352232243230531,0.1301544730559412,0.039158066211300385,-2.3130741770192307
6,18,21,0.0,0.15024747424285817,0.18236528477415015,0.0,0.15024747424285817,0.0,0.0,0.2844509943886928,0.10208570961454265
6,18,22,0.118019723268354,0.39435364583498234,0.7108480341752307,0.16096406080050252,0.4581573103776911,0.7108480341752307,0.118019723268354,0.4581573103776911,-0.2526907237975397
6,18,24,0.0,0.5950759373090525,0.08391564152240343,0.14493713917100126,0.14493713917100126,0.0,0.0,0.14493713917100126,-0.38911730048945337
6,18,25,0.0,0.561586886421666,0.0,0.0,0.561586886421666,0.0,0.0,0.0,0.561586886421666
6,18,26,0.3902310414977435,0.20217179090758697,0.3902310414977435,0.3902310414977435,0.0,0.3902310414977435,0.0,0.0,-0.18805925059015655
6,18,27,0.0636911604226439,0.21186367605615802,0.0636911604226439,0.13396371274797783,0.439901576699645,0.0636911604226439,0.05585040027595718,0.12612295260129114,0.29046969282213425
6,18,28,0.4918825625736447,0.06565411545856101,0.06916301569935575,0.4918825625736447,0.234677821704085,0.0971541348716826,0.09364523463088785,0.234677821704085,-0.2851958600418865
6,18,29,0.296469460328633,0.061160425708162186,0.20614995317774396,0.18133920812862003,0.05885748816053225,0.0851869891671433,0.09155160900964976,0.11520029100160407,-0.3111245331648692
6,18,30,0.3499833660615847,0.4874612744331716,0.0,0.7066687037405944,0.575831975705587,0.0,0.1374779083715869,0.4874612744331716,0.2191466380265772
6,18,31,0.0,0.14723772868165208,0.18314754514429346,0.14723772868165208,0.14723772868165208,0.18314754514429346,0.0,0.14723772868165208,-0.03590981646264138
6,18,32,0.05961863133993303,0.35001620752091284,0.05961863133993303,0.05961863133993303,0.1939454872227857,0.05961863133993303,0.0,0.6709437513321104,0.6113251199921773
6,18,33,0.0,1.4355162148533256,0.3968925040740717,0.0,1.4355162148533256,0.0,1.4355162148533256,1.4355162148533256,1.038623710779254
6,18,34,0.22056280038075315,0.2644838540222281,0.22056280038075315,0.15494892336421032,0.47310196533257187,0.0,0.20207010555034444,0.47310196533257187,0.2525391649518187
6,18,35,0.0,0.46352861448127386,0.0,0.0,0.46352861448127386,0.0,0.46352861448127386,0.0,0.46352861448127386
6,19,1,0.2721485460365625,0.6619178896139554,0.3406935816741501,0.0,0.7971486824945863,0.3406935816741501,0.614354403035529,1.0003248708631738,0.7656177635802077
6,19,2,0.0,0.15127992268139653,0.0,0.0,0.4215351739416134,0.15127992268139653,0.0,0.30255984536279307,0.2702552512602168
6,19,3,0.0,0.5222110188555255,0.5222110188555255,0.5222110188555255,0.5222110188555255,0.5222110188555255,0.5222110188555255,0.5222110188555255,0.0
6,19,4,0.0,0.0,0.0,0.0,1.7083431181310265,0.0,1.7083431181310265,1.7083431181310265,1.7083431181310265
6,19,6,0.0,0.21868360487959715,0.0,0.13963890735978943,0.0,0.13963890735978943,0.0,0.0,0.07904469751980772
6,19,7,0.2905639404592255,1.3404959791555853,0.0,0.2905639404592255,1.3404959791555853,0.0,0.3566853376790098,1.3404959791555853,1.04993203869636
6,19,9,0.0,0.1501509219512069,0.0,0.0,0.22328529541803346,0.0,0.1501509219512069,0.2605382620789966,-0.037252966660963165
6,19,10,0.0,0.6663831920242589,0.0,0.05918230450779607,0.8562654575621689,0.05918230450779607,0.4914835224284232,0.6663831920242589,0.7970831530543728
6,19,11,0.0,0.0,0.0,0.0,0.3370137780615583,0.0,0.0,0.0,0.3370137780615583
6,19,12,0.0,0.0,0.0,0.0,0.6362690491613909,0.0,0.0,0.0,0.6362690491613909
6,19,13,0.0,0.26043672306962856,0.0,0.15082889279583872,0.26043672306962856,0.0,0.10960783027378983,0.26043672306962856,0.26043672306962856
6,19,15,0.0,0.07732698912853399,0.0,0.0,0.10484247619175881,1.8389650418013168,0.0,0.1635422621431175,2.002507303944434
6,19,16,0.0,1.1466782315707713,0.0,0.0,1.1466782315707713,0.0,0.6219792227832641,1.7543416792557558,1.7543416792557558
6,19,17,0.0,0.0,0.0,0.0,0.5721136146297664,0.3485575375250114,0.0,0.2945045146125189,0.22355607710475497
6,19,18,0.0,0.0,0.0,0.0,0.12923182242182207,0.17262938166698333,0.0,0.0,-0.043397559245161255
6,19,19,0.0,0.49865120271287733,0.0,0.1344344479267258,0.49865120271287733,0.0,0.36421675478615156,0.1344344479267258,0.49865120271287733
6,19,20,0.04945148156343144,0.08884739907593718,0.04945148156343144,0.0,0.08884739907593718,0.0,0.04969075662910829,0.039156642446828885,0.039395917512505735
6,19,21,0.2022724760810778,0.8191392040473721,0.2022724760810778,0.2022724760810778,1.349247330349906,0.2022724760810778,0.8191392040473721,1.349247330349906,1.1469748542688283
6,19,23,0.0,1.1180907899260033,0.0,0.0,1.1180907899260033,0.0,1.1180907899260033,1.1180907899260033,1.1180907899260033
6,19,24,0.6014009042650913,0.0,0.1104416421583302,0.0,0.42417936610759394,0.0,0.0,0.0,-0.1772215381574974
6,19,25,0.0,0.0,0.4428871201657932,0.0,0.14064742715900325,0.0,0.14064742715900325,0.9105512296206862,0.467664109454893
6,19,26,0.0,0.26763277404398716,0.0,0.26763277404398716,0.0,0.0,0.0,0.0,-0.26763277404398716
6,19,28,0.0,0.1340347801083889,0.13522272681857236,0.0,0.08835135438375567,0.0,0.0,0.2223861344921446,-0.046871372434816705
6,19,29,0.3830567023348934,0.25204283201457606,0.3830567023348934,0.3830567023348934,0.25204283201457606,0.3830567023348934,0.25204283201457606,0.5069081600722611,0.12385145773736772
6,19,30,0.10435348909786059,0.23622634222278624,0.0,0.0,0.23622634222278624,0.0,0.0,0.23622634222278624,0.13187285312492564
6,19,33,0.0,0.0,0.0,0.0,0.8635817827672745,0.0,0.0,0.8635817827672745,0.8635817827672745
6,19,34,0.0,0.2687029197878916,0.0,0.41370178377251027,0.798927127422384,0.0,0.0,0.41370178377251027,0.798927127422384
6,19,35,0.28881570937155326,0.0,0.0,0.0,0.0,0.0,0.0,0.2561526584904841,-0.03266305088106919
6,19,36,0.0,0.42891504963712734,0.0,0.42891504963712734,0.0,0.0,0.0,0.0,0.0
6,19,37,0.09307214114463219,0.061737772296253185,0.09307214114463219,0.061737772296253185,0.053780270169030364,0.09307214114463219,0.0,0.053780270169030364,-0.03929187097560183
6,19,38,0.0,1.216771587246943,0.0,0.0,1.216771587246943,0.0,0.0,0.0,1.216771587246943
6,19,39,0.36784830777730804,1.1390050146080628,0.29740970263625216,0.3327528881819407,0.8062521264261223,0.3327528881819407,0.5369912559866105,0.7827017086084396,0.10565093046687357
6,19,40,0.0648008772271151,0.3637792434261462,0.0,0.4188871755627223,0.45200430275458814,0.4188871755627223,0.11599707748007584,0.249209038213431,0.03311712719186578
6,19,41,0.14238434462602712,0.0,0.04273128325072064,0.0,0.02019901743369495,0.09908169691938766,0.0,0.258058027132103,0.17860398319049148
6,19,42,0.0,0.0,0.434874109879842,0.8163155789195115,0.10588376955563765,0.7049966020904983,0.0,0.0,-0.5805445100771995
6,19,43,0.0,0.0,0.0,0.0,0.0,0.0,0.0,1.9018422521958844,1.9018422521958844
6,19,45,0.0,0.7300629523481659,0.0,0.0,0.7300629523481659,0.0,0.0,0.0,0.7300629523481659
6,19,46,0.0,0.09212913814767958,0.0,0.0,0.3257498743075578,0.0,0.23362073615987825,0.4864591067889609,0.7657087774705996
6,19,47,0.2716917503136978,0.0,0.0,0.0,0.0,0.29251244359741546,0.0,0.0,-0.5642041939111133
6,19,49,0.16003086002438377,0.0,0.16003086002438377,0.16003086002438377,0.5302242076344924,0.16003086002438377,0.0,0.0,0.37019334761010864
6,19,50,0.3706131199845924,0.7471027076723543,0.0,0.3706131199845924,0.37648958768776186,0.0,0.19313692270053076,0.10306797183524041,0.4795575595230022
6,19,51,0.0,0.13133427189107402,0.0,0.0,0.12634320881806313,0.08713938438125285,0.0873646701193474,0.16721358997823668,0.09937694441379956
6,19,52,0.02271471254505445,0.016272516942534596,0.012743266402884253,0.05150970939563497,0.039349748768763314,0.0492660917712867,0.03302011977555382,0.07072690738790474,-0.009916343002523387
6,20,1,0.17902003524779397,0.41281798675415393,0.17902003524779397,0.1257150557707837,0.7539343834317166,0.17902003524779397,0.15642963018505712,0.5194533943312555,0.49279847619201383
6,20,2,0.08756736616298766,0.03732805770390824,0.012397326800936935,0.07276953946850034,0.03732805770390824,0.0,0.06650563178247011,0.03732805770390824,-0.050576931318933954
6,20,6,0.06481439992410627,0.06481439992410627,0.0,0.0,0.06481439992410627,0.12596003627547084,0.19077443619957712,0.1486738183387313,0.02271378206326045
6,20,7,0.0,0.0,0.0,0.6665233086217554,0.0,0.6665233086217554,0.0,0.0,-0.6665233086217554
6,20,8,0.07101825654192973,0.0,0.0,0.07101825654192973,0.44368722889450046,0.0,0.0,0.44368722889450046,0.44368722889450046
6,20,9,0.0,0.32922290747451427,0.0,0.0,0.4669369289637255,0.0,0.0,0.32922290747451427,0.4669369289637255
6,20,10,0.0,0.33803852482063845,0.0,0.1278328617754735,0.33803852482063845,0.19638370484270445,0.23309872306313703,0.10493980175750142,0.013821958202460505
6,20,11,0.0,0.2920251809392663,0.0,0.20453257884075762,0.2920251809392663,0.0,0.0,0.0,0.0874926020985087
6,20,12,0.6997704262875999,0.0,0.6997704262875999,0.5221104569414126,0.15124295884875752,0.38514952755316684,0.3321380657772863,0.1991947540044166,-0.8935893804675994
6,20,13,0.0,0.14566992088374953,0.0,0.049166485298259045,0.0951269731568528,0.0,0.0,0.1526442545809109,0.1540207170095486
6,20,14,0.15761914922514325,0.0,0.15761914922514325,0.15761914922514325,0.09389948656889767,0.15761914922514325,0.0,0.0,-0.06371966265624558
6,20,15,0.0,0.14726009644224397,0.0,0.0,0.18951602300362497,0.0,0.07121187223931004,0.042255926561380996,0.18951602300362497
6,20,16,0.0,0.0,0.0,0.0,0.41966282394703114,0.0,0.0,0.41966282394703114,0.41966282394703114
6,20,17,0.0,0.0,0.5084859694741729,0.0,0.0,0.0,0.0,0.0,-0.5084859694741729
6,20,18,0.0,0.9926740769300952,0.0,0.0,1.2577861807473414,0.0,0.0,1.0814025687869326,1.3465146726041788
6,20,19,0.0,0.17650118129371983,0.0,0.0,0.25280393530750744,0.0,0.08855558962674293,0.25280393530750744,0.25280393530750744
6,20,20,0.49968760426854164,0.1382176050629476,0.599304703768157,0.669673004134645,0.1382176050629476,0.6859234385106687,0.23591422145041138,0.1382176050629476,-1.1163495268124841
6,20,21,0.0,0.4756911234330298,0.0,0.4756911234330298,0.4756911234330298,0.0,0.0,0.4756911234330298,0.4756911234330298
6,20,22,0.04773222321066134,0.44827514019008324,0.04141561580937383,0.2913962299829388,0.49911263119616567,0.10439563394710924,0.12905534047556316,0.45567727645856054,0.37413875807747016
6,20,23,0.0,0.0,0.0,0.48698233057323237,0.0,0.0,0.0,0.0,-0.48698233057323237
6,20,24,0.0,0.24355495316697995,0.0,0.41390972696752726,0.30155450507354276,0.0,0.0,0.15781422971211304,-0.1980959453488514
6,20,25,0.15889487817052597,0.06611501718724926,0.0687119812234936,0.0,0.06611501718724926,0.0,0.0,0.06611501718724926,-0.16149184220677035
6,20,26,0.0,0.18847855235856492,0.0,0.0,0.18847855235856492,0.0,0.18847855235856492,0.18847855235856492,0.18847855235856492
6,20,27,0.0,0.15020692052335965,0.0,0.38808028551977203,0.22191394741540013,0.0,0.15020692052335965,0.6099942329351721,0.45978731241181253
6,20,28,0.0,1.1107302568041797,0.0,0.0,1.1107302568041797,0.0,0.47850540495110855,1.1107302568041797,1.1107302568041797
6,20,29,0.550758708585652,0.0,0.0,0.0,0.0,0.0,0.0,0.0,-0.550758708585652
6,20,30,0.02283743862513215,0.12456205989820338,0.02283743862513215,0.09727647740378985,0.08797424536191677,0.058133286230881875,0.06872242703241424,0.1892872820290326,0.13917734159095285
6,20,31,0.0,0.18952261364717238,0.0,0.0,0.27140670541762363,0.0,0.14769869797782822,0.3058098735805755,0.45350857155840374
6,20,32,0.09010345950678277,0.15073064953385004,1.1586192898975873,0.13658813651604584,0.2254298988009287,1.12333407592634,0.07469924926707866,0.10438100476515313,-1.045242180034481
6,20,33,0.0,0.1299781466102505,0.10846622972260485,0.13514112735473321,0.1555972704012264,0.42403712527784576,0.10846622972260485,0.10846622972260485,-0.382069065343707
6,20,34,0.0,0.4372491739895892,0.0,0.0,0.4372491739895892,0.0,0.0,0.4372491739895892,0.4372491739895892
6,20,36,0.7435242565906304,0.5935242565906304,0.0,0.7435242565906304,0.5935242565906304,0.0,0.0,0.5935242565906304,-0.15000000000000002
6,20,37,0.0,0.01755298294387226,0.0,0.036523674792992435,0.01755298294387226,0.0,0.01755298294387226,0.6132153023044017,0.5766916275114093
6,21,2,0.0,0.2371137418405291,0.0,0.0,0.2371137418405291,0.0,0.0,0.09913656754541737,0.2371137418405291
6,21,4,0.0,0.04964480024529527,0.12536417690076068,0.12536417690076068,0.04964480024529527,0.12536417690076068,0.04964480024529527,0.17048918949988204,0.04512501259912135
6,21,7,0.8661031766183657,0.0,0.8661031766183657,0.0,0.0,0.0,0.0,0.0,-0.8661031766183657
6,21,8,0.1281971910962175,0.21827417065681207,0.1281971910962175,0.0,0.10282015350605808,0.0,0.07679430037944113,0.19522745571221245,0.23453598801998282
6,21,9,0.0,1.0375937051716948,0.0,0.0,0.10921856053964961,0.0,0.10921856053964961,0.10921856053964961,1.0375937051716948
6,21,10,0.0,0.0,0.0,0.0,1.1804506882947134,0.0,0.0,0.0,1.1804506882947134
6,21,11,0.0,0.11838261355589852,0.0,0.0,0.17840799555225614,0.0,0.0,0.11838261355589852,0.17840799555225614
6,21,12,0.0,0.0,0.0,0.0,0.46846535627910507,0.0,0.0,0.38229799208652765,0.8507633483656327
6,21,13,0.6005817638513319,0.0,0.0,0.0,0.0,0.0,0.6005817638513319,0.22190491606573456,-0.3786768477855973
6,21,14,0.0,0.07547681067330982,0.1689827855887796,0.1689827855887796,0.0,0.1689827855887796,0.0,0.3475914422138423,0.027655035278443096
6,21,15,0.0,0.0,0.0,0.0,0.0,0.0,0.0,0.3302496459955382,0.3302496459955382
6,21,16,0.05961863133993303,0.8509495650828555,0.05961863133993303,0.05961863133993303,0.8509495650828555,0.05961863133993303,0.0,0.8509495650828555,0.7913309337429224
6,21,17,0.0,0.09301990435379692,0.0,0.0,0.17833330658564817,0.04076109232108719,0.028704569993485685,0.18444927544415873,0.046142843174199186
6,21,19,0.30234118291432655,0.2399231340594945,0.30234118291432655,0.3575553311699461,0.2399231340594945,0.34571259149242917,0.09459767642474977,0.14532545763474475,-0.10578945743293469
6,21,20,0.16187396491811287,0.3862738454010615,0.0,0.0,0.3862738454010615,0.16187396491811287,0.3862738454010615,0.0,0.22439988048294865
6,21,21,0.10526941923079973,0.0,0.0,0.0,0.08352886911480319,0.047434232298342274,0.0,0.05533122698523433,-0.013843555429104504
6,21,22,0.40095103364421,0.0,0.0,0.0,0.0,0.0,0.0,0.0,-0.40095103364421
6,21,23,0.15310372813493098,0.5336808288511732,0.15310372813493098,0.15310372813493098,0.5336808288511732,0.15310372813493098,0.5336808288511732,0.43757011070494534,0.14730691839918866
6,21,24,0.3575134758836835,0.28501691950471264,0.0,0.14849371883015064,0.28501691950471264,0.0,0.28501691950471264,0.45651153720324306,-0.24399117407750126
6,21,25,0.276652062797423,0.0,0.9379222766229484,0.276652062797423,0.0,0.276652062797423,0.0,0.0,-0.9379222766229484
6,21,26,0.0,0.20837009664497855,0.0,0.0,0.0,0.0,0.0,0.20837009664497855,0.20837009664497855
6,21,27,0.20482631038071417,0.20950581506426993,0.08325768206118113,0.08634730620390602,0.16203208607740402,0.23487479461175714,0.1945079236232215,0.10830458169136371,0.007244959930337969
6,21,28,0.7777727990892753,1.0617538906056885,0.0,0.0,1.0617538906056885,0.0,1.0617538906056885,1.0617538906056885,0.7777727990892753
6,21,29,0.0,0.4999662853712188,0.3290161710604202,0.0,0.4999662853712188,0.3290161710604202,0.273046401349124,0.4999662853712188,0.17095011431079854
6,21,30,0.10351827993544528,0.0,0.0,0.1470272402303832,0.0,0.07292123340402175,0.0,0.0,-0.2505455201658285
6,21,31,0.2152325484883152,0.20478480101184302,0.0,0.0,0.35780618653152807,0.0,0.20478480101184302,0.20478480101184302,0.1425736380432129
6,21,32,1.02557752876974,0.0,0.0,1.02557752876974,0.0,0.31857373112710674,0.0,0.0,-1.3441512598968466
6,21,33,0.0,0.0,0.0,0.0,0.21208968305379697,0.0,0.0,0.0,0.21208968305379697
6,21,34,0.0,3.7010003776663782,0.0,0.0,0.27137143947170234,0.0,0.27137143947170234,0.0,-3.1582574987229735
6,21,35,0.0,0.13337004934435198,0.13027458689351196,0.0,0.0,0.13027458689351196,0.0,0.0,0.0030954624508400252
6,21,36,2.1771883682925,0.5294797293848879,2.1771883682925,0.0,0.5294797293848879,2.1771883682925,0.0,0.5294797293848879,-1.6477086389076123
6,21,38,0.7316885059361774,0.11451823341906271,0.7316885059361774,0.11451823341906271,0.11451823341906271,0.0,0.0,0.11451823341906271,-0.6171702725171145
6,21,39,0.0,0.409569602023686,0.0,0.0,0.9053840430949726,0.0,0.409569602023686,0.9053840430949726,0.9053840430949726
6,21,40,0.20451207652175502,0.23968281035842715,0.0,0.06339474173986283,0.3132533070838627,0.06339474173986283,0.2076978066069164,0.40000305351843346,0.2347668086867903
6,21,41,0.19650328399392522,0.07928185390550498,0.30234128508034436,0.29591045039342057,0.2772080692048232,0.11079059540149648,0.21771883682925006,0.49492690603407324,-0.02513321587552116
6,21,42,0.0,0.23000417323330904,0.16289683130123203,0.1766852744179825,0.27636375352449655,0.20965377378946035,0.05331889881532654,0.5321066610213451,0.5949276510190222
6,21,45,0.0,0.06702732054186554,0.0,0.0,0.17396862803567278,0.1586377647090961,0.0,0.06702732054186554,0.015330863326576682
6,21,46,0.16861202568839714,0.28313025910745987,0.0,0.11451823341906271,0.2323458351156166,0.0,0.0,0.28313025910745987,0.4009578608040137
6,21,48,0.0,0.8093356760784146,0.1255561162181668,0.0,0.8093356760784146,0.1255561162181668,0.8093356760784146,0.0,0.9348917922965813
6,21,49,0.0,0.204784801011843,0.0,0.0,0.204784801011843,0.0,0.204784801011843,0.204784801011843,0.204784801011843
6,22,1,0.45035669935903216,0.0,0.0,0.0,0.0,0.45035669935903216,0.0,0.0,-0.45035669935903216
6,22,2,0.08994495597248102,0.09946876549629054,0.18941372146877156,0.18941372146877156,0.17085396264358274,0.18941372146877156,0.18941372146877156,0.09946876549629054,-0.018559758825188816
6,22,3,0.0,0.0,0.0,0.0,0.0,0.3798435291739777,0.0,0.3798435291739777,0.3798435291739777
6,22,5,0.0,0.0,0.0,0.0,0.0,0.0,0.0,0.21920820642587016,0.21920820642587016
6,22,6,0.1488637827616324,0.5672572628813733,0.008655080331475284,0.06987440160763687,0.6014214651025949,0.10789511271011161,0.13497038712197923,0.47980388422879516,0.45956310378504756
6,22,7,0.0,0.31247072547416704,0.0,0.0,0.20142438333412502,0.08686899053480747,0.08686899053480747,0.31247072547416704,0.0035090506592754997
6,22,8,0.3442946015443953,0.0,0.3442946015443953,0.3442946015443953,0.2158788210251353,0.3442946015443953,0.23603944653670803,0.2158788210251353,-0.12841578051925998
6,22,9,0.19356256796617036,0.0,0.0,0.19356256796617036,0.15106828750059376,0.19356256796617036,0.0,0.15106828750059376,-0.0424942804655766
6,22,10,0.19444319977231883,0.594514967023529,0.0,0.344221366975253,0.44354311894294435,0.0,0.40126544812886067,0.594514967023529,0.2925712708623597
6,22,11,0.12383734474202403,0.0,0.12383734474202403,0.12383734474202403,0.0,0.12383734474202403,0.0,0.3787737430301597,0.2549363982881357
6,22,12,0.0,0.1638278408094744,0.15952501003111305,0.0,0.1638278408094744,0.0,0.1638278408094744,0.34778402068824166,0.18825901065712858
6,22,13,0.04192651032698467,0.06144797776584258,0.06107245408797275,0.04192651032698467,0.012000052548624313,0.07071613333821078,0.0,0.012000052548624313,-0.050540737644289666
6,22,14,0.42335200434567644,0.0,0.42335200434567644,0.8416372389098512,0.0,0.0,0.0,0.0,-0.8416372389098512
6,22,15,0.0,0.38609520624571486,0.0,0.0,0.38609520624571486,0.0,0.0,0.0,0.38609520624571486
6,22,16,0.15234493929365966,0.5981206042720557,0.07101825654192973,0.26118180897661386,0.6535428824995185,0.3296359642515969,0.09383104297686351,0.6425784839870271,0.1540498346404012
6,22,17,0.165527250420441,0.1410271557221148,0.22240799429425137,0.29160342466451933,0.1410271557221148,0.29160342466451933,0.1410271557221148,0.1410271557221148,-0.19161009110400518
6,22,18,0.0,0.45067030339639047,0.0,0.0,0.45067030339639047,0.24797633018457196,0.45067030339639047,0.22634109585519488,0.2026939732118185
6,22,19,0.2955012741232216,0.13190880531517984,0.0,0.0,0.0,0.2955012741232216,0.0,0.0,-0.4274100794384014
6,22,20,0.2082227460767979,0.2866998241113607,0.17636447692705493,0.031858269149742935,0.2866998241113607,0.031858269149742935,0.0,0.0,0.07847707803456284
6,22,21,0.0,0.5276352212607194,0.0,0.0,0.0,0.0,0.0,0.0,-0.5276352212607194
6,22,22,0.38337262190484306,0.07928185390550498,1.0428440181166545,0.3108221557660579,0.07928185390550498,0.9328227656784271,0.0,0.07928185390550498,-1.0789121231372094
6,22,24,0.0,0.0953236226398244,0.0676189553649054,0.0,0.07500359057929674,0.0,0.0953236226398244,0.16657745359911375,0.19428212087403274
6,22,25,0.0,0.0,0.0,0.2107720669312737,0.06227189177466672,0.2107720669312737,0.0,0.06227189177466672,-0.148500175156607
6,22,26,0.0,0.4198572623625281,0.0,0.0,0.8175254180883975,0.0,0.0,0.0,0.8175254180883975
6,22,27,0.0,0.2638176106303597,0.0,0.0,0.2651121038172462,0.0,0.0,0.0,0.001294493186886514
6,22,29,0.0,0.0,0.0,0.0,0.0,0.0,0.0,0.924699008787507,0.924699008787507
6,22,31,0.0,0.0,0.0,0.0,0.12372645247261771,0.0,0.0,0.05825364025302573,0.12372645247261771
6,22,32,0.07045525375464211,0.323528832306563,0.0399444154841199,0.301616890609065,0.25335051949437176,0.12765425290141494,0.260082488218104,0.23447761552761068,-0.16094584335311962
6,22,33,1.369427710847244,0.0503491691274597,1.369427710847244,1.369427710847244,0.0503491691274597,1.369427710847244,0.0,0.3752081458783395,-0.9438703958414447
6,22,35,0.0,1.2019956752613874,0.0,1.0306641007715645,1.0306641007715645,0.0,0.0,1.0306641007715645,1.2019956752613874
6,22,36,0.2533791831947154,0.1920783096892461,0.2533791831947154,0.548668859193371,0.363848940324918,0.46544996791875,0.0,0.1920783096892461,-0.10160102759383202
6,22,37,0.0,0.06573676136191142,0.0,0.014584869350541006,0.06573676136191142,0.028975289224272286,0.05115189201137042,0.04453902060141434,0.03676147213763914
6,22,38,0.48219078419726685,0.3539699162900198,0.0451987528421487,0.5440726271805423,0.3539699162900198,0.1268849548186659,0.0,0.0,-0.3003045755680617
6,22,39,0.059275577486378656,0.0,0.15613004786241158,0.17483891967073117,0.0,0.2244447941603034,0.059275577486378656,0.17782673245913597,-0.14347253207720037
6,22,40,0.0,0.07190170801153588,0.0,0.06620084599234742,0.07190170801153588,0.06620084599234742,0.1158948064691715,0.10452850330530453,-0.056198300354978595
6,22,41,3.3213806577728624,0.0,3.3213806577728624,0.0,0.0,0.0,0.0,0.0,-3.3213806577728624
6,22,42,0.13261330838477586,0.041760106762160944,0.135575291820282,0.13261330838477586,0.0958692546036312,0.03584274348392922,0.10977277448890017,0.12806211961203948,-0.05017458926761892
6,23,1,0.0,0.0,0.0,0.4151725822216078,0.0,0.0,0.0,0.0,-0.4151725822216078
6,23,2,0.015943086358405294,0.020118492089859996,0.012209836342952897,0.07817537431744644,0.0,0.012209836342952897,0.017092511645761616,0.03438407084063621,-0.07194422617816842
6,23,3,0.16277640407515437,0.23345506126750715,0.034841842052576524,0.4895681166413961,0.24844010318739926,0.2567184721497778,0.24175868159701003,0.23139619359118735,-0.05200561023733324
6,23,4,0.0,0.5038119488885957,0.0,0.0,0.1884421423660989,0.0,0.1884421423660989,0.18208126378040226,0.685893212668998
6,23,5,0.08917133441975245,0.0,0.0,0.08917133441975245,0.12492409500776135,0.38713037375944714,0.0,0.0,-0.2622062787516858
6,23,6,0.0,0.14524013267020858,0.024416130972019393,0.0418567568262146,0.5545578164127507,0.812456346491408,1.168801461616113,0.14121897642154152,-0.25789853007865726
6,23,7,0.0,2.4784141886354343,0.0,0.0,2.4784141886354343,0.0,0.0,2.4784141886354343,2.4784141886354343
6,23,8,0.2258752389980043,0.2258752389980043,0.0,0.09832592979183065,0.0,0.0,0.0,0.21960417085119138,0.09205486164501771
6,23,9,0.4648467700926309,0.0,0.4648467700926309,0.4648467700926309,0.0,0.23893029834533006,0.0,0.0,-0.703777068437961
6,23,10,0.0,0.0,0.0,0.0,0.0,0.7842544594312756,0.0,0.0,-0.7842544594312756
6,23,11,0.0,0.3018291090039044,0.0,0.3018291090039044,0.43364520700978854,0.0,0.0,0.0,-0.21638591134411658
6,23,13,0.6761136340928618,0.0,0.6761136340928618,0.0,0.0,0.0,0.0,0.0,-0.6761136340928618
6,23,15,1.1143763183104491,0.0,1.1143763183104491,0.7763195012640182,0.0,0.7763195012640182,0.0,0.3752081458783395,-0.7391681724321095
6,23,16,0.0,0.0,0.6223719659534355,0.0,0.0,0.0,0.0,0.0,-0.6223719659534355
6,23,17,0.303695563509299,0.10315840508353699,0.2297541661076618,0.24062765025090618,0.21295509425122325,0.20756388012226848,0.1295355701443552,0.09059566172018653,-0.09752624880510177
6,23,18,0.29162330813996706,0.09478167709033847,2.603370830108734,0.20100725327402869,0.09478167709033847,2.512754775242796,0.09478167709033847,0.09478167709033847,-2.6148147292020862
6,23,20,0.10363455143829581,0.33446226986503613,0.10363455143829581,0.12344744130109654,0.3201017040839822,0.12344744130109654,0.309837163688101,0.3611514691786644,0.23770402787756786
6,23,21,0.1457706390927699,0.29072393255518963,0.06338935503269115,0.1457706390927699,0.29072393255518963,0.10621775094151863,0.06338935503269115,0.23212838816031964,0.29072393255518963
6,23,22,0.1773365970877836,0.0,0.1773365970877836,0.22190491606573456,0.0,0.22190491606573456,0.0,0.0,-0.3992415131535182
6,23,23,0.0,0.6791769597142433,0.0,0.0,0.6791769597142433,0.0,0.0,0.7119626313758761,0.7119626313758761
6,23,24,0.0,0.8518915700068983,0.0,0.0,0.6354442574146036,0.0,0.16616103522505676,1.0828765326699379,1.3081869134549773
6,23,25,0.7412545830936382,0.0,0.26677163198322934,0.26677163198322934,0.0,0.26677163198322934,0.0,0.0,-0.7412545830936382
6,23,26,0.0,0.26688745638797806,0.6609104503027824,0.09054873270117134,0.0,0.1652276125756956,0.0,0.0,-0.4845717266159758
6,23,27,0.0,0.4417131860449562,0.0,1.1082364946667116,0.4417131860449562,0.6665233086217554,0.0,0.4417131860449562,-0.22481012257679917
6,23,28,0.0,0.2727157755541245,0.0,0.0679558747761471,0.3437865678988068,0.0,0.07268186370942978,0.4248657454544498,0.49593653779913205
6,23,29,0.7859503079188395,0.1655805735938554,0.5575062844147923,0.9325629216728292,0.21237124427486664,0.7777245810433531,0.0,0.12400054300245124,-0.7617717079893667
6,23,30,0.38225314880862915,0.35075957081670434,0.4493517479555557,0.41348539428655534,0.3589542516498555,0.0,0.39213797414458335,0.1677554461524882,-0.015309447133677089
6,23,32,0.0,0.0,0.0,0.4758185805699971,0.0,0.4758185805699971,0.0,0.0,-0.4758185805699971
6,23,33,0.0,0.0,0.0,0.0,0.9369307125582101,0.0,0.0,0.0,0.9369307125582101
6,23,34,0.029858055696909257,0.01307137027735168,0.029858055696909257,0.029858055696909257,0.01307137027735168,0.0,0.01307137027735168,0.07756370316909512,0.047705647472185864
6,23,38,0.0,0.0,0.12774540991434086,0.0,0.0,0.09216425877836883,0.0,0.0,-0.21990966869270967
6,23,39,0.03450105463437523,0.07021193177548903,0.15621676288381678,0.0,0.07021193177548903,0.10786409140247617,0.10307107167343794,0.07021193177548903,-0.1188639710062767
6,23,40,0.28226160493594254,0.2208565930224781,0.0,0.2208565930224781,0.2208565930224781,0.28226160493594254,0.0,0.2208565930224781,-0.06140501191346445
6,23,41,0.03296143614099397,0.0559976785893484,0.014504688555604496,0.0,0.0559976785893484,0.014504688555604496,0.032420007830568635,0.048384334654613975,0.059949737619133366
6,23,42,0.034742352072234514,0.11743775426649086,0.034742352072234514,0.18700429785463363,0.11743775426649086,0.23470557826252847,0.0,0.16513903467438573,-0.021865263180247875
6,24,1,0.0,0.0,0.0,0.23494659543350963,0.0,0.23494659543350963,0.0,0.0,-0.23494659543350963
6,24,2,0.0,0.0,0.0,0.0,0.0,0.0,0.0,0.14083606142591762,0.14083606142591762
6,24,3,0.09125319165666188,0.05361438120464092,0.0,0.1448675728613028,0.09369307125582102,0.0,0.0,0.07597734892713975,0.0784172285262989
6,24,4,0.0,0.0,0.0,0.0,0.15615511875970167,0.0,0.0,0.10305422091992385,0.2592093396796255
6,24,5,0.1446154029804467,0.11998575007145489,0.037775305097896124,0.2235824558900591,0.11998575007145489,0.1090709836911099,0.12443445043644187,0.23479115414151275,0.028123390007368854
6,24,6,0.11335169842928927,0.04394196605024154,0.06940973237904774,0.0,0.08628911690033014,0.06940973237904774,0.04394196605024154,0.04394196605024154,0.016879384521282393
6,24,7,0.0,0.3642167547861516,0.0,0.0,0.48327705901090945,0.0,0.3642167547861516,0.11906030422475784,0.48327705901090945
6,24,8,0.031089172395454414,0.0,0.0,0.04690438538720809,0.0,0.04655617258742777,0.0,0.08767298771127255,0.04111681512384477
6,24,9,0.0,0.11260284987900343,0.0,0.3625331677637602,0.11260284987900343,0.3625331677637602,0.0,0.25807622392715207,-0.10445694383660815
6,24,10,0.1550084414838259,0.1429012057581115,0.1550084414838259,0.3313471651706326,0.0,0.1550084414838259,0.0,0.2103650326825337,-0.2638833382462104
6,24,11,0.3921214809965287,0.0,0.2208832843166604,0.17123819667986828,0.0,0.3101524417950909,0.0,0.0,-0.5310357261117512
6,24,12,0.3039478575725171,0.21737160754297516,0.2716079800993719,0.0,0.18975402842957173,0.15114747744583434,0.18975402842957173,0.21737160754297516,-0.08185395166980018
6,24,13,0.0,0.0,0.19468394679989853,0.0,0.0,0.0,0.0,0.5986542321295997,0.4039702853297011
6,24,14,0.0,0.4534922043394884,0.0,0.4534922043394884,0.5183956167471508,0.18431843902590844,0.0,0.6359547658716886,0.33407717772124246
6,24,15,0.0,0.0,0.0,0.0,0.0,0.0,0.0,0.24605013797892636,0.24605013797892636
6,24,16,0.09565139757528206,1.8481660315369208,0.09565139757528206,0.09565139757528206,1.6382784080947441,0.09565139757528206,1.943817429112203,1.6382784080947441,1.542627010519462
6,24,17,1.7322063532367313,0.0,1.7322063532367313,0.0,0.0,0.0,0.0,0.0,-1.7322063532367313
6,24,18,0.08892387732774311,0.11701988629248171,0.21450193729113887,0.08892387732774311,0.11701988629248171,0.08892387732774311,0.11701988629248171,0.910544142883112,0.6960422055919732
6,24,19,0.0,0.29447545736330416,0.0,0.29447545736330416,0.29447545736330416,0.0,0.0,0.29447545736330416,0.29447545736330416
6,24,21,0.0,0.1771605639805526,0.0,0.1771605639805526,0.0,0.0,0.0,0.0,0.0
6,24,22,0.0,0.0,0.5411182814807367,0.6348377756146057,0.0,0.7459479209508512,0.0,0.0,-0.8396674150847201
6,24,24,0.0,0.0,0.0,0.0,0.0,0.0,0.05884643728593086,0.0468318933050789,-0.012014543980851958
6,24,25,0.20811848474906974,0.080668847293506,0.0,0.2419365553038931,0.07561834224300096,0.1579281495050588,0.04964480024529527,0.28952714045189637,-0.029863763570341838
6,24,26,0.17262938166698333,1.7463612848389742,0.0,0.17262938166698333,0.0,0.0,0.0,0.0,-1.9189906665059575
6,24,27,0.026730068909614005,0.047252744048374457,0.0,0.019727434835932024,0.047252744048374457,0.019727434835932024,0.026340786213702387,0.020911957834672066,0.0007952403028284247
6,24,28,0.0,0.7324351721284402,0.0,0.0657581161197734,0.7324351721284402,0.0657581161197734,0.7324351721284402,0.7324351721284402,0.6666770560086669
6,24,29,0.0,0.2765782552438751,0.0,0.0,0.0,0.18894005441320627,0.18894005441320627,0.2765782552438751,0.08763820083066881
6,24,30,0.0,0.0,0.0,1.5825742834109466,0.0,1.5825742834109466,0.0,0.0,-1.5825742834109466
6,24,31,0.0,0.0,0.0,0.0,0.0,0.2764877510400581,0.0,0.0,-0.2764877510400581
6,24,32,0.0,0.0,0.0,0.2831937218657796,0.0,0.0,0.0,0.2831937218657796,0.2831937218657796
6,24,33,0.17805105262451373,0.5617169821993567,0.17805105262451373,0.0,0.40956960202368603,0.17805105262451373,0.40956960202368603,0.5617169821993567,0.383665929574843
6,24,34,0.5761110960877817,0.0,0.5761110960877817,0.5761110960877817,0.4021581713973688,0.5761110960877817,0.0,0.4021581713973688,-0.1739529246904128
6,24,35,0.0,0.0,0.0,0.0,0.0,0.0,0.0,0.5772433013512915,0.5772433013512915
6,24,36,0.0,0.23962271756805037,0.0,0.0,0.0,0.0,0.0,0.0,0.0
6,24,37,0.03973412144049925,0.013391538036289879,0.08042168718212005,0.024887820686541582,0.06780718271177971,0.03204464092946606,0.10945990180328118,0.2266930296947742,0.12125266794461913
6,24,38,0.0,0.22045315794839299,0.0,0.0,0.1163104361996771,0.0,0.1163104361996771,0.1163104361996771,0.22045315794839299
6,24,39,0.0,0.41704683471992593,0.0,0.0,0.41704683471992593,0.0,0.0,0.41704683471992593,0.41704683471992593
6,24,40,1.18028417981878,1.18028417981878,0.0,0.0,0.0,0.0,0.0,1.18028417981878,1.18028417981878
6,24,41,0.0,0.22292833604938112,0.0,0.1944026316813453,0.22292833604938112,0.1944026316813453,0.22292833604938112,0.22292833604938112,0.02852570436803581
6,24,43,0.0,0.0,0.0,0.0657581161197734,0.0,0.15685468523908963,0.0,0.0,-0.15685468523908963
6,24,44,0.16902840852321543,0.7060493071401694,0.0,0.0,0.9044593436831062,0.0,0.5725121900451987,0.6469272381511156,1.0525177672334298
7,1,1,0.6112907066559949,0.15465551550967951,0.0,0.6112907066559949,0.8078319761771496,0.4566351911463154,0.0,0.23395454791557502,0.1965412695211547
7,1,2,0.04555573516016906,0.04973438274814527,0.04973438274814527,0.09529011790831432,0.04973438274814527,0.13737136614771983,0.04973438274814527,0.04973438274814527,-0.08763698339957456
7,1,3,0.7813999547269244,0.14485269202539808,0.37386232925637775,0.37386232925637775,0.14485269202539808,0.5206022616122916,0.5523903174959448,0.0,-0.7832871950574403
7,1,4,0.0,0.0,0.0,0.0,0.4956828377270868,0.0,0.0,0.2934798647118278,0.7891627024389146
7,1,5,0.0,0.07729980755786735,0.0,0.07729980755786735,0.2405889351798049,0.0,0.0,0.07729980755786735,0.2405889351798049
7,1,6,0.09767182441597448,0.06888919055691735,0.09767182441597448,0.0,0.06888919055691735,0.0,0.0,0.06888919055691735,-0.028782633859057133
7,1,7,0.0,0.0,0.23245072890247903,0.0,0.0,0.0,0.0,0.0,-0.23245072890247903
7,1,8,0.0,0.3261610144288623,0.0,0.0,0.3261610144288623,0.0,0.0,0.5220929296364254,0.5220929296364254
7,1,11,0.33237178620448943,0.0,0.33237178620448943,0.33237178620448943,0.0,0.33237178620448943,0.0,0.0,-0.33237178620448943
7,1,12,0.0,0.5682959862460975,0.0,0.0,0.0,0.0,0.0,0.5682959862460975,-0.5682959862460975
7,1,13,0.0,0.0,0.0,0.0,0.4359449114532912,0.0,0.0,0.2592035089084604,0.4359449114532912
7,1,14,0.0,0.04550773355818733,0.09945557513766332,0.0,0.04550773355818733,0.0,0.04550773355818733,0.04550773355818733,-0.053947841579475984
7,1,15,0.5531838824396142,0.8649683313664029,0.5531838824396142,0.5531838824396142,0.5531838824396142,0.0,0.0,0.5531838824396142,0.2413994335128255
7,1,17,0.0,0.15108672299750145,0.0,0.07618803897707839,0.7818642941997463,0.07618803897707839,0.07489868402042305,0.0,0.7056762552226679
7,1,18,0.9819185242135222,0.7206518155919961,0.0,0.9819185242135222,0.7206518155919961,0.0,1.7025703398055183,0.0,-0.2612667086215261
7,1,20,0.0,0.06828033516987005,0.0,0.0,0.08746680993287545,0.04964242502487335,0.022413665685883398,0.08746680993287545,0.03782438490800212
7,1,21,0.2338959870152259,0.0,0.2338959870152259,0.1311516527055029,0.2011171465492572,0.1564357583922306,0.0634908804388361,0.1740276202695178,0.11640452224052623
7,1,22,0.3156919168170728,0.0,0.17124055718287168,0.0,0.1532228828787075,0.17124055718287168,0.0,0.1532228828787075,-0.16246903393836531
7,1,23,0.2176942821909624,0.5324422587838027,0.10479528980664131,0.1539558961575235,0.5211950842400713,0.10479528980664131,0.3877619156182621,0.20169189902241524,0.32752448792104494
7,1,24,0.0,0.0,0.0,0.0,0.7058004746275351,0.0,0.0,0.7058004746275351,0.7058004746275351
7,1,25,0.11396642261097822,0.0,0.05731053488963871,0.1141251401231825,0.0,0.056655887721339504,0.060391584065625586,0.0,-0.2311726119101476
7,1,26,0.26999020419268355,0.3658292494515045,0.26999020419268355,0.17375651790175406,0.03744427638903606,0.061368487015799694,0.0,0.14913992647936014,-0.3244826913064595
7,1,27,0.11023842023204576,0.2060248507763476,0.08436363537213636,0.1825604765876228,0.3575174815290597,0.1808947143558277,0.08418726623828558,0.3902000416669106,0.36121747969754586
7,1,29,0.4315855537558644,0.5601057620572549,0.0535248388920182,0.32296209203519094,0.1476866241959254,0.03357470773379583,0.03357470773379583,0.4375714178463201,-0.370998476185753
7,1,30,0.21817779543280436,0.08529719360228308,0.21817779543280436,0.25455417546003606,0.08529719360228308,0.2065574120115083,0.04892081357505138,0.9076847021795482,0.6546511529942427
7,1,31,0.0,0.7102567789225627,0.18077704953767476,0.0,0.7102567789225627,0.0,0.18077704953767476,0.7102567789225627,0.7102567789225627
7,1,33,0.0,0.6863815446906281,0.0,0.0,0.6863815446906281,0.0,0.273046401349124,0.6863815446906281,0.6863815446906281
7,1,35,0.0,0.0,0.11943456769403805,0.0,0.0,0.11943456769403805,0.0,0.0,-0.11943456769403805
7,1,37,0.3137772270055077,0.345276255264604,0.23509741149327165,0.3137772270055077,0.178982575191506,0.6363619183608706,0.2506680621593645,0.16264679296266826,-0.6400088054713002
7,2,1,0.0,0.0,0.0,0.0,0.0,0.7510420113904194,0.0,0.23631489416983925,-0.5147271172205801
7,2,2,0.04588454953086389,0.019273863624644047,0.04588454953086389,0.04588454953086389,0.08633353793185247,0.04588454953086389,0.05392900923356623,0.0619032170827327,0.08307834185907723
7,2,3,0.0,0.32082573258261154,0.0,0.09307214114463219,0.2215511477467118,0.07964343278177669,0.05812035029302883,0.2733610584923407,0.20937998129437618
7,2,4,0.39495002759876013,0.0,0.15160818318099514,0.528513137934198,0.0,0.28517129351643294,0.0,0.0,-0.528513137934198
7,2,5,0.23650461311684634,0.0,0.23650461311684634,0.294338694782105,0.0,0.20562557807137608,0.0,0.06932833453882185,-0.28053353131330416
7,2,6,0.0,0.04468032022076574,0.0,0.0,0.04468032022076574,0.0,0.04468032022076574,0.14025243955889777,0.14025243955889777
7,2,7,0.0,0.0,0.18143236402437501,0.18143236402437501,0.0,0.2863990609206007,0.10496669689622569,0.0,-0.2863990609206007
7,2,8,0.0,0.0,0.0,0.0,0.0,0.5990567939201259,0.0,0.0,-0.5990567939201259
7,2,9,0.0,0.1984100365429368,0.0,0.0,0.33782107984360155,0.0,0.1984100365429368,0.1984100365429368,0.33782107984360155
7,2,10,0.0,0.5256163442041613,0.0,0.0,0.5256163442041613,0.0,0.0,0.0,0.5256163442041613
7,2,11,0.0,0.48270703095648704,0.0,0.0,0.48270703095648704,0.07866074383346452,0.48270703095648704,0.5418358030603765,0.46317505922691204
7,2,12,0.20899219397900212,0.19625893959008078,0.12797419407386926,0.0,0.19625893959008078,0.12797419407386926,0.08101799990513285,0.19625893959008078,0.06828474551621151
7,2,13,0.01119342214791256,0.2585612452508123,0.0,0.0,0.11250355151505245,0.047803067884661044,0.05146705059118891,0.11560886121187323,0.007433943896014876
7,2,15,0.0,0.2527604732390116,0.0,0.0,0.1302290992212993,0.0,0.1302290992212993,0.26618594041494165,0.3829895724603108
7,2,17,0.2511561199267915,0.0,0.2511561199267915,0.0,0.44434887241450355,0.0,0.0,0.6980208008327776,0.4468646809059862
7,2,20,0.0725782077364273,0.44522133898489585,0.0,0.032501225080334865,0.46431950902566116,0.23337909960061462,0.032501225080334865,0.38547817662813944,0.19340329130223
7,2,21,0.0,0.0,1.6950075689452522,0.0,0.0,1.6950075689452522,0.0,0.0,1.6950075689452522
7,2,22,0.0,0.244973495585334,0.0,0.0,0.0,0.0,0.0,0.0,-0.244973495585334
7,2,23,0.0,0.0,0.14417609331012102,0.0688448385732065,0.0,0.10196763089523177,0.0,0.0,-0.24614372420535277
7,2,24,0.0,0.20487278166212966,0.0,0.0,0.20487278166212966,0.13389488076174477,0.0,0.20487278166212966,0.07097790090038489
7,2,25,0.05076681793420788,0.3695969541725624,0.0,0.05076681793420788,0.32025825755967124,0.0,0.16807721587814897,1.5018705490851185,1.351117628724913
7,2,26,0.0,0.10087143935866694,0.1312221856707543,0.0,0.0,0.0,0.0,0.0,-0.23209362502942124
7,2,27,0.0,0.0,0.22500301030573003,0.0,0.0,0.6312187235910826,0.0,0.0,-0.8562217338968126
7,2,28,0.0,0.03650314761740829,0.0,0.04463985313236683,0.08669112320564762,0.10899227879142986,0.0,0.0,-0.022301155585782252
7,2,29,0.0,2.148732835942524,0.13977049497853974,0.0,2.148732835942524,0.13977049497853974,2.148732835942524,0.18938687151507985,2.008962340963984
7,2,30,0.06327866013537278,0.031066508610560244,0.06327866013537278,0.0,0.031066508610560244,0.06327866013537278,0.0,0.11997125329909201,0.08775910177427947
7,2,31,0.02787166304302396,0.2566048156272452,0.05822903435491488,0.02787166304302396,0.2566048156272452,0.2661375412662235,0.01833893740404564,0.2566048156272452,-0.039890096950869244
7,2,33,0.0,0.0,0.0,0.0,0.0,0.0,0.0,0.8003082159264753,-0.8003082159264753
7,2,34,0.1335345798558888,0.05150914859651657,0.1049893122652101,0.16745470174764593,0.16336150526465645,0.0849450603192601,0.03090540293760125,0.15212553624678352,-0.12081428576562346
7,2,36,0.0,0.04914835224284232,0.0,0.0,0.16084880637955745,0.0,0.04914835224284232,0.16084880637955745,0.16084880637955745
7,2,37,0.5668030404218788,0.4239458975647359,0.0,0.9907489379866147,0.0,0.0,0.0,0.0,-0.9907489379866147
7,2,38,0.0,0.18724124541565118,0.0,0.1801200571976402,0.18724124541565118,0.1801200571976402,0.0,0.18724124541565118,0.007121188218010971
7,2,39,0.09523632065825416,0.0,0.28894526141032,0.046030681283841385,0.03313175789390838,0.046030681283841385,0.0,0.2870117779748144,-0.04796416471934704
7,2,40,0.35713806577728624,0.6324506691944121,0.35713806577728624,0.35713806577728624,0.0,0.0,0.0,0.2753126034171258,-0.08182546236016042
7,2,41,0.1845671433894754,0.7886500523658693,0.08993122330261802,0.1845671433894754,0.3575755996365969,0.18085925133765954,0.5787525624454269,0.5630521070945361,0.4605169252666079
7,2,42,0.019306574116892062,0.0250579412590627,0.03682909411178449,0.036200337262525806,0.008164178113428957,0.30333469253947226,0.02747075223032102,0.008164178113428957,-0.3295867975665695
7,3,1,1.7170165825900714,0.0,1.7170165825900714,1.7170165825900714,0.0,1.7170165825900714,0.0,0.0,-1.7170165825900714
7,3,2,0.20095250178125143,0.0,0.20095250178125143,0.20095250178125143,0.21446601529476494,0.20095250178125143,0.0,0.0,0.013513513513513514
7,3,4,0.46354817226550504,0.3209943600875273,0.46354817226550504,0.46354817226550504,0.3209943600875273,0.46354817226550504,0.3209943600875273,0.3209943600875273,-0.14255381217797775
7,3,5,0.0827894245827994,0.0827894245827994,0.0827894245827994,0.0827894245827994,0.12607303336928857,0.06520464566632896,0.0,0.0827894245827994,0.060868387702959624
7,3,6,0.06024519473936305,0.0,0.16747820238674552,0.06024519473936305,0.047966186907513565,0.2483133006043407,0.0,0.047966186907513565,-0.20034711369682714
7,3,7,0.0,0.0,0.0,0.0,0.5703889562238748,0.0,0.0,0.0,0.5703889562238748
7,3,8,0.0,0.0,0.0,0.0,0.0,0.6548854818146154,0.0,0.0,-0.6548854818146154
7,3,9,0.27479188353752765,0.0,0.08585753673023472,0.08585753673023472,0.13252703157563353,0.08585753673023472,0.0,0.13252703157563353,-0.14226485196189412
7,3,10,0.0,0.0,0.6086425397503289,0.0,0.0,0.0,0.0,0.0,-0.6086425397503289
7,3,11,0.0,0.0,0.0,0.0,0.3747722850232841,0.0,0.0,0.0,0.3747722850232841
7,3,12,1.0575765707983376,0.0,0.24089260060963627,1.0575765707983376,0.0,1.2984691714079737,1.0575765707983376,0.0,-1.0575765707983376
7,3,13,0.0,0.09676392747966668,0.0,0.0,0.07618905652660334,0.0,0.07618905652660334,0.15893013366491085,0.25569406114457754
7,3,14,0.0,0.0,0.0,0.0,0.0,1.0063130209755002,0.0,0.16031851281047935,-0.8459945081650209
7,3,16,0.0,0.0,0.0,0.0,0.0,0.0,0.0,0.7797349158161235,0.7797349158161235
7,3,18,0.0,0.9557211933813202,0.0,0.0,0.0,0.0,0.0,0.0,0.9557211933813202
7,3,19,0.20343699980442045,0.29368968470718804,0.08643258951521494,0.3146894929554834,0.29368968470718804,0.25500862882670644,0.11700441028920552,0.38440797135269006,0.15997116329997424
7,3,21,0.38231823967504236,0.0,0.38231823967504236,0.38231823967504236,0.0,0.38231823967504236,0.0,0.2795313947154167,-0.10278684495962569
7,3,23,0.0,2.177788004521241,0.0,0.0,2.159404821923737,0.0,1.4042386355097807,2.418599926625171,2.564594680812989
7,3,24,0.0,0.0,0.644917325659064,0.0,0.0,0.0,0.0,0.0,-0.644917325659064
7,3,25,0.0,0.047735934381145886,0.0,0.0,0.0627761794284171,0.021855712457913068,0.01041278649212761,0.04730874399731188,0.0627761794284171
7,3,27,0.0,0.0,0.0,0.0,0.18179115690325454,0.0,0.0,0.0,0.18179115690325454
7,3,28,0.0,0.177140301747886,0.0,0.19827313509083475,0.0,0.0,0.0,0.1000555055675572,0.07892267222460847
7,3,29,0.029987493491066712,0.17754799178413483,0.015360214744028846,0.23161954023255524,0.6242256442792246,0.056906847564549744,0.043512429750221876,0.5269633369654154,0.476681989891056
7,3,30,0.31843888647949037,0.3209943600875273,0.31843888647949037,0.31843888647949037,0.3209943600875273,0.31843888647949037,0.3209943600875273,0.3209943600875273,0.002555473608036929
7,3,31,0.0,0.360291770647745,0.0,0.21071132087765942,0.360291770647745,0.26221134451585965,0.18314813778710043,0.46586821126662514,0.3087917470095448
7,3,33,0.0,0.204784801011843,1.1290464197437702,1.1290464197437702,0.204784801011843,1.1290464197437702,0.204784801011843,0.204784801011843,-0.9242616187319272
7,3,34,0.06318778472689231,0.25432026567127913,0.20143166024692138,0.16869273695428877,0.31940000350484204,0.16869273695428877,0.31940000350484204,0.31940000350484204,0.012463391030524204
7,3,36,0.17193160466891613,0.15768490326124837,0.17193160466891613,1.0126741927309815,0.15768490326124837,1.0126741927309815,0.0,0.0,-0.8549892894697332
7,3,37,0.2441851258975571,0.681918267653809,0.2441851258975571,0.0,0.6308985439713395,0.08963255026375175,0.5265894883161677,0.7323938044309146,0.39857612826960576
7,3,38,0.08478666761137893,0.024581244186806933,0.0,0.0,0.057665725710221584,0.0,0.0,0.03308448152341465,-0.027120941901157342
7,3,39,0.735900337202731,0.0,0.0,0.735900337202731,0.0,0.735900337202731,0.0,0.0,-0.735900337202731
7,3,40,0.6330925403633391,0.12717978333825808,0.6873310437739175,0.6330925403633391,0.12717978333825808,0.6330925403633391,0.760272323701597,0.0,-0.5601512604356593
7,3,41,0.011920172221157394,0.4655120859946276,0.011920172221157394,0.16660888662900925,0.6912437708196806,0.3035248137429788,0.1172858405795101,0.7799255305976903,0.805241430593875
7,3,42,0.0,0.0,0.8775373307922464,0.0,0.0,0.8775373307922464,0.0,0.0,0.0
7,3,43,0.04432178493056247,0.005558252211732066,0.016857772276865683,0.058026684885016715,0.012159186657887145,0.04075665502483481,0.0,0.038167883548113575,-0.013746481088938495
7,4,2,0.0,0.0,0.0,0.0,0.0,2.209265532568789,0.0,0.0,-2.209265532568789
7,4,4,0.0,0.5529189627319762,0.0,0.0,0.5529189627319762,0.0,0.5529189627319762,0.5529189627319762,0.5529189627319762
7,4,5,0.0,0.05077732343104907,0.0,0.8730689224199454,0.05077732343104907,1.3810913276347572,0.0,0.05077732343104907,-1.330314004203708
7,4,6,0.0,0.22340160110382873,0.0,0.0,0.22340160110382873,0.0,0.22340160110382873,0.22340160110382873,0.22340160110382873
7,4,7,0.0,0.0,0.0,0.1330842325733567,0.1330842325733567,0.0,0.1330842325733567,0.13719569415882432,-0.0041114615854676295
7,4,8,0.7715074118820532,0.2459042814045927,1.2722482377492124,0.8394632866582004,0.12341753361192571,0.7715074118820532,0.0,0.12341753361192571,-1.2713174519299535
7,4,9,0.0,0.24574176121421162,0.0,0.0,0.24574176121421162,0.0,0.24574176121421162,0.24574176121421162,0.24574176121421162
7,4,10,0.5124567995958056,0.23183971843274032,0.3614679933806346,0.0,0.0,0.5124567995958056,0.0,0.034433976639105426,-1.071330534770075
7,4,11,0.18882055750913299,0.29021841491697925,0.572265090069806,0.48654721051725414,0.29021841491697925,0.32980384064098395,0.29021841491697925,0.29021841491697925,-0.4230299582846777
7,4,12,0.07620331387942746,0.09815848578776804,0.2984525220547536,0.16424953081804627,0.17563436416105724,0.03494142433942709,0.0,0.17563436416105724,-0.20388986914663537
7,4,13,0.15832003339828066,0.15408274526268742,0.04924812550156365,0.15832003339828066,0.0,0.04924812550156365,0.109071907896717,0.0834586213456284,-0.029850574686681827
7,4,14,0.08301826870263586,0.3761332892250821,0.3989643689573444,0.432900214964044,0.2944754573633041,0.08301826870263586,0.0,0.2944754573633041,-0.24155323235392226
7,4,15,0.0,0.0,0.0,0.0,0.1543259926589567,0.0,0.0,0.48285674011988355,0.48285674011988355
7,4,16,0.7336178603646454,0.0,0.2972096273808577,1.1519030949288203,0.0,0.7154948619450326,0.4182852345641748,0.0,-1.1519030949288203
7,4,17,0.07399360448349267,0.0,0.1487733501722538,0.07399360448349267,0.07399360448349267,0.1487733501722538,0.0,0.07399360448349267,0.1487733501722538
7,4,18,0.09442647953556584,0.04550773355818733,0.40682416834623014,0.0,0.04550773355818733,0.09442647953556584,0.04550773355818733,0.04550773355818733,-0.4557429143236087
7,4,20,0.0,0.0,0.0,0.08586157773808993,0.09042878484367446,0.08586157773808993,0.0,0.20028103837205655,0.2048482454776411
7,4,21,0.0,0.35685163798341357,0.0,0.20768350501912222,0.17734234192788817,0.03625284423390454,0.17143066078521768,0.149678470225219,-0.0699036675301739
7,4,22,0.0,0.16974464708004788,0.10693108367523374,0.0,0.07678755836830421,0.27513737316733855,0.07678755836830421,0.07678755836830421,-0.3052808984742681
7,4,23,0.0,0.31154745538928874,0.9623797530771037,0.0339870414692855,0.31154745538928874,0.0339870414692855,0.31154745538928874,0.15358860075888225,-0.6848193391571005
7,4,25,0.08241884964377258,1.0106851280522522,0.5643440991428654,0.3343794459287941,1.0573454767768036,0.20083539615315416,0.8053402175311027,0.3595998063158003,0.21975241636178358
7,4,26,0.06976717882787345,0.5322778041554836,0.23568483748827027,0.3294661049581064,0.3362990076872165,0.03884233310775486,0.03702257278471811,0.3362990076872165,-0.20397413820494933
7,4,27,0.0,0.0,0.0,1.1407779124477495,0.0,0.0,0.0,0.0,-1.1407779124477495
7,4,28,0.0,0.2181007527335412,0.0,0.09824214782026676,0.44077690334153796,0.09824214782026676,0.0605082644872804,0.44077690334153796,0.28202649103399074
7,4,29,1.1063130209755003,0.0,0.1564572213766686,0.0,0.0,0.0,1.1063130209755003,0.0,-0.1564572213766686
7,4,30,0.0,0.14355162148533257,2.0339438778966916,0.0,0.14355162148533257,0.0,0.0,0.5812944583433952,-1.4526494195532964
7,4,31,0.10918938908541116,0.12667399896697978,0.02152321563911843,0.10918938908541116,0.013002209588053523,0.10918938908541116,0.12667399896697978,0.4194115312748098,0.28869892655028023
7,4,32,0.0835272923886531,0.04556624342734537,0.6334585798612837,0.0,0.30301458886515015,0.0,0.04556624342734537,0.38435428286309226,-0.0959650072155586
7,4,33,0.13597413053121482,0.0,0.0,0.0,0.0,0.5751566278127291,0.10342544594312755,0.0,-0.6785820737558567
7,4,34,0.0,0.12287088060710581,0.0,0.20713806577728625,0.12287088060710581,0.20713806577728625,0.12287088060710581,0.12287088060710581,-0.08426718517018043
7,4,35,0.009461282847014835,0.010286133385615893,0.02320732512949529,0.009461282847014835,0.005496148835064669,0.035702957071071253,0.035702957071071253,0.017613662966594654,-0.03662532093750828
7,4,36,0.3153741126105385,0.15820273416426817,0.9687010776302457,0.3271145755788434,0.2481273496767942,0.3153741126105385,0.11077402348337118,0.0389420474445975,-0.7981355987314319
7,5,1,0.0,0.5867826532648379,0.1070496777840364,0.5153320503857822,0.5816100763400938,0.0,0.0,0.5153320503857822,0.4031097956770016
7,5,3,0.0,0.4417131860449562,0.0,0.4417131860449562,0.4417131860449562,0.0,0.0,0.4417131860449562,0.4417131860449562
7,5,4,0.0,0.48135142992205976,1.9329332561899883,0.0,0.0,0.0,0.0,0.0,-2.414284686112048
7,5,5,0.0,0.7410398419766092,0.0,0.7913656754541738,0.8655836255259427,0.0,0.7410398419766092,1.6569493009801164,1.6569493009801164
7,5,6,0.11993578482410112,0.037502238233847185,0.11993578482410112,0.17318913619314918,0.16371845878206956,0.18652510856707608,0.034048430236658656,0.1454211416806118,-0.022806649785006492
7,5,7,0.564410901545834,0.2925110257230138,0.27189987582282016,0.27189987582282016,0.2925110257230138,0.564410901545834,0.2925110257230138,0.2925110257230138,0.020611149900193637
7,5,8,0.0,0.22340160110382873,5.256466563597261,0.0,0.22340160110382873,0.0,0.22340160110382873,0.22340160110382873,-5.033064962493432
7,5,11,0.30661010403394134,0.9867677899079357,0.30661010403394134,1.603008277190545,0.21063579532646712,0.30661010403394134,0.21063579532646712,0.21063579532646712,-0.6162404872826094
7,5,12,0.17916369106039434,0.19792621529931823,0.029949792290937503,0.419625586996949,0.3139505369450786,0.029949792290937503,0.19792621529931823,0.3340045729049292,0.030403307553740527
7,5,13,0.33327419649013396,0.9548109110380324,0.060024255040864984,0.23126245172073326,0.7914317854234527,0.23126245172073326,0.22206025485113068,0.7914317854234527,0.5601693337027194
7,5,14,0.0,0.14893440073588582,0.0,0.0,0.14893440073588582,0.0,0.14893440073588582,0.67474041103427,0.67474041103427
7,5,15,0.0,0.0,0.0,0.0,2.068508918862551,0.0,0.0,2.068508918862551,2.068508918862551
7,5,17,0.19180718062263638,0.2298300916395108,0.0,0.2298300916395108,0.2298300916395108,0.4216372722621472,0.0,0.2298300916395108,-0.19180718062263638
7,5,18,0.19834839863697848,0.22085659302247812,0.03212319856160036,0.41920499165945657,0.31580575600822486,0.19045324929376053,0.19045324929376053,0.22085659302247812,0.03318545204150342
7,5,19,1.9827313509083475,0.07086422559222104,0.5423850341057844,2.0535955765005687,0.0,0.0,0.2645080855302101,0.2645080855302101,-2.525116385014132
7,5,21,0.0,0.25332639085646924,0.0,0.0,0.25332639085646924,0.0,0.0,0.25332639085646924,0.25332639085646924
7,5,22,0.5811770094882093,0.0,0.22580928394875405,0.5811770094882093,0.3391567180517887,0.3553677255394552,0.0,0.36460059480947205,0.47794802891250676
7,5,23,0.23079975606409867,0.37741361221471303,0.19779851213637403,0.05906882306859178,0.44639975247259306,0.5686114535606929,0.1912765151066302,0.5957196031843046,0.4314580452992584
7,5,24,0.0,0.1878079612257633,0.0,0.1545996151157347,0.29304888647551675,0.0,0.0332083461100286,0.4151080014171945,0.4151080014171945
7,5,25,0.3794123118440721,0.0,0.476266782220105,0.3794123118440721,0.907776384391032,0.3794123118440721,0.0,0.907776384391032,0.6411581482074896
7,5,26,0.2547752411992927,0.0,0.0,0.0,0.0,0.0,0.0,0.3410983144348541,0.08632307323556143
7,5,27,0.0,0.0,0.0,0.0,0.0,0.0,0.0,0.7821113267473349,-0.011528819424412307
7,5,29,0.0,0.07711316509228598,0.0,0.0,0.07711316509228598,0.0,0.07711316509228598,0.47476707136637264,-0.14751514235519364
7,5,30,0.27375882167771776,0.1104499495407764,0.060414346066747185,0.19937173034071454,0.306687035758765,0.32964448988233164,0.07707008222122896,0.3720289371108709,0.01953476778087164
7,5,31,0.21005250222145772,0.05106485382230234,0.0272794718194027,0.1981468481923084,0.05106485382230234,0.24327918466653392,0.08309623269424606,0.05106485382230234,-0.2793191243582835
7,5,32,0.1509398681594055,0.7514869450229528,0.1251539657999348,0.26960122129956254,0.07495700125535816,0.18658295259692667,0.08301826870263586,0.42747432739152263,-0.6081677190380482
7,5,33,0.16714733654652073,0.0,0.04908897477146828,0.22384253012046804,0.0,0.18173181411188463,0.09119969078005168,0.036795780042596565,-0.26063831016306455
7,5,34,0.09589597306295676,0.0,0.09557211933813202,0.09589597306295676,0.0,0.09589597306295676,0.0,0.0,-0.19146809240108878
7,5,35,0.0,0.18663061569917155,0.0,0.0,0.6461582623157317,0.0,0.09665737069260119,0.18663061569917155,0.6461582623157317
7,6,1,0.4000259407926203,0.0,0.0,0.4000259407926203,0.0,0.4000259407926203,0.0,0.0,-0.18680530546894722
7,6,2,0.26652579415459143,0.0,0.0,0.26652579415459143,0.0,0.26652579415459143,0.0,0.0,0.0
7,6,3,0.0,0.0,0.0,0.0,0.0,0.0,0.0,1.1005494926693542,1.1005494926693542
7,6,5,0.0,0.0,0.0,0.0,2.4404901687586094,0.0,2.4404901687586094,2.4404901687586094,2.4404901687586094
7,6,6,0.0,0.14552474898402534,0.0,0.14552474898402534,0.15906726229034773,0.0,0.0,0.0,0.15906726229034773
7,6,7,0.0,0.0,0.0,0.0,0.23511630932870967,0.0,0.0,0.6176005701670457,0.6176005701670457
7,6,8,0.0,0.28108875470759304,0.0,0.531088754707593,0.28108875470759304,0.0,0.0,0.28108875470759304,-0.24999999999999994
7,6,9,0.08806826258846917,0.02616713090853641,0.0,0.13419903367023478,0.02616713090853641,0.08806826258846917,0.13419903367023478,0.0,-0.10803190276169838
7,6,11,0.0,0.1919612911108039,0.0,0.0,0.18750250858810835,0.05632815085428146,0.0,0.23886230934559632,0.37003666707942323
7,6,13,0.0,0.0,0.0,0.0911017410864629,0.0,0.0911017410864629,0.0,0.6859784707941217,-0.7770802118805846
7,6,14,0.0,1.0255328668017958,0.0,0.0,0.8111810581646286,0.0,0.0,0.0,0.5968292495274614
7,6,15,0.1408772102821118,0.417761655681028,0.0,0.0,0.4749034480759805,0.0,0.30288355360916414,0.3785237314438244,0.46680820802348155
7,6,16,0.0,0.0,0.0,0.2753126034171258,0.0,0.2753126034171258,0.0,0.0,-0.2753126034171258
7,6,17,0.0,0.09101546711637466,0.07008622084796348,0.0,0.09101546711637466,0.30107904526500545,0.09101546711637466,0.09101546711637466,-0.28014979899659426
7,6,18,0.0,0.7684847587488949,0.0,0.0,0.5211934232092199,0.0,0.5211934232092199,0.1783426688395049,1.11133551311861
7,6,19,0.0,0.0,0.0,0.0,0.0,0.5885960600822447,0.343527371660375,0.0,-0.09845868323850529
7,6,20,0.0,0.0,0.0,0.0,0.1481261278470963,0.0,0.0,0.17049527166456568,0.31862139951166196
7,6,24,0.08127531362429527,0.3299221895724169,0.045696690425058355,0.0,0.3979761011526723,0.045696690425058355,0.3050355690788435,0.4235110954275978,0.3448919634944965
7,6,25,0.29157813983946285,0.33040909070818364,0.29157813983946285,0.29157813983946285,0.33040909070818364,0.29157813983946285,0.6219872305476465,0.33040909070818364,0.03883095086872079
7,6,26,0.566558877213395,0.22864192921297838,0.0,0.0,0.0,0.566558877213395,0.0,0.0,-0.7952008064263734
7,6,27,0.7620023602782491,0.0,0.4201624303262191,0.4201624303262191,0.0,0.7620023602782491,0.0,0.0,-0.7620023602782491
7,6,28,0.0,0.2324372683158876,0.0,0.0,0.2324372683158876,0.0,0.2324372683158876,0.2324372683158876,0.2324372683158876
7,6,29,0.20790704424493134,0.027588483505501478,0.17350216613960123,0.21741269590722131,0.027588483505501478,0.14859446042049293,0.0,0.1515091929372732,-0.15083683575374585
7,6,30,0.19689130938263932,0.05453094335929559,0.08906061809323806,0.22514143553172686,0.20263871796732336,0.25132575461586437,0.024547394806319876,0.08225404276510505,-0.030366345960535612
7,6,31,0.5177039239160767,0.0,0.46132320614283845,0.5177039239160767,0.0,0.5744648652943609,0.0,0.022760157972550283,-0.5695463202858168
7,6,32,0.0,0.0,0.0,0.0,0.7653885472709343,0.0,0.0,0.7653885472709343,0.7653885472709343
7,6,33,0.38973229047285063,0.39300395668070165,0.027595660684835596,0.0,0.39300395668070165,0.36364000224229637,0.4005337799777356,0.6240126641747741,0.26037266193247766
7,6,34,0.6402519167597505,0.20585533947859,0.6402519167597505,0.7105244690850844,0.20585533947859,0.6402519167597505,0.0,0.20585533947859,-0.43439657728116043
7,6,36,0.0,0.32827057729280507,0.0,0.0,0.32827057729280507,0.0,0.32827057729280507,0.7572867483532253,0.7572867483532253
7,6,37,0.0,0.0,0.0,0.0,0.0,0.0,0.0,2.9251400325925734,2.9251400325925734
7,6,38,0.0,0.0,0.0,0.0,0.0,0.0,0.0,0.17451541668759976,0.17451541668759976
7,6,39,0.16976376580750957,0.0,0.16976376580750957,0.16976376580750957,0.18071867942131845,0.16976376580750957,0.0,0.18071867942131845,0.010954913613808875
7,6,40,0.13846907924113477,0.0,0.13846907924113477,0.13846907924113477,0.0,0.13846907924113477,0.1776210344626618,0.0,-0.3160901137037966
7,6,41,0.0,0.0,0.0,0.40210434032516673,0.0,0.0,0.0,0.5502747463346771,0.14817040600951037
7,6,42,0.2113192294248913,0.0,0.2113192294248913,0.26771254267763167,0.0845586318057622,0.3240953833420456,0.2113192294248913,0.0,-0.23953675153628334
7,6,43,0.0,1.5242795280865225,0.0,0.0,0.0,0.0,0.0,0.0,-1.5242795280865225
7,6,44,0.22679571661375522,0.0,0.0,0.0,0.0,0.0,0.0,0.6253469097972324,0.3985511931834772
7,6,45,0.2514028935501112,0.215393616849343,0.0,0.15046183836974394,0.1818483676612053,0.11697331082969098,0.3968203804053798,0.2417200926210774,-0.07639488336727407
7,6,46,4.891511145281133,0.0,0.0,4.891511145281133,0.0,0.0,0.0,0.0,-4.891511145281133
7,6,47,0.0,0.22602562918358005,0.0,0.0,0.15879425185213053,0.0,0.15879425185213053,0.15879425185213053,0.22602562918358005
7,6,48,0.41929709207312504,0.0,0.41929709207312504,0.41929709207312504,0.41929709207312504,0.41929709207312504,0.0,0.41929709207312504,0.41929709207312504
7,6,49,0.0,2.6751400325925734,0.0,0.0,2.6751400325925734,0.0,2.6751400325925734,2.6751400325925734,2.6751400325925734
7,6,50,0.0,0.48466795478692587,0.0,0.0,0.29402070950727704,0.0,0.48466795478692587,0.15465551550967951,0.29402070950727704
7,6,51,0.6031565104877501,0.6031565104877501,0.0,0.0,0.6031565104877501,0.6031565104877501,0.6031565104877501,0.6031565104877501,0.0
7,6,53,0.0,0.37806424802186406,0.0,0.0,0.37806424802186406,0.0,0.37806424802186406,0.37806424802186406,0.37806424802186406
7,7,1,0.2766609960229084,0.019726463295594184,0.5227815699609845,0.389889820751928,0.05879436706859491,0.14457460605503825,0.10977222257562029,0.05879436706859491,-0.5403825210797633
7,7,2,0.0,0.18874064419978115,0.0,0.27805421470811165,0.0,0.09371949413386896,0.0,0.0,-0.08931357050833048
7,7,3,0.0,0.174777373924912,0.0,0.045807293367625096,0.2890787684906304,0.0,0.1289700805572869,0.1559590350847555,0.2890787684906304
7,7,4,0.0,0.9036134358408836,0.0,0.0,0.0,0.0,0.0,0.9036134358408836,0.9036134358408836
7,7,5,0.21160646842416808,0.5240043960547693,0.21160646842416808,0.21160646842416808,0.11484129718826605,0.21160646842416808,0.11484129718826605,0.6885554173165407,0.4769489488923725
7,7,6,0.0,0.0,0.0,0.0,0.2368131492125382,0.0,0.0,0.0,0.2368131492125382
7,7,10,0.0,0.5282980735622282,0.0,0.0,0.5282980735622282,0.0,0.0,0.5282980735622282,0.5282980735622282
7,7,11,0.2503126034171258,0.09297105404794702,0.0,0.2503126034171258,0.4365937159673833,0.0,0.0,0.40220079439109185,0.18628111255025742
7,7,12,0.0955961439775987,0.0,0.0955961439775987,0.0955961439775987,0.14779304459325984,0.0955961439775987,0.0,0.14779304459325984,0.05219690061566113
7,7,13,0.0,1.1572791037880383,0.1253961924524759,0.0,1.2117497452965096,0.0,1.1572791037880383,1.2330458105932824,1.2117497452965096
7,7,14,0.0,0.12364422998264915,0.0,0.0,0.24811827392275865,0.0,0.0,0.12364422998264915,-0.0008298139574603458
7,7,15,0.022622579561699493,0.1330251999165737,0.022622579561699493,0.022622579561699493,0.152762306083743,0.0,0.1330251999165737,0.14811871537570054,0.1649434219865448
7,7,16,0.0,0.5367239870102031,0.0,0.0,0.0,0.0,0.0,0.5367239870102031,-0.5367239870102031
7,7,17,0.0,0.11892278085825746,0.0,0.11892278085825746,0.11892278085825746,0.0,0.0,0.11892278085825746,0.11892278085825746
7,7,19,0.0,0.10817835129167096,0.0,0.0,0.10817835129167096,0.047532089160555034,0.07844300252083322,0.03091091336027819,0.06064626213111592
7,7,20,0.0,0.19255396947432618,0.0,0.0,0.126767779684143,0.0,0.0,0.126767779684143,0.126767779684143
7,7,21,0.0,0.18979318044416357,0.0,0.0,0.18979318044416357,0.0,0.0,0.3547725666859528,0.3547725666859528
7,7,22,0.20129579744077955,1.763471802396614,0.0,0.0,1.5621760049558346,0.0,1.763471802396614,1.5621760049558346,1.763471802396614
7,7,23,0.0,1.0531789766323354,0.0,0.0,1.0531789766323354,0.0,1.4072381464373975,1.0531789766323354,1.4072381464373975
7,7,24,0.1579694618172308,0.36711207909931814,0.1579694618172308,0.1579694618172308,0.5739629709855733,0.1579694618172308,0.1579694618172308,0.5739629709855733,0.4159935091683426
7,7,25,0.12040884388902516,0.4838977701463342,0.12040884388902516,0.0,0.5816707500143933,0.0,0.07739606114430275,0.3299573842164936,0.2761855743081943
7,7,26,0.0,0.3510596588774451,0.0,0.0,0.3510596588774451,0.0,0.3510596588774451,0.3510596588774451,0.3510596588774451
7,7,27,0.4959526603691439,0.939678145597982,0.0,0.0,0.939678145597982,0.0,0.0,0.939678145597982,0.939678145597982
7,7,28,0.05641387960534231,0.15230985266829905,0.0,0.05641387960534231,0.36055039406281414,0.0,0.2929572798273023,0.25927067294923273,0.36055039406281414
7,7,30,0.0,0.0,0.6570614949218537,0.0,0.0,0.0,0.0,0.0,-0.6570614949218537
7,7,31,0.0,0.36286472804875003,0.0,0.0,0.37393572649794216,0.0,0.0,0.5600590520018613,0.7368004545466921
7,7,32,0.0,0.0,0.0,0.0,0.24437525971610208,0.0,0.0,0.24437525971610208,0.24437525971610208
7,7,33,0.0,0.0,0.0,0.0,0.7058004746275351,0.0,0.0,0.7058004746275351,0.7058004746275351
7,7,34,0.08065977999763137,0.3524448970421591,0.08065977999763137,0.1618107373603624,0.22963841085184328,0.09652632039328556,0.01281881185949689,0.19186622353353408,0.001673364736205703
7,7,35,0.0,0.2945932888146704,0.0,0.2945932888146704,0.13384724465117287,0.07881521273490869,0.0,0.0,0.055032031916264185
7,7,36,0.0,0.28465234867437383,0.0,0.0,0.28465234867437383,0.0,0.1944520345980239,0.15325496394193805,0.28465234867437383
7,7,37,0.0,0.0,0.0,0.0,1.3015947566712582,0.0,1.3015947566712582,1.3015947566712582,1.3015947566712582
7,7,38,0.0,0.06797496895570504,0.0,0.0,0.42792021795574336,0.09944213390168749,0.16741710285739253,0.42792021795574336,0.3284780840540559
7,7,39,0.0,0.0,0.7763246900112473,0.0,0.0,0.7763246900112473,0.0,0.0,-0.7763246900112473
7,7,41,0.0790330138522469,0.15078912762193752,0.0,0.16169940854181508,0.15078912762193752,0.2561694357484182,0.24525915482854066,0.15078912762193752,-0.1053803081264807
7,7,42,0.0,0.5759357119604701,0.0,0.0,0.5759357119604701,0.0,0.0,0.5759357119604701,0.5759357119604701
7,7,43,0.0,0.0,0.0,0.0,0.0,0.981895792252795,0.0,0.0,-0.981895792252795
7,7,44,0.2279061175043866,0.19643245214705113,0.4087011288729814,0.3085575713109098,0.19643245214705113,0.11212511916385862,0.0,0.3085575713109098,-0.21226867672593025
7,7,45,0.17676286319497997,0.05375590319996488,0.1567068746063194,0.1826619647153716,0.4592125559050822,0.13116972745986816,0.13116972745986816,0.1178071223047204,0.24331453774756223
7,7,46,0.11174878999752529,0.07284972205639247,0.0,0.21403919285050613,0.17842605808142822,0.32479049477931493,0.03655735234004669,0.3233486870007874,-0.0932876815362596
7,7,48,0.0,1.3559650554763856,0.0,0.0,1.3559650554763856,0.0,0.0,1.3559650554763856,1.3559650554763856
7,8,1,0.275379354292826,0.29640693794569184,0.0,0.843224102642332,0.13205331851888724,0.08654558496069992,0.04550773355818733,0.29498791710661226,0.06316893726623109
7,8,2,0.0,0.05659295793823208,0.06250083619603612,0.05659295793823208,0.0,0.0,0.0,0.08937836897092087,0.02687753277488475
7,8,4,0.0,0.0,0.5228565432052185,0.0,0.0,0.5228565432052185,0.0,0.0,-0.5228565432052185
7,8,6,0.029301547324792343,0.46961408991427017,0.029301547324792343,0.03353656766710049,0.4311062200489934,0.1198113587840252,0.18203093423274933,0.23140303116769415,0.02794672592575544
7,8,7,0.0,0.0,0.0,0.0,0.26224196108163045,0.0,0.0,0.0,0.26224196108163045
7,8,8,0.0,0.29523383624647664,0.0,0.0,0.0,0.0,0.0,0.0,0.29523383624647664
7,8,9,0.0,0.0,0.0,0.0,0.0,0.4334526603691439,0.0,0.0,-0.4334526603691439
7,8,10,0.07898473090861538,0.6782862870215366,0.07898473090861538,0.5543655775897649,0.17951081598990706,0.20290544034038707,0.20290544034038707,0.07898473090861538,0.10052608508129168
7,8,11,0.0,0.0,0.0,0.0,0.7069656101793232,0.0,0.0,0.0,0.7069656101793232
7,8,13,0.0,0.0,0.0,0.0,0.0,0.0,0.0,0.9380203646958487,0.9380203646958487
7,8,15,0.0,0.0,0.0,0.0,0.21868360487959715,0.0,0.0,0.0,0.21868360487959715
7,8,17,0.0,0.0,0.0,0.0,0.0,3.1370178377251023,0.0,0.0,-3.1370178377251023
7,8,19,0.0,0.043813902919921606,0.0,0.043813902919921606,0.7142859614301509,0.0,0.0,0.05558639198197623,0.7698723534121271
7,8,20,0.0,0.12236115707427814,0.0,0.12995581930268726,0.2680695602167778,0.0,0.0,0.25231697637696543,0.39043071729105594
7,8,21,0.5097436819168909,0.0,0.0,0.5097436819168909,0.07936269874838817,0.0,0.0,0.0,-0.4303809831685027
7,8,22,0.0,0.595022446483491,0.0,0.3717621282953152,0.595022446483491,0.0,0.32657825524387507,0.595022446483491,0.6402063195349311
7,8,23,0.0870331218516854,0.07284513952709568,0.055297857602134515,0.03173526424955088,0.11178251978925505,0.0841874091943238,0.047207515808101896,0.047207515808101896,0.02831295320350981
7,8,24,1.3330466172435107,0.0,0.0,1.3330466172435107,0.0,1.3330466172435107,1.3330466172435107,0.0,-1.3330466172435107
7,8,25,0.0,0.5485220453777245,0.0,0.2944754573633041,0.8689102292563994,0.0,0.0,0.2944754573633041,0.6148636412419791
7,8,26,0.0,0.01929040473483482,0.02419236551914854,0.2687029197878916,0.2338842278602795,0.2928952853070402,0.0,0.5025871476481711,-0.05901105744676068
7,8,27,0.0,0.14015639895482326,0.0,0.0,0.14015639895482326,0.0,0.0,0.9404646148812985,-0.660151816971652
7,8,29,0.0,0.0,0.5173461587877796,0.14662515582966126,0.49741092897256306,0.14662515582966126,0.0,0.34133539305264876,-0.01993522981521654
7,8,30,0.2605692969538379,0.18676280054945454,0.21959974814619176,0.45249715514956595,0.70888848035344,0.040969548807646104,0.41966020755282873,0.3321990040035431,0.49234116310637627
7,8,32,0.0,0.8361911639855851,0.0,0.0,0.8361911639855851,0.0,0.8361911639855851,0.0,0.8361911639855851
7,8,33,0.36421642106575397,0.10422655295799221,0.4381521058287299,0.5443263127444141,0.270857380113431,0.6444752929370612,0.10422655295799221,0.44235199781196144,-0.33878934341382927
7,8,34,0.0,0.10583804160899146,0.2405716059607494,0.18165649450793808,0.1916230880541829,0.18165649450793808,0.0,0.27768564527714024,0.12289908576158223
7,8,35,0.0,0.0,0.0,0.0,1.0604484152689848,0.0,0.0,0.0,1.0604484152689848
7,8,36,0.03029651402826161,0.7634711408106586,0.029221170169575327,0.2269483736119229,0.9788841802705693,0.2269483736119229,0.7937676548389202,0.23403977258496342,0.7227146364890711
7,8,37,0.0,2.087735871950181,0.0,0.024879402905620764,2.157125334771836,0.059121781039718296,2.087735871950181,0.0,2.0980035537321178
7,8,38,0.12474032157819866,0.13630858730125986,0.18369521658969698,0.0,0.3459282957673054,0.12474032157819866,0.06009461089693374,0.28701449491902853,0.08601910277328235
7,8,39,0.9258928329982204,0.4273128755461048,0.9801313364087989,0.9258928329982204,0.4273128755461048,0.9258928329982204,0.4273128755461048,0.09829670448568464,-0.552818460862694
7,8,40,0.0,0.0,0.0,0.4220198089095858,0.0,0.4220198089095858,0.0,0.0,-0.4220198089095858
7,8,41,0.0,0.3174186749339851,0.2670765789367706,0.0,0.3174186749339851,0.2670765789367706,0.0,0.0,0.3174186749339851
7,8,42,0.0,0.0,0.3993711959467506,0.0,0.8574459329243368,0.10743589857190335,0.0,0.0,0.45807473697758616
7,9,1,0.09494362613145721,0.051964074821131453,0.1608730302790851,0.04680897792035508,0.06178464228923422,0.15810706220103876,0.047257016739439335,0.16224262198742834,-0.09285506556131207
7,9,4,0.0,0.0,0.0,0.8458996987911059,0.0,0.8458996987911059,0.0,0.0,-0.8458996987911059
7,9,5,0.0,0.0,0.0,0.0,0.13146288263540754,0.0,0.0,0.13146288263540754,0.13146288263540754
7,9,6,0.0707984304664449,0.5153880488835971,0.0707984304664449,0.0707984304664449,0.9748138260516446,0.0707984304664449,0.0707984304664449,0.0,0.9040153955851997
7,9,7,0.0,0.12886994653064726,0.0,0.10475436464591474,0.07227698859241517,0.03328153789218874,0.07227698859241517,0.07227698859241517,-0.009165956007456226
7,9,8,0.0,1.3176543284510511,0.05668030404218788,0.09743246276139919,1.3561588611524555,0.0,0.0,1.3992414690444377,1.274233652037656
7,9,10,0.08675112249788795,0.0641382118978196,0.08675112249788795,0.08675112249788795,0.15088933439570756,0.08675112249788795,0.0,0.15088933439570756,0.15088933439570756
7,9,11,0.08804825642631987,0.45993653262057643,0.0,0.0,0.07750033937653202,0.0,0.0,0.45993653262057643,-0.010547917049787858
7,9,12,0.044191636311890645,0.2054664743291253,0.0,0.0,0.14509424924467154,0.05953504380132867,0.08866963723169394,0.2054664743291253,0.08555920544334286
7,9,13,3.0858501450666904,1.5397555459584835,1.974746146367726,0.16038041345768403,1.5397555459584835,0.0,1.2173457375697705,1.5397555459584835,-0.43499060040924237
7,9,14,0.0,0.1252206350605985,0.0,0.0,0.08851479245126549,0.0,0.0,0.14060731661251014,0.213735427511864
7,9,15,0.0,0.6442861805024416,0.0,0.3091992302314694,0.3091992302314694,0.0,0.0,0.3091992302314694,0.6442861805024416
7,9,16,1.7375212590736842,0.5359271849648516,1.4659696021817745,1.620301567037103,0.5313293388095235,1.5215883099428098,0.22845710755865223,0.27155165689190985,-1.0537706181368918
7,9,18,0.0,0.173824512463849,0.0,0.0,0.2748195996323238,0.0,0.9058737609843838,0.0,-0.63105416135206
7,9,19,0.5833295993169565,0.5833295993169565,0.18616742356119187,0.11895464514249927,0.5833295993169565,0.11895464514249927,0.5833295993169565,0.5833295993169565,0.27820753061326536
7,9,20,0.0,0.31131315615073973,0.0,0.36252844233904535,0.1280812197102045,0.36252844233904535,0.0,0.0,-0.05121528618830562
7,9,21,0.0,0.0,0.1184226370030158,0.0,0.13832806746308582,0.0,0.13832806746308582,0.0,0.019905430460070025
7,9,23,0.0,0.6118057853713906,0.0,0.0,0.6258543339310312,0.0,0.0,1.2376601193024217,1.2376601193024217
7,9,24,0.07946593094143298,0.2055190662787351,0.43584511669214815,0.0,0.07946593094143298,0.07651313175689785,0.07946593094143298,0.13371471979209817,-0.3068391821703109
7,9,25,0.0,1.2595539728326897,0.0,0.3338540641699695,1.0899169162618727,0.07618803897707839,0.0,0.6214515599827677,1.6748337832314668
7,9,27,0.06637327005968081,0.6343588926724013,0.032260427994361726,0.17674464811740973,1.1377632572352283,0.0,0.12582838309992084,0.5845916857611926,0.9610186091178187
7,9,28,0.32611622514460836,0.08327718976974172,0.3440287637825531,0.28496422519279485,0.10732249510912781,0.2529133002752356,0.08327718976974172,0.11997159488035708,-0.3141706613493887
7,9,29,0.3321380657772862,0.43516454940788823,0.14601239427265067,0.14601239427265067,0.10302648363060203,0.19412835432800246,0.06995967216328172,0.10302648363060203,-0.37512397641933487
7,9,30,0.0,0.0,0.19805812128878145,0.0,0.028278624407172933,0.19805812128878145,0.0,0.0,-0.16977949688160854
7,9,31,0.09971446142170197,0.4903808510442948,0.0,0.0,0.4903808510442948,0.06797842059682119,0.4903808510442948,0.7107611369067746,0.6427827163099534
7,9,32,0.0,0.0,0.0,0.0,0.048326537995219986,0.0,0.048326537995219986,0.11904694706002913,0.048326537995219986
7,9,33,0.0,0.0,0.3984869716742719,0.0,0.3650309856816267,0.3984869716742719,0.0,0.0,-0.03345598599264521
7,9,35,0.4904603862597397,0.17296873174687827,0.26952970558678185,0.36864504946808213,0.14781973180972238,0.30898157152893696,0.32495810151658133,0.14781973180972238,-0.17791296959775965
7,9,37,0.08942794700989955,0.5250337003180506,0.08942794700989955,0.6144616473279502,0.5318445326855592,0.08942794700989955,0.030097069815461803,0.5342254850665116,0.44772543284070404
7,9,38,0.1095639485022407,0.1378333082079314,0.07936806305319577,0.1095639485022407,0.024029733067610016,0.16989383797607913,0.018203093423274936,0.09574327450392332,-0.19145937687240575
7,10,1,0.0,0.32652016704462167,0.06940768301105714,0.32652016704462167,0.0,0.32652016704462167,0.0,0.0,-0.3959278500556788
7,10,2,0.0,0.0,1.1496581306395102,0.0,0.0,0.0,0.0,0.0,-1.1496581306395102
7,10,3,0.050562898079149245,0.019347582066897396,0.03121531601225185,0.12086867660357851,0.0973655242852542,0.0,0.019347582066897396,0.13435678083205174,0.013488104228473222
7,10,4,0.0,0.0,0.0,0.0,0.10952450843793048,0.19638370484270445,0.0,0.10952450843793048,-0.08685919640477398
7,10,6,0.26988882336045783,0.0,0.0,0.26988882336045783,0.0,0.0,0.0,0.23834231725578897,-0.03154650610466886
7,10,7,0.0,0.0,0.0,0.0,0.16656546001034847,0.0,0.0,0.0,0.16656546001034847
7,10,8,0.5034316081304574,0.13980521561101053,0.2846843099940524,0.26817661625792094,0.10019409503060478,0.22221974034110584,0.039043012543917364,0.14354128260687735,-0.45466849330214515
7,10,9,0.0,2.061328201543129,0.0,2.061328201543129,2.061328201543129,0.0,0.0,2.061328201543129,2.061328201543129
7,10,10,0.0,0.0864656684865088,0.0,0.04128454652376383,0.0864656684865088,0.04128454652376383,0.0,0.5004443164631482,0.5011618343300763
7,10,12,0.3623778597433341,0.7908432497004649,0.0,0.8972208960709982,0.5269764720368957,0.29884591216350503,0.20475871051819083,0.5269764720368957,-0.14136453546990918
7,10,15,0.0,0.6183984604629388,0.0,0.6183984604629388,0.6183984604629388,0.0,0.0,0.6183984604629388,0.6183984604629388
7,10,17,0.08600965991243592,1.7715299387172048,0.46922903679227257,0.37197909484207214,1.9966183395032029,0.31471997813254077,0.6553113632378976,1.9966183395032029,1.3846886444032616
7,10,18,0.200475516822105,0.0,0.0,0.3676717688591408,1.2821986576930182,0.200475516822105,0.0,0.0,0.9145268888338773
7,10,19,0.0,0.0,0.0,0.0,0.0,0.0,0.0,0.31483143516326545,0.31483143516326545
7,10,20,0.28729252675117006,0.22340160110382873,0.28729252675117006,0.28729252675117006,0.22340160110382873,0.28729252675117006,0.22340160110382873,0.22340160110382873,-0.06389092564734133
7,10,21,0.014568656842630156,0.15332008227435176,0.014568656842630156,0.06951297465452036,0.29172487952902076,0.06951297465452036,0.018903212401093203,0.29616270085635255,0.306183357347006
7,10,22,2.056092788145105,0.0,0.0,0.0,0.0,0.0,0.0,0.0,-2.056092788145105
7,10,23,0.06224671412942018,0.0,0.08101980899941039,0.1179445146368579,0.017924276995799758,0.13972879398447235,0.0,0.021363561671793013,-0.11921405018686979
7,10,24,0.5688475468027467,0.21435180863716724,0.42676209858095115,0.14677026695685075,0.0,0.23528505940811625,0.0,0.0,-0.9299696223967646
7,10,25,0.2633667356294587,0.0978445915442274,0.3923090444448632,0.09178579324663969,0.040684109240982806,0.09608741124689646,0.04498572724123958,0.19491043942555478,-0.29954481456379256
7,10,26,0.0,0.10083920321731335,0.0,0.08285522631091449,0.0702175162691466,0.08285522631091449,0.0702175162691466,0.10371824357971263,-0.009758669679368615
7,10,27,0.0,0.276766514894558,0.0,0.15860619352333236,0.276766514894558,0.43537270841789033,0.276766514894558,0.0,0.11816032137122565
7,10,29,0.0,0.37200162900735373,0.0,0.0,0.37200162900735373,0.0,0.0,0.37200162900735373,0.37200162900735373
7,10,30,0.24298389098115244,0.13277218867689825,0.24298389098115244,0.24298389098115244,0.0,0.24298389098115244,0.0,0.37440819081344834,-0.0013478888446023518
7,10,31,0.07238100690129638,0.0,0.13813114281935898,0.07238100690129638,0.2651121038172462,0.5104198872010681,0.0,0.0,-0.31105791930188453
7,10,32,0.03535330904951251,0.3860945527189425,0.0,0.20729102593494775,0.17128298534101902,0.20729102593494775,0.03535330904951251,0.17128298534101902,-0.19190026505732313
7,10,33,0.0,0.0,0.0,0.3141651788411114,0.0,0.0,0.0,0.09063721923811695,0.40480239807922835
7,10,34,0.7472212218757889,0.0,0.0,0.7472212218757889,0.0,0.7472212218757889,0.0,0.0,-0.7472212218757889
7,10,35,0.3042511353417878,0.3042511353417878,0.0,0.3042511353417878,0.0,0.0,0.3042511353417878,0.2905639404592255,-0.5948150758010133
7,11,1,0.03553907848299745,0.1574058164322024,0.0,0.03359942994372155,0.4166013903895808,0.0,0.04745786733012081,0.03741647397546359,0.3394377230436136
7,11,2,0.07769311480170438,0.05812718008333168,0.15408568912775703,0.0,0.0,0.07769311480170438,0.0,0.05812718008333168,-0.09595850904442534
7,11,3,0.16024648887027185,0.07679430037944113,0.6066690710918796,0.0,0.07679430037944113,0.4464225822216078,0.07679430037944113,0.19404684596642222,-0.41262222512545743
7,11,4,0.0,0.8768336484445349,0.0940231326755705,0.15196385037551072,1.396039740953479,0.057940717699940206,0.7109102501835882,0.7109102501835882,1.2440758905779685
7,11,5,0.0,0.08971976342833285,0.0,0.0,0.1927739843482567,0.0,0.1927739843482567,0.1927739843482567,0.1927739843482567
7,11,6,0.2419098186991667,0.32812226760364366,0.0,0.2419098186991667,0.32812226760364366,0.0,0.18237254294044725,0.32812226760364366,0.32812226760364366
7,11,7,0.0,0.20729469732276637,0.07395424753813969,0.0,0.20729469732276637,0.0,0.1420439602839788,0.1392049845769272,0.20729469732276637
7,11,8,0.413069031439239,0.9318419943941397,0.413069031439239,0.7729980755786734,0.9318419943941397,0.413069031439239,0.0,1.2350722394337432,0.8220032079945043
7,11,11,0.0,0.02409232953080506,0.0,0.0,0.1088126639192491,0.0,0.02409232953080506,0.1088126639192491,0.1088126639192491
7,11,12,0.15081381374170094,0.0483389618472962,0.05671723899090723,0.10023148011252923,0.11484477746891375,0.2786851799924871,0.012188018483225644,0.3316399597770304,0.25780435316641703
7,11,13,0.0,0.8937792401937499,0.0,0.0,0.2741620502217046,0.0,0.41428879214237047,0.41428879214237047,0.8937792401937499
7,11,14,0.303909395708559,0.0,0.0,0.303909395708559,0.16934848857648163,0.0,0.16934848857648163,0.0,-0.13456090713207738
7,11,15,0.36540834288813173,0.21364869031960326,0.2736816516727773,0.407287201120161,0.1582898164286881,0.35515926211015386,0.1955320715811668,0.23024470555658477,-0.2919325884246986
7,11,16,0.13518622847102368,0.13518622847102368,0.13518622847102368,0.13518622847102368,0.05784264083285372,0.13518622847102368,0.0,0.13518622847102368,-0.07734358763816997
7,11,17,0.0,0.11571195335582597,0.03356569794152731,0.023724035680707842,0.14513447550011588,0.03911916197469954,0.10974249986582163,0.14235941789721884,0.09936675157669907
7,11,18,0.0,0.4730443201289876,0.0,0.0,0.4730443201289876,0.0,0.4730443201289876,0.4730443201289876,0.4730443201289876
7,11,19,0.051342649732395884,0.02145777985911102,0.0,0.0729567269588677,0.04916599297246015,0.0,0.04044488772212701,0.02145777985911102,0.024924946382532526
7,11,21,0.25185212924068684,0.1987774617375459,0.16260198271013773,0.05307466750314096,0.1987774617375459,0.05307466750314096,0.1987774617375459,0.2336805450750658,0.18060587757192487
7,11,22,0.0,0.0897072714213849,0.0,0.0,0.17169782559467955,0.08199055417329466,0.0,0.0897072714213849,0.17169782559467955
7,11,23,0.23703805790751303,0.33261255592914496,0.3893102042436809,0.0,0.23703805790751303,0.0,0.23703805790751303,0.33261255592914496,0.1803404095929771
7,11,24,0.0,0.0,0.0,0.0,0.772122701357528,0.0,0.0,0.0,0.772122701357528
7,11,25,0.09824663123938064,0.23344347426681875,0.09824663123938064,0.0,0.23344347426681875,0.22901824777358334,0.32726487901296397,0.09824663123938064,0.004425226493235401
7,11,26,0.2861694304316786,0.0,0.2861694304316786,0.2861694304316786,0.39893019334541113,0.2861694304316786,0.0,0.39893019334541113,0.11276076291373255
7,11,27,0.0,0.0,0.0,0.0,1.5496743491158693,0.0,0.0,0.0,1.5496743491158693
7,11,28,0.0,0.20901958331280848,0.0,0.0,0.20901958331280848,0.0,0.20901958331280848,0.20901958331280848,0.20901958331280848
7,11,29,0.0,0.0,0.0,0.0,0.0,0.1717636858301875,0.1717636858301875,0.0,-0.1717636858301875
7,11,30,0.5923854818146154,0.5923854818146154,0.5923854818146154,0.5923854818146154,0.5923854818146154,0.5923854818146154,0.5923854818146154,0.5923854818146154,0.0
7,11,31,0.3921424074039139,0.0,0.0,0.0,0.0,0.3921424074039139,0.0,0.0,-0.3921424074039139
7,11,32,0.07926340837311328,0.0,0.0,0.11755914912453781,0.0,0.21051142347213223,0.0,0.0,-0.2897748318452455
7,11,33,0.11340484969437338,0.06872852787063727,0.09590171674501248,0.3289769727942757,0.44463668467785844,0.15835045240775644,0.045965140908002716,0.16927272591023412,0.04165479184289134
7,11,34,0.07314777893061095,0.27846317772293955,0.03293836239508812,0.0,0.8014441445387597,0.0,0.27846317772293955,0.6518937270008259,0.6953580032130606
7,11,35,0.21961544847967512,0.26941834850440494,0.21252895643090555,0.03478185238265817,0.28442663416175035,0.06008721166266092,0.17806049864398069,0.2074917299040193,0.20806537662692398
7,11,36,0.3888929153225484,0.5788146799095372,0.3888929153225484,0.0,1.0470838742546411,0.20653451571961953,0.3888929153225484,1.0470838742546411,0.8405493585350218
7,11,37,0.10963594536204088,0.33532110270386367,0.0,0.2473593841851755,0.39064884610920203,0.0,0.0,0.4363868211244638,0.3820786191677613
7,11,39,1.2710234671954765,0.22531038078503948,0.0,1.4148938565964715,0.0,0.14387038940099514,0.0,0.0,-1.4148938565964715
7,11,40,1.8588106414765757,0.0,0.0,1.8588106414765757,0.0,0.0,0.0,0.0,-1.8588106414765757
7,11,41,0.3652367479299243,0.0,0.0,0.3652367479299243,0.0,0.0,0.0,0.0,0.0
7,11,43,0.29979248216118953,0.4388798687071839,0.0,0.29979248216118953,0.0,0.0,0.0,0.0,0.4388798687071839
7,11,44,0.8219433440633678,0.0,0.0,1.9509897638071378,0.0,0.8219433440633678,1.1290464197437702,0.0,-1.9509897638071378
7,11,45,0.0,0.0,0.19671402996979667,0.0,0.0,0.19671402996979667,0.0,0.0,-0.19671402996979667
7,11,46,0.0,0.9557211933813202,0.0,0.0,0.0,0.0,0.0,0.0,0.9557211933813202
7,11,47,0.24241386811543386,0.19772337828631975,0.10683902685971829,0.19934833987718412,0.032803110116881674,0.24241386811543386,0.08982988178495413,0.00718843727550442,-0.43170435260916123
7,11,49,0.14957169213255295,0.6410552145609762,0.0,0.0,0.6410552145609762,0.0,0.6410552145609762,0.6410552145609762,0.6410552145609762
7,11,50,0.11910961663755809,0.1444243455408584,0.11204517596788509,0.18681362708394264,0.21516766124269796,0.16544477884924688,0.11558028065279886,0.1531890752802999,-0.06620443618119379
7,11,52,0.028870105887278855,0.18139827770742822,0.028870105887278855,0.0,0.12239985631788623,0.0,0.06565411545856101,0.14545487007222066,0.17333050504426703
7,11,53,0.5576441732026591,0.0,0.5576441732026591,0.5576441732026591,0.7857091188647057,0.5576441732026591,0.5840518403996956,0.20165727846501003,0.2280649456620465
7,11,56,0.051579481400674844,0.19538545785912106,0.051579481400674844,0.0,0.19543754093884774,0.0,0.051579481400674844,0.19188979025591874,0.23919526123429327
7,11,57,0.21672633018457196,0.6907121217381975,0.0,0.21672633018457196,0.9125557361854477,0.21672633018457196,0.4167180919339471,0.8365075119825138,0.6958294060008757
7,11,58,0.0,0.45052829503213826,0.0,0.0,0.6714066809915273,0.0,0.0,0.5091737202783594,0.9597020153104977
7,11,59,0.0,0.2586755381202227,0.0,0.0,0.2586755381202227,0.0,0.2586755381202227,0.2586755381202227,0.2586755381202227
7,11,60,0.0,0.5859405503313099,0.0,1.1352226866746007,1.797446056920585,0.0,1.264867830830752,0.5605969492805227,1.797446056920585
7,11,62,0.0,0.0,0.0,0.0,0.3747722850232841,0.0,0.0,0.0,0.3747722850232841
7,11,63,0.0,0.0,0.0,0.0,3.1296589465122477,0.0,0.0,0.0,3.1296589465122477
7,11,64,0.0,0.0,0.0,0.0,3.4648353240096883,0.0,0.0,0.0,3.4648353240096883
7,11,65,0.0,0.0,0.0,0.0,5.330515883091828,0.0,0.0,0.0,5.330515883091828
7,11,67,0.0,0.0,0.0,0.5579981641545854,0.0,0.5579981641545854,0.0,0.0,-0.5579981641545854
7,11,69,1.445201844334799,0.0,0.14772992151784195,0.17588315965332993,0.0,0.20200016828371897,0.0,0.28388991939765557,-1.1894651630726314
7,11,70,0.0,0.21091725690837584,0.0,0.44450915853107775,0.8766515799449053,0.0,0.09848117318784153,0.21091725690837584,0.5445785051343618
7,11,72,0.0,0.08834263720899124,0.0,0.08834263720899124,0.2317368531753893,0.0,0.0,0.08834263720899124,0.2317368531753893
7,11,74,0.05244014290822374,0.6240812230852797,0.0,0.08078618854567822,0.1250087370915899,0.10616528328882541,0.1670333042203762,0.1434789602096674,-0.02527641273338248
7,11,75,0.17609651285263975,0.16977887381469625,0.0,2.1786804938119313,0.0,2.008901619997235,0.0,0.0,-2.184998132849875
7,11,76,0.4856218947543386,0.23744540697729657,0.4856218947543386,0.5837803805421066,0.5577120720715781,0.5260781407351642,0.06419887201750547,0.41842515088204957,0.031633931336413824
7,11,77,0.0,0.0,0.0,0.0,2.8985410995635283,0.0,0.0,0.23328315801761437,2.8985410995635283
7,11,78,0.0,0.0,0.0,0.0,0.0,0.0,0.0,0.46901018234792435,0.46901018234792435
7,11,79,0.344416578254647,0.27975168449513893,0.1477506370616108,0.6241682627497859,0.27975168449513893,0.1477506370616108,0.1477506370616108,0.27975168449513893,0.13200104743352814
7,11,80,0.2972377813991748,0.0,0.0,0.2972377813991748,0.2961397712828793,0.0,0.0,0.0,-0.0010980101162954559
7,12,2,0.033683629180754966,0.047319379862589474,0.0,0.03242593978900089,0.08690462292245311,0.0,0.014893440073588582,0.18250560833361318,0.18840722221272185
7,12,3,0.0,1.0018070374253112,0.021022675740534277,0.0,1.0821264505014527,0.0,0.273046401349124,0.8260196539374872,1.120422470931636
7,12,4,0.0,0.14900336964012853,0.0,0.0,0.14900336964012853,0.0,0.059520370826886014,0.14900336964012853,0.14900336964012853
7,12,5,0.05642694556247318,0.0553005406299145,0.0211072338659444,0.05642694556247318,0.0553005406299145,0.035085862166341804,0.0211072338659444,0.05510415080437039,0.019570951213141174
7,12,6,0.200475516822105,0.10155697874279304,0.0,0.2646339337171434,0.10155697874279304,0.2646339337171434,0.0332083461100286,0.10155697874279304,-0.16307695497435032
7,12,7,0.0,0.8082130123018687,0.6196035471588586,0.0,1.6360233844736627,0.0,0.5733974428331604,0.5733974428331604,1.0164198373148043
7,12,8,0.34183992995203,0.10736219887473027,0.0,0.0,0.10736219887473027,0.34183992995203,0.0,0.0,-0.23447773107729974
7,12,9,0.6117135588615273,0.0,0.0,0.0,0.0,0.6117135588615273,0.0,0.0,-0.6117135588615273
7,12,10,0.030391065273689073,1.6464400418032012,0.0,0.0,1.6706772530258107,0.0,0.02237168127044144,1.698912279342207,1.668521214068518
7,12,11,0.0,0.14788006328301204,0.0,0.0,0.14788006328301204,0.08474589268582154,0.07884072002149793,0.14788006328301204,0.06313417059719047
7,12,12,0.29876028049950193,0.23116044840985928,0.11949517997199839,0.3969187662872699,0.2748506785996286,0.11949517997199839,0.0861538368374924,0.2748506785996286,-0.023909601899873296
7,12,13,0.025368621730350857,0.919958575709376,0.0,0.10171411067639266,1.1540891043033659,0.31385390493268395,0.21236942327154087,0.8656038211010326,1.044038286568208
7,12,14,0.0,0.790945080690191,0.0,0.5703009843684436,0.8043790416074454,0.34126451753031806,0.4924902167390636,0.7879379809056006,0.8172838350600377
7,12,16,0.8294739796465337,0.17177735012859408,0.8294739796465337,0.2755218736776277,0.19483057654748503,0.10374452354903363,0.0,0.30020776801574783,-0.5062129852118948
7,12,17,0.06435242565906303,0.038316657688064915,0.0,0.12873436290539894,0.45729297503684924,0.12873436290539894,0.0,0.16566966083787843,0.26420618647238725
7,12,18,0.0,0.8775373307922464,0.0,0.8775373307922464,0.8775373307922464,0.8775373307922464,0.8775373307922464,0.8775373307922464,0.8775373307922464
7,12,20,0.16494233935545835,1.2233419527830105,0.6879502015964089,0.16494233935545835,1.2233419527830105,0.16494233935545835,1.170198862924817,1.5806830440957147,0.8927328424993058
7,12,21,0.07605186082984997,0.24006888900271472,0.0,0.07605186082984997,0.24006888900271472,0.0609886679379091,0.24006888900271472,0.24006888900271472,0.10302836023495568
7,12,22,0.0,0.21616890206546407,0.0,0.0,0.3887985507286938,0.30401852048447064,0.06932015908796968,0.3049063478443642,0.18676889150755116
7,12,23,0.242586400356016,0.2314294706344818,0.1370639007327956,0.3496947890707925,0.24747072791912533,0.2973324439031373,0.10048285749763781,0.2176995050714749,-0.016451434283979147
7,12,25,0.22418374695571627,0.23690741637834786,0.22418374695571627,0.3175395418487316,0.21375460794871226,0.23287133962847043,0.21375460794871226,0.2926451870848461,-0.024894354763885528
7,12,27,0.11394664331734333,0.19745372151849658,0.0,0.0,0.19745372151849658,0.0,0.19745372151849658,0.3445941708825513,0.23064752756520793
7,12,29,1.028552263109145,0.34355470025718815,1.028552263109145,0.34355470025718815,0.34355470025718815,0.0,0.0,0.34355470025718815,-0.6849975628519569
7,12,30,0.0,1.1012504136685033,0.0,0.0,0.0,0.0,0.0,1.1012504136685033,1.1012504136685033
7,12,31,0.11857352046132147,0.07108028281183203,0.11857352046132147,0.18965380327315348,0.07108028281183203,0.8011025555219575,0.0,0.07108028281183203,-0.7300222727101255
7,12,33,0.0,0.0,0.0,0.0,0.22160371681328642,0.1517046081315914,0.0,0.0,0.06989910868169502
7,12,34,0.13989607539991944,0.0,0.1196437575233348,0.0,0.0,0.0,0.0,0.0,-0.2595398329232542
7,12,36,0.0,1.4355162148533256,0.0,0.0,1.4355162148533256,0.0,0.0,2.943900576419562,2.943900576419562
7,13,1,0.0,0.21238994495025926,0.0,0.0,0.802615289097616,0.0,0.16704441995968994,0.7842503494653325,1.4198212186032586
7,13,3,0.11398823361568376,0.0,0.11398823361568376,0.11398823361568376,0.0,0.11398823361568376,0.0,0.04034496192240209,-0.07364327169328166
7,13,4,0.4176443455740159,0.857407234548669,0.4176443455740159,0.0,0.0,0.0,0.0,0.0,-1.275051580122685
7,13,5,0.0,0.037233600183971455,0.0,0.0,0.09983325789656991,0.0,0.037233600183971455,0.037233600183971455,0.09983325789656991
7,13,6,0.0,0.6450254713581377,0.0,0.5085022706835757,0.136523200674562,0.0,0.136523200674562,0.136523200674562,-0.37197907000901365
7,13,7,0.0728591634862549,0.019503314382080285,0.0728591634862549,0.0728591634862549,0.019503314382080285,0.16859829213510413,0.056980379370614044,0.019503314382080285,-0.14909497775302383
7,13,9,0.3848654584960695,0.11594108797003884,0.0,0.3848654584960695,0.11594108797003884,0.3848654584960695,0.11594108797003884,1.001154222834124,0.6162887643380545
7,13,10,0.0,0.0,0.0,0.0,0.16294447174925394,0.2209265532568789,0.0,0.0,-0.05798208150762496
7,13,11,0.21062594908964102,0.28912734181525024,0.21062594908964102,0.21062594908964102,0.3654606285067772,0.21062594908964102,0.21062594908964102,0.28695923578116794,0.15483467941713616
7,13,12,0.0,0.0,0.0,0.13207361996905084,0.0,0.13207361996905084,0.0,0.0,-0.13207361996905084
7,13,13,0.0,0.37806424802186406,0.0,0.0,0.37806424802186406,0.0,0.37806424802186406,0.37806424802186406,0.37806424802186406
7,13,14,0.0,0.0,0.0,0.0,0.0,0.0,0.0,0.8647174585259212,0.8647174585259212
7,13,15,0.0,0.15243087634592517,0.0,0.029634130702201528,0.15005291182723524,0.0,0.03952903684295493,0.03132035377861801,0.15005291182723524
7,13,16,0.18783628037614908,0.34355470025718815,0.0,0.34355470025718815,0.34355470025718815,0.0,0.0,1.3218209159632808,1.1339846355871315
7,13,17,0.7472212218757889,0.0,0.0,0.7472212218757889,0.0,0.7472212218757889,0.0,0.0,-0.7472212218757889
7,13,18,0.0,0.0,0.0,0.0,2.4984819001552268,0.0,0.0,0.0,2.4984819001552268
7,13,19,0.0,0.0,0.0,0.0,0.0,0.0,0.0,0.354059169805062,0.354059169805062
7,13,20,0.06523359873518791,0.03900662876416057,0.0,0.06523359873518791,0.03900662876416057,0.06523359873518791,0.03900662876416057,0.03900662876416057,-0.026226969971027345
7,13,22,0.0,0.14476726871055143,0.0,0.0,0.14324112693502583,0.0,0.07045737555505871,0.07092454333424433,0.1794664694899108
7,13,23,0.2281271617647242,0.5466463367406078,0.2281271617647242,0.2281271617647242,0.5466463367406078,0.2281271617647242,0.21601122982784526,0.5466463367406078,0.31851917497588367
7,13,24,0.3823845759103948,0.10931588294317947,0.3823845759103948,0.3823845759103948,0.10931588294317947,0.3823845759103948,0.10931588294317947,0.18815424574836545,-0.1942303301620294
7,13,25,0.0,0.03466416726941093,0.0,0.3086700339918908,0.41384277743875436,0.0,0.19408117250281184,0.09833085624327316,0.4322489394623596
7,13,26,1.254699389705983,1.4838106414765757,1.254699389705983,1.254699389705983,1.4838106414765757,1.254699389705983,0.0,1.4838106414765757,0.22911125177059266
7,13,27,0.23135674473722903,1.374566390802121,0.23135674473722903,0.23135674473722903,0.4080594535047404,0.23135674473722903,0.23135674473722903,0.4080594535047404,-0.9665069372973806
7,13,28,0.6773939543059265,0.6773939543059265,0.0,0.0,0.6773939543059265,0.6773939543059265,0.6773939543059265,0.6773939543059265,0.6773939543059265
7,13,29,2.047587105181908,0.28484748895724016,2.047587105181908,0.0,0.28484748895724016,2.047587105181908,0.28484748895724016,0.28484748895724016,-1.7627396162246682
7,13,31,0.0,0.16318826530873384,0.0,0.03718774160741047,0.33456177524802827,0.0,0.13492895206529595,0.2519333623545015,0.29737403364061776
7,13,32,0.2508992043875045,0.2546683107220444,0.2508992043875045,0.5055675151095489,0.0,0.2508992043875045,0.2508992043875045,0.0,-0.2508992043875045
7,13,33,0.0,0.0,0.0,0.11015174171713042,0.0,0.11015174171713042,0.0,0.13975945297118397,0.029607711254053554
7,13,34,0.5137145900396048,0.0,0.0,0.5137145900396048,0.0,0.5137145900396048,0.0,0.5360116369690564,0.02229704692945156
7,13,35,0.0,0.18148167269252422,0.0,0.0,0.3866118743947918,0.0,0.061435440303552906,0.2919208656722188,0.3866118743947918
7,13,36,0.0,0.28710324297066514,0.0,0.0,0.28710324297066514,0.0,0.28710324297066514,0.28710324297066514,0.28710324297066514
7,13,37,0.041422019197853106,0.18183985094914,0.041422019197853106,0.041422019197853106,0.15791282930565,0.041422019197853106,0.041422019197853106,0.3456423979100142,0.2802933570686712
7,13,39,0.29422268804280494,0.0,0.0,0.0,0.0,0.0,0.0,0.0,-0.29422268804280494
7,13,40,0.0,0.0,0.0,1.3809204385152416,0.0,1.3809204385152416,0.0,0.0,-1.3809204385152416
7,13,42,0.04775877907469892,0.17469039558272387,0.04775877907469892,0.04775877907469892,0.4653500490456813,0.04775877907469892,0.022753866779093666,0.5138611319061839,0.5695277987746126
7,13,43,1.6729325196079774,0.09101546711637466,1.6729325196079774,1.6729325196079774,0.09101546711637466,1.6729325196079774,0.09101546711637466,0.13324852192125736,-1.53968399768672
7,13,44,0.16413528864640253,1.4320801894144999,0.0,0.0,1.541295507296223,0.0,0.6880769313997925,1.541295507296223,1.3771602186498206
7,13,46,0.0,0.12542649968995107,0.0,0.0,0.4915582380143583,0.0,0.3578582796539519,0.45791378522150905,0.5916137435819155
7,13,47,0.09216705467296084,0.11810704265370174,0.0,0.29667246556047405,0.0,0.0,0.0,0.0,-0.17856542290677235
7,14,1,0.057069640056791375,0.43297866898334697,0.057069640056791375,0.02973069521456436,0.6008452977922155,0.07661090116170124,0.34462183807314706,0.4239958595975857,0.40853862087808746
7,14,2,0.13256187043686815,0.45640520811772395,0.0,0.20484887995199721,0.35841580988359034,0.3234631006210935,0.20683324947583545,0.08821902880673918,-0.0769843387394086
7,14,3,0.0,0.07059915810754061,0.0,0.0,0.14510018612629427,0.0,0.0,0.07059915810754061,0.14510018612629427
7,14,4,0.15273952322814588,0.4042553882218965,0.1289678220863251,0.1289678220863251,0.526317032556256,0.25895455931627764,0.38573115846495265,0.41917609622927654,0.4736274632071423
7,14,5,0.0,0.5386540765094597,0.0,0.3815157056147046,0.7755338104177465,0.08704024825140048,0.0302541322436402,0.506731438989055,0.7133570406537016
7,14,6,0.0,0.6053903823758289,0.0,0.5529204814970782,0.5198232399744631,0.14065484118845242,0.0,0.7109384741569803,0.6253713317556144
7,14,7,0.0,0.0,0.0,0.11471358475713576,0.08282939473477095,0.22249403450458982,0.11471358475713576,0.08282939473477095,-0.13966463976981888
7,14,8,0.0,0.42095731333412034,0.0,0.0,0.24574176121421162,0.0,0.24574176121421162,0.24574176121421162,0.42095731333412034
7,14,9,0.0,0.12384361724832683,0.0,0.20675006931164333,0.2717393602131603,0.20675006931164333,0.12384361724832683,0.2717393602131603,0.06498929090151699
7,14,10,0.020195168158805107,0.2443195078386999,0.0,0.1813500533193557,0.19129246248231152,0.020195168158805107,0.09607491132885558,0.4424875626875639,0.2610416928762231
7,14,11,0.3016404496381588,0.0,0.3016404496381588,0.0,0.0,0.5502747463346771,0.0,0.0,-0.8519151959728359
7,14,12,0.019666594119303618,0.02554908198286817,0.04409074821616957,0.04409074821616957,0.029543867122775215,0.0,0.0,0.02554908198286817,0.011002200889473814
7,14,13,0.0,0.557822828904032,0.0,0.0,0.5248456275752371,0.0,0.47553901561515344,0.9441064786805429,0.9596346880165938
7,14,14,0.268081215836393,0.04171788299132376,0.268081215836393,0.0,0.04171788299132376,0.14111733478189215,0.5098883417737256,0.1229236689972778,-0.47221067083962476
7,14,15,0.0,0.22123119768126237,0.0,0.0,0.3770724496674964,0.0,0.0,0.15584125198623408,0.3770724496674964
7,14,17,0.022095818155945322,0.16280590908233558,0.10725404276510504,0.11575832305547472,0.04704758602686085,0.17927514162654407,0.04356627888471876,0.3776826929396235,-0.5701167052775509
7,14,18,0.0,0.0,0.7750524602901381,0.0,0.0,0.0,0.0,0.28862165067564577,-0.4864308096144923
7,14,19,0.20770697966456322,0.19712834950926442,0.04490219775607222,0.47657529627934037,0.37357846816614826,0.5095389757233522,0.10932547245804501,0.37357846816614826,-0.15939832113071742
7,14,20,0.0,0.0,0.0,0.09216705467296084,0.0,0.1911645762337156,0.14357931437723465,0.0,-0.28333163090667646
7,14,21,0.2529048929775424,0.17622447184984388,0.2529048929775424,0.2529048929775424,0.17622447184984388,0.3065507509340009,0.11299496221669493,0.06322950963314893,-0.13032627908415703
7,14,22,0.11610740305254456,0.20462347080199747,2.7034863603329726,0.17713083456922105,0.20462347080199747,0.17713083456922105,0.20462347080199747,0.03306377012863772,-2.5598863210476517
7,14,24,0.1220561404110378,0.30531088609313467,0.046069317905232214,0.0,0.30531088609313467,0.0,0.30531088609313467,0.204784801011843,0.18325474568209688
7,14,25,0.0,2.3176430724063692,0.0,0.0,2.3176430724063692,0.0,2.3176430724063692,0.0,2.3176430724063692
7,14,26,0.07833269309275025,0.4522433266251991,0.07833269309275025,0.19488011248097858,0.419423910948695,0.026232206829442325,0.35700344633553355,0.06242046461316149,0.2229566282691386
7,15,1,0.1629078458777569,0.37818680223694084,0.08243392452647642,0.0,0.2977128808856604,0.0,0.2133795129050181,0.11410847319663348,0.29575287771046443
7,15,2,0.5086093308703321,0.06301070800364401,0.20621504205199181,0.3023942888183403,0.06301070800364401,0.3023942888183403,0.3654049968219843,0.06301070800364401,-0.4455986228666881
7,15,5,0.6196035471588586,0.511896776295477,0.0,1.1315003234543357,0.511896776295477,0.511896776295477,0.511896776295477,0.511896776295477,0.511896776295477
7,15,6,0.0,0.28204216173441726,0.0,0.0,0.28204216173441726,0.0,0.07856368981290063,0.23078311205642907,0.28204216173441726
7,15,7,0.0,0.0,0.4903103305334193,0.0,0.0,0.4903103305334193,0.0,0.0,-0.4903103305334193
7,15,8,0.0,0.326631327447112,0.0,0.3670834712228344,0.2945687376758385,0.3670834712228344,0.2945687376758385,0.0,-0.3991460609941078
7,15,9,0.13044285203344388,0.08996294112015261,0.0,0.06083849761360444,0.47861223035655104,0.23388810295912252,0.2061084418398477,0.47861223035655104,0.053442777750380234
7,15,10,0.0,0.53601499846957,0.10044167298255267,0.0,0.53601499846957,0.0,0.273046401349124,0.53601499846957,0.4355733254870174
7,15,11,0.0,0.6859257876389352,0.0,0.0,0.0,0.0,0.0,0.0,-0.6859257876389352
7,15,12,0.30689148899621826,1.130688596787427,0.30689148899621826,0.44171318604495624,1.1574225904496702,0.30689148899621826,0.0,1.130688596787427,0.850531101453452
7,15,13,0.9913656754541739,0.7664573820716578,0.9913656754541739,0.9913656754541739,0.14440356255951486,0.0,0.0,0.14440356255951486,-0.22490829338251603
7,15,14,0.14915283323162631,0.08467848148078277,0.14915283323162631,0.14915283323162631,0.0,1.5530123663721205,0.0,0.0,-1.617486718122964
7,15,15,0.0,0.24338779652873435,0.0,0.0,0.24338779652873435,0.0,0.0,0.24338779652873435,0.24338779652873435
7,15,16,0.0,0.3085743994338571,0.0,0.09900593589040492,0.4153942022269163,0.09900593589040492,0.168658080377188,0.2976806956286827,0.46405734493161993
7,15,17,0.0,1.5031081392381853,0.0,0.7063350097104778,1.2570799423661214,0.916268403502929,1.6613746401129488,0.8708060969650601,0.3408115388631925
7,15,18,0.0,0.0,0.0,0.0,0.3348784469270478,0.0,0.0,0.0,0.3348784469270478
7,15,19,0.0,0.2544508781891314,0.24653865186626567,0.0,0.2544508781891314,0.0,0.0,0.2544508781891314,0.00791222632286572
7,15,20,0.8376183997898305,0.19324951889466835,0.14617276168014293,0.3394222805748113,0.19324951889466835,0.14617276168014293,0.6914456381096876,0.3211209726430926,0.17494821096294969
7,15,21,0.23773028152448558,0.10128681438581744,0.0,0.0,0.10128681438581744,0.07409413898557107,0.4679748064019122,0.13493733509534803,-0.284852812244954
7,15,23,0.08595815020459413,0.03175582350180255,0.08595815020459413,0.0,0.8443396168337612,0.040676191818977823,0.05260156029925688,0.0,0.7266256431273646
7,15,24,0.0,0.5528704202517905,0.0,0.0,0.5528704202517905,0.0,0.5528704202517905,0.5528704202517905,0.5528704202517905
7,15,25,0.0,2.771800121208875,0.0,0.0,2.5639438219243496,0.0,0.0,2.5639438219243496,2.356087522639824
7,15,26,0.511331447101894,0.27381127109482617,0.511331447101894,0.7705349560103545,0.3549405366044043,0.2592035089084604,0.0,0.3549405366044043,-0.41559441940595016
7,15,27,0.0,0.6096654853750699,0.0,0.0,0.6096654853750699,0.0,0.0,0.6096654853750699,0.6096654853750699
7,15,28,1.5478266908701939,0.0,0.45359143322751044,0.7680642522823542,0.0,0.7680642522823542,0.0,0.0,-1.8622995099250377
7,15,29,0.08870047471458983,0.13205465877235253,0.1268062030986904,0.1268062030986904,0.16915489487505755,0.055266284017690064,0.055266284017690064,0.12001593277542842,0.1070983405341055
7,15,30,0.19444319977231883,0.19444319977231883,0.0,0.1140635808823621,0.6867942497186332,0.1140635808823621,0.19444319977231883,0.19444319977231883,0.5727306688362711
7,15,31,0.0,0.10846622972260485,0.0,0.0,1.0577665142642165,0.0,0.0,0.5528151021371084,1.0577665142642165
7,15,32,0.5991768951162133,0.6412104314615218,0.3870642283914386,0.67361951619822,0.917155956992959,0.5991768951162133,1.1434416352056689,0.6412104314615218,-0.06908516651469289
7,15,33,0.0,0.33280031092351564,0.0,0.5668030404218788,0.8996033513453945,0.0,0.2659319295297161,0.10810004577603463,0.3740319753057508
7,15,34,0.0,0.0,0.0,0.0,0.3348784469270478,0.0,0.0,0.0,0.3348784469270478
7,15,35,0.0,0.39397364237452714,0.0,0.13188119028424555,0.44933496328140016,0.15095140917423047,0.39397364237452714,0.04900950370674546,0.2983835541071696
7,15,37,0.0,0.23428370583722577,0.0,0.0,0.11042432421948659,0.0,0.0,0.23428370583722577,-0.013435057398252598
7,15,40,0.0,0.8622435979796326,0.0,0.0,0.8622435979796326,0.0,0.0,0.8622435979796326,0.8622435979796326
7,15,41,0.0,1.1097602313834183,0.0,0.0,1.1097602313834183,0.0,1.1097602313834183,0.0,1.1097602313834183
7,16,2,0.1912790520209416,0.07872548931479385,0.07872548931479385,0.1912790520209416,0.07872548931479385,0.0,0.07872548931479385,0.16534808701533932,-0.02593096500560227
7,16,3,0.35030274712786663,0.07761319945814686,0.10638138489210965,0.1839945843502565,0.0,0.10638138489210965,0.0,0.0,-0.35030274712786663
7,16,4,0.2212735529758457,0.05047249071299061,0.0,0.2212735529758457,0.08287701941127687,0.16067385691409375,0.0,0.19529458390668436,-0.10377580657197823
7,16,5,0.0,0.5314471580086556,0.0,0.0,0.734673031124201,0.0,0.5080477044077528,0.5080477044077528,0.734673031124201
7,16,6,0.0,0.979893982341336,0.0,0.0,0.0,0.0,0.0,0.0,-0.979893982341336
7,16,7,0.3042511353417878,0.0,0.0,0.3042511353417878,0.24404901687586095,0.0,0.24404901687586095,0.7904690104887804,0.48621787514699255
7,16,9,0.0,0.1029885475278407,0.0,0.1029885475278407,0.1029885475278407,0.0,0.1029885475278407,0.16116035309037394,0.26414890061821467
7,16,13,0.0,0.022753866779093666,0.04790242210997959,0.0,0.12339347440880737,0.04076109232108719,0.022753866779093666,0.07308018683378166,-0.023282239693222295
7,16,17,0.0,0.0,0.32258469135536294,0.0,0.15149263075271213,0.0,0.0,0.0,-0.1710920606026508
7,16,27,0.0,0.1328333844401144,0.0,0.0,0.1328333844401144,0.0,0.1328333844401144,0.1328333844401144,0.1328333844401144
7,16,30,0.46656631603522875,0.0,0.0,0.46656631603522875,0.0,0.46656631603522875,0.46656631603522875,0.0,-0.46656631603522875
7,16,41,0.08097186291741125,0.2818850874657168,0.0,0.14916446463815472,0.26910582626904894,0.1306632098785277,0.20315458397209693,0.22307890423010535,0.23782531031275414
7,16,42,0.0,0.7099206435077224,0.0,0.0,0.9750327473249687,0.0,0.7099206435077224,0.7099206435077224,0.9750327473249687
7,16,43,0.01603124169745478,0.02542192345470573,0.01603124169745478,0.11541580177001905,0.14905592142040994,0.25903930485734444,0.0,0.2165669483335315,0.06179442602503476
7,16,44,0.0,0.03140700066131013,0.07880033976619244,0.07880033976619244,0.058134854692993544,0.0,0.0,0.058134854692993544,-0.02066548507319889
7,16,45,0.12677130639241158,0.08488943690734813,0.0,0.2116607432997597,0.10168709036494206,0.0,0.10168709036494206,0.2135746123948133,0.08680330600240171
7,16,48,0.22311246824225273,0.0,0.07257294560975001,0.0,0.0,0.16074230745315338,0.0,0.0,-0.22311246824225273
7,16,50,0.0,0.39092908330110737,0.0,0.0,0.5481810838387275,0.0,0.20478480101184302,0.39092908330110737,0.5481810838387275
7,16,61,0.30001436231718703,0.0,0.30001436231718703,0.30001436231718703,0.0,0.30001436231718703,0.0,0.6081390283531528,0.3081246660359658
7,17,1,0.0,0.0,0.0,0.0,0.0,0.20882217278700796,0.0,0.1601321764956778,-0.04868999629133017
7,17,2,0.054133762850711885,0.06876363039519318,0.0,0.04936059579208204,0.129785520896599,0.06448031023299905,0.1120825624063459,0.19402698859315917,0.15902923225420687
7,17,3,0.0,0.0,0.0,0.46030681283841385,0.1247586370904688,0.46030681283841385,0.0,0.19353892415318832,-0.14200925159475672
7,17,5,0.0,0.18166123514447216,0.015316333454324569,0.10218426715965293,0.5695066574312005,0.036830674766209284,0.18166123514447216,0.5040106775669206,0.6042030189167891
7,17,6,0.0,1.9355081481321776,0.0,0.0,0.0,0.0,0.0,1.9355081481321776,1.9355081481321776
7,17,7,0.0,0.1025123424802713,0.0,0.04178367976100938,0.1025123424802713,0.2866275271429247,0.06072866271926193,0.1025123424802713,-0.1841151846626534
7,17,8,0.0,0.0,0.0,0.18568529973463302,0.0,0.18568529973463302,0.0,0.0,-0.18568529973463302
7,17,9,0.47390838545169234,0.6274969862105746,0.47390838545169234,0.47390838545169234,0.9723623666695214,0.47390838545169234,0.6274969862105746,0.852867186697523,0.498453981217829
7,17,10,0.0,0.31178547987886496,0.0,0.26166186414985637,0.22058780329960587,0.18889948965784367,0.0,0.0,0.22784105730118107
7,17,11,0.2434891114722075,0.14337759686628557,0.36969251776055473,0.3968265624686819,0.2759394673031537,0.31858186554003487,0.0,0.6854563490853347,0.2949882507651737
7,17,12,0.1415478811190647,0.14263863146647054,0.23715133271856134,0.40713266763522105,0.08159186574539269,0.16878734392647687,0.06067697807758311,0.07298576015787721,-0.2708186113083531
7,17,13,0.23801646891624553,0.19991052420605718,0.19881454388104242,0.320907106829821,0.28822600076768895,0.19881454388104242,0.27486465418312467,0.19991052420605718,-0.032681106062132
7,17,14,0.7412664348511679,0.15867010305729032,0.04528195838561629,0.37535025622588514,0.4043424556017663,0.06911246062778943,0.1959028030860174,0.18447421516008086,-0.33210984055992077
7,17,15,0.2573014083308319,0.6918402434181317,0.0,0.11136003067950805,0.5194645001795858,0.02643436558722206,0.16834895778506923,0.5194645001795858,0.2357287262615318
7,17,16,0.4965602194384206,0.2828893398960225,0.27601249164836617,0.27145833702864747,0.2620523302315247,0.19588459830573027,0.0,0.5069707155554019,-0.057615802126311386
7,17,17,0.3343925040740717,0.34875152719439406,0.0,0.3343925040740717,0.34875152719439406,0.49533007794344724,0.0,0.34875152719439406,-0.14657855074905315
7,17,18,0.1164097426727535,0.10921856053964961,0.05447189790052614,0.0,0.10921856053964961,0.0,0.10921856053964961,0.10921856053964961,-0.007191182133103898
7,17,19,0.015827227914499496,0.015774903459926656,0.03288930901364779,0.015827227914499496,0.04662173290355537,0.05000821592895107,0.03603704670123619,0.015774903459926656,-0.006529719351401955
7,17,20,0.027882208660132954,0.12083536236049586,0.1283238816426856,0.14963940413121207,0.3349354232054156,0.049029701129910605,0.05197109957861242,0.05197109957861242,0.1854640490929523
7,17,21,0.422463985958719,0.02409625946201139,0.16400853785741865,0.3209984842565294,0.12459087428786655,0.3189102408304184,0.03821025882471392,0.11576927113920692,-0.20652590321230777
7,17,22,0.27398111468778924,0.23128194947492534,0.0,0.30315748928410746,0.2766103322586267,0.3358780910379801,0.23128194947492534,0.23128194947492534,-0.05926775877935342
7,17,23,0.39870018341765723,0.0,0.6280247763330136,0.08013786620126266,0.0,0.4788380496189199,0.0,0.0,-1.1068628259519335
7,17,24,0.0,0.0,0.0,0.0,0.15930837590971703,0.0,0.0,0.15930837590971703,0.15930837590971703
7,17,25,0.55315651048775,0.15504992640212584,0.0,0.2051913205652991,0.2153742434894504,0.0,0.55315651048775,0.2153742434894504,0.34836284956644054
7,17,26,0.06224671412942018,0.08198422012304797,0.1741342361592914,0.06224671412942018,0.17722292311255272,0.06224671412942018,0.0,0.17722292311255272,0.0030886869532613104
7,17,27,0.03826681753454201,0.360395213672858,0.0,0.03826681753454201,0.360395213672858,0.03826681753454201,0.22978450399250955,0.360395213672858,0.322128396138316
7,17,28,0.0,0.0,0.0,1.328552263109145,0.6626351578781675,0.0,0.0,0.6626351578781675,-0.6659171052309776
7,17,29,0.0,0.0,0.245836151836895,0.0,0.9004461169783919,0.245836151836895,0.6570583204496576,0.24338779652873435,0.6546099651414969
7,18,3,0.0,0.6763384815960206,0.0,0.0,0.6763384815960206,0.0,0.22340160110382873,0.6763384815960206,0.6763384815960206
7,18,4,0.5099029894920556,0.0,0.5099029894920556,0.5099029894920556,0.0,0.5099029894920556,0.0,0.0,-0.5099029894920556
7,18,5,0.0,0.1607031376807111,0.0,0.0,0.3792282511795053,0.1607031376807111,0.1607031376807111,0.0,0.3792282511795053
7,18,6,0.0,0.0,0.7587541155977872,0.0,0.0,0.7587541155977872,0.0,0.0,-0.7587541155977872
7,18,7,0.39368326209925714,0.0,0.39368326209925714,0.6250788950059751,0.10223214457412033,1.4284481795764437,0.16118251315812085,0.03796254364872731,-1.8810818102597013
7,18,8,0.018575601711303607,0.02351150548144052,0.018575601711303607,0.042087107192744125,0.1127576853484643,0.018575601711303607,0.02351150548144052,0.02351150548144052,0.09418208363716069
7,18,9,0.0,0.0,0.0,0.4408468092170168,0.07348476176927138,0.4408468092170168,0.0,0.0,-0.3673620474477454
7,18,10,0.0,1.3925357189565861,0.0,0.0,0.5883270383062525,0.0,0.23403977258496342,1.3925357189565861,0.5883270383062525
7,18,11,0.17369425882234096,0.35638898613448683,0.1786068444113374,0.2178147890460648,0.35638898613448683,0.2362253351508047,0.5399307217459041,0.6851101128616052,0.2353410113784747
7,18,12,0.0,0.785489637586488,0.0,0.9543526102885306,0.3884946005214665,0.7586752048872147,0.0,0.3884946005214665,-0.37018060436574823
7,18,13,0.7079778172120221,0.43287464337295467,0.7079778172120221,0.8805928720264272,0.43287464337295467,0.8805928720264272,0.09101546711637466,0.43287464337295467,-0.4477182286534726
7,18,15,0.0,0.08222342727013196,0.030129508256279126,0.0,0.08222342727013196,0.0,0.08222342727013196,0.08222342727013196,0.08222342727013196
7,18,16,0.0,0.09636931812322024,0.08951001762389699,0.0,0.09636931812322024,0.07336996617795695,0.09636931812322024,0.09636931812322024,-0.06651066567863372
7,18,17,0.0,0.0,0.378433312696216,0.0,0.0,0.07533728807353915,0.0,0.0,-0.378433312696216
7,18,18,0.0,0.6628279214629088,0.0,0.0,0.08489104097071695,0.0,0.5779368804921918,0.0,0.6628279214629088
7,18,20,0.16754347513548612,0.34561248935692124,0.16754347513548612,0.22842262012423994,0.40405295885175907,0.22842262012423994,0.19180718062263638,0.44929324635009454,0.412677806848491
7,18,21,0.09722159988615942,0.2696703194820859,0.0,0.0,0.5077623633336101,0.16389135302089083,0.09722159988615942,0.5077623633336101,0.34387101031271927
7,18,24,0.0,0.06595440265758992,0.09778889820837994,0.0,0.0,0.09778889820837994,0.0,0.0,0.031834495550790015
7,18,25,0.015692448940189962,0.2198879911302549,0.16835585834380637,0.07139387214923995,0.2781859225776567,0.19417835812897882,0.12514471219144113,0.44834539920886757,0.3124649725272905
7,18,26,0.058212042827965806,0.24135637801848198,0.058212042827965806,0.18884966497651234,0.14157307533361102,0.1005070277675211,0.058212042827965806,0.14157307533361102,-0.0005052122908152379
7,18,29,0.9547824197835609,0.3988578456868079,0.0,0.555924574096753,0.3988578456868079,0.22217443620725177,0.6210322818940597,0.3988578456868079,-0.1570667284099451
7,18,30,0.9722159988615942,0.9722159988615942,0.0,0.0,0.9722159988615942,0.0,0.9722159988615942,0.9722159988615942,0.9722159988615942
7,18,31,0.6999138773966754,0.34355470025718815,0.6999138773966754,0.4991714855807386,0.34355470025718815,1.7525034920812486,0.41986678758490276,0.34355470025718815,-1.4089487918240604
7,18,33,0.0,0.204784801011843,0.0,0.21147492469777648,0.204784801011843,0.21147492469777648,0.204784801011843,0.204784801011843,-0.006690123685933497
7,18,34,0.0,0.0,0.0,0.0,0.848302392791325,0.0,0.0,0.848302392791325,0.848302392791325
7,18,35,0.0,0.0,0.0,0.0,0.9811407092516696,0.0,0.7364218441895962,0.0,0.9811407092516696
7,18,36,0.0,0.03414546361035494,0.07128738911682249,0.0,0.099406744484454,0.0,0.03414546361035494,0.06013087725226937,0.02811935536763151
7,18,37,0.0,0.0,0.43543767365850006,0.0,0.09956773494357316,0.43543767365850006,0.0,0.09956773494357316,-0.3358699387149269
7,18,39,0.14005414344207304,1.2685992535799535,0.14005414344207304,0.9758657804532018,1.2425110771984489,0.07995420498942277,0.9758657804532018,1.1805026655612865,0.8880074762887304
7,19,1,0.0,0.3486540190934412,0.43952320987188515,0.0,1.215559339831729,0.0,0.3486540190934412,0.0819139204047372,0.7760361299598438
7,19,2,0.2703478179580096,0.2569161040086385,0.0,0.2703478179580096,0.2511645945923337,0.2641026853241035,0.20383351188675028,0.10041367482747161,-0.33636850081166764
7,19,5,0.0,0.3375685952097664,0.0,0.0,0.3375685952097664,0.0,0.3375685952097664,0.3375685952097664,0.3375685952097664
7,19,8,0.020893644694500984,0.09732638673783642,0.0,0.020893644694500984,0.14805078178138528,0.020893644694500984,0.09732638673783642,0.36319095642843174,0.43536208874638266
7,19,9,0.2478414188635434,0.1752155521199087,0.2478414188635434,0.2478414188635434,0.0,0.0,0.0,0.0,-0.07262586674363472
7,19,12,0.04981474812505259,0.1261479226089987,0.0,0.09941458493879352,0.6617508008909595,0.09941458493879352,0.062336500794493634,0.47326637748746714,0.562336215952166
7,19,16,0.0,0.0,0.0,0.0,0.0,0.0,0.0,0.3632049255740319,0.3632049255740319
7,19,17,0.17463612848389742,0.5836527190875217,0.17463612848389742,0.17463612848389742,0.5334342748796853,0.17463612848389742,0.5836527190875217,0.2670918193476649,0.35879814639578783
7,19,18,0.0,0.136523200674562,0.0,0.0,0.39572670958302236,0.0,0.136523200674562,0.39572670958302236,0.39572670958302236
7,19,19,0.23809864054695284,0.0,0.41174753461577723,0.21047565813869562,0.15852542234665135,0.33793907555415803,0.0,0.09425582142125834,-0.2808450946773831
7,19,20,0.0,0.5026921493314306,0.0,0.0,0.5026921493314306,0.0,0.5026921493314306,1.684002296156913,1.684002296156913
7,19,21,0.0,0.30895148274305784,0.0,0.0704916415659255,0.2899046927387905,0.0704916415659255,0.2899046927387905,0.0,0.11854161181419806
7,19,22,0.05961750653233933,0.3058235924540533,0.023133632666103455,0.25983641446642575,0.19146593060194955,0.039173219819172586,0.22582583515425203,0.2541359190147271,0.06329336283531077
7,19,24,0.0,0.8613097289119955,0.0,0.0,0.8613097289119955,0.0,0.0,0.8613097289119955,0.8613097289119955
7,19,25,0.07610586519105257,0.25609851493463504,0.0,0.07610586519105257,0.3668725384180062,0.07610586519105257,0.3668725384180062,0.0,0.29076667322695365
7,19,26,0.46396654652903857,0.13050147407757506,0.46396654652903857,0.46396654652903857,0.13050147407757506,0.46396654652903857,0.0,0.13050147407757506,-0.3334650724514635
7,19,27,0.0,0.0,0.0,0.0,0.39766815572586933,0.0,0.0,0.0,0.39766815572586933
7,19,28,0.0,0.7021193177548902,0.0,0.0,0.7021193177548902,0.0,0.7021193177548902,0.7021193177548902,0.7021193177548902
7,19,29,0.0,0.49939210412253826,0.0,0.0,1.2285536931578454,0.0,1.1883324590168773,0.5283192678926899,1.2285536931578454
7,19,32,0.2039490738073045,0.15879773814537526,0.07064994362603187,0.2451769876190111,0.11220224188088916,0.15801676419107982,0.1479905044124501,0.08959349052167816,-0.2314599585062526
7,19,33,0.0,0.0,0.0,0.36252844233904535,0.8139811070528475,0.36252844233904535,0.0,0.0,0.4514526647138022
7,19,35,0.0,0.17580928394875406,0.0,0.0,0.3007333789565154,0.0,0.0,0.36019478744467076,0.4851188824524321
7,20,1,0.0,0.068261600337281,0.0,0.0,0.4009171576769748,0.0,0.068261600337281,0.22417575513214394,0.4009171576769748
7,20,2,0.0,0.0,0.0,9.315896280134968,9.315896280134968,0.0,9.315896280134968,0.0,9.315896280134968
7,20,3,0.0,0.0,0.0,0.2494801835484249,0.0,0.5253063318857046,0.3149000906886771,0.2494801835484249,-0.2758261483372797
7,20,5,0.561096299550584,0.0,0.5346013781922799,1.095697677742864,0.0,0.8145125699155485,0.2799111917232685,0.0,-1.3756088694661326
7,20,6,0.0,0.32690459042037556,0.0,0.07868058919389921,0.32690459042037556,0.0,0.24822400122647637,0.4163902184620779,0.4163902184620779
7,20,7,0.0,0.0,0.0,0.0,0.08517551932347366,0.12253434421093486,0.0,0.0,-0.0373588248874612
7,20,8,0.0,0.16531317028905876,0.0,0.0,0.4574775295978607,0.7127368143001532,0.16531317028905876,0.16531317028905876,-0.2552592847022925
7,20,10,0.14364626337558503,0.0,0.2842731448166663,0.14364626337558503,0.23587800080643023,0.14364626337558503,0.0,0.15458133137988578,0.10618618736964971
7,20,11,0.11520501670361437,0.28407638127840085,0.14240170861331167,0.16920861078222932,0.39544043752474967,0.1729153492401983,0.212595381732912,0.25988344461573143,0.25188815786504226
7,20,12,0.24942675475881393,0.7104498967699492,0.1938080469977784,0.2589312457564668,0.7801953659096744,0.25144705884860286,0.5959437377074026,0.6049802539997592,0.5287483070610715
7,20,13,0.0,0.06733958311402768,0.08997324500657036,0.1384199507112719,0.06733958311402768,0.26775649040821675,0.06733958311402768,0.15316988860805034,-0.2045598468067368
7,20,15,0.10164777989651518,0.06928543309484193,0.10164777989651518,0.10164777989651518,0.16591738082190818,0.10164777989651518,0.0,0.10164777989651518,0.09663194772706625
7,20,16,0.09481419549281034,0.07841740582878474,0.10734765885491934,0.1859879820568268,0.3525416636555306,0.11338683917880774,0.10986106983787101,0.06671075644332497,0.14679055349927228
7,20,17,0.0,0.0,0.0,0.0,0.8403248606524382,0.0,0.0,0.8403248606524382,0.8403248606524382
7,20,19,0.7477328853435166,0.0,0.0,0.0,0.0,0.0,0.0,0.0,-0.7477328853435166
7,20,20,0.0649341937776884,0.2452521095559138,0.0649341937776884,0.0649341937776884,0.2609667773316806,0.189415790049771,0.11608844433674476,0.2609667773316806,0.07155098728190966
7,20,21,0.0,0.2732897073579487,0.2732897073579487,0.0,0.2732897073579487,0.2732897073579487,0.2732897073579487,0.2732897073579487,0.2732897073579487
7,20,22,0.11898062433534366,0.03905891678133687,0.19798771449283556,0.04226384588497825,0.03905891678133687,0.12127093604247015,0.03905891678133687,0.03905891678133687,-0.1589287977114987
7,20,23,0.0,0.5528704202517905,0.0,0.0,0.5528704202517905,0.0,0.5528704202517905,0.5528704202517905,0.5528704202517905
7,20,24,0.15437268368894688,0.0522818003129339,0.19375716530883527,0.07904539976955768,0.1210806681970735,0.0676752869170813,0.056004989748185276,0.06693270883614733,-0.08061742826554738
7,20,25,0.04559313573511181,0.2512647738639071,0.0,0.0,0.7096036845591759,0.0,0.45506988238033763,0.25626903310179405,0.7157237220355063
7,20,26,0.2218653750512197,0.17515621194844705,0.2218653750512197,0.3023182647213063,0.3124521815015779,0.36982113632070984,0.14015999829339934,0.2990674570364606,-0.09236516847417968
7,20,27,0.1565302336467909,0.27559452699309717,0.0,0.40434454515410173,0.2635482173477977,0.15527150486438146,0.026521486703376885,0.12467997249114493,-0.048253521163374634
7,20,28,0.17083400685063396,0.17018991301657108,0.0,0.17083400685063396,0.17018991301657108,0.34102391986720504,0.0,0.17018991301657108,-0.17083400685063396
7,20,29,0.11538837105719825,0.10172478587636986,0.028449666488043156,0.12996714486691466,0.037576783643244155,0.0675403883789618,0.032536028216655195,0.0979322246567045,-0.058618183765904934
7,21,1,0.14832492781129566,0.15897279873225348,0.27940075877523074,0.1361156715164178,0.18967255456979074,0.28815434995976913,0.15897279873225348,0.554497772359525,0.254134166104878
7,21,2,0.041156000501424206,0.23025319381401968,0.0,0.0,0.40581358995690914,0.0,0.2361531113986441,0.4394733747995595,0.3983173742981353
7,21,4,0.3387139259231311,0.0,0.3387139259231311,0.3387139259231311,0.0,0.5276539803363374,0.5276539803363374,0.0,-0.5276539803363374
7,21,5,0.15359832849309132,0.0,0.43541680051117254,0.1909174328515225,0.0,0.14034931383125301,0.06641449527904532,0.0,-0.47273590486960376
7,21,7,0.0,0.8283123161874766,0.0,0.0,0.0,0.0,0.0,0.8283123161874766,0.8283123161874766
7,21,8,0.0,3.3213806577728624,0.0,0.0,0.0,0.0,3.3213806577728624,0.0,0.0
7,21,9,0.0,0.2846294939185613,0.0,0.23289740700337422,0.717195667486583,0.0,0.4374036564867996,0.35292943993258447,0.717195667486583
7,21,10,0.1545077067562849,0.0,0.07783479793382347,0.1545077067562849,0.0,0.1545077067562849,0.0,0.0,-0.07783479793382347
7,21,11,0.0,0.0,0.0,0.0,0.0,0.1717636858301875,0.1717636858301875,0.0,-0.1717636858301875
7,21,12,0.0,0.0,0.0,0.0,0.7495445700465682,0.0,0.0,0.0,0.7495445700465682
7,21,13,0.37876838174343747,0.15870913558035943,0.37876838174343747,0.25414835162176447,0.34007381464762887,0.2280747097873626,0.2710865051694692,0.32289292090905924,-0.02130375177113521
7,21,15,0.030594512526900246,0.02439354944310516,0.08725143359567294,0.030594512526900246,0.06881504792482727,0.07342444764085107,0.030594512526900246,0.06881504792482727,-0.04903089819774591
7,21,16,0.0,0.10504023520831333,0.08736331068809278,0.019212513090197163,0.4484505342759071,0.1785265076823264,0.023743165334706433,0.10504023520831333,0.18256071590548795
7,21,17,0.0,0.0,0.0,0.0,0.1559085814728867,0.12323707745051889,0.0,0.0,0.032671504022367806
7,21,18,0.07956446011013066,0.16716151781257832,0.07956446011013066,0.1522619457823991,0.26557279656140387,0.23182640589252976,0.0,0.16716151781257832,0.033746390668874124
7,21,19,0.0,0.5617796621895805,0.0,0.0,0.46665418328643815,0.0,0.0,0.5617796621895805,0.5617796621895805
7,21,20,0.6273496948529915,0.0,0.6273496948529915,0.6273496948529915,0.0,0.6273496948529915,0.0,0.0,-0.6273496948529915
7,21,21,0.0,0.8860066345742638,0.0,0.0,2.3860267032791307,0.0,0.0,0.8860066345742638,2.3860267032791307
7,21,22,0.0,0.8146252191451037,0.8709638089993214,0.22016643066369213,0.8146252191451037,0.22016643066369213,0.8146252191451037,0.8146252191451037,0.8146252191451037
7,21,23,0.020658329069035142,0.12597023493027434,0.0,0.00969184706016696,0.5278831169482002,0.029213832262830874,0.10013781642862063,0.13573496412560856,0.5181258609408704
7,21,24,0.0,0.1182610800322469,0.16949532315805763,0.0,0.76692558224993,0.0,0.1182610800322469,0.13805205269791276,0.7354823117897852
7,21,25,0.41263585120539875,0.0,0.41263585120539875,0.41263585120539875,0.0,0.41263585120539875,0.0,0.0,-0.41263585120539875
7,21,26,0.0,1.1306174813382217,0.0,0.34355470025718815,1.0846001304389175,0.02386015160258763,0.8316093469529618,1.1509539662096762,0.5972725954610535
7,21,27,1.2474032157819865,0.0,1.2474032157819865,0.0,0.0,1.2474032157819865,0.0,0.0,-1.2474032157819865
7,21,28,0.0,0.3623420650368049,0.0,0.0,0.3623420650368049,0.3149000906886771,0.4252640465175518,0.2519781092079302,0.047441974348127816
7,21,29,0.1083670848323937,0.0,0.0,0.2822998872768172,0.2822998872768172,0.0,0.2822998872768172,0.12743266402884254,0.30136546647326606
7,21,30,0.06771851891127739,0.12189979268118473,0.06771851891127739,0.34390260661432576,0.13213751469565063,0.38356204779159975,0.054181273769907334,0.18353865664689076,-0.200023391144709
7,21,31,0.0,0.25078939180203225,0.0,0.0,0.25078939180203225,0.0,0.0,0.0,0.25078939180203225
7,21,32,0.0,0.0,0.0,0.0,0.24592722672806533,0.0,0.0,0.211928377624734,0.45785560435279926
7,21,33,0.0,0.062415570017019195,0.08451420426160773,0.0,0.062415570017019195,0.0,0.062415570017019195,0.062415570017019195,-0.022098634244588536
7,21,34,0.16338605762836397,0.0936823819791548,0.09065138286983224,0.1049714009609402,0.0936823819791548,0.08000411345231338,0.0553002328037765,0.10055763169292195,0.030853956043712754
7,21,35,0.0,0.19018386729039305,0.0,0.07551426124364372,0.24813779808341022,0.06270154690084198,0.03980034327343793,0.2866604696189744,0.3338809126570569
7,21,36,0.0,0.421391297088871,0.0,0.0,0.421391297088871,0.0,0.421391297088871,0.421391297088871,0.421391297088871
7,21,37,0.0,0.0326334624738821,0.0,0.02518674243708781,0.04323969525877347,0.0,0.02645968524425678,0.07013111340134011,0.07013111340134011
7,21,38,0.2050787705373934,0.0,0.0,0.2050787705373934,0.030684243507899844,0.0551058511521271,0.07159751535012994,0.0,-0.17439452702949354
7,21,39,0.0,0.3995136832980306,0.0,0.0,0.3995136832980306,0.0,0.3995136832980306,0.0,0.3995136832980306
7,21,40,0.0,0.030381120187063015,0.0,0.0,0.030381120187063015,0.007093268550795637,0.015260881318720146,0.03027330712661568,0.031302747980926506
7,21,41,0.0,0.0,0.6205033551132496,0.0,0.0,0.0,0.0,0.0,-0.6205033551132496
7,21,43,0.7978603866908223,0.0,0.7978603866908223,0.7978603866908223,0.0,0.7978603866908223,0.0,0.0,-0.7978603866908223
7,21,44,0.0,0.0,0.0,0.0,0.45445627091439733,0.0,0.0,0.0,0.45445627091439733
7,21,45,0.23752420668181468,0.16899375488286209,0.0,0.23752420668181468,0.0389546838371655,0.23752420668181468,0.0389546838371655,0.0389546838371655,-0.06853045179895259
7,21,46,0.029493497869293304,0.0,0.07009207762900548,0.029493497869293304,0.0,0.0471454346811649,0.0,0.09810306049343318,0.013863937355591762
7,21,47,0.0,0.14893440073588582,0.0,0.0,0.6998266322355442,0.0,0.14893440073588582,0.4494280013851504,0.6998266322355442
7,21,49,0.16244925591578668,0.032306769123428704,0.10190497945508811,0.27354119977333224,0.11628535436929384,0.1509349265321868,0.04473586575668035,0.09558570008163367,-0.1497335291786674
7,21,51,0.0,0.027767430645673625,0.04200702014636329,0.0,0.05577954596043558,0.0,0.027767430645673625,0.05577954596043558,0.01377252581407229
7,21,52,0.0,0.10306233267795765,0.0,0.0,0.10306233267795765,0.034222012775182935,0.10306233267795765,0.13035019783274598,0.09612818505756306
7,21,53,0.011724677282968013,0.02257420316439016,0.20388819741132166,0.17782673245913597,0.017872363068633965,0.17782673245913597,0.010849525881422148,0.02257420316439016,0.0035355753994162804
7,22,1,1.023793552590954,0.02497908525233993,0.0,0.0,0.048929753609382134,0.02276386197749473,0.04774294722983466,0.048929753609382134,-0.9976276609590666
7,22,2,0.0,0.07227698859241517,0.0,0.07838993945723277,0.07227698859241517,0.0,0.07227698859241517,0.07227698859241517,-0.006112950864817598
7,22,3,0.06439315254767604,0.20328365468880094,0.06439315254767604,0.06439315254767604,0.24994028629232384,0.06439315254767604,0.20328365468880094,0.14904903210944437,0.1855471337446478
7,22,5,0.0,0.23352652746964553,0.0,0.0,0.2823966519420796,0.22821625983215135,0.23352652746964553,0.5950701068406958,0.36685384700854445
7,22,6,0.0,0.5552458525856506,0.0,0.5552458525856506,0.2944754573633041,0.1845304610426531,0.0,0.2944754573633041,-0.15082539890169547
7,22,8,0.0,0.0,0.0,0.0,0.0,0.0,0.0,0.7936401461717472,0.7936401461717472
7,22,9,0.0,0.0,0.19149192366445109,0.0,0.0,0.0,0.0,0.0,-0.19149192366445109
7,22,10,0.0704386051410559,0.05368109943736513,0.14133160677457418,0.0,0.1470889370993652,0.0,0.0,0.09340783766200009,-0.06468127481626487
7,22,12,0.05922336942012946,0.09404602192576209,0.0,0.05922336942012946,0.09404602192576209,0.10052608508129168,0.0,0.17817240745138171,0.11246897487572265
7,22,13,0.2494806431563973,0.5070852255696464,0.0,0.2494806431563973,0.6736506855799949,0.2494806431563973,0.0,0.5070852255696464,0.4241700424235975
7,22,14,0.05350933988725939,0.020108196162559662,0.027798709813760675,0.022393304408355273,0.020108196162559662,0.05080663718455668,0.0,0.020108196162559662,-0.0842077809092564
7,22,15,0.4809434193241835,0.3378962212741037,0.4809434193241835,0.3888052633626906,0.3378962212741037,0.8697486826868741,0.0,0.0,-0.5318524614127704
7,22,16,0.0869627373771122,0.0,0.0,0.0869627373771122,0.05688698662148836,0.057254561943395836,0.057254561943395836,0.15736323751211406,0.01314593819160604
7,22,17,0.0,0.2607290901782921,0.0,0.0,0.3743431579068915,0.0,0.2607290901782921,0.2974627041581078,0.6718058620649993
7,22,18,0.18791368252306587,0.05460327184382646,0.0,0.07731765512448543,0.02581916813966405,0.07626430537127062,0.03473113802498785,0.09051750752954281,-0.13644113819270107
7,22,19,0.0,0.28608698419162715,0.0,0.0,0.3172620054323244,0.0,0.09455838059324277,0.36715689376184263,0.6077361443952825
7,22,21,1.7944530673661514,0.5097537593047075,1.7944530673661514,0.09081748182283897,0.05246990087875071,0.09081748182283897,0.0,0.05246990087875071,-2.2278377926067763
7,22,23,0.0,1.5870485131812606,0.0,0.0,0.0,0.0,0.0,1.5870485131812606,1.5870485131812606
7,22,24,0.11817235425486938,0.06588164608181532,0.08003625306769403,0.06413225760226945,0.11709133451147143,0.07180122845881054,0.006673752252035453,0.05981684211022884,-0.01828235286392149
7,22,25,0.37487797653547583,0.0,0.0,0.37487797653547583,0.0,0.0,0.0,0.0,-0.37487797653547583
7,22,26,0.0,0.6095043118166271,0.0,0.6095043118166271,0.0,0.6095043118166271,0.0,0.0,-0.6095043118166271
7,22,28,0.0,0.0,0.7380845906161916,0.0,0.0,0.41986678758490276,0.41986678758490276,0.0,-1.1579513782010944
7,22,29,0.0,0.044099167119341295,0.03592681658248469,0.03309248308655549,0.044099167119341295,0.03309248308655549,0.044099167119341295,0.10776246944671218,0.038743169777672
7,22,30,0.0,0.4267923001488487,0.21221653641379212,0.0,0.4267923001488487,0.0,0.4267923001488487,0.21221653641379212,0.4267923001488487
7,22,32,0.16688425593512063,0.1211602177370857,0.033612994426097526,0.029883670894988928,0.3384990259472629,0.09812422550807715,0.2125085276647262,0.27215649049478935,0.2224517085020806
7,22,33,0.4141561580937383,0.44480897976666706,0.4141561580937383,0.4141561580937383,0.44480897976666706,0.5364439367257666,0.0,0.4122168836796954,-0.09163495695909957
7,22,35,0.1877927920939044,0.1414976050241505,0.1877927920939044,0.0,0.11656101790034368,0.0,0.07237566726413598,0.054377992156281085,-0.016853782037279618
7,22,37,0.2442415409686595,0.0,0.2442415409686595,0.2442415409686595,0.0,0.041315012555820506,0.0,0.1867596068843063,-0.0987969466401737
7,22,38,0.0,0.0,0.0,1.2870485131812606,0.0,0.0,0.0,1.2870485131812606,0.0
7,22,39,1.0583800108641912,0.11042829651123905,0.0,0.28061820952781014,0.11042829651123905,0.17018991301657108,0.0,0.28061820952781014,-0.9479517143529521
7,23,1,0.0,0.08314251971381033,0.0,0.2498852387431052,0.5612849346653517,0.2498852387431052,0.06674244931324262,0.5612849346653517,0.22825717620843622
7,23,2,0.03205162538778818,0.060185884950076866,0.0483856254018677,0.08043725078965588,0.060185884950076866,0.03205162538778818,0.030092942475038433,0.0,-0.020251365839579014
7,23,3,0.0,2.362462626736669,0.0509592127387693,0.0,0.07604333460688507,0.0,0.0,0.07604333460688507,-2.261335170261668
7,23,5,0.03958071954585493,0.022658322985235017,0.023505783168892628,0.06308650271474756,0.0,0.06308650271474756,0.019314507177729378,0.0,-0.08574482569998258
7,23,6,0.10930442062699863,0.2902295210455154,0.0,0.21533895641108117,1.215844510069327,0.009206136256768277,0.08711470870675744,1.3837595341047129,1.2797635663428961
7,23,7,0.0,0.3854129668465242,0.13681452699838453,0.5222274938449087,0.17177735012859408,0.5874397338326363,0.0,0.3854129668465242,-0.202026766986112
7,23,8,0.0,0.0,0.45161856789750815,0.45161856789750815,0.6632682043180325,0.5928444667222972,0.0,0.5117755735653203,0.07042373759573528
7,23,9,0.2444209676970108,0.15532767569051892,0.18231799746746494,0.3006944327669828,0.06063085942579147,0.13395402479444876,0.09118759876096251,0.11867972622490285,-0.03041927275615019
7,23,11,0.0,0.0,0.0,0.0,0.0,0.0,0.0,0.47175600161286046,0.47175600161286046
7,23,12,0.0,0.0,0.0,0.0,0.09640440138808953,0.17853064076609496,0.0,0.0,-0.08212623937800542
7,23,13,0.0,0.22904554276027334,0.0,0.0,0.22904554276027334,0.0,0.0,0.08943733104332506,0.22904554276027334
7,23,14,0.0,0.0,0.0,0.0,0.49821209973708364,0.0,0.0,0.49821209973708364,0.49821209973708364
7,23,15,0.02452880832271531,0.1920310968786088,0.02452880832271531,0.061613299986269875,0.08021388305331785,0.02452880832271531,0.0,0.05204624225841797,-0.08429977988958832
7,23,16,0.22750967835354535,0.0,0.0,0.22750967835354535,0.1832075038576424,0.0,0.1832075038576424,0.1832075038576424,-0.04430217449590296
7,23,17,0.03077536662120047,0.36493120349267705,0.0,0.27062842454970293,0.15265616249201816,0.0,0.043345266036914396,0.4334206803041349,-0.02511290495444334
7,23,18,0.0,0.07591869979741911,0.0,0.0,0.07591869979741911,0.0,0.0,0.15249179079299857,0.15249179079299857
7,23,19,0.08373801416509616,0.4388245735968064,0.0,0.08373801416509616,0.4388245735968064,0.0,0.5225625877619026,0.5238574464009221,0.440119432235826
7,23,20,0.31940373874514605,0.1895180334267152,0.0,0.37223196730416014,0.08568691446780947,0.052828228559014,0.03481003676512254,0.11279940448683318,-0.48442164210570393
7,23,21,0.23272748079903177,0.052233517400668915,0.0,0.3967175432802194,0.12279701856969169,0.3139628835967677,0.09399485982185181,0.22004839743630372,-0.21437901946983565
7,23,22,0.3818011056557646,0.011759575675476796,0.30303274188031515,0.408296945195859,0.08480208913178683,0.33258855576204355,0.18013617054302086,0.10076828346738882,-0.2875058516483
7,23,23,0.0,0.06369381029982317,0.0,0.5072161028347378,0.2782327938768216,0.0,0.06369381029982317,0.3954722857671091,-0.11174381706762875
7,23,24,0.19718477238663693,0.04550773355818733,0.0,0.10910205824594692,0.04550773355818733,0.10910205824594692,0.04550773355818733,0.04550773355818733,-0.1516770388284496
7,23,25,0.1269072201859917,0.6093163597667017,0.058651762064611444,0.6365944891695189,0.6417641766518346,0.06797408293857102,0.02700458914441886,0.4687177751893751,0.38823111146266037
7,23,26,0.0,0.0,0.6739388931601417,0.0,0.0,0.0,0.0,0.0,-0.6739388931601417
7,23,27,0.0,0.16473157072575076,0.0,0.0,0.2712589555386453,0.0,0.06553113632378976,0.16473157072575076,0.2712589555386453
7,23,28,0.0,0.3192015472702457,0.0,0.0,0.7437971578732765,0.09803180742890945,0.44965894367258175,0.5333909166762489,0.645765350444367
7,23,29,0.3560807802586081,0.10663376792717333,0.0,0.39056599100846706,0.2040757557214426,0.2550628314927726,0.09726385412155639,0.1499242446901749,-0.16713788406721355
7,23,30,0.0,0.0,0.0,0.0,0.0,0.0,0.0,1.062177509415186,1.062177509415186
7,23,31,0.0,0.0,0.0,0.0,0.11711633906977627,0.0,0.0,0.0,0.11711633906977627
7,23,32,1.0565790771158385,3.0919923023146936,0.0,3.0919923023146936,3.0919923023146936,0.0,0.0,3.0919923023146936,2.0354132251988553
7,24,1,0.0,0.0,0.0,0.0,0.16666889652276298,0.0,0.0,0.0,0.16666889652276298
7,24,2,0.0,0.10330852968334213,0.0,0.0,0.5421147704843013,0.0,0.10330852968334213,0.18956327586227073,0.62836951666323
7,24,6,0.0,0.17552982943872256,0.0,0.0,0.17552982943872256,0.0,0.17552982943872256,0.17552982943872256,0.17552982943872256
7,24,8,0.0,0.5531565104877502,0.0,0.0,0.0,0.0,0.0,1.1737145890250564,1.1737145890250564
7,24,9,0.020126260419510003,0.027805354613469994,0.020126260419510003,0.020126260419510003,0.04793161503298,0.040820106771021186,0.027805354613469994,0.04793161503298,0.027237768681468814
7,24,10,0.0,1.1780001886776492,0.0,0.0,1.2933183224052374,0.0,1.1780001886776492,1.1780001886776492,1.2933183224052374
7,24,11,0.051992958606714684,0.026711061001544738,0.0,0.051992958606714684,0.09030106171007893,0.051992958606714684,0.026711061001544738,0.14724762534613245,0.09525466673941776
7,24,12,0.0,0.48688747377138986,0.04730253680777448,0.0,0.48688747377138986,0.04730253680777448,0.34378774410206975,0.48688747377138986,0.5341900105791643
7,24,13,0.0,0.0,0.0,0.0,0.14617791599271732,0.0,0.0,0.0,0.14617791599271732
7,24,15,0.0,0.25974960873191066,0.0,0.0,0.6004516860258053,0.0,0.0,0.0,0.6004516860258053
7,24,16,0.26088570406688777,0.0,0.26088570406688777,0.0,0.20165727846501003,0.0,0.0,0.310119339344961,0.04923363527807323
7,24,17,0.0,0.5353717260833242,0.0,0.0,0.6770182726248356,0.0,0.0,0.851276218726284,0.6832582749665683
7,24,18,0.0,0.0,0.0,0.0,0.5776189940224772,0.0,0.0,0.0,0.5776189940224772
7,24,19,0.0,0.05385409618197692,0.0968710776987142,0.11287024325054083,0.47091910301539563,0.023989266756354318,0.027617611437114168,0.4742758442978824,0.3510263687453612
7,24,21,0.0,0.47138213887740377,0.0,0.0,0.47138213887740377,0.0,0.47138213887740377,0.1638278408094744,0.47138213887740377
7,24,22,0.08001205981450156,0.1456391408423396,0.0,0.08001205981450156,0.21268778551221967,0.05487170090831395,0.22944521827614042,0.14574034513134732,0.14087365280347264
7,24,23,0.42792846517683913,0.0,0.33406299082688806,0.42792846517683913,0.0,0.28465212795274236,0.0,0.0,-0.42792846517683913
7,24,24,0.0,0.0,0.0,0.16370747931060656,0.0,0.16370747931060656,0.0,0.0,-0.16370747931060656
7,24,25,0.0,0.0,0.0,0.0,0.0,0.0,0.0,0.33207307481054343,0.33207307481054343
7,24,26,0.0,0.0,0.0,0.0,0.0,0.42487100376607445,0.0,0.0,-0.42487100376607445
7,24,27,0.4452942507995866,0.3007053173757498,0.3319824753569076,0.3319824753569076,0.19517827312360592,0.4452942507995866,0.0,0.19517827312360592,-0.3556430219281246
7,24,28,0.0,0.0,0.0,0.6158189542300154,0.0,0.0,0.0,0.0,-0.6158189542300154
7,24,30,0.01745791200266005,0.031348673975254024,0.01745791200266005,0.06995407844769172,0.32073524146869226,0.07595085492154606,0.05589606878157391,0.3888621498589375,0.6022978624308296
7,24,31,0.0,0.10668749073079487,0.0,0.14448422012304799,0.18245869568340115,0.0,0.031207785008509598,0.1342972889757185,0.03797447556035319
7,24,32,0.4730546519846334,0.11701988629248171,0.4730546519846334,0.20575396288849343,0.11701988629248171,0.4730546519846334,0.11701988629248171,0.11701988629248171,-0.3560347656921517
7,24,33,0.0,0.6900210926875046,0.0,0.0,0.0,0.0,0.0,0.6900210926875046,0.6900210926875046
7,24,34,0.9863388879354822,0.0,0.49065605020839537,0.4956828377270869,0.10174400113365471,0.2309192750976417,0.2309192750976417,0.2970385850403391,-0.6893003028951432
7,24,35,0.0,0.0,0.04596686486361225,0.13821901393568806,0.0,0.09225214907207581,0.0,0.08227219725024004,-0.05594681668544801
7,24,36,0.14761691812323832,0.628119485103983,0.0,0.14761691812323832,0.9602575508812692,0.14761691812323832,0.628119485103983,0.628119485103983,0.8126406327580309
7,24,37,0.3690752069683895,0.0,0.3690752069683895,0.0,0.0,0.3690752069683895,0.0,0.0,-0.3690752069683895
7,24,38,0.0,0.0,0.0,0.0,0.0,0.0,0.2514347774944319,0.0,-0.2514347774944319
7,24,39,0.05260285701077762,0.0,0.05260285701077762,0.05260285701077762,0.0,0.13558188722600484,0.0,0.0,-0.13558188722600484
7,24,43,0.20396119579682223,0.03864990377893367,0.0,0.03864990377893367,0.03864990377893367,0.20396119579682223,0.0,0.362144833161865,0.1581836373650428
7,24,44,0.0,0.7641399596795547,0.307753890810258,0.017385779162387878,1.0068367970339631,0.27860242230385285,0.7956566736843624,0.8340132559935327,0.6319897072207604
7,24,45,0.0,0.0,0.0,2.3117475219687673,0.0,0.0,0.0,0.0,-2.3117475219687673
7,24,46,0.0,0.0,0.2291777229781579,0.6761136340928617,0.22087838595938916,0.0,0.0,0.22087838595938916,-0.6844129711116306
7,24,48,0.0,0.018278676170023343,0.0,0.0,0.032159131170885716,0.029389787281134457,0.018278676170023343,0.021255866127840455,0.024025210017591715
7,24,49,0.0,0.0,0.0,0.0,1.1793076077286555,0.0,0.0,0.0,1.1793076077286555
7,24,51,0.0,0.8613097289119955,0.0,0.0,0.8613097289119955,0.0,0.8613097289119955,0.999276863821071,0.999276863821071
7,24,52,0.2213770444833225,0.0,0.0,0.2213770444833225,0.03887836371950893,0.4006368951828394,0.0,0.055716953001763304,-0.34146676848793456
7,24,53,0.03406778933710459,0.06297811560243097,0.03406778933710459,0.21721551537673858,0.09098232418939028,0.21721551537673858,0.0,0.2519429895108433,0.28085331577616973
7,24,54,0.3237642751898793,0.17809291486961704,0.03842105559991686,0.3237642751898793,0.15351917236585272,0.09425582142125832,0.19656727931808424,0.19603003283574622,-0.10616217324500556
7,24,55,0.0,0.5559845919553353,0.2954755642682679,0.1343514598939458,0.5559845919553353,0.2954755642682679,0.1343514598939458,0.681053973914782,0.385578409646514
7,24,56,0.014496355274486202,0.047312725413967326,0.018361646407716592,0.04180342027298337,0.03118827272040577,0.030620807968047763,0.0,0.1440667450047723,0.11508995104447808
7,24,58,0.11675925490544428,0.103621521890186,0.06085372947877224,0.12989380109945808,0.06124019637888238,0.21213982961273456,0.05887236120546962,0.06124019637888238,-0.2545424508642312
7,24,59,0.15452996559903023,0.24338740851532834,0.05011887920552625,0.10441108639350398,0.24338740851532834,0.15452996559903023,0.19535695112400164,0.3965582134600662,0.29005870525236266
7,24,60,0.02258086110064197,0.07855107733124642,0.028979552299245176,0.02258086110064197,0.07855107733124642,0.02258086110064197,0.05045594287509839,0.4787532704106911,0.42719285701080395
7,24,61,0.4310709695119807,0.0,0.4310709695119807,0.4310709695119807,0.0,0.20527298474333847,0.0,0.16675917594592868,-0.264311793566052
7,24,62,0.0,0.11987402986059104,0.0,0.0,0.11987402986059104,0.0,0.11987402986059104,0.11987402986059104,0.11987402986059104
7,24,63,0.0,0.0,0.0,0.0,0.6492232441634247,0.0,0.0,0.0,0.6492232441634247
7,24,64,0.03467484911300636,0.03767986665607655,0.03467484911300636,0.03467484911300636,0.051879191467751565,0.052988733555323145,0.01692529948041758,0.04943850873440938,0.03551822679706198
7,24,65,0.0,0.20062622401152852,0.05952301096288104,0.0,0.29845361979662854,0.0,0.20062622401152852,0.26014923497440956,0.29845361979662854
7,24,66,0.22995283964244273,0.25585067120444405,0.0066225399534866215,0.041247020104298676,0.24979793182075802,0.022473789632020187,0.24069119195881925,0.3635558524785717,0.10402019497522244
7,24,67,0.47306959700670015,0.5119676739868317,0.4401918632441655,0.6283345350089495,0.36966832369396074,0.5074223341727376,0.18961767516828695,0.21440338569171136,-0.13775401047877686
7,24,68,0.0,0.04311258968670379,0.0,0.0,0.04311258968670379,0.0,0.04311258968670379,0.1647835118955863,0.1647835118955863
7,24,69,0.0,0.35585600089360286,0.0,0.0,0.4874109491556393,0.0,0.32064103125172,0.36443109882026814,0.5488900902503441
7,24,71,0.41248501439759855,0.5577526167614443,0.009075140499947523,0.009075140499947523,0.5975810966296027,0.6046390442612396,0.4854645273856119,0.5796887702166831,0.11703824056120603
7,24,72,0.924699008787507,0.924699008787507,0.0,0.924699008787507,0.0,0.924699008787507,0.0,0.0,-0.924699008787507
7,24,73,0.0,0.0,0.0,0.0,0.8519594887005011,0.0,0.0,0.8519594887005011,0.8519594887005011
7,24,74,0.0,0.46719162196293945,0.0,0.46719162196293945,0.0,0.0,0.0,0.0,-0.46719162196293945
7,24,76,0.0,0.09369625156919768,0.0,0.23569590188435682,0.09369625156919768,0.1062853646008734,0.0,0.09369625156919768,-0.14199965031515913
7,24,77,0.0,0.1714814469097338,0.0,0.0,0.0,0.0,0.0,0.0,-0.1714814469097338
7,24,78,0.0,0.12193086218673882,0.0,0.06722474027389269,0.05470612191284613,0.06722474027389269,0.0,0.05470612191284613,-0.012518618361046563
7,24,80,0.0,0.0819139204047372,0.0,0.0,0.5191403672496804,0.0,0.0819139204047372,0.0819139204047372,0.5191403672496804
8,1,2,0.1182243980585224,0.0,0.21173905911124388,0.12299494402724476,0.0,0.1182243980585224,0.0,0.0,-0.3347340031384886
8,1,3,0.0,0.27235885098335655,0.0,0.0,0.27235885098335655,0.0,0.27235885098335655,0.27235885098335655,0.27235885098335655
8,1,4,0.0,0.273046401349124,0.0,0.0,0.273046401349124,0.0,0.273046401349124,0.7758411885378693,0.7758411885378693
8,1,5,0.0,0.13015947566712585,0.13015947566712585,0.0,0.13015947566712585,0.0,0.13015947566712585,0.13015947566712585,0.13015947566712585
8,1,6,0.05220554319675199,0.2430984460858083,0.05220554319675199,0.0,0.027694980328882488,0.05220554319675199,0.0,0.6155449128917827,0.5633393696950306
8,1,8,0.054234922425303776,0.06418126874923406,0.054234922425303776,0.0,0.0,0.054234922425303776,0.0,0.05879248992111843,0.06873883624504872
8,1,10,0.0,0.0,0.25000334478414443,0.0,0.24338779652873435,0.0,0.0,0.24338779652873435,-0.006615548255410081
8,1,11,0.0,0.8297282971040219,0.0,0.0,0.4486584150823912,0.0,0.0,0.0,0.06758853306076057
8,1,14,0.5437997516456403,0.0,0.0,0.0,0.0,0.0,0.0,0.0,-0.5437997516456403
8,1,15,0.2600781420913932,0.0,0.0,0.0,0.0,0.0,0.0,0.0,-0.2600781420913932
8,1,17,0.28206939802671155,0.0,0.28206939802671155,0.5252639464442183,0.0,0.28206939802671155,0.28206939802671155,0.0,-0.5252639464442183
8,1,18,0.0,0.0,0.0,0.0,0.0,0.44286075989183804,0.0,0.0,-0.44286075989183804
8,1,19,0.06713400344858715,0.09413221081005414,0.11159179312938916,0.06713400344858715,0.1612662142586413,0.0,0.1612662142586413,0.1612662142586413,0.04967442112925214
8,1,20,0.2817544205642236,0.13607427301828126,0.10778044974745409,0.0,0.13607427301828126,0.0,0.13607427301828126,0.13607427301828126,-0.25346059729339643
8,1,21,0.0,0.0,0.0,0.0,0.0,0.18410546104739905,0.0,0.0,-0.18410546104739905
8,1,23,0.0,0.0,0.0,0.0,0.546076589408616,0.0,0.0,0.546076589408616,0.546076589408616
8,1,24,0.17584158704566075,0.13449525247822258,0.17584158704566075,0.17584158704566075,0.36392929675756114,0.17584158704566075,0.0,0.36392929675756114,0.053592457233677816
8,1,25,0.0,0.409569602023686,0.0,0.0,0.409569602023686,0.0,0.409569602023686,0.409569602023686,0.409569602023686
8,1,26,0.2309711407385049,0.11564345884907028,0.2309711407385049,0.2309711407385049,0.11564345884907028,0.2309711407385049,0.0,0.11564345884907028,-0.11532768188943461
8,1,27,0.47694905071946425,0.0,0.47694905071946425,1.0251287775296687,0.0,1.0251287775296687,0.5481797268102044,0.0,-1.0251287775296687
8,1,28,0.06471383079724165,0.12129607943172954,0.16949532315805763,0.0,0.12129607943172954,0.0,0.0,0.0,-0.11291307452356973
8,1,29,0.18033313414178737,0.14688978269101668,0.13906457403516356,0.15670911982424648,0.14237553373851267,0.19606725121097332,0.12214214597588713,0.08453289290565894,-0.2079947038349087
8,1,30,0.0,0.0,1.1059759456328864,1.1059759456328864,0.2573742337858427,1.1059759456328864,0.0,0.0,-0.8486017118470438
8,1,32,0.0,0.0,0.0,1.087585327017136,0.0,1.087585327017136,0.0,0.0,-1.087585327017136
8,1,33,0.0,0.0,0.2140993555680728,0.0,0.0,0.0,0.0,0.26481921604618425,0.050719860478111445
8,1,34,0.044461938663871554,0.6137697236876509,0.06573453593070908,0.30212796385676266,1.0259866073673463,0.06573453593070908,0.328449798784602,1.0202754627722066,1.0034674238184929
8,1,37,0.2462029329696038,0.0,0.0,0.2462029329696038,0.0,0.09689233559651603,0.09689233559651603,0.0,-0.3430952685661198
8,1,39,0.060022201015183484,0.029925296775414032,0.060022201015183484,0.07662582483494482,0.013321672955652702,0.04329598697117938,0.013321672955652702,0.07659942935236452,-0.0017605100650298598
8,1,40,0.0,0.11781227054365782,0.14459796546076814,0.022462344218203128,0.1485463392517376,0.022462344218203128,0.09746351005219474,0.07345648199133827,0.003946223300712329
8,1,42,0.0,0.0,0.0,0.0,0.13111062746202412,0.0,0.0,0.4987706544734742,0.6298812819354983
8,1,43,0.0,1.774801608769306,0.0,0.0,1.774801608769306,0.0,1.774801608769306,1.774801608769306,1.774801608769306
8,1,45,0.0,0.03701508746341828,0.0,0.0,0.08623501387293415,0.09364232351418217,0.04921992640951587,0.08623501387293415,-0.007407309641248018
8,1,46,0.32006172004876754,0.09726499622930153,0.32006172004876754,0.32006172004876754,0.0,0.32006172004876754,0.09726499622930153,0.10801237911456463,-0.2120493409342029
8,1,48,0.0,0.11287116885493094,0.22675432747764204,0.11287116885493094,0.0,0.33962549633257294,0.0,0.22675432747764204,-0.33962549633257294
8,1,50,0.0,1.0306641007715645,0.0,1.0306641007715645,1.0306641007715645,0.0,0.0,1.0306641007715645,1.0306641007715645
8,1,51,0.0,0.07021193177548903,0.0,0.0,0.07021193177548903,0.0,0.07021193177548903,0.07021193177548903,0.07021193177548903
8,1,53,0.0,0.49148352242842325,0.0,0.0,0.49148352242842325,0.0,0.49148352242842325,0.49148352242842325,0.49148352242842325
8,1,54,0.2160479997470209,0.2160479997470209,0.0,0.0,0.2160479997470209,0.0,0.2160479997470209,0.2160479997470209,0.2160479997470209
8,1,56,0.0,1.433493607082901,0.0,0.0,1.433493607082901,0.0,1.433493607082901,1.433493607082901,1.433493607082901
8,1,58,0.3897185807070971,0.5224702309477279,0.3897185807070971,0.3897185807070971,0.3897185807070971,0.3897185807070971,0.5224702309477279,1.6537585021224053,1.264039921415308
8,1,59,0.20075190235295728,0.10907907473208223,0.20075190235295728,0.20075190235295728,0.2017124700881924,0.20075190235295728,0.0,0.07612223760570039,0.0009605677352351627
8,2,2,0.0,0.3704346941753469,0.0,0.6581255244794486,0.1092185605396496,0.6581255244794486,0.1092185605396496,0.3924890931055936,-0.26563643137385495
8,2,3,0.0,0.0,0.09321552410590624,0.0,0.0,0.0,0.09921174897914443,0.1586377647090961,-0.03378950837595457
8,2,4,0.16496336751007393,0.2011478219955455,0.14387038940099514,0.16369221387729047,0.6626766166399567,0.468635553566836,0.0,0.3501762876865166,0.2165445013703576
8,2,5,0.0,0.0,0.0,0.0,0.39917815521088196,0.0,0.0,0.41809558199279256,0.8172737372036745
8,2,6,0.7844471855033505,0.35101493231689856,0.6330297133643786,0.6330297133643786,0.45344243233750303,0.6330297133643786,0.06321788691288573,0.8044573646544017,-0.3942226400787332
8,2,7,0.0,0.0,0.0,0.531088754707593,0.0,0.531088754707593,0.0,0.0,-0.531088754707593
8,2,8,0.5275247611369822,0.21302043094376868,0.5275247611369822,0.5275247611369822,0.17488212525847047,0.5275247611369822,0.09205273052369954,0.22179537468971147,-0.42669708686733987
8,2,9,0.0,0.1691130537727044,0.0,0.0,0.1691130537727044,0.1691130537727044,0.0,0.1691130537727044,0.1691130537727044
8,2,10,0.0,0.0,0.30000401374097335,0.0,1.189771221522005,0.0,0.0,0.6595470138875127,0.8897672077810318
8,2,11,0.0,0.5768503568582396,0.0,0.0,0.7496526961305466,0.0,0.18683565589422121,0.5628170402363253,0.7496526961305466
8,2,12,0.0,1.0725404276510504,0.0,0.0,1.0725404276510504,0.0,0.0,1.0725404276510504,1.0725404276510504
8,2,13,0.0,0.0,0.06779812926322305,0.24156633626250232,0.4278384929532155,0.196379158450559,0.0,0.08188409177045126,-0.0779051310230688
8,2,14,0.058177319862872466,0.4677607318870627,0.058177319862872466,0.11795944334742374,0.0871346057346939,0.058177319862872466,0.014398172087071441,0.0871346057346939,-0.33815817993199954
8,2,15,0.0,0.39738159384036015,0.0,0.0,0.2879872931017464,0.0,0.15520532287213365,0.39738159384036015,0.39738159384036015
8,2,16,0.0,0.22864192921297838,0.0,0.0,0.0,0.0,0.0,0.0,-0.22864192921297838
8,2,17,0.07912871417054733,0.4914835224284232,0.31313753474895833,0.20304942360231903,0.4914835224284232,0.39870986941356434,0.4914835224284232,0.4914835224284232,-0.1412351675635522
8,2,18,0.0,0.9484795756703494,0.0,0.0,0.8795113501951438,0.0,0.0,0.8795113501951438,1.1877443531243126
8,2,19,0.2535797523318059,0.23093200119898072,0.1572701289288323,0.25113494147260135,0.3185788912564233,0.21975678688660388,0.11659064804653692,0.2568775752167982,0.003821420207607513
8,2,20,0.0,0.026732645255115223,0.0,0.026732645255115223,0.12084438925458675,0.026732645255115223,0.06464090371445473,0.3134950202676106,0.3429658605526274
8,2,21,0.0,0.0,0.0,0.029763524693743333,0.0,0.029763524693743333,0.0,0.13967001795460185,0.10990649326085851
8,2,22,0.16934080173827057,0.1185758088007193,0.16934080173827057,0.22916459828927946,0.3866996610792488,0.22235553195406488,0.058752012249710384,0.0,0.10452033257417503
8,2,23,0.0,0.4914835224284232,0.0,0.4142761315545725,3.4896618026146955,0.4142761315545725,0.4914835224284232,0.7397067538433457,3.3236089024750455
8,2,24,0.0,0.46007815791964557,0.0,0.23307934440511313,0.1390596099710792,0.23307934440511313,0.23307934440511313,0.0,-0.18195893797748716
8,2,25,0.0,0.0,1.8143657329100418,0.0,0.0,0.0,0.0,0.0,-1.8143657329100418
8,2,26,0.0,0.0,0.0,0.0,0.7789102646462993,0.7789102646462993,0.0,0.0,0.7789102646462993
8,2,27,0.1836700469837759,0.4394873328738784,0.1836700469837759,0.0,0.4394873328738784,0.0,0.3428635331317086,0.8973148478385198,0.7136448008547439
8,2,30,0.22234141569459698,0.0,0.0,0.22234141569459698,0.0,0.0,0.0,0.0,-0.22234141569459698
8,2,31,0.0,0.24602819687206387,0.0,0.0,0.23565520339310775,0.0,0.0,0.24602819687206387,0.48168340026517165
8,2,33,0.0,1.0115071372449813,0.0,0.0,1.0115071372449813,0.0,0.3915044222327252,1.0115071372449813,1.0115071372449813
8,2,34,0.0,0.05173510762404455,0.0,0.0,0.05173510762404455,0.0,0.05173510762404455,0.12048842451749192,0.12048842451749192
8,2,35,0.0,0.0,0.0,0.0,0.0,0.0,0.0,1.6006164318529505,-1.6006164318529505
8,2,36,0.09870561570021576,0.0,0.22580377921998163,0.22580377921998163,0.0,0.30105502658198874,0.0,0.0,-0.30105502658198874
8,2,38,0.09222349979114834,0.031000135750612806,0.0,0.13924651075402938,0.031000135750612806,0.05118967762954771,0.05118967762954771,0.031000135750612806,-0.014200353077654493
8,2,40,0.0,0.21786796657785082,0.0,0.07055866739094607,0.15751249030827083,0.0,0.15751249030827083,0.1585473286909322,0.24550115160825697
8,3,1,0.25640361295124403,0.3064781447346211,0.12870609980103592,0.2710300760148067,0.3241274690474507,0.404398908486129,0.18525215018864813,0.3498684393110759,-0.07779255641498847
8,3,2,1.1111039986989646,1.1111039986989646,0.0,0.0,1.1111039986989646,0.0,1.1111039986989646,1.1111039986989646,1.1111039986989646
8,3,3,0.03747520610724729,0.04107079896400755,0.0,0.03747520610724729,0.04107079896400755,0.03747520610724729,0.08330273025654572,0.04107079896400755,-0.04223193129253816
8,3,4,0.0,0.0,0.0,0.07053747320522885,0.0700472582525027,0.03172123870466648,0.03881623450056237,0.0,0.03832601954783623
8,3,5,0.0,0.43706010574338194,0.0,0.0,0.43706010574338194,0.0,0.43706010574338194,0.0,0.43706010574338194
8,3,6,0.3774492092936071,0.4481700447396273,0.3254772850785207,0.5038603175412693,0.48783520002533026,0.35511833593212555,0.34708631475955165,0.6554697235926705,0.13199502041275418
8,3,7,0.0,0.09704500183995615,0.0,0.06678155516771889,0.09704500183995615,0.06678155516771889,0.0,0.09704500183995615,0.030263446672237265
8,3,8,0.39001375865544796,0.09380302630555379,0.07495412997706752,0.21899760972423865,0.09380302630555379,0.14814286294308704,0.07495412997706752,0.24102846317576368,-0.17627746939689948
8,3,9,0.0,0.5782159087393214,0.0,0.0,0.5782159087393214,0.0,0.5782159087393214,0.5782159087393214,0.5782159087393214
8,3,10,0.08609301939532607,0.37041562496870895,0.07736459538600376,0.16238805989736557,0.2734316999042645,0.07736459538600376,0.07736459538600376,0.4125089678276386,0.2215241268635238
8,3,11,0.02331276716856273,0.33142553358917004,0.18278676170023342,0.0,0.35520829790600167,0.23116872544006675,0.05169352719985649,0.2140909631241095,0.10072680529737217
8,3,12,0.0,0.0,0.23501155075744298,0.2987751675458391,0.0,0.23501155075744298,0.0,0.0,-0.5337867183032821
8,3,13,0.22026345301653252,0.14838606926856543,0.128020932235826,0.059282584885162075,0.14838606926856543,0.16705032726315724,0.07274610792786716,0.14838606926856543,-0.17964512612596226
8,3,14,0.06473985423988443,0.18005414347287466,0.06707013096581448,0.007128368248239657,0.05303084946566447,0.050845965937584836,0.05303084946566447,0.07739297641235497,-0.167456135359196
8,3,15,0.0,0.0,0.0,0.20713806577728625,0.0,0.20713806577728625,0.0,0.0,-0.20713806577728625
8,3,16,0.3354376736585001,0.40288791397355966,0.3354376736585001,0.5167018948280228,0.7383255876320597,0.5819233208447446,0.40288791397355966,0.7383255876320597,0.49183994044581514
8,3,17,0.1304946357362231,0.0,0.0,0.0,0.1282065015511527,0.0,0.1282065015511527,0.0,-0.0022881341850704007
8,3,19,0.0,0.0,0.0,0.0,0.11268247083034932,0.3401314912164631,0.0,0.4700235621430536,0.1298920709265905
8,3,20,0.08728956001330025,0.22342434215974896,0.08728956001330025,0.2103036584493322,0.39009392353124844,0.08728956001330025,0.05078771339238595,0.25853765548687574,0.3741322572718293
8,3,21,0.531420905243658,0.0,0.0,0.0,0.0,0.0,0.0,0.0,-0.531420905243658
8,3,22,0.34676212829531516,0.511331447101894,0.5192051962039477,0.473647083113981,0.511331447101894,0.473647083113981,0.0,0.511331447101894,-0.13475870392071956
8,3,23,0.026926612809755245,0.10491758871963533,0.05003961142221765,0.026926612809755245,0.10491758871963533,0.026926612809755245,0.07586466558884589,0.10491758871963533,0.05487797729741767
8,3,24,0.0,0.26615219062309897,0.0,0.0,0.26615219062309897,0.0,0.0,0.26615219062309897,0.26615219062309897
8,3,25,0.1996530909988455,0.0,0.1996530909988455,0.1996530909988455,0.0,0.1996530909988455,0.0,0.0,-0.1996530909988455
8,3,26,0.0,1.6108688373200344,0.23251573808704143,0.0,1.6519184533949627,0.0,0.0,0.5127887643848699,1.4194027153079214
8,3,27,0.0,0.20356003444871576,0.0,0.08459310332416789,0.16256230355768703,0.023672921803118425,0.0,0.20356003444871576,0.1575286916797837
8,3,28,0.3888052633626906,0.0,0.0,0.3888052633626906,0.257704725736307,0.3888052633626906,0.3888052633626906,0.257704725736307,-0.13110053762638363
8,3,29,0.11963238872698173,0.0,0.4025915948815591,0.5222239836085408,0.0,0.5525270139115711,0.11963238872698173,0.4025915948815591,-0.5525270139115711
8,3,30,0.03651878248989076,0.17684276150011982,0.0,0.30815478808406477,0.3913927983146826,0.12589425478844643,0.17671626287743242,0.1884074954487457,0.27390674916446967
8,3,31,0.0,0.15371992143432228,0.0,0.0,0.15371992143432228,0.1420063861508844,0.0,0.15371992143432228,0.011713535283437881
8,3,32,0.1402191595900544,0.132681202595615,0.06731817270954993,0.2239329812144442,0.1692677683286988,0.18520775951701554,0.1686445302107168,0.18679840652454713,0.055691836368120605
8,3,33,0.0,0.0,0.0,0.0,0.0,1.4728436883791924,0.0,0.0,-1.4728436883791924
8,3,34,0.0,0.0,0.0,0.0,0.3258889434985079,0.0,0.0,0.0,0.3258889434985079
8,3,35,0.15438330041179357,0.0,0.1926456268307306,0.0,0.11693436138861495,0.1926456268307306,0.0,0.11693436138861495,-0.23009456585390922
8,3,36,0.3413728024365865,0.10418504832248927,0.3413728024365865,0.3413728024365865,0.0,0.3413728024365865,0.0,0.23716177943762634,-0.10421102299896015
8,3,38,0.11819638516607112,0.09839196290834873,0.05790392012039086,0.05790392012039086,0.09839196290834873,0.05790392012039086,0.09839196290834873,0.09839196290834873,0.04048804278795786
8,3,40,0.0,0.0,0.295071044954695,0.21147492469777648,0.0,0.5065459696524716,0.0,0.2667694053088251,-0.7733153749612965
8,3,42,0.0,3.5105965887744515,0.0,0.0,3.5105965887744515,0.0,3.5105965887744515,3.5105965887744515,3.5105965887744515
8,4,1,0.0,1.488006516029415,0.0,0.0,1.488006516029415,0.0,0.0,1.488006516029415,1.488006516029415
8,4,2,0.0,0.0,0.0,0.0,0.0,0.3933037191673226,0.0,0.0,-0.3933037191673226
8,4,3,0.0,0.0,0.0,0.0,0.8263154818062995,0.0,0.0,0.0,0.8263154818062995
8,4,4,0.0,0.44735885647636264,0.0,0.0,0.0,0.0,0.0,0.0,0.44735885647636264
8,4,5,0.3125200904035944,0.20389285540572563,0.5260551523536375,0.24593613887633473,0.1124360837205343,0.17902003524779397,0.0,0.1124360837205343,-0.638575895474095
8,4,6,0.0,0.0,0.19792621529931823,0.0,0.861652157839643,0.0,0.0,0.0,0.6637259425403248
8,4,7,0.0,0.1324424562858733,0.0,0.0,0.49799185658147943,0.0,0.1324424562858733,0.0,0.49799185658147943
8,4,8,0.04898297880189076,0.41743812773104866,0.0,0.0,0.5767488161178264,0.0,0.2952458960779073,0.4087052637610453,0.585018193618749
8,4,9,0.22931645732446182,0.0,0.0,0.22931645732446182,0.0,0.22931645732446182,0.0,0.0,-0.22931645732446182
8,4,10,0.0,0.0,0.0,0.0,0.4711050099196519,0.0,0.4711050099196519,0.4711050099196519,0.4711050099196519
8,4,11,0.0,0.6038873923223387,0.0,0.6038873923223387,0.30157825524387505,0.0,0.6038873923223387,0.6038873923223387,-0.30230913707846363
8,4,12,0.04613440087104869,0.038650489438215155,0.0,0.0,0.044349743418216916,0.0436414894551934,0.0,0.0,-0.006775657469810022
8,4,13,0.467776205918245,0.0,0.467776205918245,0.0,0.0,0.467776205918245,0.0,0.0,-0.467776205918245
8,4,14,0.2555220280654742,0.11847709636292308,0.11847709636292308,0.37704071122074195,0.2851079235183619,0.11847709636292308,0.11847709636292308,0.2851079235183619,-0.22897771940493114
8,4,15,0.0,0.0,0.39115559283351975,0.0,0.2651121038172462,0.39115559283351975,0.0,0.0,0.6562676966507659
8,4,16,0.0,0.546092802698248,0.0,0.0,0.546092802698248,0.0,0.546092802698248,0.546092802698248,0.546092802698248
8,4,18,0.0,0.18938687151507985,0.0,0.0,0.18938687151507985,0.0,0.18938687151507985,0.3889759491205208,0.3889759491205208
8,4,19,1.0219632793147269,0.0,1.0219632793147269,0.0,0.0,0.0,0.0,0.0,-1.0219632793147269
8,4,20,1.1548557036925244,0.0,0.0,0.0,0.0,0.0,0.0,0.0,-1.1548557036925244
8,4,22,0.03542859241652447,0.0,0.0,0.03542859241652447,0.0843042065095719,0.03542859241652447,0.0,0.042843740492455686,0.09171935458550312
8,4,23,1.2962879984821254,1.2962879984821254,0.0,0.0,1.2962879984821254,0.0,1.2962879984821254,1.2962879984821254,1.2962879984821254
8,4,25,0.7154235760791964,0.2255435627594615,0.7154235760791964,0.7154235760791964,0.2255435627594615,0.9409671388386579,0.2255435627594615,0.6396997208531997,-0.07572385522599667
8,4,26,0.0,0.0,0.0,0.0,0.6049718353950301,0.0,0.0,0.9820679257865892,0.9820679257865892
8,4,27,0.0,1.0942352576426835,0.0,0.0,1.0942352576426835,0.0,1.0942352576426835,1.0942352576426835,1.0942352576426835
8,4,28,0.0,0.0,0.0,0.0,0.37792657740208274,0.0,0.0,0.5371194253740929,0.5371194253740929
8,4,29,0.0,0.9848117318784152,0.0,0.0,0.9848117318784152,0.0,0.9848117318784152,0.9848117318784152,0.9848117318784152
8,4,30,1.3781024410325378,0.0,0.0,1.3781024410325378,0.0,1.3781024410325378,0.0,0.0,-1.3781024410325378
8,4,31,0.0,0.6759225720718014,0.043275401657376415,0.0,0.6765056810674105,0.0,0.0,0.6200027150122561,0.6891501364695793
8,4,32,0.0,0.0,0.0,0.0,0.5096073592907102,0.0,0.0,0.15552210534507624,0.5096073592907102
8,4,33,0.0,0.0,0.0,0.0,0.817119816797617,0.0,0.0,0.0,0.817119816797617
8,4,34,0.531420905243658,0.0,0.531420905243658,0.0,0.0,0.0,0.0,0.0,-0.531420905243658
8,4,35,0.0,0.08214066864498244,0.0,0.0,0.24329485473562357,0.0,0.027304640134912402,0.027304640134912402,0.24329485473562357
8,4,37,0.0,0.0,0.0,0.0,1.4163410157825362,0.0,0.0,0.0,1.4163410157825362
8,4,39,0.0,0.24602819687206387,0.0,0.0,0.7339662124432943,0.0,0.24602819687206387,0.24602819687206387,0.7339662124432943
8,4,40,0.18760853251487283,0.10526509673982934,0.011308469829746213,0.0,0.27707235206972874,0.03779863947292837,0.013835880673405191,0.10902816523360546,0.09577762800547296
8,4,42,0.06481439992410627,0.2377490254429164,0.0807146461402501,0.0,0.28385547828069835,0.0807146461402501,0.2377490254429164,0.06481439992410627,0.36457012442094844
8,4,43,0.0,0.32236660110212134,0.040909638237405455,0.0,0.422892686183413,0.0,0.0,0.32236660110212134,0.38198304794600757
8,4,44,0.20105217016258337,0.14015215789264954,0.0,0.0,0.2982238250388044,0.0,0.0,0.430599249824089,0.2843831081715757
8,4,46,0.0,0.0,0.0,0.0,0.5293503559706514,0.0,0.0,0.5293503559706514,0.5293503559706514
8,4,47,0.0,0.0,0.0,0.0,0.0,0.41986678758490276,0.41986678758490276,0.0,-0.41986678758490276
8,4,49,0.0,0.0,4.6503147617408285,0.0,0.0,0.0,0.0,0.0,-4.6503147617408285
8,4,50,0.04320833220658362,0.19733372507622365,0.11256075786564665,0.10099268114789903,0.09872046020401926,0.16021393351028657,0.051067284559379346,0.2205761089504592,-0.15829732182100306
8,4,52,0.17875673794184174,0.5149708843874324,0.0,0.17875673794184174,0.20516911080800315,0.0,0.6937276223292742,0.20516911080800315,0.02641237286616142
8,4,53,0.0,0.6565411545856101,0.0,0.0,0.6565411545856101,0.0,0.6565411545856101,0.6565411545856101,0.6565411545856101
8,4,54,0.04946035471588586,0.7975729690802725,0.04946035471588586,0.0,0.9016763815867402,0.0,0.7975729690802725,0.570737739312558,1.024167281643276
8,5,3,0.2990035191825676,0.0,0.2990035191825676,0.0,0.0,0.0,0.0,0.0,-0.2990035191825676
8,5,4,0.0,0.0,0.4373672097591943,0.4373672097591943,0.0,1.824415722940455,0.0,0.0,-1.824415722940455
8,5,6,0.38229799208652765,0.11984391092802088,0.38229799208652765,0.11984391092802088,0.0,0.0,0.0,0.0,-0.38229799208652765
8,5,7,0.544297092073125,0.0,0.0,0.544297092073125,0.0,0.0,0.544297092073125,0.0,-0.544297092073125
8,5,11,0.0,0.0,0.0,0.0,0.0,0.29409542228672836,0.0,0.0,-0.29409542228672836
8,5,12,0.13414192051484933,0.09662475944733417,0.13414192051484933,0.2307666799621835,0.27409965100513434,0.26655152853794145,0.0,0.27409965100513434,0.007548122467192914
8,5,13,0.0,0.04767756636759914,0.0,0.04164669166870912,0.154622383293069,0.04164669166870912,0.046109355821028604,0.04767756636759914,0.11297569162435987
8,5,14,0.0,0.05993701493029552,0.0,0.09284264986731651,0.05993701493029552,0.09284264986731651,0.05993701493029552,0.05993701493029552,-0.03290563493702099
8,5,15,0.2917949886879046,0.0,0.2917949886879046,0.2917949886879046,0.0,0.2917949886879046,0.0,0.0,-0.2917949886879046
8,5,16,1.0012504136685034,0.0,0.0,1.0012504136685034,0.0,0.0,0.0,0.0,-1.0012504136685034
8,5,17,0.4133914680046071,0.08314182200906882,0.08314182200906882,0.08314182200906882,0.08314182200906882,0.08314182200906882,0.08314182200906882,0.3585572608518288,-0.05483420715277824
8,5,18,0.08816936184340336,0.1270232940072102,0.08816936184340336,0.2469628305205438,0.22855157680927052,0.370604810561175,0.0,0.22855157680927052,-0.26907652775911467
8,5,20,0.2204234046085084,0.12683397187085652,0.2204234046085084,0.2204234046085084,0.0,0.4160766477497269,0.2204234046085084,0.12683397187085652,-0.2892426758788704
8,5,21,0.3666541612177841,0.0,0.27842956371601063,0.4200850061905094,0.09609545769827797,0.059816194363490865,0.059816194363490865,0.0,-0.6024191122082421
8,5,22,0.3553495937077298,0.5198724832743706,0.2971943756078912,0.3553495937077298,0.9234884507293147,0.2971943756078912,0.19746182727153844,0.5765986634656743,0.568138857021585
8,5,23,0.3928030200598511,0.0,0.3928030200598511,0.3928030200598511,0.0,0.3928030200598511,0.0,0.0,-0.3928030200598511
8,5,24,0.12548557036925245,0.08613097289119954,0.0,0.0,0.1668013781447451,0.15745004534433854,0.15745004534433854,0.1668013781447451,-0.11613423756884592
8,5,25,0.35479794734573533,0.0,0.0,0.0,0.0,0.0,0.0,0.12129209801584145,-0.23350584932989388
8,5,26,0.0,4.095174210363816,0.0,0.0,4.291915991746269,4.336483274804209,0.0,4.095174210363816,4.050606927305876
8,5,27,0.15825742834109466,0.0,0.530282609280361,0.5962830724242265,0.12952729261508117,0.15825742834109466,0.0,0.12952729261508117,-0.8387809607484116
8,5,28,0.2212735529758457,0.2212735529758457,0.0,0.2212735529758457,0.14032123366633792,0.0,0.6560929582483499,0.40296693578117554,-0.25312602246717436
8,5,29,0.80190206728842,0.0,0.80190206728842,0.80190206728842,0.0,0.0,0.0,0.0,-0.80190206728842
8,5,31,0.0,0.0,0.0,0.0,0.16269934458390728,0.0,0.0,0.2877687265433538,0.2877687265433538
8,5,32,0.0,0.11775208908841384,0.0,0.0,0.11775208908841384,0.0,0.17843758402830648,0.0,-0.06068549493989264
8,5,33,0.23519555796982022,0.0,0.0,0.0,0.0,0.2419098186991667,0.0,0.0,-0.4771053766689869
8,5,34,0.0,1.0306641007715645,0.2836730793938898,1.0306641007715645,1.0306641007715645,0.0,0.0,1.0306641007715645,0.7469910213776747
8,5,35,0.0,8.613097289119954,0.0,0.0,8.613097289119954,0.0,0.0,8.613097289119954,8.613097289119954
8,5,36,0.04753879662079032,0.04003878425675546,0.08600754937940117,0.10322470936399246,0.029717914721159373,0.04753879662079032,0.04753879662079032,0.06975669897791484,-0.07193676314468844
8,5,37,0.3332616543108777,0.0,0.0,0.3332616543108777,0.0,0.3332616543108777,0.3332616543108777,0.0,-0.3332616543108777
8,5,38,0.3961131775495877,0.06698260986564614,0.36576463097199374,0.36576463097199374,0.10113424573472043,0.5794266161323562,0.035246782721240474,0.34603781373141096,-0.014828581096936282
8,5,39,0.44171658529997193,0.19835244442014385,0.2428776481244162,0.21460205010667463,0.07870485131812606,0.44171658529997193,0.0,0.07870485131812606,-0.6305825182036231
8,5,40,0.0,0.0,0.0,0.0,0.0,0.0,0.0,0.8044053207382879,0.8044053207382879
8,5,41,0.39511179320553574,0.0,0.0,0.6670081249598198,0.0,0.271896331754284,0.0,0.0,-0.6670081249598198
8,5,43,0.31472235677559685,0.0,0.0,0.31472235677559685,0.0,0.0,0.0,0.4168979398648216,0.10217558308922475
8,5,44,0.0,0.28606539820559485,0.0,0.33869697715296326,0.28606539820559485,0.33869697715296326,0.0,0.28606539820559485,-0.05263157894736842
8,5,47,0.07157613655153804,0.16495886806561016,0.08112011614267643,0.051530317757160854,0.1969019338587277,0.05945995476290696,0.15195814927821136,0.16180645515250922,0.0887138924490254
8,5,48,0.1981585209327832,0.2004831668972991,0.0,0.1981585209327832,0.0,0.0,0.0,0.2004831668972991,-0.1981585209327832
8,5,49,0.0,0.0,0.0,0.21147492469777648,0.27294697256817085,0.21147492469777648,0.0,0.27294697256817085,0.06147204787039437
8,5,50,0.33488245837379255,0.1843855034959167,0.41283907081375515,0.0,0.0,0.0,0.0,0.1843855034959167,-0.2284535673178385
8,5,51,0.08001543001219188,0.0754572772509761,0.08001543001219188,0.15547270726316798,0.46656631603522875,0.2517791158423794,0.1717636858301875,0.46656631603522875,0.21478720019284936
8,5,52,0.05247715628107882,0.0,0.13225327726219213,0.0,0.07075020184857375,0.13225327726219213,0.0,0.3352991494313896,0.2828219931503108
8,6,2,0.0,0.0,0.24653865186626567,0.0,0.0,0.0,0.0,0.0,-0.24653865186626567
8,6,3,0.0,0.0,0.0,0.13667989443825201,0.500888301131368,0.0,0.0,0.17782673245913597,0.364208406693116
8,6,4,0.19414149239172493,0.0,0.0,0.0,0.0,0.0,0.0,0.0,-0.19414149239172493
8,6,5,0.0,0.13345852881527748,0.0,0.0,0.13345852881527748,0.07815072939496188,0.0,0.07815072939496188,0.13345852881527748
8,6,6,0.0,0.0,0.0,0.0,0.26660932344870214,0.0,0.0,0.26660932344870214,0.26660932344870214
8,6,8,0.2645080855302101,0.0,0.45498172061142944,0.0,0.373253052828183,0.16380696841455267,0.0,0.8880724581006871,0.2692837690747051
8,6,9,0.08917133441975245,0.0,0.0,0.08917133441975245,0.0,0.0,0.0,0.09058737609843838,0.0014160416786859337
8,6,10,0.06796817320683637,0.085370336279953,0.0,0.06796817320683637,0.21939733498511524,0.07667485528717187,0.0341308001686405,0.19468067156381796,-0.010430367939855868
8,6,11,0.0,0.15358860075888225,0.0,0.0,0.15358860075888225,0.0,0.15358860075888225,0.15358860075888225,0.15358860075888225
8,6,13,1.3225404276510504,0.0,0.0,0.04184607389440126,0.024101100347022383,0.04184607389440126,0.0,0.3255223052845475,-1.0147630959138818
8,6,14,0.3367988682611365,1.4860566739618355,0.3367988682611365,0.8800912644681645,0.9427642777548074,0.0,0.9427642777548074,0.32765568161894876,0.605965409493671
8,6,15,0.2737966053029927,0.14939455952583724,0.2000137732626225,0.26910762649083986,0.07214438706488321,0.375031497982039,0.045713433915962,0.16787501510726288,-0.2645520183984
8,6,16,0.0,0.17823142725528746,0.0,0.0,0.09758907183777232,0.0,0.02857462339700135,0.40725741141305843,0.40725741141305843
8,6,17,0.0,0.5550069953249377,0.0,0.0,0.5550069953249377,0.0,0.10684424400617895,0.5550069953249377,0.5550069953249377
8,6,18,0.4657311999971353,0.338324180303615,0.24380152646776726,0.338324180303615,0.0,0.33493883777191225,0.1521255676708939,0.06535706790065231,-0.5491143572356741
8,6,19,0.3570607602813116,0.43372515496457514,0.0,0.4222533590868982,0.2976150548144052,0.0,0.0,0.15342061116389494,0.028782306891401915
8,6,20,0.0,0.15358860075888225,0.0,0.0,0.15358860075888225,0.0,0.15358860075888225,0.15358860075888225,0.15358860075888225
8,6,22,0.0,2.457417612142116,0.0,0.0,2.457417612142116,0.0,2.457417612142116,2.457417612142116,2.457417612142116
8,6,24,0.0,0.0,0.0,0.0,0.0,0.0,0.0,1.3548557036925244,1.3548557036925244
8,6,25,0.0,0.0,0.0,0.0,0.2732130869525943,0.0,0.0,0.2732130869525943,0.2732130869525943
8,6,26,0.36358196294077205,0.2930154628803812,0.36358196294077205,0.36358196294077205,0.08477965392125769,0.36358196294077205,0.07977253111885968,0.8516359172889115,0.4880539543481394
8,6,27,0.14573873704429074,0.0,0.0,0.06544120350774531,0.0,0.0,0.0,0.1603352204312319,0.014596483386941167
8,6,28,0.1184746832278331,0.060883353878218166,0.12236249497292297,0.060883353878218166,0.060883353878218166,0.060883353878218166,0.060883353878218166,0.060883353878218166,-0.11907047044431973
8,6,29,0.19976575429081392,0.34193390849152294,0.2676535548198132,0.06773939543059265,0.27111685770239613,0.430058335753292,0.20337746227180348,0.36841433270909674,-0.013082798086101211
8,6,30,0.0,0.0,0.0,0.2975990208824455,0.0,0.2975990208824455,0.0,0.0,-0.2975990208824455
8,6,31,0.1921052867483343,0.1256576063516146,0.0,0.21732223952984844,0.0,1.3219550058142429,0.0,0.1256576063516146,-1.5140602925625772
8,6,32,0.0,0.0,0.0,1.5526493800224945,1.5526493800224945,0.0,1.5526493800224945,0.0,1.5526493800224945
8,6,33,0.0,1.6817725926365845,0.0,0.0,0.37200162900735373,0.0,0.0,0.37200162900735373,-0.937769334621877
8,6,34,0.0,0.0,0.0,1.032529985635801,0.0,1.032529985635801,0.0,0.0,-1.032529985635801
8,6,35,0.0,1.228708806071058,0.0,0.0,1.228708806071058,0.0,1.228708806071058,1.228708806071058,1.228708806071058
8,6,37,0.05835899773758092,0.0,0.0,0.0,0.19268274490681314,0.27602947903381875,0.0,0.046490903067941375,-0.14170573186458651
8,6,38,0.7221678473869414,0.07975090082518475,0.0,0.826626129535274,0.07975090082518475,0.3317429350143232,0.0,0.07975090082518475,-0.9741598815760799
8,6,39,0.0,0.0,0.0,0.0,0.9435120032257209,0.0,0.0,0.0,0.9435120032257209
8,6,40,0.11836953017349101,0.3010129983372614,0.05372862645903629,0.05372862645903629,0.1638278408094744,0.06464090371445473,0.1638278408094744,1.210542672731547,-0.982104951364568
8,6,42,0.0,0.976966163874638,0.0,0.0,0.976966163874638,0.0,0.0,0.0,0.976966163874638
8,6,43,0.0,0.058861660691562546,0.036032404560230685,0.059206548446131935,0.050049390081722454,0.03925821101184359,0.0,0.08896271333899666,-0.025241225490351814
8,6,44,0.0,0.409569602023686,0.0,0.0,0.409569602023686,0.0,0.409569602023686,2.3466625384185225,-1.5275233343711507
8,6,45,0.9091274301701058,0.9091274301701058,0.4744829511104089,0.9091274301701058,0.0,0.4744829511104089,0.4346444790596969,0.0,-0.9091274301701058
8,6,46,0.0,0.0,0.2177377809329001,0.2177377809329001,0.0,0.0,0.0,0.0,-0.2177377809329001
8,6,47,0.4109716720316839,0.12400054300245122,0.0,0.4109716720316839,0.12400054300245122,0.4109716720316839,0.0,0.4280899602096917,0.017118288178007812
8,6,48,0.052176744548930294,0.0,0.0,0.0,0.0,0.05963599855668924,0.0,0.0717441828294384,-0.18355692593505793
8,6,49,0.20299276388521736,0.19208021244785717,0.15003792495809906,0.262470086456467,0.23954182918280292,0.09790960197394674,0.038397150189720564,0.1810252319847412,0.07762240781862191
8,6,51,0.0,0.0,0.16201856867184694,0.0,0.0,0.0,0.0,0.12121643651524049,-0.040802132156606455
8,6,52,0.0,0.20785629928452584,0.0,0.3182290416410744,0.0,0.3182290416410744,0.0,0.0,-0.5260853409256002
8,7,1,0.0,0.0,0.0,0.0,0.0,0.0,0.0,0.454604815474503,0.454604815474503
8,7,2,0.23365617270985783,0.3152282589205327,0.1238575579890436,0.2737777254261186,0.29872915236968106,0.23938040803665547,0.05065826703708464,1.1390090664640045,0.6749057122479628
8,7,3,0.0,0.0,0.0,0.5031565104877501,0.0,0.5031565104877501,0.0,0.0,-0.5031565104877501
8,7,4,0.0,0.0,0.0,0.0,0.0,0.21512542028241394,0.08997145448247916,0.0,-0.21512542028241394
8,7,5,0.0,0.0,0.0,1.8271798545576634,0.22970042329017462,1.8271798545576634,0.0,2.0568802778478377,-1.5974794312674887
8,7,6,0.15292838971538184,0.0,0.15292838971538184,0.15292838971538184,0.08371961173176196,0.15292838971538184,0.15292838971538184,0.0,-0.06920877798361988
8,7,7,0.028095134456148026,0.525758127283186,0.028095134456148026,0.18752318135745813,1.722736686665646,0.1594280469013101,0.3109292562783625,0.5172743049395077,1.5981020477464367
8,7,8,0.2489868565176807,0.0,0.2489868565176807,0.2489868565176807,0.0,0.2489868565176807,0.0,1.4555051761900974,1.2065183196724167
8,7,9,0.2714709547403939,0.0,0.2714709547403939,0.2714709547403939,0.0,0.2714709547403939,0.0,0.0,-0.2714709547403939
8,7,10,0.0,2.4800108600490245,0.0,0.0,2.4800108600490245,0.0,0.0,2.4800108600490245,2.4800108600490245
8,7,11,0.07220392734288832,0.03967733436674814,0.07220392734288832,0.07220392734288832,0.13998640576690108,0.0,0.07220392734288832,0.04575692402163194,0.06778247842401276
8,7,12,0.0,0.11701988629248171,0.0,0.0,0.6049717952389136,0.0,0.11701988629248171,0.3530593328291897,0.6049717952389136
8,7,13,0.06128170953791918,0.032132881213504036,0.12431040750914824,0.06128170953791918,0.05811829485541847,0.06128170953791918,0.06128170953791918,0.0885827551387907,-0.035727652370357535
8,7,14,0.22410145357112524,0.14893440073588582,0.18880767067562976,0.45272762671624844,0.2315667447828197,0.12448159627208256,0.14893440073588582,0.7842575906392942,0.10087304102226743
8,7,15,0.0,0.0,0.0,0.0,0.0,0.0,0.0,1.4119383536079306,1.4119383536079306
8,7,16,0.13328432463175383,0.06614155116125822,0.13328432463175383,0.13328432463175383,0.10935688754461698,0.0671427734704956,0.0,0.1924122516788696,0.12526947820837397
8,7,17,0.0,0.0,0.0,0.0,0.41795445764224315,0.0,0.0,0.27381127109482617,0.41795445764224315
8,7,18,0.0,0.3376523532733234,0.0,0.0,0.4954078124358125,0.0,0.1638278408094744,0.32158329997196344,0.4954078124358125
8,7,19,0.0,0.0,0.9172754515902941,0.0,0.0,0.13209985839821528,0.0,0.0,-0.9172754515902941
8,7,21,0.5571107109143967,0.0,0.38094528263301664,0.0,0.0,0.19047264131650832,0.0,0.0,-0.5571107109143967
8,7,22,0.0,0.0,0.0,0.0,1.8693846351511185,1.8693846351511185,0.0,0.0,1.8693846351511185
8,7,23,0.0931099632541452,0.13277218867689825,0.0,0.058915111452811336,0.2761581915710986,1.1165906402711845,1.2208584636371298,0.0,-1.0663146006311293
8,7,24,0.0,0.0,0.0,0.0,1.1046327662843944,0.0,1.1046327662843944,0.0,1.1046327662843944
8,7,25,0.22682448970113242,0.0,0.0,0.08934166783297476,0.16167484945224034,0.08934166783297476,0.0,0.16167484945224034,-0.06514964024889208
8,7,26,0.3139049776944732,0.0,0.18547633018457196,0.3139049776944732,0.0,0.3139049776944732,0.0,0.0,-0.3139049776944732
8,7,29,0.0,0.4061078766733699,0.0,0.6336456242352513,0.6830081682526995,0.6837915883369386,0.0,0.6328622041510119,0.2761168714950903
8,7,30,0.04717967794504151,0.28207850851232597,0.04717967794504151,0.0,0.20450356824363686,0.09143707417067426,0.0,0.39545045323405925,0.3149532312459614
8,7,32,0.0,0.0,0.0,0.0,0.2087939900680002,0.4723501360330156,0.4723501360330156,0.2087939900680002,-0.2635561459650154
8,7,34,0.056146878761649,0.030561001569879228,0.025585877191769774,0.06143426901558894,0.03087326744570972,0.05132449205683343,0.0,0.08744284521592167,0.06667935472896748
8,7,35,0.4766480407505118,0.30369701288264045,0.5216755136701768,0.16603080304626927,0.0,0.16603080304626927,0.06237004588710623,0.21769661133995774,-0.5981746005001976
8,7,36,0.0,0.0,0.0,0.19032743222799883,0.9238757461386392,0.19032743222799883,0.0,0.0,0.7335483139106405
8,8,1,0.1424455356150187,0.6841371544257197,0.1424455356150187,0.5157569652413554,0.7181342159451622,0.38692395264490986,0.5553041418292741,0.7181342159451622,0.36520732481969487
8,8,2,0.0,0.5483241004434092,0.0,0.0,0.5483241004434092,0.0,0.5483241004434092,0.5483241004434092,0.5483241004434092
8,8,3,0.0,0.8042086806503335,0.0,0.0,0.8042086806503335,0.0,0.8042086806503335,0.8042086806503335,0.8042086806503335
8,8,4,0.0,2.4126260419510004,0.0,0.0,2.4126260419510004,0.0,2.4126260419510004,2.4126260419510004,2.4126260419510004
8,8,5,0.0,1.2063130209755002,0.0,0.0,1.5571161051413451,0.0,1.2063130209755002,1.5571161051413451,1.5571161051413451
8,8,6,0.0,1.5265756536739234,0.0,0.7872607010727639,1.5265756536739234,0.3337501378895011,1.9015707144380616,0.9813657616444124,0.6116976348659713
8,8,7,0.0,0.0,0.0,0.7300057181345073,0.0,0.0,0.0,0.0,-0.7300057181345073
8,8,8,0.07751988349054122,0.08467424428824082,0.0,0.0,0.1369875462259909,0.0,0.0,0.2125018074696346,0.1349819239790934
8,8,9,0.32730617473784074,0.0,0.0,0.4900501348588128,0.0,0.0,0.0,0.0,-0.8173563095966535
8,8,10,0.14546941099459587,0.0,0.0,0.2874770746088969,0.0,0.15679703864654682,0.0,0.0,-0.4329464856034928
8,8,11,0.305617235553067,0.3867428797470425,0.0,0.044188963950457745,0.4078398304374013,0.0,0.16815209030479908,0.04476627697839444,0.14698887186272877
8,8,13,0.16030793062436977,0.13558278715325608,0.0,0.14701504045764383,0.13558278715325608,0.0,0.0,0.13558278715325608,-0.17174018392875753
8,8,14,0.0,0.16829002391403142,0.025266383576356417,0.033759270595691324,0.4707759416115465,0.04837580187557601,0.16829002391403142,0.4707759416115465,0.36337448556392277
8,8,16,0.09118627147022362,0.9514480166427437,0.0,0.05326396041245372,0.8029165857248821,0.0,0.4993245601361536,0.6862508917678518,0.8033891753809491
8,8,17,0.4238671710627013,0.06171006447541128,0.08938820516954966,0.22808204024700343,0.06171006447541128,0.20602978417835685,0.14356820894129602,0.5080389467227614,0.09690295413433601
8,8,18,0.4499138184057398,0.16401633541685626,0.43434670961666083,0.4499138184057398,0.18005725529475478,0.44941564718256966,0.16401633541685626,0.16118681109739855,-0.269856563110985
8,8,19,0.0,0.05820989959361014,0.0,0.05820989959361014,0.0,0.0,0.0,0.24340090827343028,0.24340090827343028
8,8,20,0.3376990040309497,0.0,0.14131529918824529,0.14131529918824529,0.09466216541116679,0.26340786213702383,0.0,0.5131711210006152,0.1754721169696655
8,8,21,0.051133144710189406,0.08761264984605933,0.0,0.051133144710189406,0.4281688992524455,0.0,0.3926739209408855,0.3405562494063862,0.4281688992524455
8,8,23,0.0,0.0,0.0,0.0,0.253535559368286,0.0,0.0,0.253535559368286,0.253535559368286
8,8,24,0.0,0.05232538412090509,0.08165166784983754,0.08165166784983754,0.05232538412090509,0.2613687060258753,0.0,0.09061192961869483,0.18867729994489504
8,8,26,0.0,0.2228360112082901,0.0,0.0,0.3073274040026799,0.0,0.15871372353163415,0.16330096740696143,0.3073274040026799
8,8,27,0.18885295907113167,0.1620656307238722,0.0,0.18885295907113167,0.0,0.18885295907113167,0.18885295907113167,0.38026974721576606,0.19141678814463434
8,8,28,0.09311314401015357,0.24418491881308055,0.08266850159161998,0.025306667404556695,0.4363514468283731,0.10346713906661625,0.15426301472831225,0.4167824956852194,0.3432104398103593
8,8,29,0.0,0.0,0.0,0.0,0.295071044954695,0.0,0.0,0.0,0.295071044954695
8,8,30,0.502428084990577,0.23338948723253833,0.30520163715024246,0.19722644784033458,0.23338948723253833,0.12947641090227696,0.0,0.23338948723253833,-0.39851500866031564
8,8,31,0.13389798057457122,0.3608924074039139,0.0,0.17641804854917262,0.0,0.12253434421093486,0.0,0.0,0.17311072249110493
8,8,32,0.07422191763540449,0.06593221241893862,0.0,0.06887230546867544,0.09800840170362343,0.049045696485486116,0.02290592255937672,0.09800840170362343,-0.043852725525667005
8,8,33,0.22969513855331225,0.06067697807758311,0.11037608710124255,0.10533224805884453,0.34047118015773864,0.10533224805884453,0.11830856147745841,0.18491315350665719,0.23501221703350048
8,8,34,0.7305350206075335,0.007045485397866547,0.9027304096160489,0.7049834500841609,0.015018282765272112,0.8026735893885,0.0,0.015018282765272112,-0.8977358796092524
8,8,35,0.040762592877342775,0.0204784801011843,0.0,0.040762592877342775,0.0204784801011843,0.0,0.0204784801011843,0.06890580351105523,0.028143210633712445
8,8,36,0.07096455419610827,0.0,0.03199697472550712,0.0469183646024528,0.014989704861079832,0.04833488728696509,0.03259964064648744,0.014989704861079832,-0.03963693677357046
8,8,37,0.0,0.5862170037809813,0.0,0.0,0.5862170037809813,0.0,0.3510596588774451,0.5862170037809813,0.5862170037809813
8,8,39,0.0,0.0,0.0,0.0,0.43124290264651777,0.0,0.0,0.26292576527081507,0.43124290264651777
8,8,40,0.13277218867689825,0.08024859002188182,0.0,0.0,0.08024859002188182,0.13277218867689825,0.08024859002188182,0.08024859002188182,0.21302077869878006
8,8,42,0.16950577237510553,0.23803084870002814,0.16950577237510553,0.19918880996942628,0.3798505501436552,0.2552513695513556,0.02586755381202227,0.14654729083341894,0.1633076809137938
8,8,43,0.06463989448402366,0.0,0.0,0.06463989448402366,0.13588928137530812,0.15835938861789262,0.06949677453440169,0.13588928137530812,-0.022470107242584497
8,8,44,0.0,0.0,0.2711925170528922,0.0,0.5476225421896523,0.0,0.0,0.5476225421896523,0.2764300251367601
8,8,45,0.0,0.0,0.0,0.0,0.0,0.9012504136685033,0.0,0.0,-0.9012504136685033
8,9,2,0.0,0.0,0.0,0.0,0.5877957456226891,0.0,0.5877957456226891,0.5877957456226891,0.5877957456226891
8,9,3,0.2391930442965891,0.1240466004732089,0.0,0.29329174753025056,0.1240466004732089,0.12797419407386926,0.1240466004732089,0.1240466004732089,-0.2804639972797615
8,9,4,0.0,1.4580501636188998,0.0,0.0,1.4580501636188998,0.0,1.4580501636188998,0.40956960202368603,1.4580501636188998
8,9,5,0.23568872699675011,0.23568872699675011,0.0,0.0,0.23568872699675011,0.0,0.5650973673547078,0.8610356367939825,0.5316269964360248
8,9,6,0.0,0.2840730261677189,0.0,0.0,0.44314028845806663,0.0,0.0,0.2840730261677189,0.44314028845806663
8,9,7,0.19059265625966257,0.07606292609011311,0.07566263315605264,0.14746697964268954,0.24182126393998216,0.14746697964268954,0.14786727257675003,0.19398148580754676,0.12689124083637224
8,9,8,0.474772285023284,0.5222110188555253,1.3702155955860953,1.0604257812881424,0.6098187949154797,1.4336580729954282,0.6098187949154797,0.5222110188555253,-0.8238392780799483
8,9,9,0.0,0.0,0.0,0.0,0.0,0.05869597294236556,0.0,0.21740970263625212,0.15871372969388656
8,9,10,0.0444209656924319,0.0444209656924319,0.09757934236974103,0.0444209656924319,0.09317329956897479,0.04112702138255252,0.0,0.13318871036529856,-0.04442145359709
8,9,13,0.2928806496842574,0.13602789075558608,0.24873514028138305,0.4069911848160105,0.33699482455500107,0.23748498976609658,0.0595276874168892,0.3759587059260839,0.07987834359975442
8,9,14,0.0,0.25354261278482315,0.0,0.0,0.25354261278482315,0.0,0.0,0.25354261278482315,0.25354261278482315
8,9,15,0.21055761655674604,0.11040500187636679,0.15870609661746105,0.15870609661746105,0.11040500187636679,0.15870609661746105,0.051851519939285017,0.5356409005384849,0.37693480392102385
8,9,16,0.08787771406506378,0.04273769760247158,0.08787771406506378,0.08787771406506378,0.3732638903249914,0.08787771406506378,0.04273769760247158,0.5843794084535223,0.8270278871109783
8,9,18,0.0,0.40516432541641767,0.0,0.0,0.16890427481850515,0.0,0.0,0.40516432541641767,0.16890427481850515
8,9,19,0.0,0.10830267191963615,0.0,0.0,0.10830267191963615,0.2000999077580644,0.0,0.10830267191963615,-0.09179723583842826
8,9,20,0.0,0.4599709275527598,0.5935242565906302,0.0,0.3476818664046444,0.700869053992671,0.21984900462917087,0.3476818664046444,-0.021049121810740257
8,9,21,0.0,0.0,0.0,0.0,0.09725137886661205,0.11003083969961495,0.0,0.09725137886661205,0.207282218566227
8,9,22,0.0,0.0,0.3496190166076697,0.0,0.0,0.3496190166076697,0.0,0.0,-0.3496190166076697
8,9,23,0.1950073504820092,0.0,0.0,0.0,0.6424188261272686,0.0,0.0,0.33804741249104797,0.44741147564525946
8,9,25,0.2816021513033257,0.3191826179071695,0.2816021513033257,0.2816021513033257,0.11777625247991297,0.2816021513033257,0.0,0.25362212763676184,-0.027980023666563852
8,9,26,0.0,0.34857102880347896,0.0,0.0,0.34857102880347896,0.0,0.0,0.34857102880347896,0.34857102880347896
8,9,27,0.6471307952516184,0.08694893425004699,0.8345943751286702,0.7229982261886186,0.13718157129044736,0.7229982261886186,0.0,0.13718157129044736,-0.8007602585856016
8,9,28,0.5999888201470013,0.0,0.883661899540891,0.0,0.24055068628515075,0.0,0.0,0.3815576167396165,-0.5021042828012744
8,9,29,0.0,0.2638176106303597,0.0,0.0,0.0,0.0,0.0,0.19241443378376383,-0.07140317684659586
8,9,30,0.3175140032592574,0.0,0.20339438778966917,0.3175140032592574,0.0,0.3175140032592574,0.0,0.0,-0.5209083910489265
8,9,31,0.0,0.0,2.2500301030573002,0.0,0.7951621894538011,0.0,0.0,0.7951621894538011,-1.4548679136034992
8,9,33,0.21652579415459142,0.7678451644432156,0.21652579415459142,0.7678451644432156,0.0,0.0,0.0,0.0,-0.21652579415459142
8,9,34,0.04280193608865052,1.0276677372698704,0.012563208751254683,0.1038867347913,1.1704911199923984,0.08233895218058876,0.1188017831600784,1.1466608185256795,1.1007153765630644
8,9,35,0.0,0.0,0.0,0.0,0.0,0.0,0.0,1.534457444981091,1.534457444981091
8,9,36,0.9391814018807453,0.0,0.0,0.0,0.0,0.0,0.0,0.0,-0.9391814018807453
8,9,37,0.0,0.3276556816189488,0.0,0.15663106362233975,0.49667938786447285,0.15663106362233975,0.3276556816189488,0.49667938786447285,0.34004832424213305
8,9,38,0.0,0.25974960873191066,0.0,0.0,0.25974960873191066,0.0,0.25974960873191066,0.0,0.25974960873191066
8,9,41,0.0,0.43004973616704106,0.0,0.0,0.0,0.4016846422852344,0.0,0.0,0.02836509388180669
8,9,42,0.0,0.13690563554741308,0.0,0.0,0.360116926658217,0.0,0.2232112911108039,0.13690563554741308,0.360116926658217
8,9,43,0.0,0.0,0.0,0.0,0.0,0.2564130031023054,0.0,0.0,-0.2564130031023054
8,9,44,0.0,0.0,0.0,0.0,1.5906726229034773,0.0,0.0,0.0,1.5906726229034773
8,9,46,0.0,2.1853005287169096,0.0,0.0,2.1853005287169096,0.0,2.1853005287169096,0.0,2.1853005287169096
8,9,47,0.0913114240908662,0.05723101984728519,0.0913114240908662,0.0913114240908662,0.05723101984728519,0.0913114240908662,0.0913114240908662,0.05723101984728519,-0.03408040424358102
8,9,48,2.56446697160953,0.0,2.56446697160953,1.884203989176604,0.0,1.884203989176604,0.0,0.0,-2.56446697160953
8,10,1,0.0,0.12071194867825097,0.0,0.0,0.21027869357165818,0.0,0.0,0.0895667448934072,0.21027869357165818
8,10,2,0.0,1.4695101427797403,0.027029154523544072,0.0,1.4695101427797403,0.0,0.16049718004376365,0.2449668544778915,1.526950662690324
8,10,3,0.0,0.2428111698574344,0.0,0.0,0.2428111698574344,0.24456655392652316,0.2428111698574344,0.0,-0.0017553840690887612
8,10,4,0.05620504169995328,0.0,0.05620504169995328,0.0,0.040958719674675854,0.09622290646289437,0.0,0.0,-0.1114692284881718
8,10,5,0.10934180243979857,0.12195671034965964,0.2204234046085084,0.10934180243979857,0.6887597507715384,0.0,0.12195671034965964,0.6887597507715384,0.3589945437232315
8,10,6,0.0,0.0,0.0,0.0,0.41049616074928447,0.0,0.0,0.0,0.41049616074928447
8,10,7,0.0,0.2098219303519797,0.017092511645761612,0.06522147219115317,0.36834261464408147,0.06666737665251628,0.12717574480076949,0.3935276057835523,0.38553524182020504
8,10,8,0.07740698311658596,0.16237699162038444,0.024251610358734393,0.1231850180334722,0.14919324275726423,0.25149896954943857,0.15164121200693056,0.21029599323290882,-0.10160718263303532
8,10,9,0.0,0.2691592902849986,0.0,0.0,0.5170665108206418,0.0,0.2691592902849986,0.5170665108206418,0.5170665108206418
8,10,10,0.0,0.28264389274304635,0.0,0.0,0.28264389274304635,0.0,0.0,0.28264389274304635,0.28264389274304635
8,10,11,0.5028346802433975,0.05126843624476163,0.12557805996339574,0.08579739483590455,0.2616746774417891,0.08579739483590455,0.2616746774417891,0.36283120046267003,0.24256138324402818
8,10,12,0.17633872368680673,0.3182381357838402,0.0,0.17633872368680673,0.056158688642166596,0.0,0.0,0.5873872569496965,-0.5789033606615809
8,10,14,0.0,0.2973640485238688,0.0,0.10662042421774805,0.2973640485238688,0.0,0.1907436243061207,0.10662042421774805,0.2973640485238688
8,10,15,1.3279866652434358,0.0,0.0,0.3888052633626906,0.0,0.498335729689187,0.498335729689187,0.0,-1.4375171315699322
8,10,16,0.0,0.0,0.0,0.0,0.0,0.0,0.0,0.2124511523673804,0.2124511523673804
8,10,17,0.0,0.0,0.0,0.16401879791470925,0.17636447692705493,0.0,0.0,0.47152596148829534,0.1434883656588768
8,10,18,0.0,0.0,0.0,0.0,2.065788704515749,0.0,0.0,0.0,2.065788704515749
8,10,19,0.0,2.457417612142116,0.0,0.0,2.457417612142116,0.0,2.457417612142116,2.457417612142116,2.457417612142116
8,10,20,0.0,0.15358860075888225,0.0,0.0,0.15358860075888225,0.0,0.15358860075888225,0.8395670715530039,-0.5323898700352394
8,10,21,0.0,0.0,0.0,0.0,1.642187879827075,0.0,1.428552263109145,1.428552263109145,1.642187879827075
8,10,22,0.196454094157698,0.4646597884248214,0.21241587119352515,0.6203870777489361,0.4079712065554109,0.15737426352760212,0.10068568165819163,0.4079712065554109,0.15647550473178992
8,10,23,0.12352824013423416,0.0,0.0,0.12352824013423416,0.0,0.1000499538790322,0.0,0.0,-0.22357819401326637
8,10,24,0.541705467299912,0.12754930920617366,0.541705467299912,0.286155502729506,0.0,0.5612928758968445,0.0,0.0,-0.9754490339905828
8,10,25,0.029550127412322158,0.1296917518627956,0.056566611164121185,0.04877512056666548,0.1553597226601076,0.0702334637492489,0.09137996353206951,0.09535525819598283,0.017280859228170697
8,10,27,0.2699099361619865,0.3339257072333937,0.24877835558203226,0.5478475620537897,0.5633649930756891,0.5497744948344395,0.26866758201313357,0.7081131478394485,0.37257530986210863
8,10,28,0.10372866099223925,0.05874406589837101,0.07020393539129176,0.0,0.16247272689061024,0.10372866099223925,0.05874406589837101,0.10372866099223925,0.0922687914993185
8,10,29,0.0,0.09125786904352073,0.13185696296156554,0.0,0.09125786904352073,0.0,0.0,0.0,-0.04059909391804481
8,10,31,0.21245957895502313,0.0,0.21245957895502313,0.21245957895502313,0.4225476895600395,0.21245957895502313,0.0,0.0,0.2100881106050164
8,10,33,0.0,0.28488264688048326,0.0,0.0,0.28488264688048326,0.0,0.0,0.28488264688048326,0.28488264688048326
8,10,34,0.4581402107260788,0.2576660251928911,0.07597734892713975,0.7158062359189699,0.29952583105877206,0.4581402107260788,0.07597734892713975,0.33364337412003087,-0.1586143796673067
8,10,36,0.0,0.0,0.0,0.0,0.0,0.0,0.0,0.9380203646958487,0.9380203646958487
8,10,37,0.1656624632374953,2.0758584311792,0.1656624632374953,0.1656624632374953,2.0758584311792,0.1656624632374953,0.08427792990568615,1.8024651150109208,1.9101959679417047
8,10,38,0.0,0.0936967364337786,0.0,0.0936967364337786,0.0936967364337786,0.0,0.0,0.0936967364337786,0.0936967364337786
8,10,39,0.05892218174918753,0.4003997994402226,0.0,0.2576660251928911,0.4003997994402226,0.18432851755673765,0.1427337742473315,0.3165882069420786,0.21607128188348496
8,10,40,0.0,0.7929156254923714,0.0,0.6871094005143763,1.0590343956329593,0.0,0.0,0.6871094005143763,1.0590343956329593
8,10,41,0.0,0.040956960202368595,0.05636745165746458,0.0,0.21316021489015471,0.06350404672141725,0.040956960202368595,0.040956960202368595,0.09328871651127288
8,10,44,0.3054143133584241,0.0,0.16420140955277526,0.3054143133584241,0.0,0.14121290380564885,0.3114610813086263,0.0,-0.6168753946670504
8,10,45,0.03144719015732732,0.5136736073452306,0.198884603441855,0.19776118899621342,0.22487286071367743,0.2829038891226262,0.22487286071367743,0.22487286071367743,-0.1546321356923193
8,10,46,0.06322641108179752,0.0,0.14261638986237096,0.06322641108179752,0.0,0.3151464836327392,0.2519200725509417,0.16587346712027673,-0.2918894063748334
8,10,47,0.0,1.2838066849720136,0.0,0.0,1.2838066849720136,0.0,0.30761061746856977,1.2838066849720136,1.2838066849720136
8,10,49,0.06817752628025255,0.04572838584259568,0.17398076049233657,0.06817752628025255,0.0,0.0,0.0,0.0,-0.21970914633493224
8,10,50,0.0,0.17552982943872256,0.0,0.0,0.17552982943872256,0.0,0.17552982943872256,0.17552982943872256,0.17552982943872256
8,10,52,0.0,0.0,0.0,0.1763362911108039,0.1380790957855493,0.0,0.1380790957855493,0.0,0.3144153868963532
8,10,54,0.0,0.0,0.0,0.0,1.8193814702376216,0.0,0.0,1.8193814702376216,1.8193814702376216
8,10,55,0.0,0.31519231043765533,0.25877489667041575,0.0,1.020778984347116,0.25877489667041575,0.0,0.0,0.7620040876767002
8,11,1,0.27141119022896015,0.149187490892747,0.19001614826310778,0.27141119022896015,0.20978454319383186,0.19001614826310778,0.149187490892747,0.07596027706704953,-0.061626647035128324
8,11,2,0.0,0.18614428228926438,0.0,0.0,1.045863078810471,0.0,0.07395424753813969,0.8784238553469472,1.045863078810471
8,11,5,0.0,0.6307396130449935,0.0,0.0,0.6307396130449935,0.0,0.0,0.0,0.6307396130449935
8,11,6,0.08629483976105075,0.0,0.0,0.1773071190440463,0.0,0.0,0.0,0.0,0.004717439521944811
8,11,7,0.0,0.9591933474894451,0.0,0.2387122827533966,0.9591933474894451,0.2387122827533966,0.9591933474894451,0.8191392040473721,0.8605352081781215
8,11,8,0.07175222279614085,0.11061559884063117,0.0,0.0,0.17966943437815383,0.5212039904099403,0.0,0.16071875212672876,-0.30354603697845445
8,11,9,0.03503481076978718,0.2807765719839988,0.0,0.19727434835932023,0.4575179745288296,0.28124770587630077,0.36474992950097934,0.2807765719839988,0.17627026865252882
8,11,10,0.021667086373218094,0.062012690940584876,0.14082651251129313,0.03900290337614544,0.10095257730905854,0.0,0.0,0.2272961074455745,0.0307324164752915
8,11,11,0.10245615293244495,0.8651981086537334,0.0,0.0749516708554458,0.8882233897092898,0.028498794522958205,0.7191542691848496,0.43550429170922217,0.7123100325720759
8,11,12,0.4956828377270868,0.0,0.0,0.4956828377270868,0.0,0.7053113125212496,0.0,0.0,-0.7053113125212496
8,11,13,0.48915111452811333,0.0,0.0,0.48915111452811333,0.0,0.0,0.0,0.0,-0.48915111452811333
8,11,14,0.0,0.32299978953046965,0.032151730277405734,0.23436908794341754,0.34622417500313624,0.05716005135996417,0.11363902266961054,0.34622417500313624,0.3212158539205778
8,11,15,0.1950445117419233,0.4747036371230859,0.09340331323577539,0.17177735012859408,0.660094784780537,0.19153199851590896,0.44713238689208995,0.6189097370206841,0.3830949601487151
8,11,16,0.0457869315099085,0.05945144096696883,0.04445668311478399,0.0457869315099085,0.12777386780645603,0.0,0.05945144096696883,1.7404434941148879,1.7779737472966515
8,11,18,0.11739767523509316,0.04859893162067283,0.0,0.8454836202452936,0.14104983502233898,0.0,0.14104983502233898,0.15563574178748749,0.8271277335472882
8,11,19,0.863823863112538,0.10839915027620015,0.0,0.0639938916605347,0.0,0.0,0.0,0.04440525861566545,-0.8194186044968725
8,11,20,0.0,0.1783543229009065,0.0,0.0,0.40021706551532554,0.2232112911108039,0.40021706551532554,2.4844392849637735,2.439582316753876
8,11,21,0.09544240065370199,0.11425011963920577,0.25896231250194074,0.07511622748278998,0.14794238999555354,0.03156280482702337,0.0887869601669239,0.18293680374260793,0.0012201842527816073
8,11,22,0.0,0.16860713788045634,0.10879396226156779,0.10879396226156779,0.5266840171515349,0.10879396226156779,0.4488875214073555,0.5172772250100232,0.48627975849263483
8,11,24,0.5723388608633572,0.0,0.5723388608633572,0.5723388608633572,0.0,0.5723388608633572,0.0,0.0,-0.5723388608633572
8,11,25,0.07014379779156889,0.0,0.05268889346071468,0.07014379779156889,0.0,0.0,0.0,0.10817743085645098,-0.014655260395832592
8,11,26,0.0,0.8581662601003466,0.0,0.08013786620126266,1.1969504879215633,0.08013786620126266,0.0,0.42944840981195326,1.1168126217203007
8,11,27,0.0,0.16298771886210842,0.0,0.16298771886210842,0.1652630963612599,0.0,0.0,0.0,0.1652630963612599
8,11,28,0.0,0.387686541838316,0.0,0.0,0.5152512997168052,0.0,0.0,0.12756475787848906,0.5152512997168052
8,11,29,0.0,0.1404350325382932,0.0,0.17729567462118112,0.1404350325382932,0.17729567462118112,0.1404350325382932,0.1404350325382932,-0.03686064208288792
8,11,30,0.0,0.0,0.0,0.0,0.0,0.1630503715093711,0.0,0.1884864095274219,0.025436038018050805
8,11,31,0.0,0.1270232940072102,0.0,0.0,0.0,0.0,0.0,0.2182041164918938,0.0911808224846836
8,11,32,0.0,0.23759361162367898,0.0,0.0,0.23759361162367898,0.0,0.09451606200546601,0.23759361162367898,0.23759361162367898
8,11,33,0.0,0.08776491471936128,0.2550986184123473,0.0,0.08776491471936128,0.0,0.08776491471936128,0.08776491471936128,-0.16733370369298606
8,12,2,0.0,0.01763437082966584,0.045131238039884086,0.0,0.060144087750703505,0.02967517543741896,0.02134556070114772,0.021164156219889946,-0.014662325726599543
8,12,4,0.0,1.3515796866781637,0.0,0.0,1.3515796866781637,0.0,1.3515796866781637,1.3515796866781637,1.3515796866781637
8,12,5,0.0,0.0,1.0334032803868507,0.0,0.0,0.0,0.0,0.0,-1.0334032803868507
8,12,8,0.0,0.28615509923642596,0.0,0.0,0.5753683034006946,0.0,0.0,0.28615509923642596,0.5753683034006946
8,12,9,0.0,0.0,0.0,0.0,0.07900976082714518,0.0,0.0,0.06604164130450281,0.11753591506842316
8,12,10,0.12542284961195577,0.0965189808010378,0.09561516466828984,0.20823038942123331,0.16802435885756847,0.11960956471896794,0.08444277116392812,0.17482498008791297,-0.08581291066392523
8,12,11,0.0,0.0,0.0,0.9206136256768277,0.0,0.9206136256768277,0.0,0.0,-0.9206136256768277
8,12,12,0.0,0.0,0.3129144427533372,0.0,0.0,0.0,0.0,0.0,-0.3129144427533372
8,12,13,0.5265648727241026,0.5265648727241026,0.5265648727241026,0.5265648727241026,0.5265648727241026,1.0898463812669172,0.5265648727241026,0.5265648727241026,-0.5632815085428146
8,12,14,0.0,0.0,0.0,0.0,0.0,0.0,0.17652878661831084,0.0,0.17652878661831084
8,12,15,0.19310033958400297,0.0,0.0,0.0,0.4118039547267847,0.0,0.0,0.0,0.21870361514278178
8,12,16,0.14902448633200313,0.20741670538150436,0.3402457831270972,0.2101076142124058,0.2994694359052039,0.08082580678349638,0.21492361113080533,0.4191129090834613,0.10272117693155691
8,12,17,0.49613276144240465,0.0,0.49613276144240465,0.0,0.0,0.0,0.0,0.0,-0.49613276144240465
8,12,18,0.0,0.36821944658007083,0.0,0.6271420288016787,0.36821944658007083,0.2589225822216078,0.0,0.0,0.10929686435846303
8,12,19,0.135975435750414,0.07583655945118178,0.07518458810359824,0.07518458810359824,0.305896604063145,0.08288225823777966,0.07583655945118178,0.27035509989578504,0.18032830432760255
8,12,20,0.5342542863544835,0.0,0.4322148389895445,0.38410884539165047,0.10203944736493892,0.5429368459592989,0.28206939802671155,0.10203944736493892,-0.5910428395571931
8,12,21,0.5163484136165629,0.12400054300245124,0.0,0.5886280485601514,0.21527096670072665,0.4817970559799702,0.0,0.21527096670072665,-0.7828745028958065
8,12,22,0.0,1.8771715461682124,0.0,0.0,2.407395753802705,0.0,0.8191392040473721,0.8191392040473721,2.407395753802705
8,12,23,0.0,0.0,0.0,0.563187375282647,0.0,0.0,0.0,0.0,-0.563187375282647
8,12,24,0.0,0.25739835467909117,0.46677897446507666,0.0,0.0,0.0,0.0,0.25739835467909117,-0.2093806197859855
8,12,25,0.0,0.1562775724837339,0.0,0.14795576126949017,0.0,0.14795576126949017,0.0,0.1562775724837339,0.008321811214243718
8,12,26,1.2557915544088771,0.314596204166838,0.43305158830918283,0.8227399660996945,0.4075655581853642,0.0,0.0897842441817587,0.24665567209300923,-0.848225996223513
8,12,27,1.128334454577455,0.0,0.6456976454649456,0.6456976454649456,0.0,1.128334454577455,0.6456976454649456,0.0,-1.128334454577455
8,12,28,0.0,0.0,0.6897948783837061,0.0,0.0,0.0,0.0,0.0,-0.6897948783837061
8,12,29,0.0,0.73930339488198,0.0,0.14552474898402534,0.5937786458979547,0.0,0.5937786458979547,0.5937786458979547,0.0
8,12,30,0.16734298410816387,0.4733079323146949,0.04589655904880433,0.46469694973193615,0.5395315709942802,0.050737243460701714,0.0644240404991042,0.2498178997415792,0.07318292416523782
8,12,31,0.15747330483970284,0.582243978794822,0.15747330483970284,0.0,0.6914227678220903,0.08397335751698055,0.36463908106792753,0.6914227678220903,0.449976105465407
8,12,32,1.469360375870207,0.0,1.469360375870207,0.0,0.0,0.0,0.0,0.0,-1.469360375870207
8,12,33,0.5091163695622861,0.0,0.2659218211447794,0.5091163695622861,0.0,0.5091163695622861,0.0,0.0,-0.5091163695622861
8,12,34,0.046701326367236805,0.2233224388698941,0.25561674782093613,0.046701326367236805,0.24106992802567412,0.046701326367236805,0.17353857139810752,0.0675313566275666,-0.06124814616249877
8,12,35,0.3446608631358572,0.0,0.3446608631358572,0.3446608631358572,0.5178385907801282,0.3446608631358572,0.0,0.6602588758488765,0.7151200091212807
8,12,36,0.2409550224364652,0.0,0.2409550224364652,0.2409550224364652,0.0,0.2409550224364652,0.0,0.0,-0.2409550224364652
8,12,37,1.7067650752901997,0.06817607758942439,0.0,1.7347469060803782,0.1558311597559895,0.09657353101841527,0.03511093388669326,0.1558311597559895,-1.6253227474493739
8,12,38,0.0,0.0,0.0,0.0,0.0,2.309267331716965,2.309267331716965,0.0,-2.309267331716965
8,12,39,0.0,0.3071772015177645,0.0,0.0,0.3071772015177645,0.0,0.3071772015177645,0.3071772015177645,0.3071772015177645
8,12,40,0.23048187936989586,0.2351150548144052,0.23048187936989586,0.0,0.2351150548144052,0.0,0.0,0.0,0.004633175444509335
8,12,41,0.3075485674763892,0.34720854549046304,0.14242374447862008,0.4396615258777949,0.9154798054054726,0.14242374447862008,0.20478480101184302,0.20478480101184302,0.47581827952767775
8,12,42,0.0,0.09790994908724553,0.0,0.0,0.16388535418701827,0.0,0.046821072169825645,0.11706428201719261,0.16388535418701827
8,12,43,0.0,0.0,0.0,0.8728402442888917,0.0,0.8728402442888917,0.0,0.0,-0.8728402442888917
8,12,44,0.06610150196325856,0.15138905343872494,0.0,0.14571651744003064,0.15138905343872494,0.0,0.0,0.13893449603120772,0.1524480095447212
8,12,45,0.0,0.07391120610752762,0.4166222757387053,0.26798776380866707,0.6883818768656921,0.2795863065470936,0.04551613313503485,0.04551613313503485,0.23176598541606744
8,13,1,0.0,0.0,0.0,0.0,1.574857819455499,0.0,0.0,1.574857819455499,1.574857819455499
8,13,2,0.0,0.09241173015376973,0.0,0.04453216362352689,0.2089630257508027,0.0,0.0,0.2089630257508027,0.2089630257508027
8,13,3,0.5860242537243225,0.2368769036385908,0.036112839908550284,0.23914207035196514,0.19431260121278085,0.6339758244077074,0.06393572687421213,0.2509603951726987,-0.6122224618396315
8,13,4,0.0,0.0,0.0,0.0,0.0,0.2177954529687123,0.0,0.0,-0.2177954529687123
8,13,5,0.0,0.0,0.0,0.13615193041325688,0.7297423922377264,0.2933732865088789,0.3172482629719765,0.13615193041325688,0.5725210361421044
8,13,6,0.2150564609035753,0.13671582998603102,0.2150564609035753,0.2150564609035753,0.33870600432298054,0.2150564609035753,0.2150564609035753,0.13671582998603102,0.12364954341940522
8,13,7,0.1312277540330857,0.20666757167075203,0.1312277540330857,0.40742723097001465,0.20666757167075203,0.40742723097001465,0.0,0.20666757167075203,-0.3319874133323484
8,13,8,0.0,0.1965934089713693,0.0,0.0,0.1965934089713693,0.0,0.1965934089713693,0.1965934089713693,0.1965934089713693
8,13,9,0.0,0.0,0.0,0.11022185958609093,0.8474078439658032,0.11022185958609093,0.0,0.8474078439658032,0.7371859843797122
8,13,10,0.0,0.06192969080886959,0.0,0.0,0.05429234420211809,0.0,0.0,0.1692863176683244,0.045426936050585204
8,13,11,0.025609097707766208,0.1087203381429541,0.340408520635946,0.1874500903618364,0.16736718293644437,0.3147994229281798,0.061195412065072445,0.0,-0.25177108991838393
8,13,12,0.19954702568187105,0.325058055225577,0.10847604558666649,0.1014515289167099,0.09775094931204036,0.05050765602698036,0.09775094931204036,0.386985741220979,-0.06062093960705988
8,13,13,0.1433071729032488,0.04649396926997467,0.1215626399915195,0.11609679557231904,0.10358145859766144,0.11609679557231904,0.04649396926997467,0.18741598840002413,0.04410881549677533
8,13,15,0.0,0.0,0.0,0.0,0.4705336497516901,0.0,0.0,0.4705336497516901,0.4705336497516901
8,13,16,0.056771476027436,0.0903990124498963,0.056771476027436,0.2644572265604253,0.21173627321564065,0.21872040808812757,0.06727687057671133,0.17952918408011312,0.04674036197229838
8,13,17,0.0,0.20666757167075203,0.0,0.21450808553021009,0.20666757167075203,0.21450808553021009,0.0,0.4650296290739666,0.25052154354375655
8,13,18,0.1482918002969598,0.0,0.0,0.0,0.20390451962050912,0.0,0.0,0.2134155242470601,-0.15780280492351076
8,13,19,0.15584125198623408,0.0,0.15584125198623408,0.0,0.11356735909796487,0.0,0.0,0.0,-0.042273892888269216
8,13,20,0.15789059569393077,0.053200576937988436,0.0874293696254331,0.09069375492221175,0.23064593471345962,0.1485927801064033,0.0713985083771542,0.10212008941607009,-0.011765721356211789
8,13,21,0.0,0.48607456932265647,0.0,0.26142827160260923,0.26142827160260923,0.11450912388679167,0.3759373954894009,0.0,-0.11450912388679167
8,13,23,0.0,0.2403699288924876,0.34676212829531516,0.17177735012859408,0.6042069097708449,0.0,0.34676212829531516,0.5185394784239092,0.5356143310069514
8,13,24,0.0,0.26836199350510154,0.0,0.0,0.46846535627910507,0.0,0.0,0.26836199350510154,0.20010336277400353
8,13,25,0.0,0.11345385208980006,0.0,0.0,0.6333171620263517,0.0,0.0,0.0,0.6333171620263517
8,13,26,0.0,0.27381127109482617,0.0,0.0,0.7422766273739312,0.0,0.0,0.27381127109482617,0.7422766273739312
8,13,27,0.0,1.164240856559316,0.0,0.0,0.0,0.3149000906886771,0.3149000906886771,0.22865949026470722,-1.7078004375127005
8,13,29,0.0,0.21399624005835152,0.0,0.0,0.5261887609512969,0.0,0.21399624005835152,0.21399624005835152,0.5261887609512969
8,13,30,0.24296733894198896,0.1458978521635779,0.04724341181194364,0.29148763206769196,0.34480933130390173,0.24296733894198896,0.1501322370741197,0.4204517717686054,0.3186332284565279
8,13,31,0.03981862685645643,0.28381977421760757,0.0,0.20613262569534255,0.6379341140217655,0.0,0.0,0.31298941753323245,0.598115487165309
8,13,32,0.0,0.0,0.0,0.0,0.356925985736461,0.25673862596576824,0.0,0.2785847650088165,0.3787721247795092
8,13,33,0.6401276257209698,0.21017723143544856,0.0,0.0,0.21017723143544856,0.08555503193795734,0.1228708806071058,0.21017723143544856,-0.5155054262234786
8,13,34,0.0,0.7732922151752964,0.0,0.0,0.7732922151752964,0.0,0.0,0.0,0.7732922151752964
8,13,36,0.6670895438654857,0.0,0.2601540276651623,0.2601540276651623,0.0,0.6670895438654857,0.0,0.3941918140259298,-0.2728977298395558
8,13,37,0.24174804237157874,0.0,0.0,0.24174804237157874,0.0,0.24174804237157874,0.0,0.0,-0.24174804237157874
8,13,38,0.29389787281134455,0.0,0.29389787281134455,0.29389787281134455,0.11782760169655387,0.0,0.0,0.0,-0.17607027111479068
8,13,39,0.2540497470812566,0.08420912846100231,0.02565835173519087,0.04992334337427726,0.18083657439215295,0.17735150930679128,0.04857771000140264,0.1938646350129286,-0.21789589412539004
8,13,40,0.5905879909494897,0.11873460619804424,0.5905879909494897,0.9085060421780932,0.07312811089935387,0.6886016049467206,0.07312811089935387,0.07312811089935387,-0.88778504997728
8,13,41,0.07311754140459822,0.009223116500036248,0.017336553797641707,0.07599757137818997,0.009223116500036248,0.04681640165569113,0.0,0.022287383356010257,-0.08711889924349271
8,13,42,0.5558791078629169,0.0,0.3333790159365828,0.3478642688270948,0.15250496653059625,0.0,0.0,0.35932340410338476,-0.3219198806602928
8,14,1,0.3023919636690212,0.40651669737041607,0.23533896036604313,0.22640550355598402,0.7020302409336934,0.14723446570496573,0.1708634812063322,0.1652840098574449,0.3583232645660938
8,14,2,0.0,0.5500270835586761,0.0,0.21207385875425155,0.22377504405974247,0.042294984939555295,0.22377504405974247,0.14183500268916668,0.47978822749359124
8,14,3,0.0,0.05889441655177689,0.03128833549690525,0.0,0.05889441655177689,0.0,0.03128833549690525,0.13157031742731357,0.13157031742731357
8,14,4,0.0,0.1182610800322469,0.25667022781338167,0.0,0.3637990767261816,0.0,0.1182610800322469,0.15359069313378704,0.21401562321558695
8,14,7,0.0,0.16036347808456802,0.0,0.0,0.16036347808456802,0.0,0.07489868402042305,0.08546479406414498,0.16036347808456802
8,14,8,0.0,0.46968024250270834,0.0,0.3160916417438261,0.3744451937813603,0.09523504872134798,0.15358860075888225,0.5189294139044083,0.4236943651830603
8,14,9,0.05539529770074824,0.5083971569749413,0.05539529770074824,0.05539529770074824,0.6108753657188545,0.05539529770074824,0.2288570900624037,0.05842765593402264,0.3331893035054884
8,14,10,0.0,0.02978688014717716,0.0,0.07697309169921389,0.16184558044207556,0.0,0.10675997184639104,0.10675997184639104,0.16184558044207556
8,14,11,0.2150564609035753,0.2050737449790465,0.0,0.2150564609035753,0.31775621580939584,0.0,0.2050737449790465,0.31775621580939584,0.10269975490582055
8,14,12,0.0,1.2883301259644555,0.0,1.4347358430629162,1.2883301259644555,0.14640571709846065,0.0,1.3883800798434878,1.2419743627450273
8,14,14,0.08897508017817587,0.26826540105604807,0.1479231911197594,0.16027573240252532,0.14355162148533257,0.16027573240252532,0.0,0.14355162148533257,-0.37833616178584356
8,14,16,0.22805530259597298,0.16979936929902043,0.14422183124061377,0.2843888474374771,0.22958449653724536,0.15661481956235693,0.06554396523517207,0.23861851145711702,-0.02604996599398469
8,14,17,0.0,0.42375189223631304,0.0,0.42375189223631304,0.0,0.0,0.0,0.36684983088978473,-0.05690206134652831
8,14,18,0.1893552183183859,0.07400078514603667,0.316979233906333,0.0,0.03995412611280262,0.03769728190548438,0.015358860075888226,0.2714120165464682,-0.08326449926534918
8,14,19,0.0805012630183496,0.14893440073588582,0.0,0.31651485668218937,0.14893440073588582,0.31651485668218937,0.14893440073588582,0.14893440073588582,-0.24808171896465314
8,14,20,0.0,0.0,0.0,0.0,0.13337004934435198,0.0,0.0,0.0,0.13337004934435198
8,14,21,0.18266899619896373,0.26775938526631377,0.0,0.18266899619896373,0.32318088171928905,0.0,0.26775938526631377,0.0,0.32318088171928905
8,14,22,0.03287773376253471,0.14133202374886936,0.03904784270013775,0.03287773376253471,0.08818993322450355,0.4107578425889472,0.470070042050916,0.08818993322450355,-0.3757099998888095
8,14,23,0.30713806577728625,0.0,0.30713806577728625,0.4764950287388518,0.0,0.30713806577728625,0.0,0.42144227656317107,-0.05505275217568071
8,14,24,0.0,0.37478500627679073,0.0,0.0,0.37478500627679073,0.0,0.0,0.37478500627679073,0.37478500627679073
8,14,25,0.0,0.30301490881427173,0.0,0.23790929028499855,0.39658388663212335,0.23790929028499855,0.30301490881427173,0.30301490881427173,0.15867459634712483
8,14,26,0.0,0.06553113632378976,0.0,1.4693280711637189,0.19307806891711937,0.0,0.127371919424934,0.2942523360041938,-1.1132349520583809
8,14,27,0.0,0.3733609240115668,0.0,0.5360563762836758,0.42782169617686955,0.11600910154849453,0.0788854666482627,0.5533935135487467,0.3118125946283751
8,14,29,0.07866792381840587,0.0,0.453544403651947,0.3499724012123304,0.012623785303177704,0.11250391177005012,0.0,0.048491124682716207,-0.48648129067069834
8,14,30,1.062177509415186,0.8816936184340336,1.062177509415186,0.0,0.8816936184340336,0.0,0.0,0.8816936184340336,-0.18048389098115236
8,14,31,0.0,0.0,0.0,0.0,0.0,0.4082228190548438,0.0,0.0,-0.4082228190548438
8,14,32,4.956828377270869,0.0,4.956828377270869,0.03677824777352635,0.0,0.09988515699939592,0.0,0.0,-5.056713534270265
8,14,33,0.25463228040097424,0.30150624811667065,0.05307314774658173,0.40072697957294395,0.30150624811667065,0.11751416567785644,0.2579918327444925,0.35510741181357636,-0.0021051523871894857
8,14,34,0.0,0.0,0.0,0.0,0.45447789225813634,0.0,0.0,0.0,0.45447789225813634
8,14,37,0.0,0.2935000361733355,0.0,0.0,0.26851967561629775,0.0,0.14289486326259218,0.17911422888663303,0.5152117572726406
8,14,38,0.046978652173147305,0.0,0.046978652173147305,0.046978652173147305,0.06222141640448232,0.046978652173147305,0.0,0.1339890485628176,0.08701039638967029
8,14,40,0.0,1.1588215362031846,0.0,0.0,3.730202193976047,0.0,1.1588215362031846,2.5713806577728624,3.730202193976047
8,14,41,0.0,0.19250390678166876,0.0,0.0,0.19250390678166876,0.0,0.05993701493029552,0.19250390678166876,0.19250390678166876
8,15,1,0.0,0.060072291057134644,0.0,0.0,0.05152604419376463,0.03838616401496815,0.0,0.0,0.041232633318054546
8,15,3,0.0,0.0,0.0,0.0,0.0,0.9525607008212588,0.0,0.0,-0.9525607008212588
8,15,4,0.0,0.819139204047372,0.0,0.0,0.819139204047372,0.0,0.819139204047372,0.819139204047372,0.819139204047372
8,15,5,0.0,0.39589525720541496,0.0,0.0,0.39589525720541496,0.0,0.0,0.0,0.39589525720541496
8,15,6,0.16752758820460784,0.0,0.16752758820460784,0.16752758820460784,0.0,0.06439315254767604,0.1031344356569318,0.0,-0.16752758820460784
8,15,7,0.0,0.0,0.6779812926322305,0.0,0.0,0.0,0.0,0.0,-0.6779812926322305
8,15,8,0.05648148000860604,0.0,0.05648148000860604,0.05648148000860604,0.06466147194975615,0.05648148000860604,0.06466147194975615,0.1396821759303695,0.08320069592176348
8,15,9,0.0,0.2166053438392723,0.0,0.0,0.2166053438392723,0.2166053438392723,0.0,0.2166053438392723,0.0
8,15,10,0.1588781732448129,0.11652601933591905,0.13831568389408144,0.391447388241921,0.1492558790776789,0.1588781732448129,0.2855247340980623,0.05638106926672932,-0.24219150916424212
8,15,11,0.7831226330969447,0.10504060758155477,0.344425003931913,0.0,0.10504060758155477,0.30100613162472156,0.10504060758155477,0.10504060758155477,-0.5246114163680159
8,15,12,0.0,0.0,0.26050044374689113,0.0,0.2651121038172462,0.4086887217180333,0.14818827797114215,0.0,-0.14357661790078705
8,15,15,0.06229732156726606,0.3452731676309535,0.07299230097110214,0.06106579447367001,0.25200924951023623,0.06387973810003542,0.10143670496135669,0.29117046314501677,0.3292129414314657
8,15,16,0.1443630035157711,0.0,0.2304799435480087,0.30755974500362615,0.027847702586616747,0.18635886453165254,0.0,0.3558340858739979,-0.07550796154189708
8,15,17,0.6395377558734878,0.659503614868383,0.11795054000605616,0.7451956587732592,0.10294793214251152,0.147315815510413,0.08569204390487623,0.044034131294234585,-0.6745062227319276
8,15,18,1.0219632793147269,0.0,0.0,0.0,0.0,0.0,0.0,0.0,-1.0219632793147269
8,15,20,0.6273667400739839,0.11365641635180648,0.30347928840433885,0.2915412781855398,0.0239198890662177,0.2915412781855398,0.0,0.4583583281586171,-0.4366298010346889
8,15,21,1.2548557036925245,0.0,2.0809937665710025,1.2548557036925245,0.0,1.2548557036925245,0.0,0.0,-2.0809937665710025
8,15,22,0.18638715324151803,0.13175147271456558,0.07704535080171945,0.6828599527970666,0.05470612191284613,0.45920115542339085,0.2319462375914341,0.25847493464811944,-0.26948413135923244
8,15,23,0.15870485131812606,0.1501755207420182,0.15870485131812606,0.0,0.1501755207420182,0.0,0.1501755207420182,0.9043677015251363,0.7456628502070103
8,15,24,0.9172982899467934,0.0,0.9172982899467934,0.3498177730464332,0.0,0.3498177730464332,0.0,0.03097967287457324,-1.1027025030928723
8,15,25,0.0,0.546092802698248,0.0,0.0,0.546092802698248,0.0,0.546092802698248,1.1183461456109836,1.1183461456109836
8,15,26,0.0,0.0,0.0,0.8751305355231036,0.0,0.8751305355231036,0.0,0.2978323477789994,0.0
8,15,28,0.0,0.0,0.0,0.0,1.335274739393656,1.335274739393656,0.0,0.0,1.335274739393656
8,15,29,0.0,0.3580627006205814,0.0,0.011537284710129454,0.3580627006205814,0.027743442410098143,0.34652541591045194,0.3580627006205814,0.3858061430306795
8,15,30,0.0,0.0,0.0,0.23006912569623247,0.0,0.23006912569623247,0.0,0.0,-0.23006912569623247
8,15,31,0.08506524372775878,0.05422135194761622,0.14398200068656114,0.22651791323281087,0.06304658676939849,0.1967646511103409,0.013215479516685256,0.4962973877950603,0.27642945519050127
8,15,32,0.0,0.28587280237805884,0.016373783711688475,0.0,0.569383296783272,0.0,0.016944508581782224,0.31532477389411867,0.5644487858117768
8,15,33,0.7547578044148529,0.26772586339317217,0.2806054265394767,0.7579956331198581,0.30872425770416423,0.7278973308410301,0.18227245594295857,0.502333194533855,-0.35412865160673185
8,15,34,0.0,0.0,0.0,0.0,0.17250527317187614,0.0,0.17250527317187614,0.29066272025679574,0.29066272025679574
8,15,35,0.09259199989158039,0.34553843894122277,0.0,0.0,0.4589983809522702,0.1806694504572272,0.16486898848399556,0.4589983809522702,0.4589983809522702
8,15,36,0.2967621282953151,0.41134205852829736,0.2967621282953151,0.0,0.40927556532059206,0.0,0.0,0.0,0.16507507144569306
8,16,1,0.0,0.0,0.0,0.21147492469777648,0.0,0.4045225278206339,0.0,0.0,-0.4045225278206339
8,16,2,1.2063130209755002,0.0,0.0,0.0,0.31231023751940334,0.0,0.0,0.0,-0.8940027834560969
8,16,4,0.0,0.0,2.2693846351511184,0.0,0.0,0.0,0.0,0.0,-2.2693846351511184
8,16,5,0.0,0.07621397640432613,0.0,0.0,0.11681036807993912,0.0,0.11681036807993912,0.10992450231458545,0.15052089399019844
8,16,6,0.0,0.0,0.0,0.0,0.0,0.0,0.0,0.48694282909085446,0.48694282909085446
8,16,7,0.0,0.0,0.0,0.0,0.11804506882947136,0.0,0.0,0.14199639706071027,0.2600414658901816
8,16,9,0.02146438418255868,0.6758329741537352,0.30887891684243624,0.02146438418255868,0.919896834868888,0.02146438418255868,0.26329474415808385,0.794098562003657,0.6214699737013818
8,16,10,0.0,0.0,0.15928686556355337,0.0,0.14989704861079833,0.0,0.14989704861079833,0.14989704861079833,-0.009389816952755037
8,16,11,0.0662857535534974,0.1714814469097338,0.0,0.15226181618401075,0.0,0.0662857535534974,0.0,0.06051744288360314,-0.2632258202101414
8,16,12,0.10763410859806655,0.03119927146787033,0.044085026838183626,0.10763410859806655,0.12880567844599666,0.044085026838183626,0.0,0.06189164343753426,0.021171569847930102
8,16,13,0.0,0.5338527916032874,0.0,0.0,0.5338527916032874,0.08344911237671326,0.5338527916032874,0.5338527916032874,0.45040367922657404
8,16,14,0.0,0.0,0.0,0.0,0.22500301030573003,0.2503473371301398,0.0,0.0,-0.025344326824409763
8,16,15,0.3513708399290972,0.0,0.0,0.1694715899713424,0.019134713681773358,0.021580558410149272,0.0,0.1659518627254321,-0.35489056717500744
8,16,16,1.5833115672139273,0.20357960426145547,0.0,0.09032344440256788,0.20357960426145547,1.5833115672139273,0.16270030437053748,0.04087929989091799,-1.3797319629524716
8,16,17,0.24215949684898738,0.0,0.24215949684898738,0.24215949684898738,0.0,0.24215949684898738,0.24215949684898738,0.0,-0.24215949684898738
8,16,18,1.8616742356119187,0.7942195940773318,1.8616742356119187,1.8616742356119187,0.7942195940773318,1.8616742356119187,0.0,0.7942195940773318,-1.067454641534587
8,16,19,0.42727123343586026,0.1725184243961367,0.42727123343586026,0.42727123343586026,0.0,0.0,0.42727123343586026,0.1725184243961367,-0.599789657831997
8,16,20,0.0,0.0,0.0,0.0,0.0,0.737387538733254,0.0,0.0,-0.737387538733254
8,16,21,0.0,0.20757857047264458,0.0,0.0,0.20757857047264458,0.09397140110735645,0.0,0.08590157524543567,0.1136071693652881
8,16,22,0.13218018435474196,0.3398592958396181,0.07949150845324404,0.13218018435474196,0.5092799531638305,0.13218018435474196,0.28659560343317075,0.4290295259694701,0.4187895627955707
8,16,23,0.0,1.547836277845439,0.0,0.0,0.9623192011070357,0.9623192011070357,0.9623192011070357,1.547836277845439,0.3768021243686322
8,16,24,0.2626629618737266,0.33860762806925443,0.0,0.2626629618737266,0.4035330412489882,0.0,0.1370804382283357,0.39364165019747394,0.39743129134439986
8,16,25,0.0,0.0,0.0,0.0,0.0,0.0,0.0,0.3262679529376865,0.3262679529376865
8,16,26,0.04769490507194643,0.06526344368550065,0.04769490507194643,0.5148157395399443,0.1247511079749108,0.5148157395399443,0.09660091347969325,0.224107362500967,-0.01954471057672888
8,16,27,0.0,0.272346299726319,0.0,0.13582309905175702,0.136523200674562,0.41986678758490276,0.5563899882594647,0.136523200674562,-0.2833435869103408
8,16,28,0.6451693827107259,0.0,0.0,0.0,0.3157936986747088,0.6451693827107259,0.0,0.6128802443720288,0.2835045603360117
8,16,29,0.22921962429363896,0.07882129233037458,0.12424684742812149,0.186140519087628,0.3116867619339627,0.046701326367236805,0.07882129233037458,0.21845115094884643,0.0012993954182132367
8,16,30,0.1875421832556503,0.5854645493200659,0.09551755814939784,0.0704916415659255,0.09551755814939784,0.0704916415659255,0.1875421832556503,0.09551755814939784,-0.5569456996934481
8,16,31,0.0,0.4093270735107795,0.0,0.4093270735107795,0.0,0.0,0.0,0.0,-0.4093270735107795
8,16,32,0.18623961816651705,0.1532918044348084,0.24407880435082432,0.3210411834483431,0.12022666700857389,0.22653016624717415,0.010228081169299947,0.08859837315397201,-0.24486554206981426
8,16,33,0.20548583601584194,0.037806424802186406,0.0,0.28439557535957005,0.17743475419759544,0.28439557535957005,0.037806424802186406,0.17743475419759544,-0.10696082116197458
8,16,34,0.0,0.20516911080800315,0.24730177357942928,0.0,0.20516911080800315,0.24730177357942928,0.20516911080800315,0.3615058382573113,0.11420406467788198
8,16,35,0.18971875231295174,0.33846415567786814,0.2537569169355728,0.3542550612861644,0.2138697178376186,0.05694656363605351,0.05694656363605351,0.15236266861960263,-0.10113057299428765
8,16,36,0.0,0.0,0.0,0.0,0.6116632226567701,0.0,0.0,0.6116632226567701,0.6116632226567701
8,16,37,0.0,0.9272304992459232,0.0,0.0,1.0266475381773905,0.0,0.10590967785423663,0.10590967785423663,1.0266475381773905
8,16,38,0.0,0.22345579946289537,0.0,0.014352534815148208,0.05962626217447965,0.014352534815148208,0.03079924348712783,0.07823062377643024,-0.06809575431925391
8,16,39,0.07951798235399775,0.6386882280805602,0.1473161116172208,0.0,0.3304552251513912,0.08546479406414498,0.3304552251513912,0.7241530221447052,0.5768369105274844
8,16,40,0.0,0.2378455617165149,0.44325191118483237,0.6810974729013473,0.2378455617165149,0.0,0.0,0.2378455617165149,-0.20540634946831746
8,17,1,0.024715300049493297,0.2664560650927358,0.0,0.03336565354729622,0.0,0.1775015354250066,0.0,0.03336565354729622,0.06423922961823587
8,17,2,0.0,0.1590299302450164,0.0,0.0,0.08301019693052479,0.0,0.0,0.0,0.04765470061589929
8,17,3,0.3011395500663631,0.14907551091622978,0.31385945250362796,0.4694349150901306,0.14007836341090923,0.18593752889315907,0.0,0.06401519345343938,-0.34750369570933115
8,17,4,0.0,1.0766371611399943,0.0,0.0,2.3132878121790803,0.0,0.0,2.3132878121790803,2.3132878121790803
8,17,6,0.0,0.12652878696277572,0.0,0.07250568846780908,0.24748650249011184,0.07250568846780908,0.12652878696277572,0.0,0.17498081402230273
8,17,7,0.15155298034139147,0.3373062875751932,0.03306351069127626,0.1897687264544119,0.6373825364407852,0.33480486322735103,0.31181307540317726,0.7173311868711031,0.26403685399363686
8,17,8,0.0,0.0,0.0,0.40210434032516673,0.0,0.0,0.0,0.4525153084698709,0.050410968144704194
8,17,9,0.0,0.2522459052025823,0.0,0.14054510465066788,0.2522459052025823,0.0,0.11170080055191436,0.2522459052025823,0.2522459052025823
8,17,10,0.0,0.21462300139668689,0.0,0.0,0.28764583870727745,0.1320666043147175,0.15959443209641294,0.0,0.2286020717031505
8,17,11,0.17238302692124058,0.14114800816970874,0.07348071514872674,0.43439764517231244,0.37321357273968025,0.03123501875153184,0.08241060185097847,0.5045140551894476,0.7028954840117342
8,17,12,0.276652062797423,0.4626330724093877,0.276652062797423,0.276652062797423,0.4626330724093877,0.276652062797423,0.17552982943872256,0.4626330724093877,0.18598100961196473
8,17,13,0.8669053207382879,0.0,0.8669053207382879,1.0454743536269309,0.0,1.0454743536269309,0.8669053207382879,0.0,-1.0454743536269309
8,17,14,0.0,0.6757924425482074,0.6643306802486898,0.0,0.0,0.0,0.0,0.0,0.011461762299517564
8,17,15,0.48116843145464755,0.0,0.48116843145464755,0.0,0.0,0.0,0.0,0.0,-0.48116843145464755
8,17,16,0.0,0.04985093500915458,0.0,0.0,0.04985093500915458,0.04463162692058159,0.04985093500915458,0.04570861701715868,0.050927925105731665
8,17,17,0.41042309394146376,0.018624054906840964,0.3947811287648027,0.37829549341516483,0.03107496138601984,0.5069398904549686,0.22458982635442465,0.08751814494004119,-0.5217615397568117
8,17,18,0.0,1.1236228396274521,0.39470891901024785,0.0,1.1236228396274521,0.18817440329062837,1.1236228396274521,1.1236228396274521,-0.08753171749248334
8,17,19,0.11480829590988852,0.1978480383422272,0.16428984973471808,0.2074265301705915,0.1552732991394797,0.07715773608318503,0.0,0.25382125264596217,0.10414166063652568
8,17,20,0.23357809021211512,0.14496866909695172,0.08768470758553662,0.1306867011155304,0.28914237296374123,0.5930738724502145,0.045651329811540665,0.555416787033545,0.30023499440302936
8,17,21,0.0,0.23609514318297048,0.0,0.09094095006807922,0.23609514318297048,0.0,0.14515419311489125,0.09094095006807922,0.23609514318297048
8,17,22,0.07734308930585908,0.0,0.07734308930585908,0.07734308930585908,0.06762694886114766,0.07734308930585908,0.0,0.14138853468527476,0.0640454453794157
8,17,23,0.36154315588002217,0.16372137045365384,0.36154315588002217,0.36154315588002217,0.19787022075528615,0.36154315588002217,0.16372137045365384,0.19787022075528615,-0.16367293512473602
8,17,24,0.5555421584953263,0.11897002931778973,0.5555421584953263,0.8149253046695735,0.11897002931778973,0.7277146770738167,0.03889824787208972,0.11897002931778973,-0.6087446477560269
8,17,25,0.0,0.23968782185604176,0.0,0.46360244800662864,0.0,0.22391462615058685,0.0,0.0,-0.22391462615058685
8,17,26,0.031482175485237116,0.0368175022845795,0.01188329394552008,0.027597136576243485,0.6894794004157295,0.015713842630723403,0.35162629328421074,0.675714599684312,0.6655098204660128
8,17,27,0.30135253463523504,0.35943391291722326,0.03493719735195476,0.33892179479578327,0.38749216357278526,0.028182162008529053,0.24520588060121842,0.34703895617107444,0.04416664907753165
8,17,28,0.0,0.08622517937340757,0.0,0.09318032998569316,0.08622517937340757,0.1789963149906253,0.08622517937340757,0.08622517937340757,-0.09277113561721774
8,17,29,0.0,0.0,0.0,0.0,0.0,0.0,0.0,2.1740970263625212,2.1740970263625212
8,18,1,0.09091871600799012,0.49443043247168017,0.09091871600799012,0.10425631705791877,0.6043549347862656,0.10425631705791877,0.17938306099972257,0.6043549347862656,0.45635603305065164
8,18,2,0.0,0.2218848767195279,0.0,0.018188190013615844,0.2218848767195279,0.0,0.0,0.2218848767195279,0.2218848767195279
8,18,3,0.3957438333327981,0.14488149301989894,0.31027903926865313,0.3957438333327981,0.24511094563871177,0.31027903926865313,0.0,0.24511094563871177,-0.15063288769408634
8,18,4,0.0,0.6153374533983096,0.0,0.0,0.6153374533983096,0.0,0.2772806363518787,0.6153374533983096,0.6153374533983096
8,18,5,0.07405269489699255,0.08972620714185743,0.07405269489699255,0.12405231065429692,0.11977748546487346,0.07405269489699255,0.030051278323016024,0.059206548446131935,0.045724790567880896
8,18,6,0.02787364582126739,0.32542825129833913,0.02787364582126739,0.02787364582126739,0.5047186305293363,0.02787364582126739,0.4011223344303309,0.4671083631684761,0.4950137996615263
8,18,7,0.06235636650680161,0.12437966674340606,0.11588120539881981,0.06235636650680161,0.12437966674340606,0.06235636650680161,0.12437966674340606,0.18230332425231943,0.06642211885349962
8,18,8,1.5372965138113497,0.11394664331734333,1.4435052943639428,0.09379121944740687,0.11394664331734333,0.09379121944740687,0.0,0.11394664331734333,-1.4233498704940064
8,18,9,0.0,0.0,0.0,0.0,0.21180881705067203,0.0,0.0,0.0,0.21180881705067203
8,18,10,0.0,0.2764601811530603,0.0,0.0,0.09451606200546601,0.0,0.09451606200546601,0.09451606200546601,0.2764601811530603
8,18,11,0.0,0.057227939017806186,0.0,0.0,0.025689370197459045,0.0,0.0,0.0910422114290819,0.1482701504468881
8,18,12,0.14428464044459086,0.0,0.0,0.14428464044459086,0.1710251573291707,0.19087046087583973,0.07494852430539917,0.1710251573291707,0.1244393368979218
8,18,13,0.4761840877030483,0.0,0.0,0.0,0.0,0.0,0.0,0.0,-0.4761840877030483
8,18,15,0.0,0.0,0.0,0.0,0.03879232602356288,0.05237750225655933,0.0,0.1466664804696023,0.09428897821304295
8,18,16,0.3658412985369981,0.10955453627430636,0.0,0.1598322448906009,0.10598647439118397,0.03172123870466647,0.0,0.08097429512268406,-0.23918200887941884
8,18,17,0.0,0.0,0.0,1.0219632793147269,0.0,0.0,0.0,0.0,-1.0219632793147269
8,18,18,0.039627950317447695,0.32123978538410053,0.11465972269531156,0.21385001668604406,0.16045025808859306,0.25183630094026915,0.08994432085982833,0.15669476150790362,0.17578639860973316
8,18,19,0.06351058210675778,0.03940590610328899,0.11486048458767867,0.07658288822154445,0.14522476402972048,0.014356325941388555,0.1609842087729612,0.06772117536675129,-0.03454942146656817
8,18,21,0.33369817235664145,0.0,0.31914456550278814,0.23084294604572697,0.0,0.23084294604572697,0.0,0.0,-0.4261501668064911
8,18,22,0.2595930943235827,0.030244034878646645,0.03112335706471009,0.14066840982746998,0.030244034878646645,0.1444351325073891,0.04909592621067611,0.030244034878646645,-0.28979818599701984
8,18,23,0.0,0.08000035032416208,0.0,0.0,0.39263587551621426,0.0,0.0,0.17677361492163654,0.39263587551621426
8,18,24,0.0,0.06577143714848341,0.0,0.0,0.21438014086645532,0.0,0.0,0.0,0.21438014086645532
8,18,25,0.0,1.0542255782934944,0.0,0.0,1.0542255782934944,0.26451016102910174,0.7897154172643925,0.26451016102910174,1.0542255782934944
8,18,27,0.09910978599160389,0.1388180912345986,0.09910978599160389,0.09910978599160389,0.18624286850915697,0.11961926668460654,0.05542788133937921,0.09814202819342406,0.005347767268796951
8,18,28,0.1634405479176815,0.34992924951451915,0.0,0.17023334239254137,0.1180518093106518,0.12748515060810403,0.04320959994940418,0.08454311428355459,0.04509557904210156
8,18,29,0.36286472804875003,0.1673156007746046,2.0123367598743123,0.5301803288233546,0.1673156007746046,0.36286472804875003,0.0,0.1673156007746046,-2.2078858871484575
8,18,30,0.1788558940197991,0.0,0.28027293913372836,0.1788558940197991,0.0,0.1788558940197991,0.0,0.11688693690121081,-0.16338600223251756
8,18,31,0.0,0.0,0.12913929383471057,0.0,0.11268247083034932,0.11996193930997222,0.11996193930997222,0.11268247083034932,-0.13641876231433345
8,18,32,0.0,0.0,0.0,0.0,0.7304734958598486,0.0,0.0,0.0,0.7304734958598486
8,18,33,0.0,0.7177581074266628,0.0,0.0,0.7177581074266628,0.0,0.0,0.7177581074266628,0.7177581074266628
8,18,34,0.0,0.2903083862297825,0.0,0.0,0.2903083862297825,0.0,0.0,0.4665403646341072,0.7568487508638897
8,18,35,0.0,0.08921639945855163,0.0,0.0,0.13635756738600874,0.0,0.08921639945855163,0.03091091336027819,0.13635756738600874
8,18,36,0.0,0.0,0.0,1.783426688395049,0.0,0.4792541456475179,0.0,0.0,-2.262680834042567
8,18,38,0.1280903581771709,0.06928780776282395,0.11587746704628013,0.07526055082094808,0.06928780776282395,0.09111434029482232,0.06928780776282395,0.15601141930161982,-0.03988469897106112
8,18,39,0.10481977807315021,0.32308556557210955,0.1420602911015787,0.3423896254021895,0.32308556557210955,0.27218448616349444,0.3905442825514704,0.2628870442109052,-0.1120671937982062
8,18,40,0.09630099804769993,0.050516576300251144,0.0,0.0375316595462725,0.0,0.0375316595462725,0.0,0.050516576300251144,-0.04578442174744877
8,19,1,0.0,0.09974168717144173,0.0,0.09974168717144173,0.09974168717144173,0.19004874662197205,0.0,0.09974168717144173,-0.09030705945053032
8,19,3,0.0,0.2913534978504431,0.0,0.0,0.2913534978504431,0.0,0.15357511673660842,0.2913534978504431,0.2913534978504431
8,19,4,0.0,0.5196095151671278,0.0,0.0,0.5196095151671278,0.0,0.1023924005059215,0.4182118828965492,0.5196095151671278
8,19,5,0.0,0.0,0.0,0.9891089271318417,0.2033741807298841,0.9891089271318417,0.2033741807298841,0.2033741807298841,-0.7857347464019576
8,19,6,0.21705060025297196,0.0,0.13456090713207736,0.39348348935368516,0.06258543339310313,0.3414122753425024,0.0,0.06258543339310313,-0.41338774908147663
8,19,7,0.0,0.06392631213293853,0.08826439330915542,0.2959736518471636,0.0,0.2959736518471636,0.10047625089062572,0.0,-0.2320473397142251
8,19,8,0.0,0.0,0.0,0.0,0.0,0.42004485939928937,0.0,0.0,-0.42004485939928937
8,19,9,0.0,0.0,0.0,0.0,0.0,0.0,0.0,0.42487100376607445,0.42487100376607445
8,19,10,0.0,0.34585877504222373,0.0,0.0,0.6458627887831971,0.0,0.34585877504222373,0.34585877504222373,0.6458627887831971
8,19,11,0.08274178713715695,0.08274178713715695,0.0,0.0,0.1865924326162467,0.0,0.08274178713715695,0.1865924326162467,0.1865924326162467
8,19,12,0.10583800108641912,1.0765648592604575,0.0,0.0,1.4897126894355408,0.0,0.9829670448568465,1.0559833838154666,1.3838746883491215
8,19,13,0.0,0.19255396947432618,0.40174611208562216,0.0,0.0,0.25646440652157276,0.0,0.0,-0.40174611208562216
8,19,14,0.0,0.0,0.0,1.9355081481321776,0.0,0.0,0.0,0.0,-1.9355081481321776
8,19,16,0.06634265963523804,0.0204784801011843,0.03112335706471009,0.03112335706471009,0.0204784801011843,0.03112335706471009,0.0204784801011843,0.0204784801011843,-0.045864179534053744
8,19,19,1.2474032157819865,0.0,1.2474032157819865,1.2474032157819865,0.0,0.0,0.0,0.0,-1.2474032157819865
8,19,20,0.0,0.2186245869947946,0.0,0.0,0.36323118907692886,0.0,0.0,0.2186245869947946,0.36323118907692886
8,19,21,0.0,0.0577161426503607,0.03988125250777826,0.0,0.02409232953080506,0.0,0.02409232953080506,0.02409232953080506,-0.04941273609652885
8,19,22,0.5433835006273956,0.0,0.0,0.5433835006273956,0.0,0.5433835006273956,0.0,0.0,-0.5433835006273956
8,19,23,0.0,0.35267744737361345,0.0,0.0,0.35267744737361345,0.0,0.35267744737361345,0.0,0.35267744737361345
8,19,25,0.04233520043456765,0.0442850754369715,0.0,0.0,0.19476506595431042,0.025192007255094167,0.060353864044844975,0.2173475268175591,0.2651384528554854
8,19,26,0.08914885557168209,0.3084526603691439,0.32534542228672836,0.08914885557168209,0.3084526603691439,0.3253239235881899,0.5446277283856518,0.0,-0.34221668550577433
8,19,27,0.0,1.8305300287088484,0.0,0.0,1.5377714903396467,0.13995559586163425,1.677727086201281,0.2927585383692017,1.1050573561088108
8,19,28,0.0,0.12612295260129114,0.0,0.07027255232533394,0.28008382802089615,0.0,0.05585040027595718,0.35968025200690124,0.35968025200690124
8,19,29,0.0,0.0,0.0,0.0,0.0,0.0,0.0,0.9867407543533585,0.9867407543533585
8,19,31,0.19263269722516121,0.24884409045421058,0.0,0.03398748447785252,0.150707173445546,0.05909277462067966,0.058922181749187515,0.5422963007400349,0.5187771245866643
8,19,32,0.44585667209876223,0.0,0.0,0.44585667209876223,0.0,0.0,0.0,0.0,-0.44585667209876223
8,19,33,0.10374452354903363,0.6295016367029607,0.2204392671653028,0.21417282006027266,0.515053774689346,0.10374452354903363,0.0,0.6332508911034668,0.24665058871310724
8,19,34,0.0,0.22340160110382873,0.0,0.0,0.22340160110382873,0.0,0.22340160110382873,0.22340160110382873,0.22340160110382873
8,19,35,0.9685464681974183,0.0,0.0,0.0,0.0,1.2904216159361694,0.0,0.0,-1.2904216159361694
8,19,36,0.0,0.07276237449201267,0.0,0.7426822272100286,0.0,0.6699198527180159,0.0,0.0,-0.6699198527180159
8,19,37,0.22064638973730694,0.18533733631320506,0.23225242380985092,0.19169887271489636,0.3990755943178239,0.21598284498398831,0.030467367107325314,0.17542997555530174,0.0676629390443432
8,19,38,0.1210711684996314,0.11173332255631295,0.09644729307839696,0.030269937106123423,0.17999289623238995,0.28808881233579553,0.046022614107034426,0.22124445114204574,-0.03704107161062137
8,19,39,0.4309196622338256,0.25132061936070516,0.0,0.23647646246150675,0.6058732553520592,0.23647646246150675,0.567644303936011,0.5489958357636727,0.36939679289055233
8,19,40,0.0,0.3158419690307956,0.0,0.0,0.27910275472490637,0.0,0.14046321650947693,0.07236151226111788,0.10372400220358768
8,19,41,0.0,0.0,0.06739059696919565,0.0,0.0,0.0,0.0,0.04810360844594096,-0.019286988523254694
8,20,1,0.13090681961013448,0.10417340159390677,0.08546255822880806,0.19892250023985544,0.31845512307497864,0.19892250023985544,0.24989646948313152,0.14907469001310703,0.1875483034648442
8,20,2,0.3441556609220187,0.12824618490491785,0.2611248757644728,0.35683353541825447,0.11225618656067224,0.2506565061278978,0.0388175073096864,0.07877882085675492,-0.22611220948240612
8,20,3,0.6447435175084355,0.0,0.6447435175084355,0.6447435175084355,0.0,0.0,0.0,0.0,-0.6447435175084355
8,20,7,0.37361061093789444,0.5850220514460276,0.0,0.9586326623839221,0.5850220514460276,0.37361061093789444,0.0,0.0,0.21141144050813315
8,20,8,0.0,0.0,0.0,0.0,0.6923169547868616,0.0,0.0,0.0,0.6923169547868616
8,20,9,0.21771883682925003,0.20601271754723283,0.21771883682925003,0.0,0.20601271754723283,0.24822107026350615,0.20601271754723283,2.0695070236361315,1.8095798340906082
8,20,10,0.16976376580750957,0.41616008676878186,0.16976376580750957,0.16976376580750957,0.6154035726059178,0.42011110293764936,0.41616008676878186,0.0,0.19529246966826844
8,20,11,0.04046849122952822,0.046121260390353254,0.0,0.09919967362748183,0.1995265816829118,0.13966816485701006,0.10520312059851376,0.09023077479372284,0.10396793122927134
8,20,12,0.11238960526311556,0.39854035681465383,0.15109810558460973,0.21378568976234372,0.3565237474012568,0.11238960526311556,0.07931865366587071,0.38677834047361426,0.23983780460259915
8,20,13,0.0,1.5459961511573468,0.33899064631611525,1.5459961511573468,1.5459961511573468,0.0,0.0,1.5459961511573468,1.2070055048412316
8,20,14,0.06761136340928618,0.16826152504951777,0.06761136340928618,0.22435473328555633,0.225096958218993,0.29330503058097473,0.0,0.4805750680254381,-0.06820807236198169
8,20,15,0.3155945219599205,0.06083680418983314,0.2646245704724679,0.3446545118004051,0.20594203333474592,0.28381770761057196,0.026072340473331963,0.1530172067127458,-0.14498131342223589
8,20,16,0.0,0.0818654147021559,0.1164487035016871,0.0,0.17218912828165753,0.3014360366703926,0.10796574537897499,0.0818654147021559,-0.129246908388735
8,20,17,0.0,0.3561743801116114,0.050931718117373896,0.0,0.772926602181296,0.2436063195265546,0.3031437909790467,0.5024507807216744,0.6025261702603548
8,20,18,0.46636653528270555,0.0,0.4220883394618969,0.22212499431404606,0.0,0.33817269793949345,0.2442415409686595,0.0,-0.5502821768051089
8,20,19,0.2073555539866449,0.0,0.2073555539866449,0.2073555539866449,0.0,0.2073555539866449,0.0,0.0,-0.2073555539866449
8,20,20,0.10130923394278124,0.22791086970184055,0.10663810613592545,0.056179644796026544,0.22791086970184055,0.07081906366331163,0.17983068138104621,0.4150290118640514,0.24884643405309764
8,20,21,0.48034860965909587,0.21957146210496448,0.5442213146162663,0.48034860965909587,0.5122513183160597,0.5964268578130183,0.1349258557107644,0.21653498568841942,0.07258825838695818
8,20,22,0.0,1.1257123494545223,0.0,0.0,1.1257123494545223,0.0,1.1257123494545223,0.0,1.1257123494545223
8,20,23,0.06855903472728345,0.45721700763701606,0.06855903472728345,0.21943345952422716,0.28858176792513596,0.06855903472728345,0.2554908198286817,0.38772193445002956,0.5940187846004508
8,20,24,0.494597822466046,0.08716846602168901,0.494597822466046,0.494597822466046,0.19188809327076056,0.5955632975785411,0.08716846602168901,0.11857468535083215,-0.7175182903453288
8,20,25,0.0,0.244973495585334,0.0,0.0,0.0,0.0,0.0,0.0,-0.244973495585334
8,21,4,0.0,0.0,0.0,0.0,0.7069656101793232,0.0,0.0,0.0,0.7069656101793232
8,21,6,0.0,0.08622517937340757,0.46476137173797194,0.21147492469777648,0.08622517937340757,0.6762362964357483,0.08622517937340757,0.08622517937340757,-0.5900111170623409
8,21,7,0.0,0.18264743365852626,0.0,0.0,0.18264743365852626,0.0,0.07021193177548903,0.18264743365852626,0.18264743365852626
8,21,8,0.0,0.6130922984623007,0.0,0.0,0.6130922984623007,0.0,0.6130922984623007,0.6130922984623007,0.6130922984623007
8,21,9,0.17862068307872994,0.0,0.0,0.08361557513301082,0.0543819700137941,0.0,0.0,0.0,-0.12423871306493585
8,21,10,0.0,0.13913373817168975,0.0,0.3896190530904155,0.07230330104106715,0.19924348583713594,0.0,0.0,-0.17818201387765858
8,21,11,0.0,0.0,0.0,0.0,0.16665824317082484,0.0,0.09017410337015463,0.0,0.16665824317082484
8,21,12,0.0,0.359580051925837,0.0,0.0,0.359580051925837,0.0,0.1638278408094744,0.359580051925837,0.359580051925837
8,21,13,0.11300050459635017,0.0,0.04149780941961345,0.04149780941961345,0.054233114861302424,0.21092094998399857,0.0,0.054233114861302424,-0.22819053029943284
8,21,14,0.0434813686885561,0.3410791157020887,0.0,0.19324951889466835,0.7520701801133725,0.03179409970667334,0.0,0.19324951889466835,0.676794711718143
8,21,15,0.0,0.0,0.0,0.35848553991599513,0.0,0.35848553991599513,0.0,0.0,-0.35848553991599513
8,21,16,0.0,0.15357511673660842,0.11790979002299662,0.0,0.24578802241217232,0.0,0.15357511673660842,0.15357511673660842,0.1278782323891757
8,21,17,0.0,0.3862314710347018,0.25689370197459044,0.0,0.3862314710347018,0.0,0.3862314710347018,0.3862314710347018,0.3862314710347018
8,21,18,0.0,0.0,0.0,0.0,0.07574631537635607,0.0,0.0,0.0,0.07574631537635607
8,21,19,0.0,0.6587266717921699,0.0,0.0,0.6587266717921699,0.0,0.0,0.7293924232801178,0.7293924232801178
8,21,20,0.39777284043064326,0.0,0.17438154024999505,0.32781714452946636,0.0,0.32781714452946636,0.0,0.0,-0.5512084447101145
8,21,21,0.0,0.0,0.0,0.0,0.0,1.7856903288864312,0.0,0.0,-1.7856903288864312
8,21,23,0.07085718483304894,0.733869664977079,0.0,0.07085718483304894,0.733869664977079,0.07085718483304894,0.733869664977079,0.733869664977079,0.66301248014403
8,21,24,0.21911907633670427,0.27742493948594427,0.0,0.3128158127704828,0.36869536318421964,0.0,0.0,0.36869536318421964,0.14957628684751542
8,21,25,0.0,0.0,0.0,0.0,0.10784221172226965,0.0,0.0,0.0,0.10784221172226965
8,21,26,0.0,0.10173219565241831,0.0,0.0,0.10173219565241831,0.4909478961263975,0.0,0.14046376569629035,-0.24875193477768884
8,21,27,0.0,0.3928142348318282,0.0,0.0,0.3928142348318282,0.0,0.3928142348318282,0.3928142348318282,0.3928142348318282
8,21,29,0.0,0.06912193776001453,0.06519259880558663,0.0,0.05097193522139751,0.06519259880558663,0.0,0.05097193522139751,0.11616453402698412
8,21,30,0.0,0.1638278408094744,0.0,0.0,0.1638278408094744,0.0,0.1638278408094744,0.1638278408094744,0.1638278408094744
8,21,31,0.059432570381121395,0.0,0.059432570381121395,0.0,0.0,0.31771605812472276,0.0,0.0,-0.37714862850584413
8,21,33,0.1429854339597366,0.19313344642944041,0.0,0.1429854339597366,0.12644842175726445,0.1429854339597366,0.12644842175726445,0.3849614221668493,0.3086610128792887
8,21,34,0.0,0.0,0.0,0.0,0.0,0.26991436344743747,0.26991436344743747,0.0,-0.26991436344743747
8,21,35,0.09913656754541737,0.08198422012304797,0.0,0.3820608621507424,0.08198422012304797,0.3820608621507424,0.0,0.08198422012304797,-0.3000766420276945
8,21,37,0.031843888647949035,0.11192578656978258,0.15392454350804602,0.25993459737386254,0.11192578656978258,0.3342830841794152,0.0,0.20781125492345,-0.07721140639013262
8,21,39,0.05978657384401985,0.03403593149919602,0.16419766023752383,0.20280360815025408,0.14018607944529865,0.20280360815025408,0.04699185076016924,0.17586723502523197,-0.19113403336254595
8,21,41,0.06762721898984808,0.06739969750026491,0.11056135844319952,0.04528808897178326,0.06739969750026491,0.06973876515480734,0.0,0.14773270007162712,-0.040168050407248496
8,21,42,0.4467826003612963,0.0,0.0,0.0,0.1325560519086231,0.0,0.0,0.38808028551977203,0.07385373706709882
8,21,43,0.12063002311788348,0.06275160891968216,0.06803630369379426,0.32717975458616994,0.3474987754303721,0.37843492012444285,0.10473828767817243,0.1396149616731729,-0.06507958253156552
8,21,44,0.0,0.13569801951401045,0.0,0.0,0.13569801951401045,0.0,0.0,0.27842264183374366,0.27842264183374366
8,21,45,0.0,0.0,0.0,0.0,0.19516779397758574,0.0,0.0669474403808724,0.12822035359671333,0.19516779397758574
8,21,46,0.1609855775146995,0.2599421918729001,0.24977160514210694,0.263270226695322,0.44622805324333914,0.08068298898905414,0.22093890557781043,0.4440568130042586,-0.00167092306476239
8,21,47,0.0,0.0,0.0,0.3460498767781797,0.0,0.3460498767781797,0.0,0.0,-0.3460498767781797
8,21,48,0.9566704383635503,0.21740970263625212,0.0,0.9566704383635503,0.21740970263625212,0.9566704383635503,0.0,0.21740970263625212,-0.7392607357272981
8,21,50,0.0,0.15512731711280817,0.25575445406056185,0.11653967220255657,0.2508842365989988,0.06403668210344315,0.0,0.29589865422320316,0.04763277263755034
8,22,1,0.2713050156272683,0.41139363043097016,0.11151393840792641,0.33060431976115906,0.4791215415891932,0.20849039569559985,0.2960774938804661,0.16368284105947664,0.3050207688987318
8,22,2,0.05575268671817242,0.3865487991805951,0.05575268671817242,0.05575268671817242,0.3865487991805951,0.05575268671817242,0.3300200206319858,0.49953348848786217,0.13353316373738136
8,22,3,0.0,0.0,0.0,0.0,0.2564130031023054,0.0,0.2564130031023054,0.0,0.2564130031023054
8,22,4,0.35860036500256304,0.048134520853171624,0.2532978583130889,0.4124377182451069,0.05986839798096007,0.3405298677645534,0.13607677652360423,0.05986839798096007,-0.44956571978731197
8,22,5,0.0,0.2027906640191261,0.38381215801458923,0.19782178542636833,0.1492027118598343,0.19782178542636833,0.1492027118598343,0.1492027118598343,-0.4860191837404151
8,22,7,0.21868360487959715,0.07227698859241517,0.21868360487959715,0.21868360487959715,0.07227698859241517,0.0,0.07227698859241517,0.07227698859241517,-0.146406616287182
8,22,8,0.2681351069127626,0.0,0.451987528421487,0.355641972304946,0.0,0.08750686539218337,0.2681351069127626,0.0,-0.807629500726433
8,22,10,0.0,0.17028607397946183,0.0,0.10849095797595415,0.10849095797595415,0.0,0.0,0.2244412744787704,0.16264615847526273
8,22,12,0.10472944407720983,0.34023577972456465,0.050651775456148455,0.10472944407720983,0.34023577972456465,0.14938700373147376,0.29557822007030066,0.20888702828927763,0.2895840042684162
8,22,14,0.0,0.7842848148078277,0.0,0.0,0.7842848148078277,0.0,0.0,0.7842848148078277,0.7842848148078277
8,22,16,0.2916248556190282,0.28076231953186587,0.20805027684102423,0.325823409046578,0.2988414746106968,0.44711495936200907,0.3290719934054902,0.28076231953186587,-0.012421197466927592
8,22,18,0.24375084948897716,0.5687862681806298,0.0725327624264384,0.3670082197897426,0.37280747171236256,0.15086477677549687,0.07833201434905845,0.5995719859016219,0.15984233994437755
8,22,20,0.0,0.0,0.0,0.0,0.8328273000517423,0.0,0.0,0.0,0.8328273000517423
8,22,21,0.10687900854031956,0.042007138669096,0.10687900854031956,0.0,0.042007138669096,0.09502217344381887,0.042007138669096,0.042007138669096,-0.15989404331504245
8,22,22,0.2592575996964251,2.633354626058946,0.16228549287577299,0.0,2.730150119722151,0.0,0.2592575996964251,2.7730310506796756,2.6107455578039027
8,22,23,0.0,0.09974168717144173,0.2559755666421388,0.09974168717144173,0.09974168717144173,0.0,0.0,0.09974168717144173,-0.15623387947069706
8,22,24,0.0,0.24259215886345908,0.0,0.0,0.0,0.3337402670546663,0.3337402670546663,0.0,-0.09114810819120722
8,22,25,0.035841718325239316,0.430475283422521,0.035841718325239316,0.2584355004193823,0.5701399558679081,0.035841718325239316,0.16069546928913556,0.5896154203098578,0.6270653263962657
8,22,26,0.11370372740685039,0.0,0.05069319718730546,0.05069319718730546,0.18177853893441548,0.0,0.05069319718730546,0.09340783766200009,0.0680748115275651
8,22,29,0.26124612859032587,0.0,0.26124612859032587,0.3637642279463023,0.0,0.26124612859032587,0.0,0.0,-0.488504549524501
8,22,32,0.0074570738167715755,0.10782026987757494,0.011609495832966539,0.0,0.4174132107260235,0.0066493217314537905,0.3770148986288367,0.4162667640054933,0.45642148308592007
8,22,33,0.0,1.2028990013837946,0.0,0.0,1.2028990013837946,1.2028990013837946,1.2028990013837946,1.2028990013837946,1.2028990013837946
8,22,34,0.4979737130353614,0.0,0.4979737130353614,0.4979737130353614,0.0,0.4979737130353614,0.0,0.0,-0.4979737130353614
8,22,35,0.1583105791195164,0.3956118125176215,0.05556293212356515,0.46573310131488493,0.4602519991860452,0.1583105791195164,0.16034338936013104,0.464036140765401,0.4009592962723815
8,22,36,0.0,0.0,0.3577165201339099,0.0,0.0,0.0,0.0,0.0,-0.3577165201339099
8,22,37,0.47691962551368144,0.037577590315011636,0.6432749162303774,0.16699489638881163,0.05729702271032276,0.23149258416345184,0.013652320067456201,0.05729702271032276,-0.7033771347159096
8,22,38,0.22509493023975435,0.0,0.3310329032988326,0.10622978947751156,0.0,0.21216776253658984,0.0,0.0,-0.11915695718067609
8,23,1,0.20754567175658964,0.0,0.17625866306808224,0.0,0.0,0.17625866306808224,0.0,0.0,-0.3838043348246719
8,23,3,0.0,0.0,0.0,0.0,0.6362690491613909,0.0,0.0,0.0,0.6362690491613909
8,23,4,0.0,0.0,0.0,0.0,0.0,0.7364388931601417,0.0,0.0,-0.7364388931601417
8,23,5,0.0,0.13748282186815766,0.0,0.20992863118126406,0.12557805996339574,0.4838770370330444,0.0,0.20992863118126406,-0.220816155201491
8,23,7,0.04512820384995979,0.4904168863313434,0.23482248355624974,0.18423871163077143,0.3650417179758753,0.19656311972350735,0.252802249537114,0.33566409461945046,0.18760309369128556
8,23,8,0.0,0.0,0.413069031439239,0.0,0.0,0.0,0.0,0.0,-0.413069031439239
8,23,9,0.0,0.0,0.0,0.0,9.89320520831269,0.0,9.89320520831269,9.89320520831269,9.89320520831269
8,23,10,0.719664401898284,0.0,0.3348731690002442,0.23847452535973213,0.5668030404218788,0.719664401898284,0.5668030404218788,0.0,-0.24926000511691726
8,23,11,0.3109874416235469,0.28049908983610905,0.08675877927646089,0.08790464197437703,0.11965735370604236,0.08790464197437703,0.11965735370604236,0.28049908983610905,-0.15843151348792311
8,23,14,0.0,0.23002456586151562,0.24788222650417396,0.0,0.0,0.0,0.0,0.23002456586151562,-0.47790679236568956
8,23,15,0.09597990843102597,0.034642716547420974,0.11149035657316572,0.24140277949256758,0.49446529958614327,0.0,0.0,0.7358680790787108,0.313547730099603
8,23,16,1.2521021846134135,0.17016436910185084,0.0,0.2271896507607541,0.4310074168332273,1.1992732307576215,0.1035099586681663,0.36784421723530336,-0.7807480087099438
8,23,17,0.0,0.0,0.10000676906969523,0.0,0.07457250070866993,0.0,0.07457250070866993,0.07457250070866993,-0.10000676906969523
8,23,18,0.0825255009309448,0.026899050495644516,0.03723704196261051,0.03723704196261051,0.0,0.0825255009309448,0.0,0.0,-0.10942455142658931
8,23,19,2.342287526448445,0.0,2.342287526448445,0.2989104195938882,0.0,0.0,0.0,0.0,-2.4641683611398024
8,23,20,1.040820044537085,0.0,0.4706027648237754,0.17298771000937016,0.0,0.091573863019817,0.0,0.06948298997747027,-0.9713370545596147
8,23,21,0.0,0.6142761315545725,0.0,0.0,0.0,0.0,0.0,0.6142761315545725,0.6142761315545725
8,23,22,0.5275247611369822,0.17581855148556552,0.5275247611369822,0.7033433126225477,0.0,0.7033433126225477,0.0,0.0,-0.7033433126225477
8,23,26,0.0,0.16473157072575076,0.0,0.0,0.16473157072575076,0.0,0.06553113632378976,0.337190489362095,0.337190489362095
8,23,27,0.07380845906161916,0.15317247367879389,0.6612702138255252,0.14907822037787052,0.1869140764058983,0.0697142057606958,0.2228866794394897,0.15156579589693217,-0.47026188411870357
8,23,28,0.7263575045829299,0.7729980755786734,0.2967326781395525,1.2587606418923274,0.7729980755786734,0.7693372520217783,0.0,0.7729980755786734,-0.18536906461720642
8,23,29,0.2309711407385049,0.15608836992888026,0.0,0.0,0.018903212401093203,0.27127178577325045,0.018903212401093203,0.05371208228339097,-0.3547448610176465
8,23,31,0.4320959994940418,1.1080271418491603,0.0,0.0,0.4320959994940418,0.6759311423551184,1.1080271418491603,0.4320959994940418,0.4320959994940418
8,23,32,0.06552285697833703,0.04538397680441896,0.06552285697833703,0.13732720346497393,0.37515748374817526,0.38495754028031365,0.0,0.37515748374817526,-0.08160440301877529
8,23,33,0.13418766000486468,0.45685814223830823,0.13657293298922582,0.24870589342392738,0.45685814223830823,0.054472228212838196,0.1963072309020049,0.45685814223830823,0.24056977745705596
8,23,34,0.0,0.17018991301657108,0.0,0.0,0.4541764092500714,0.17018991301657108,0.0,0.4541764092500714,0.28398649623350036
8,23,35,0.015073994284379456,0.38879015768979913,0.039463308546502686,0.02680449858194487,0.30200649429686927,0.011730504297565414,0.0,0.4644965937464313,0.3982287866179837
8,23,36,0.0,2.03299043128867,0.0,0.0,1.8043485020756918,1.8043485020756918,1.8043485020756918,1.8043485020756918,1.5757065728627133
8,24,1,0.7097817258790915,0.3321238178424436,0.6451408221646368,0.2554737123280764,0.3321238178424436,0.061999796017176145,0.20329080524599807,0.22178622370293055,-0.37501680033936924
8,24,3,0.0,0.30810936203904193,0.0,0.0,0.30810936203904193,0.0,0.30810936203904193,0.0,0.30810936203904193
8,24,4,0.0,0.0,0.0,0.0,1.7142537718485749,0.0,1.7142537718485749,1.7142537718485749,1.7142537718485749
8,24,6,0.0,0.11729014251180479,0.0,0.0,0.3122255129656623,0.0,0.11729014251180479,0.11729014251180479,0.3122255129656623
8,24,7,0.0,0.0,0.0,0.0,0.10430905565517187,0.0,0.0,0.2241082248189219,0.2241082248189219
8,24,8,0.5413144853864785,0.0,0.5413144853864785,0.0,0.0,0.0,0.0,0.0,-0.5413144853864785
8,24,9,0.0,0.6759311423551184,0.0,0.6759311423551184,0.0,0.0,0.0,0.6759311423551184,0.6759311423551184
8,24,10,0.6224671412942018,0.369672008213785,0.6224671412942018,0.7899250079368052,0.41668357455157023,0.6999852301562646,0.0,0.29501265234268775,-0.40374795590951246
8,24,11,0.1056887820980128,0.061395979088266904,0.11539021124518738,0.1056887820980128,0.061395979088266904,0.1056887820980128,0.061395979088266904,0.061395979088266904,-0.04429280300974589
8,24,12,0.0,0.6629383802437167,0.0,0.44171318604495624,1.2520954564218827,0.03702787210020493,0.19057524339061307,1.2520954564218827,1.2457175351298253
8,24,13,0.0,0.0,0.0,0.0,2.1097114073850487,0.0,0.0,0.0,2.1097114073850487
8,24,14,0.0,1.211872419951798,0.0,0.0,0.4468032022076574,0.4203177312670487,0.867120933474706,0.7915546886847492,0.3712369574177006
8,24,16,0.2931805488609866,0.4838550136939523,0.0,0.5163897916562038,0.1028175534563813,0.38841559758233457,0.0,0.1340675534563813,-0.5653070962596642
8,24,17,0.28607154676242946,0.35731517474615415,0.0,0.28607154676242946,0.35731517474615415,0.0,0.07021193177548903,2.3936340628605732,2.1075625160981435
8,24,18,0.10693108367523374,0.04550773355818733,0.0,0.10693108367523374,0.04550773355818733,0.09205273052369954,0.04550773355818733,0.04550773355818733,-0.15347608064074594
8,24,20,0.0,0.0,0.0,0.0,0.08923149643411525,0.1251539657999348,0.0,0.0,-0.03592246936581954
8,24,21,0.0,0.0,0.0,0.0,0.38463471357652834,0.0,0.0,0.0,0.38463471357652834
8,24,22,0.0,0.0,0.0,0.0,0.4794798653147838,0.0,0.0,0.0,0.4794798653147838
8,24,23,0.0,0.49148352242842325,0.0,0.0,0.49148352242842325,0.0,0.49148352242842325,0.49148352242842325,0.49148352242842325
8,24,24,0.0,0.0,0.0,0.0,3.516185678975081,0.0,0.0,0.0,3.516185678975081
8,24,25,0.16007139449637767,0.13842464121652995,0.0,0.0,0.1274351838892703,0.3113435683269296,0.2519200725509417,0.03777674249614015,-0.2845562831580491
8,24,26,0.8488624167209098,0.6506638745384461,0.0708118339610124,0.6935242565906303,0.6671584373481846,0.02799111917232685,1.3207937411352215,0.41999815098749904,-0.20969509854505208
8,24,30,0.23600621022619175,0.27986121049738305,0.3525364267338527,0.2949677173769482,0.3101722628662461,0.14676662042857577,0.12902292986724115,0.23060145011167033,-0.32891237246672334
8,24,31,0.0,0.0,0.0,0.8150752509410933,0.0,0.0,0.0,0.8150752509410933,0.0
8,24,32,0.0,3.9676212829531514,0.0,0.0,3.9676212829531514,0.0,0.0,3.9676212829531514,3.9676212829531514
8,24,33,0.22339130018064815,0.662558353786786,0.0,0.5669460004378363,0.5577064120283767,0.22339130018064815,0.2802534838413318,0.8966558688120739,0.6732645686314257
8,24,35,0.0,0.23942026726667398,0.216191038897297,0.03677824777352635,0.3409862609609632,0.03677824777352635,0.19140216198044346,0.2885043530354271,0.13603507957637034
8,24,36,0.18043816179549282,1.2367969209258776,0.18043816179549282,1.2367969209258776,1.2367969209258776,0.0,0.0,1.2367969209258776,1.0563587591303847
8,24,37,0.0,0.0,0.0,0.0,0.571417923949525,0.0,0.571417923949525,0.571417923949525,0.571417923949525
8,24,38,0.0,0.0,0.0,0.0,1.0548557036925243,0.0,0.0,0.0,1.0548557036925243
8,24,39,1.1336060808437576,0.41638811586362123,0.0,0.0,0.0,0.0,0.0,0.41638811586362123,-1.1336060808437576
8,24,40,0.0,0.2978323477789994,0.0,0.0,0.6274747551829133,0.2978323477789994,0.0,0.2978323477789994,0.3296424074039139
8,24,41,0.34676212829531516,0.15979107721934188,0.6570384661246979,0.34676212829531516,0.30180866188009103,0.3102763378293827,0.0,0.15979107721934188,-0.3552298042446068
8,24,42,0.17020243002551436,0.052906263316952445,0.0,0.19516535509200122,0.1761262097271232,0.3703504946898981,0.04190759123021669,0.19815804319032465,-0.14453855178941574
8,24,43,0.0,1.143209646064892,0.0,0.0,0.0,0.0,0.0,0.0,-1.143209646064892
8,24,44,0.0,0.0,0.0,0.8728402442888917,0.0,0.8728402442888917,0.0,0.0,0.0
9,1,1,0.0,0.1709542991039481,0.0,0.08412081785498436,0.08412081785498436,0.08412081785498436,0.0,0.08412081785498436,0.1709542991039481
9,1,2,0.0,0.1842307753078439,0.0,0.09063329194094007,0.09359748336690384,0.10064789872038978,0.037233600183971455,0.1842307753078439,0.08358287658745413
9,1,4,0.16754347513548612,0.068261600337281,0.0,0.16754347513548612,0.068261600337281,0.16754347513548612,0.23580507547276713,0.068261600337281,-0.09928187479820512
9,1,5,0.7539456381096876,0.0,0.0,0.7539456381096876,0.0,0.7539456381096876,0.7539456381096876,0.0,-0.7539456381096876
9,1,6,0.19970718016230077,0.0,0.10242387201911526,0.19970718016230077,0.0,0.19970718016230077,0.09728330814318549,0.0,-0.19970718016230077
9,1,7,0.0,0.2635639941963194,0.0,0.21805626063813205,0.27035260943366474,0.0,0.17095733575193958,0.14490300723991245,0.14490300723991245
9,1,8,0.0,0.3769728190548438,0.0,0.0,0.0,0.0,0.0,0.3709526603691439,0.7479254794239878
9,1,9,0.0,0.7095958946914707,0.0,0.0,0.0,0.0,0.0,0.0,0.7095958946914707
9,1,10,0.0,1.8761188453636883,0.0,0.0,1.8761188453636883,0.0,0.0,1.8761188453636883,1.8761188453636883
9,1,12,0.0,0.13112098054081522,0.1167521969007352,0.0,0.0,0.0,0.0,0.0,0.014368783640080027
9,1,13,0.0,1.228708806071058,0.0,0.0,1.3075865356523027,0.0,1.228708806071058,1.3075865356523027,1.3075865356523027
9,1,15,0.0,0.22903646683812542,0.3978223005506532,5.519198177442327,0.22903646683812542,5.290161710604202,0.0,0.22903646683812542,-5.45894754431673
9,1,17,0.0,0.49148352242842325,0.0,0.0,0.49148352242842325,0.0,0.49148352242842325,0.49148352242842325,0.49148352242842325
9,1,19,0.0,0.9570108099022171,0.0,0.0,0.9570108099022171,0.0,0.0,0.9570108099022171,0.9570108099022171
9,1,21,0.5037500286283199,1.9784141886354343,0.0,0.08546479406414499,2.881519505298023,0.4182852345641748,0.5496225115729272,2.906267472733548,2.7560002491948894
9,1,22,0.15315235000751096,0.16494562809738517,0.15315235000751096,0.15315235000751096,0.16494562809738517,0.15315235000751096,0.0,0.16494562809738517,0.01179327808987421
9,1,25,0.6330297133643786,0.43188364915120125,0.6330297133643786,0.8528069846119394,0.47516519876209634,0.6330297133643786,0.2431812485060571,0.43188364915120125,-0.15786451460228235
9,1,26,0.0,0.5477504923914828,0.0,0.0,0.744385977582917,0.0,0.23238068586898597,0.42901617106042017,0.512005291713931
9,1,27,0.29287734926623155,0.48366156713033226,0.5171197955117395,0.29287734926623155,0.24847090146225684,0.44019568942431037,0.12112736092505204,0.6203418507696691,-0.39203762669319464
9,1,28,0.10569925696882802,0.0,0.0,0.0,0.0,0.0,0.0,0.23304934838918165,0.1273500914203536
9,1,29,0.4110909368218164,0.21470650477339268,0.0,0.28016846692668007,0.06594713962118115,0.23221470776861797,0.0622785519647404,0.6213413413955738,-0.10844511638233169
9,1,30,0.0,0.05477376510878151,0.05844853686018111,0.0,0.05477376510878151,0.10904851353463418,0.0,0.05477376510878151,0.06262232529450955
9,1,31,0.37630736974782475,0.0,0.37630736974782475,0.37630736974782475,0.0,0.37630736974782475,0.0,0.0,-0.37630736974782475
9,1,33,0.0,0.0,0.11265519039251974,0.16659924875930582,0.0799133108857973,0.18029133150216647,0.0799133108857973,0.0799133108857973,-0.1993411282660283
9,1,34,0.0,0.0,0.0,0.08618787161927295,0.21216339741996718,0.0,0.0,0.2642756399030699,0.2642756399030699
9,1,35,0.0,1.638278408094744,0.0,0.0,1.638278408094744,0.0,1.638278408094744,1.638278408094744,1.638278408094744
9,1,37,0.17280233927230693,0.3958996203808014,0.0,0.2962778838648133,0.23096709432277762,0.17280233927230693,0.17280233927230693,0.3764776790366822,0.052708313778639125
9,1,38,0.0,0.14455397718483035,0.0,0.0,0.14455397718483035,0.0,0.14455397718483035,0.43420448656083477,0.43420448656083477
9,1,39,0.0,0.04273769760247158,0.19047363508121934,0.19047363508121934,0.15499468453554194,0.4171948512499709,0.04273769760247158,0.2621970119293532,-0.15499783932061764
9,1,40,0.0,0.0,0.0,0.0,0.27854717696737874,0.0,0.0,0.0,0.11621169252315773
9,1,41,1.5825742834109466,0.0,1.5825742834109466,1.5825742834109466,0.0,1.5825742834109466,0.0,0.0,-1.5825742834109466
9,1,42,0.0,0.2666716368802178,0.0,0.0,0.2666716368802178,0.0,0.068261600337281,0.2666716368802178,0.2666716368802178
9,1,43,0.0,0.18376116086839495,0.0,0.18376116086839495,0.07928185390550496,0.0,0.0,0.07928185390550496,0.07928185390550496
9,1,44,0.09168779337620092,0.4686712249706068,0.03798178280186272,0.2287661863549249,0.17119879346658606,0.14070734469362745,0.10669603947548159,0.30262275983606224,-0.028860976886104416
9,1,45,0.23733905905928313,0.0,0.17584158704566075,0.23733905905928313,0.3897210595764881,0.2948821862816109,0.29301547324792343,0.34664378543588076,0.09483887329487724
9,1,46,0.0,0.3024694544875403,0.0,0.0,0.3024694544875403,0.0,0.1023924005059215,0.3024694544875403,0.3024694544875403
9,1,47,0.593465356279105,0.0,0.593465356279105,0.593465356279105,0.0,0.593465356279105,0.0,0.0,-0.593465356279105
9,1,48,0.0,0.6871094005143763,0.0,0.6871094005143763,0.6871094005143763,0.0,0.0,0.6871094005143763,0.6871094005143763
9,1,52,0.08004034057897108,0.0,0.08004034057897108,0.08004034057897108,0.06335337855554009,0.08004034057897108,0.0,0.03360954641083501,-0.016686962023430993
9,1,53,0.05418354241619685,0.0,0.7932449565825938,0.05981619436349086,0.0,0.19600283049642703,0.0,0.0,-0.9072446933622815
9,1,55,0.5362702138255252,1.0591267570307437,0.0,0.5362702138255252,0.5228565432052185,0.0,0.5362702138255252,0.5228565432052185,-0.013413670620306739
9,1,56,0.0,0.0,1.18028417981878,0.0,0.0,1.18028417981878,0.0,0.0,-1.18028417981878
9,2,1,0.0,0.11961772701415926,0.180346421952416,0.0,0.11961772701415926,0.0,0.0,0.058105846261578865,-0.06072869493825671
9,2,2,1.0725404276510504,0.3041928968117357,0.0,0.0,0.3041928968117357,0.0,0.0,0.18439462747987143,-0.5839529033594433
9,2,3,0.3644253670923538,0.11784436349837506,0.08505021925786273,0.161530784336116,0.361893380374236,0.24658100359397872,0.11784436349837506,0.361893380374236,0.2768431611163733
9,2,4,0.0,0.10576929614241834,0.0,0.0,0.10576929614241834,0.0,0.05836261092500497,0.05836261092500497,0.10576929614241834
9,2,7,0.0,0.0,0.42561401066651094,0.3623495043937535,0.0,0.0,0.0,0.0,-0.7879635150602645
9,2,8,0.43260176003335143,0.0,0.0,0.43260176003335143,0.0,0.43260176003335143,0.0,0.0,-0.43260176003335143
9,2,9,0.0,0.2995947360816922,0.0,0.0,0.6025655833579571,0.0,0.2995947360816922,0.2995947360816922,0.6025655833579571
9,2,10,0.046656631603522875,0.06142761315545725,0.0,0.10371189916939942,0.1566016033879311,0.046656631603522875,0.046656631603522875,0.05705526756587655,0.17137258493986549
9,2,11,0.0,0.0,0.0,0.0,2.4984819001552268,0.0,0.0,0.0,2.4984819001552268
9,2,13,0.0,0.0,0.0,0.0,0.15903243789076021,0.0,0.0,0.15903243789076021,0.15903243789076021
9,2,14,0.1125578257795246,0.1774195546654144,0.21483192137303825,0.2046668241134789,0.29074549400732996,0.11036059673186478,0.15602369145910167,0.21080088199776084,-0.01305116089126032
9,2,15,0.0,0.0,0.0,0.0,0.0,0.0,0.0,1.7633872368680672,1.7633872368680672
9,2,16,0.0,0.0,0.0,0.34635175974949445,0.09037071243617185,0.0,0.0,0.34635175974949445,0.09037071243617185
9,2,17,0.0,0.411054947531019,0.07708728890170999,0.3092755436298344,0.7297484285248028,0.07708728890170999,0.5591073572981994,0.411054947531019,0.6526611396230928
9,2,18,0.26730068909613997,0.07427067667965657,0.26730068909613997,0.08329338333741824,0.1263891280372909,0.35059407243355817,0.0,0.09375994602901445,-0.22420494439626734
9,2,19,0.1709084933743441,0.0,0.1709084933743441,0.1709084933743441,0.11359459849340016,0.1709084933743441,0.0,0.11359459849340016,-0.05731389488094395
9,2,21,0.0,0.11349103758799756,0.0,0.03756409790377003,0.13910564305638498,0.0,0.15105513549176758,0.06525073703878753,0.13910564305638498
9,2,22,0.0,0.14568670191446065,0.0,0.46579481400674844,0.6114815159212091,0.0,0.6114815159212091,0.0,0.6114815159212091
9,2,23,0.13350005515580043,0.19667708086192034,0.04884326684695253,0.1977476157084554,0.11309082739960748,0.04884326684695253,0.1955983759251529,0.04884326684695253,-0.08573549324561536
9,2,24,0.0,0.0,0.0,0.0,0.5531838824396142,0.0,0.0,0.5531838824396142,0.5531838824396142
9,2,25,0.3427499239396455,0.0,0.3427499239396455,0.0,0.0,0.0,0.0,0.0,-0.3427499239396455
9,2,26,0.7099819853035513,0.0,0.7099819853035513,0.0,0.0,0.0,0.0,0.0,-0.7099819853035513
9,2,27,0.5007660191559549,0.2030633458240928,0.0427628287217855,0.5682812044600412,0.2646990855593755,0.16470148081393066,0.1617768852848464,0.1986780996095787,-0.33246432392887126
9,2,29,0.0,0.15865674898010992,0.0,0.057259116709531356,0.15865674898010992,0.0,0.0,0.2413634405436949,0.17126645511574307
9,2,31,0.895757500097486,0.895757500097486,1.7487427862324014,0.0,0.895757500097486,0.0,0.895757500097486,0.895757500097486,-0.8529852861349155
9,2,32,0.0,0.19948337434288346,0.0,0.19948337434288346,0.19948337434288346,0.0,0.0,0.19948337434288346,0.19948337434288346
9,2,33,0.0,0.0,0.0,0.0,0.0,0.0,0.0,0.8337958797296432,0.8337958797296432
9,2,35,0.0,0.14455397718483035,0.0,0.38784542228672836,0.5323993994715587,0.0,0.14455397718483035,0.5323993994715587,0.5323993994715587
9,2,36,0.0,0.0,0.0,0.0,0.0,0.4192569495883254,0.0,0.0,-0.4192569495883254
9,2,37,0.0,0.370846632505475,0.0,0.271646198103514,0.09920043440196098,0.0,0.0,0.6236232496796539,0.6236232496796539
9,2,39,0.05026304254064584,0.41340793225831085,0.0,0.21015886563352434,0.28482202164547765,0.0,0.37398670644299875,0.20912152885869362,0.27985266715405105
9,2,40,0.059330259390891704,0.1651105598557178,0.03206370256209587,0.19717426241781366,0.1651105598557178,0.06544087409679132,0.0,0.1651105598557178,0.07240312893013061
9,2,42,0.0,1.1210526255404019,0.3615810418217296,1.0306641007715645,1.1210526255404019,0.0,0.09038852476883737,1.1210526255404019,0.8498601084875097
9,2,43,0.9337007119413027,0.18817440329062837,0.9337007119413027,0.9337007119413027,0.18817440329062837,1.0588743805063725,0.0,0.17054915721742706,-0.7001508199983171
9,2,45,0.1309224698951363,0.6211270570438187,0.0,0.3214083856512245,0.1958511786813906,0.3214083856512245,0.03900662876416057,0.3017471245583682,-0.6017816893725144
9,2,46,0.0,0.2956591936148407,0.0,0.0,0.2956591936148407,0.0,0.0,0.0,0.2956591936148407
9,2,47,0.6196035471588586,0.4335914223195276,0.6196035471588586,0.9166717688038242,0.23021993710834057,0.0,0.136523200674562,0.3439193752532919,-0.27568417190556666
9,3,1,0.0,0.3429628938194676,0.20339438778966917,0.0,0.0,0.0,0.0,0.0,-0.5463572816091368
9,3,2,0.0,0.0,0.0,0.0,0.530108126302534,0.0,0.0,0.530108126302534,0.530108126302534
9,3,4,0.052811169305997906,0.07567715556814213,0.052811169305997906,0.0,0.045703937197961474,0.0,0.0,0.13703770562762385,0.12993047351958742
9,3,5,0.0,0.0,0.0,0.23418889559166312,0.0,0.0,0.0,0.0,-0.23418889559166312
9,3,6,0.0,0.0,0.0,0.7425636794053695,0.531088754707593,0.21147492469777648,0.0,0.531088754707593,0.31961383000981647
9,3,8,0.0,0.0,0.0,0.0,1.0833916947696651,0.0,0.37673417989018726,1.0833916947696651,1.0833916947696651
9,3,9,0.03251012544971811,0.11428205846561759,0.0,0.11428205846561759,0.0,0.2626631226132752,0.0,0.050242808499057705,-0.2449304395639356
9,3,10,0.8452632616926709,0.0,0.3796340435312541,0.0,0.0,0.3796340435312541,0.0,0.0,-1.224897305223925
9,3,12,0.2933788930879666,0.11701441616091167,0.11701441616091167,0.2933788930879666,0.11701441616091167,0.2933788930879666,0.11701441616091167,0.28103321407562093,-0.012345679012345678
9,3,13,0.0,0.0,0.0,0.1997185455273652,0.0,0.0,0.0,0.0,-0.1997185455273652
9,3,14,0.0,0.20397772252665597,0.0,0.20397772252665597,0.12455302493427091,0.0,0.0,0.12455302493427091,0.32853074746092686
9,3,15,0.0,1.328552263109145,0.0,0.0,1.328552263109145,0.0,1.328552263109145,0.0,1.328552263109145
9,3,16,0.0,0.6701739005419446,0.16949532315805763,0.0,0.6701739005419446,0.0,0.0,0.8265106279912526,0.657015304833195
9,3,17,0.0,0.16382784080947438,0.0,0.0,0.3915649589958107,0.1505395226325027,0.16382784080947438,0.4233078422854969,0.42719285992449973
9,3,19,0.0,0.1965934089713693,0.0,0.0,0.1965934089713693,0.0,0.1965934089713693,0.1965934089713693,0.1965934089713693
9,3,20,0.0,0.2166053438392723,0.0,0.0,0.2166053438392723,0.2000999077580644,0.0,0.2166053438392723,0.016505436081207886
9,3,21,2.125958899378421,0.0,1.0843062075280026,2.125958899378421,0.0,0.0,0.0,0.0,-2.125958899378421
9,3,22,0.3044234607642103,0.3689943615308849,0.0,0.3044234607642103,0.3689943615308849,0.3044234607642103,0.0,0.3689943615308849,0.06457090076667461
9,3,23,0.0,0.30709712715893195,0.0,0.2976150548144052,0.30709712715893195,0.0,0.0,0.15500067875306403,0.6047121819733371
9,3,24,0.7705825073229225,0.0,0.0,0.7705825073229225,0.0,0.0,0.7705825073229225,0.0,-0.7705825073229225
9,3,25,0.5109816396573634,0.0,0.0,0.5109816396573634,0.0,0.8949042218789712,0.0,0.0,-0.8949042218789712
9,3,26,0.0,0.0,0.0,1.098886356237804,0.0,0.0,0.0,0.0,-1.098886356237804
9,3,27,0.17856852471350682,0.038393779184152106,0.23033743296658582,0.051975133990916106,0.038393779184152106,0.19201384769857022,0.038393779184152106,0.038393779184152106,-0.35470964021736057
9,3,30,0.0,0.15681245616423564,0.0,0.14355088142587916,0.34032927040368965,0.0,0.03568505686002538,0.3110257252757037,0.6737784778010621
9,3,31,0.12652878696277572,0.09422100198393037,0.0,0.12652878696277572,0.09422100198393037,0.12652878696277572,0.0,0.17807239190159543,0.05154360493881973
9,3,33,0.08221564145592117,1.535202393335513,0.19797663506061638,0.0,1.6195686540354395,0.0,0.05139175185893732,1.535202393335513,1.4479080809139429
9,3,34,0.19746182727153844,0.19746182727153844,0.3669571504295961,0.19746182727153844,0.19746182727153844,0.19746182727153844,0.19746182727153844,0.19746182727153844,-0.16949532315805763
9,3,35,0.0,0.0,1.186169588491861,0.06916504712470979,0.0,0.06916504712470979,0.0,0.11052879227965255,-1.0756407962122085
9,3,36,0.1580660277044938,0.0,0.0,0.1580660277044938,0.16190911576885147,0.1580660277044938,0.0,0.16190911576885147,0.0038430880643576804
9,3,37,0.06332813094647878,0.11105042790285266,0.06332813094647878,0.06332813094647878,0.17316139586411983,0.36625125625831156,0.052015628418278635,0.19545655953302724,-0.17306119086622213
9,3,38,0.0955748074492288,0.0,0.0,0.0955748074492288,0.19392271114336418,0.0955748074492288,0.0,0.0,0.09834790369413537
9,3,39,0.0,0.819139204047372,0.0,0.0,0.819139204047372,0.0,0.819139204047372,0.819139204047372,0.819139204047372
9,3,40,0.47694905071946425,0.26875454837315,0.47694905071946425,0.47694905071946425,0.432849527346219,0.47694905071946425,0.0,0.4823809724077661,-0.02766742329174042
9,3,41,0.0,0.15531616686016708,0.35804007049558795,0.08573078949688889,0.23498814706252036,0.09722831120536234,0.04386882280805603,0.11144734405211107,-0.2678382796622979
9,3,43,1.0580323421208404,0.0,1.0580323421208404,1.0580323421208404,0.0,1.0580323421208404,0.0,0.0,-1.0580323421208404
9,3,44,0.3652367479299243,0.2910494979680507,0.0,0.656286245897975,0.0,0.0,0.0,0.0,0.0
9,3,45,0.0,0.0,0.0,0.0,0.0,0.5748290653197551,0.0,0.0,-0.5748290653197551
9,3,48,0.0,0.0,0.0,0.0,0.0,0.0,0.0,2.234009082734303,2.234009082734303
9,4,1,0.03669440511061536,0.07787945287046825,0.24944627567812705,0.20187564266765382,0.04118504775985289,0.1693742600457188,0.02900421834974626,0.06447710051475986,-0.28316918124566387
9,4,2,0.3593061026893494,0.2748437602057505,0.0,0.6341498628950999,0.2748437602057505,0.0,0.0,0.37962543729608894,0.37962543729608894
9,4,3,0.45002154347578055,0.0,0.45002154347578055,0.0,0.0,0.45002154347578055,0.0,0.0,-0.45002154347578055
9,4,5,0.04721323976778292,0.04519426238441868,0.04519426238441868,0.08245906055074566,0.04519426238441868,0.08245906055074566,0.09240750215220161,0.04519426238441868,-0.03726479816632698
9,4,6,0.8253702627813391,0.20735347234915807,0.13103653826453762,0.8253702627813391,0.25698670973025195,0.8852770309872788,0.0,0.2816689063873999,-0.4887051500024088
9,4,7,0.13000622367078105,0.10589594587697758,0.13000622367078105,0.13000622367078105,0.10589594587697758,0.23590216954775864,0.0,0.21556800289711764,-0.020334166650640972
9,4,8,0.1989111502753266,0.09101546711637466,0.0,0.15872802923434945,0.09101546711637466,0.1989111502753266,0.09101546711637466,0.09101546711637466,-0.26662371239330135
9,4,9,0.0,0.0,0.0,0.0,0.8057925514317894,0.0,0.8057925514317894,0.8057925514317894,0.8057925514317894
9,4,10,0.3978223005506532,0.47611135598570314,0.0,0.08268329604610987,0.39342805993959334,0.3978223005506532,0.0,0.39342805993959334,-0.08707753665716973
9,4,11,0.05813314257525424,0.03222050896563735,0.022230969331935777,0.05813314257525424,0.17127539705687486,0.05813314257525424,0.09847915614328584,0.0,0.11314225448162062
9,4,12,0.26921538255944044,0.22646261163377915,0.05812893452176036,0.5235211745223312,0.22646261163377915,1.2022468259388448,0.16663082715543884,0.024935421792860433,-1.1364977042308277
9,4,13,0.0,0.19722644784033458,0.0,0.0,0.19722644784033458,0.0,0.0,0.514740451099592,0.514740451099592
9,4,15,0.1499590750010684,0.0,0.08747344195183886,0.06248563304922953,0.0,0.08747344195183886,0.0,0.0,-0.1499590750010684
9,4,16,0.0,1.0306641007715645,0.0,1.464722663505851,1.0306641007715645,0.0,0.0,1.0306641007715645,1.464722663505851
9,4,17,2.361055094277627,2.611055094277627,4.972110188555254,4.972110188555254,2.611055094277627,4.972110188555254,4.972110188555254,2.611055094277627,-2.361055094277627
9,4,18,0.0,0.236056835963756,0.0,0.1794145428427698,0.1514926307527121,0.0,0.0,0.0,0.20813492387369834
9,4,19,0.17762353187945745,0.512881956799946,0.09737777395898503,0.3567469184927686,0.34569227799281943,0.1634564438706408,0.2061816828088611,0.47470074842351384,0.1528418559591714
9,4,20,0.0,0.0,0.0,0.0,0.0,4.5062520683425165,0.0,0.0,-4.5062520683425165
9,4,22,0.0,0.3091992302314694,0.0,0.3091992302314694,0.3091992302314694,0.0,0.0,0.3091992302314694,0.3091992302314694
9,4,23,0.24849369485624298,0.18251573808704147,0.3453481652322759,0.24849369485624298,0.18251573808704147,0.24849369485624298,0.0,0.5779368804921918,0.4151044533469574
9,4,24,0.0,0.6169053207382879,0.0,0.0,0.6169053207382879,0.0,0.0,0.0,0.6169053207382879
9,4,25,0.0,0.725320277471668,0.0,0.0,0.725320277471668,0.0,0.34568623394041403,0.34568623394041403,0.725320277471668
9,4,26,0.2733900875085526,0.1876851728215705,0.35866524696597407,0.24528808322715306,0.024264475740653137,0.3818196822816274,0.024264475740653137,0.028102004281399525,-0.5781490587979136
9,4,27,0.13074435628001424,0.24958398669338844,0.0,0.06441650629822278,0.67587071826306,0.13074435628001424,0.2686034575951222,0.4072672606679378,0.5451263619830458
9,4,28,0.06146183449863891,0.026112394528604775,0.037792387912940345,0.21355626291847646,0.026112394528604775,0.35267744737361345,0.3059429983480191,0.037792387912940345,-0.7846024796128653
9,4,29,0.21243550188303725,0.17989186437521484,0.21243550188303725,0.0,0.17989186437521484,0.256607489812426,0.159720676344489,0.26690160075575503,0.04906145943928652
9,4,30,0.0,0.0,0.40042513512212724,0.0,0.0,0.0,0.0,0.0,-0.40042513512212724
9,4,31,0.0,0.0,0.0,0.0,0.052585153054163024,0.23964790724297616,0.0,0.052585153054163024,-0.18706275418881313
9,4,32,0.0,0.0,0.0,0.0,0.12707513505237308,0.1906472452796488,0.0,0.3355241049847839,0.5261713502644326
9,4,33,0.0,0.995256756748148,0.0,0.0,0.8236578536287539,0.0,0.3276556816189488,0.995256756748148,0.995256756748148
9,4,36,0.0,0.10104750135802389,0.042373830789514406,0.0,0.2217700421882538,0.1005919657265117,0.051527110459961924,0.17036126546006314,0.07880424567222767
9,4,37,1.6931678928829255,0.0,1.5522906826008136,0.0,0.0,1.5522906826008136,1.5522906826008136,0.0,-1.6931678928829255
9,4,38,0.0,0.7729980755786734,0.0,0.7729980755786734,0.7729980755786734,0.0,0.0,0.7729980755786734,0.7729980755786734
9,5,2,0.7840820213486772,0.0,0.7840820213486772,0.7840820213486772,0.18362566262362212,0.0,0.0,0.0,-0.6004563587250552
9,5,3,0.0,0.0,0.0,0.6904602192576208,0.0,0.6904602192576208,0.0,0.0,-0.6904602192576208
9,5,4,1.5872802923434943,0.0,0.0,1.5872802923434943,0.0,1.5872802923434943,0.0,0.0,-1.5872802923434943
9,5,5,0.8816936184340336,0.0,0.0,0.8816936184340336,0.0,0.8816936184340336,0.0,0.0,-0.8816936184340336
9,5,6,0.0691822344541694,0.0,0.09644064302457485,0.09463081382150117,0.04795311528840285,0.09463081382150117,0.0,0.0,-0.17807996093852557
9,5,7,0.0,0.3406544264382423,0.0,0.0,0.0,0.38269766834000274,0.0,0.3406544264382423,-0.04204324190176042
9,5,9,0.0,0.37296827444022024,0.500006689568289,0.2559483881477385,0.4226856158416938,0.0,0.1844104832616774,0.203802388119786,-0.07732107372659518
9,5,10,0.09496088229349442,0.22325568188468148,0.0,0.09496088229349442,0.11759777898491013,0.0,0.0,0.22325568188468148,0.12829479959118706
9,5,11,0.40062253565477735,0.08101799990513284,0.14836633906977625,0.31960453574964454,0.5055560763767957,0.31960453574964454,0.08101799990513284,0.337428383553538,0.2944661813107227
9,5,12,0.32696819323408804,0.24681827173237036,0.06940702342116871,0.49771277487862303,0.06940702342116871,0.24681827173237036,0.06940702342116871,0.06940702342116871,-0.42830575145745436
9,5,13,0.09970738261710317,0.0,0.22426467930362634,0.17497714393335453,0.25649505440964965,0.059009861634177,0.0,0.1318199475680301,0.023744260722002482
9,5,14,0.13803418055731814,0.07257294560975,0.07705825073229225,0.13803418055731814,0.06895029729541838,0.14963119634204225,0.06546123494756814,0.13164764524592643,-0.08344478604368398
9,5,15,0.9495445700465681,0.0,0.9495445700465681,2.536593083227829,0.0,0.9495445700465681,0.0,0.0,-2.536593083227829
9,5,17,0.0,0.09767182441597448,0.10991189936863523,0.0,0.09767182441597448,0.10991189936863523,0.0,0.09767182441597448,-0.012240074952660746
9,5,18,1.6666455351361755,0.0,1.6666455351361755,1.6666455351361755,0.0,1.6666455351361755,0.0,0.0,-1.6666455351361755
9,5,20,0.0,0.546092802698248,0.0,0.0,0.546092802698248,0.0,0.546092802698248,0.546092802698248,0.546092802698248
9,5,21,0.0,0.0,0.0,0.0,0.7574631537635605,0.0,0.0,0.17450493486881857,0.9319680886323791
9,5,22,0.0,0.10887710914903732,0.0,0.0,0.0,0.2731061859601525,0.0,0.32549097317780723,-0.056492321931382615
9,5,23,0.9132703822926308,0.0,0.0,1.064467526701801,0.0,0.9132703822926308,0.0,0.0,-1.064467526701801
9,5,24,0.3897350275318464,0.17415111579783998,0.3897350275318464,0.3897350275318464,0.17415111579783998,0.4355834554435575,0.0893606404415315,0.17415111579783998,-0.2155839117340065
9,5,25,0.14163971930334876,0.39614548130913874,0.0,0.25615795272241143,0.47338218046211306,0.14163971930334876,0.3700608143129552,0.3429393284286692,0.27157353241850685
9,5,27,0.0,0.7055866739094607,0.0,0.15526493800224947,0.8608516119117102,0.0,0.15526493800224947,0.7055866739094607,0.8608516119117102
9,5,28,0.16868657676119353,0.31071887604585885,0.031386245275284205,0.16868657676119353,0.17381366396952297,0.16868657676119353,0.14203229928466532,0.48030549004338163,0.36628073523005356
9,5,29,0.5760646420362779,0.2558589785871045,0.5143366421085577,0.5143366421085577,0.15193082894484158,0.5143366421085577,0.15193082894484158,0.15193082894484158,-0.46633396280597905
9,5,32,0.1712389787429537,0.9547588183054558,0.4632648989428015,0.1712389787429537,1.0069492097185424,0.2667565368923515,0.0,0.9547588183054558,0.697338897022338
9,5,33,0.04392660640516515,0.046014907945640414,0.09913816515778193,0.04392660640516515,0.10862740168483072,0.09913816515778193,0.04392660640516515,0.07903349242151021,0.009489236527048795
9,5,34,0.46676929869608713,0.1156056062459873,0.4975659575377132,0.4975659575377132,0.06996956048080297,0.48769056732343646,0.0903040565294145,0.14565601826288738,-0.3523104487923776
9,5,35,0.024300328960168163,0.24383703523572225,0.14147569542545368,0.2504033890619732,0.3087462239562472,0.38690547019204935,0.04524422906365211,0.24383703523572225,0.08951698004255022
9,5,36,0.08641666441316724,0.0,0.08641666441316724,0.18868295383354605,0.0,0.08641666441316724,0.0,0.0,-0.18868295383354605
9,5,37,0.24418512589755706,0.12629845997104544,0.0,0.3014442426070884,0.5924774120816941,0.0,0.0,0.33645732560456976,0.314689482434947
9,5,38,0.02863914090813128,0.15063726767029623,0.0,0.02863914090813128,0.15063726767029623,0.06272632658953291,0.15063726767029623,0.6611245409741594,0.5983982143846264
9,5,39,0.05401199993675523,0.16422370224100943,0.0,0.6273496948529915,0.2744354045452636,0.6273496948529915,0.05401199993675523,0.16422370224100943,-0.3529142903077279
9,6,2,0.0,0.10601212926023798,0.0,0.0,0.06933235083673084,0.0,0.03987545041259238,0.15181400522464858,0.18127090564878703
9,6,3,0.13189427924236227,0.6663318978024192,0.13189427924236227,0.13189427924236227,0.6663318978024192,0.13189427924236227,0.40865715177391404,0.38265881840852933,0.5344376185600568
9,6,4,0.21190955487404367,0.06763241731211089,0.14427713756193278,0.14427713756193278,0.06763241731211089,0.2822813560994337,0.06763241731211089,2.9946486405092427,2.7123672844098095
9,6,5,0.11825008887133188,0.021754481228500214,0.11024726549657689,0.08232750807866683,0.021754481228500214,0.11532611226314475,0.0,0.021754481228500214,-0.16789631573855637
9,6,6,0.0,0.0,0.0,0.0,0.38383533662976327,0.0,0.0,0.09286158833627217,0.4766969249660355
9,6,7,0.0,0.1695750950935844,0.0,0.0,0.1695750950935844,0.13339993850537626,0.0,0.1695750950935844,0.036175156588208135
9,6,8,0.1969925020062546,0.0,0.0,0.0,0.0,0.0,0.0,0.0,-0.1969925020062546
9,6,9,0.0,0.12933776906011135,0.0,0.0,0.12933776906011135,0.0,0.12933776906011135,0.3909100794351039,0.3909100794351039
9,6,10,0.3482628784706896,0.0341308001686405,0.059100254824644316,0.2436214024786922,0.0341308001686405,0.0,0.0341308001686405,0.0341308001686405,-0.5577534807807413
9,6,11,0.18374939616309227,1.1278064242379728,0.10860613979937442,0.5121695217769998,1.1278064242379728,0.4035633819776254,0.05116926309797864,1.1278064242379728,0.6156369024609731
9,6,12,0.09043869756852038,0.09043869756852038,0.0,0.0,0.09043869756852038,0.23284893341127982,0.09043869756852038,0.09043869756852038,-0.14241023584275944
9,6,13,0.6237016078909933,0.08299205434802547,0.6237016078909933,0.07268002307974955,0.0,0.6963816309707429,0.0,0.0,-0.6133895766227174
9,6,14,0.0,0.9071351516863199,0.0,0.0,0.9071351516863199,0.23108984965859058,0.09595409352169128,0.09595409352169128,0.6760453020277293
9,6,15,0.0,0.04468032022076575,0.0,0.0,0.10309859006923819,0.24889798973355298,0.04468032022076575,0.12405882103558008,-0.008002629001028017
9,6,17,0.0,0.0,0.0,0.7045146561852069,0.745830430275522,0.0,0.7045146561852069,0.0,0.745830430275522
9,6,22,0.05241025027989514,0.31859269637661525,0.02966106769240978,0.0,0.15252366348797214,0.2624167422405642,0.2624167422405642,0.03845132718357122,0.0037657038561558914
9,6,23,0.16731409382566995,0.2871032429706652,0.0,0.16731409382566995,0.2871032429706652,1.3354177746250613,0.0,0.2871032429706652,-1.048314531654396
9,6,24,0.0,0.0,0.10441518605908655,0.0,0.09721358609485876,0.7312049991436809,0.08891296678268529,0.0,-0.7384065991079087
9,6,27,0.0,0.0,0.43543767365850006,0.0,0.0,0.0,0.0,0.0,-0.43543767365850006
9,6,28,0.0,0.20129579744077955,0.0,0.12553822168320378,0.0,0.340227816487285,0.20129579744077955,0.0,-0.5415236139280646
9,6,29,0.38538143178841094,0.07117118956470546,0.7992271546869855,0.21582700239659286,0.037233600183971455,0.3371714877578713,0.06092514305710077,0.11778713041678258,-0.7666691438010406
9,6,30,0.0,0.6152212349371395,0.0,0.0,0.6152212349371395,0.18476648528134984,0.6152212349371395,0.6152212349371395,0.43045474965578967
9,6,31,0.2160479997470209,0.2160479997470209,0.0,0.0,0.2160479997470209,0.0,0.2160479997470209,0.6162478152631498,0.6162478152631498
9,6,32,0.5287526548643157,0.12936009517325733,0.306658261178033,0.3843012952301145,0.0,0.6086033936027944,0.12936009517325733,0.4206929278800029,-0.410004859409074
9,6,33,0.09153358434765775,0.02737281263427405,0.056975038819205376,0.056975038819205376,0.02737281263427405,0.17722125031067357,0.14950122991640413,0.16013358895722835,-0.0516462068818976
9,6,34,0.0,0.0,0.0,0.0,0.39130958314040004,0.0,0.0,0.0,0.39130958314040004
9,6,35,0.2063906697451602,0.5059528750134044,0.037493644009453056,0.0,0.5059528750134044,0.05725397841561093,0.4202055661641392,0.5059528750134044,0.2995622052682442
9,6,36,0.03248746782449896,0.24129226165298942,0.12545852187244597,0.15619452500378925,0.24129226165298942,0.20760678470806307,0.2927045213572632,0.24129226165298942,0.11473492820032347
9,6,37,0.032722962145545445,0.05400917828883772,0.0,0.16005622737139,0.05400917828883772,0.09675160375115202,0.05400917828883772,0.36420594425700953,0.15901470283414157
9,6,38,0.0,0.16283589251597075,0.0,0.15515189154545905,0.16283589251597075,0.07741700064298832,0.08510100161350001,0.2034062916761737,0.12598929103318535
9,6,39,0.07509237947996086,0.2743022692992206,0.0,0.2517776538979434,0.211791240305727,0.07509237947996086,0.03510596588774451,0.3497214873775324,0.27462910789757145
9,6,40,0.0,0.4287036172743345,0.0,0.0,0.0,0.0,0.0,0.0,-0.4287036172743345
9,6,41,0.0,0.4650020362591921,0.0,0.0,0.4650020362591921,0.0,0.0,0.4650020362591921,0.4650020362591921
9,6,42,0.0824896931208946,0.1605477601527654,0.0824896931208946,0.15610855746172064,0.1605477601527654,0.0824896931208946,0.0,0.3519451048159396,0.269455411695045
9,6,44,0.13605259648658521,0.0834472445241375,0.13605259648658521,0.0,0.1621439570771184,0.0,0.0,0.0834472445241375,0.026091360590533186
9,6,45,0.0,0.310736861384858,0.0,0.0,0.310736861384858,0.0,0.1914870866604246,0.310736861384858,0.310736861384858
9,6,46,0.0,0.1500547419758894,0.0,0.0,0.2515118798546296,0.0,0.0,0.08765619904014871,0.2515118798546296
9,6,48,0.0,0.0,0.3720251809392663,0.27479470447678406,0.08888856453496082,0.27479470447678406,0.0,0.08888856453496082,-0.5579313208810894
9,7,1,0.0,0.14746072060079687,0.5664523843705446,0.14746072060079687,0.4094204588522563,0.14746072060079687,0.0,0.4094204588522563,-0.3044926461190851
9,7,2,0.0,0.0,0.0,0.0,0.052585153054163024,0.07416669730877802,0.0,0.12621291449304983,0.052046217184271805
9,7,3,0.33878156010029786,0.07323346272114466,0.15621649305569404,0.21505253486910278,0.07323346272114466,0.03248746782449896,0.07323346272114466,0.07323346272114466,-0.2151706149060602
9,7,5,0.0,0.0,0.0,0.0,1.0328943522578744,0.16429569948974457,0.16429569948974457,0.0,0.8685986527681299
9,7,6,0.0,1.235979422199524,0.0,0.0,1.235979422199524,0.0,0.3773636448186247,1.0122043781397814,1.235979422199524
9,7,7,0.0,0.2739308835944216,0.0,0.0,0.2739308835944216,0.0,0.09064943880734498,0.2739308835944216,0.2739308835944216
9,7,8,0.14285448098738124,1.1757689577089512,0.14285448098738124,0.05753835160480173,1.2069400246082354,0.200392832592183,1.1185693233358198,0.5350308367340983,1.0637468263891836
9,7,9,0.0,0.24966228006807678,0.0,0.0,0.24966228006807678,0.0,0.24966228006807678,0.24966228006807678,0.24966228006807678
9,7,10,0.0,3.329280694150255,0.0,0.0,3.329280694150255,0.0,3.329280694150255,0.0,3.329280694150255
9,7,11,0.11643303738961319,0.18927641040412388,0.070137037443823,0.070137037443823,0.32788142851912777,0.070137037443823,0.12604690077097494,0.2617171569140733,0.2577443910753047
9,7,13,0.0,0.43004973616704106,0.0,0.0,0.43004973616704106,0.0,0.0,0.0,0.43004973616704106
9,7,14,0.0,6.183984604629387,0.0,6.183984604629387,6.183984604629387,0.0,0.0,6.183984604629387,6.183984604629387
9,7,16,0.0,0.0,0.0,0.0,0.6936755467793899,0.0,0.4285634429621437,0.4285634429621437,0.6936755467793899
9,7,17,0.0,0.0,0.0,0.0,0.0,1.3692975589929082,0.0,0.0,-1.3692975589929082
9,7,19,0.5275247611369822,0.10508695031321158,0.5275247611369822,0.6326117114501938,0.24489339597836782,0.6326117114501938,0.24489339597836782,0.24489339597836782,-0.387718315471826
9,7,20,0.536774373320708,0.0,0.39564357085273666,0.6065938270006026,0.0,0.4654630245326314,0.0,0.06654636889262808,-0.5400474581079746
9,7,21,0.19378460613195264,0.2056927295522681,0.19378460613195264,0.29756057974084565,0.2834557633099107,0.25651857863963873,0.10191675594337514,0.0,-0.07683878893862106
9,7,22,0.08510076039880246,0.12340131902887563,0.2420859193395152,0.10873415723673359,0.3946335985206121,0.14886605244489984,0.09387435261067838,0.41261438702277475,-0.03127427301169838
9,7,23,0.0,0.13968892306138003,0.0,0.06317353444267768,0.14501974621773459,0.0,0.06850435759903221,0.0,0.14501974621773459
9,7,24,0.4457950770790298,0.17552982943872258,0.058774415034808285,0.43436650565045837,0.4432243187410683,0.10612025864104514,0.17552982943872258,0.23690812723796623,0.01146169585504529
9,7,25,0.0,0.4993470320323209,0.0,0.0494718768370351,0.0494718768370351,0.040576169316688594,0.0,0.39623400513235024,0.25254480891569103
9,7,26,0.0,1.3273871860875741,0.0,0.0,1.3273871860875741,0.0,0.0,0.0,1.3273871860875741
9,7,27,0.0,0.0,0.0,0.2933518558710524,0.13027458689351196,0.0,0.14528197022961276,0.22407662336309683,-0.06927523250795559
9,7,28,0.5026304254064584,0.6762595561629743,0.0,1.069495680830819,0.5668652554243605,0.5026304254064584,0.5026304254064584,0.6762595561629743,0.17362913075651581
9,7,29,0.0,0.0,0.0,0.0,0.0,0.0,0.5645232098718851,0.0,-0.5645232098718851
9,7,30,0.620755934353274,0.0,0.620755934353274,0.620755934353274,0.0,0.620755934353274,0.0,0.0,-0.620755934353274
9,7,31,0.0,0.2945482202081622,0.0,0.17829771114336418,0.11625050906479803,0.17829771114336418,0.0,0.11625050906479803,-0.06204720207856615
9,7,32,0.04521640809745562,0.08221115042888567,0.04521640809745562,0.06071511637973478,0.17362838312201223,0.04521640809745562,0.1329657644881483,0.04358348099247478,0.023530983246603916
9,7,33,0.19656857093501107,0.0,0.19656857093501107,0.19656857093501107,0.0,0.4585227636608572,0.0,0.0,-0.4585227636608572
9,7,34,0.19640151002992556,0.33831534413919223,0.413723749559774,0.19640151002992556,0.46650918148240433,0.5347168541691179,0.33831534413919223,0.46650918148240433,0.05278543192263033
9,7,35,0.0,0.5422948744567231,0.0,0.11641979918722027,0.3279738651815471,0.0,0.05496225115729272,0.3279738651815471,0.1751104039362987
9,7,36,0.0,0.9964250374307607,0.23362073615987825,0.35308789758983594,0.9525363700723941,0.043888667358366565,0.6433371398409248,0.8006827526598925,0.6750269665541493
9,7,37,0.1665867666748365,0.6683161313778806,0.1665867666748365,0.8349028980527171,0.0,0.8349028980527171,0.0,0.0,-0.8349028980527171
9,7,39,0.0,0.19642662988353574,0.0,0.04756911234330298,0.30653672516162744,0.0,0.14885751754023274,0.16047054223302454,0.30653672516162744
9,8,1,0.0963228134153653,0.047633735252703834,0.0963228134153653,0.0963228134153653,0.0,0.0963228134153653,0.0,0.08377173756774307,-0.060184811100326065
9,8,2,0.2800681704859573,0.273046401349124,0.2800681704859573,0.2800681704859573,0.273046401349124,0.2800681704859573,0.4439715178067401,0.273046401349124,-0.007021769136833296
9,8,3,0.0,0.0,0.0,0.0,0.16797686944993395,0.0,0.0,0.09567356840886679,0.16797686944993395
9,8,4,0.0,0.375460025962863,0.375460025962863,0.0,0.375460025962863,0.0,0.375460025962863,1.1689842825534933,1.1689842825534933
9,8,5,0.566558877213395,0.34250183346491436,0.566558877213395,0.566558877213395,0.34250183346491436,0.566558877213395,0.23403977258496342,0.34250183346491436,-0.22405704374848057
9,8,6,0.05687803657303643,0.0,0.0,0.05687803657303643,0.0,0.07482840192914306,0.0,0.0,-0.1317064385021795
9,8,8,0.056617110061523986,0.23084852040475767,0.0,0.28926602696923404,0.19193218976225107,0.17691683289536478,0.0,0.19193218976225107,-0.1487776575132213
9,8,9,0.0,0.0,0.0,0.49599836813740916,0.0,0.49599836813740916,0.0,0.0,-0.49599836813740916
9,8,10,0.7678451644432156,1.0926502643584548,0.7678451644432156,0.13129368568343186,1.0926502643584548,0.8991388501266475,1.0926502643584548,0.0,0.19351141423180734
9,8,11,0.0,0.5892213522477423,0.0,0.0,0.5892213522477423,0.0,0.5892213522477423,0.5892213522477423,0.5892213522477423
9,8,12,0.5530865543217702,0.5936765106053318,0.038665320384748465,0.8913925392646028,1.090460256732878,0.06278902998169787,0.15196332456037556,1.090460256732878,0.5373737024111077
9,8,13,0.0,1.714814469097338,0.0,0.0,0.0,0.10277693368280486,0.0,0.0,-1.8175914027801428
9,8,14,3.8741858727896736,3.33494660790266,3.8741858727896736,3.8741858727896736,3.1425138786546256,3.8741858727896736,7.209132480692333,3.1425138786546256,-0.7316719941350479
9,8,15,5.739083854516923,0.6759311423551184,5.739083854516923,5.739083854516923,0.6759311423551184,5.739083854516923,5.739083854516923,0.0,-5.063152712161805
9,8,16,0.564650227142533,0.13676733090419455,0.27259858964943395,0.4952515125070887,0.09978317822657211,0.4799846074631682,0.12669397448687628,0.14088710913541772,-0.5009441265532818
9,8,17,0.2637623805684911,0.14001495313309645,0.2637623805684911,0.2637623805684911,0.0,0.2637623805684911,0.0,0.28306546228980084,-0.2607268245448831
9,8,18,0.0,1.329288281800454,0.0,0.0,1.329288281800454,0.0,1.329288281800454,1.329288281800454,1.329288281800454
9,8,19,0.0,0.1562817570415585,0.0,0.0,0.1562817570415585,0.0,0.1562817570415585,0.1562817570415585,0.1562817570415585
9,8,20,0.0,0.1991354698871463,0.0,0.0,1.1753315373905902,0.0,0.9761960675034438,1.1753315373905902,1.1753315373905902
9,8,22,0.05670014617190849,0.0,0.0,0.05490144005965963,0.0,0.09758617945640058,0.0,0.0,-0.20918776568796868
9,8,23,0.25663366758015355,0.0,0.25663366758015355,0.40545129104887023,0.0,0.40545129104887023,0.14881762346871666,0.0,-0.40545129104887023
9,8,24,0.4640339962708991,0.13527331963903771,0.0,0.0,0.5257517466404152,0.3871016296264355,0.3904784270013775,0.5257517466404152,-0.32538387925691936
9,8,25,0.05070852255696463,0.12556172159931953,0.05070852255696463,0.05070852255696463,0.23289440521058563,0.18659712894415859,0.0,0.2524506754255559,0.04629727626642703
9,8,26,0.0,1.1433980994416664,0.0,0.0,0.273046401349124,0.0,0.273046401349124,0.273046401349124,1.1433980994416664
9,8,27,0.0,2.3826587822319953,0.0,0.0,2.3826587822319953,0.0,0.0,2.3826587822319953,2.3826587822319953
9,8,28,0.04591751174594397,0.18336224501080012,0.04591751174594397,0.08588867506429704,0.30739735970082827,0.04591751174594397,0.05340890417948253,0.22603149485406293,0.32947397099376946
9,8,29,0.0,0.0,0.0,0.0,1.5903243789076023,0.0,0.0,1.5903243789076023,1.5903243789076023
9,8,30,0.5346831802122706,0.23403977258496342,0.6809564385461907,0.15678170426111615,0.7806191873008608,0.21936798731138726,0.26641071294365093,0.23403977258496342,0.026568019777203005
9,8,31,0.415138214926506,0.15600683368348472,0.2844694981430979,0.2953813503515949,0.3014079197550369,0.17170165825900713,0.0,0.3014079197550369,-0.11373029517146907
9,8,32,0.4669371509175094,0.30148684320475616,0.48548766877323796,0.35353685857369244,0.6088078274188032,0.8569340221183266,0.4575279047374068,0.6088078274188032,-0.3615264870433403
9,8,33,0.0,0.0,0.0,0.0,0.6626351578781675,0.3361090540419753,0.0,0.6626351578781675,0.32652610383619224
9,8,34,0.0,0.2826233326896922,0.0,0.06795587477614712,0.7105930070022695,0.0,0.12244669798918392,0.2826233326896922,0.7105930070022695
9,8,35,1.4939211391060843,0.0,1.4939211391060843,1.4939211391060843,0.0,1.4939211391060843,0.0,0.0,-1.4939211391060843
9,8,36,0.27175061918228516,0.09956773494357316,0.0,0.27175061918228516,0.54041454416059,0.0,0.0,0.694640874345162,0.42289025516287676
9,9,1,0.0,0.0,0.0,0.0,0.0,0.0,0.0,0.5021111755184888,0.5021111755184888
9,9,2,0.0,0.09859399109774997,0.0,0.06647088505667655,0.032123106041073414,0.0,0.032123106041073414,0.08116992249575831,0.014699037439081764
9,9,3,0.22599417591273094,0.08664629700432536,0.22599417591273094,0.0,0.12757272479169793,0.0,0.03142547592516025,0.18917232448220506,0.03714591245779506
9,9,4,0.0,0.0,0.0,0.0,0.0,0.19814978759732294,0.0,0.15594698316322472,-0.04220280443409821
9,9,5,0.1925074057104094,0.25917544149712124,0.0,0.0,0.4821201363907653,0.12652878696277572,0.08163155789195113,0.521302516511976,0.3947737295492003
9,9,7,0.0,0.0,2.0339438778966916,0.0,0.35654097465592743,0.0,0.0,0.35654097465592743,-1.6774029032407642
9,9,8,0.0,0.07175457700774178,0.06657074740430659,0.0,0.07175457700774178,0.0,0.0,0.05615676719915095,0.061340596802586134
9,9,9,0.1845211476540479,0.2548653280576851,0.0,0.1845211476540479,0.0,0.0,0.0,0.43362206599952685,0.24910091834547896
9,9,10,0.08983736212894812,0.0598599753123305,0.0867913396555673,0.7912929006479386,0.03054690746451276,1.0071231324513237,0.0,0.07552314182763366,-1.0410843018706262
9,9,11,0.0,0.13426502643584548,0.5481797268102044,0.0,0.6067828514283345,0.0,0.13426502643584548,0.0,0.05860312461813011
9,9,13,0.0687119812234936,0.07020393539129176,0.0,0.0687119812234936,0.07020393539129176,0.0687119812234936,0.07020393539129176,0.2106118061738753,0.21210376034167341
9,9,14,0.01929932645330245,0.18169253400756244,0.01929932645330245,0.1649522350326668,0.09994871480455349,0.01929932645330245,0.07768567880652004,0.29822109706196187,0.13326886202929514
9,9,16,0.11874891114423039,0.2665292142554394,0.21373465846889061,0.16184673768762342,0.09994182110204045,0.013044285203344391,0.08545424668717205,0.17984640951253547,-0.226053079127947
9,9,17,0.0,1.9676212829531514,0.0,0.0,1.9676212829531514,0.0,0.0,1.9676212829531514,1.9676212829531514
9,9,18,0.0,0.18538534801052303,0.0,0.0,0.0,0.0,0.0,0.0,-0.18538534801052303
9,9,19,0.09088852276265279,0.3549659940604774,0.0,0.0,0.08000035032416208,0.0,0.0,0.08000035032416208,0.2640774712978246
9,9,20,0.20283409022785856,0.0,0.0,0.20283409022785856,0.0,0.20283409022785856,0.0,0.0,-0.20283409022785856
9,9,21,0.0,0.21449101170888105,0.05562861922449242,0.26621094922346544,0.09101546711637466,0.08640116963615346,0.09101546711637466,0.2272985469058717,0.08526875804522582
9,9,22,0.0,0.4067483614597682,1.1589195704618036,0.0,0.5513549635419025,0.0,0.4067483614597682,0.4067483614597682,-0.20081624546013288
9,9,23,0.18674014238826053,0.0,0.18674014238826053,0.18674014238826053,0.0,0.18674014238826053,0.0,0.0,-0.18674014238826053
9,9,24,0.37247390308041073,0.02095068084487358,0.09690702733926447,0.43698114801473764,0.1382364965317806,0.15541753026689664,0.02095068084487358,0.22680568721846944,-0.3377358126495854
9,9,25,0.27398111468778924,0.0,0.0,0.27398111468778924,0.0,0.27398111468778924,0.0,0.250138763918893,-0.023842350768896237
9,9,26,0.10775048422867294,0.10003852699080941,0.10775048422867294,0.03540992982583719,0.10003852699080941,0.07112355007268249,0.0,0.15666546747317614,0.04891498324450324
9,9,27,0.8194211177333575,0.14525611898002286,0.6662332127833582,0.06030183223651898,0.7724352015959304,0.06755966270058501,0.14525611898002286,0.6904455179049347,-0.11454557883801206
9,9,28,0.0,0.06774278518462622,0.0,0.0,0.06774278518462622,0.07935242565906303,0.06774278518462622,0.17417614003465276,0.09482371437558974
9,9,29,0.22165735374350562,0.4412815200150902,0.1950722880072466,0.10959593647364399,0.4688334217908087,0.0,0.11839471169437941,0.27499648058746956,-0.038129398557714175
9,9,30,0.0,0.2279385105194907,0.0,0.01717773501285941,1.1059105621497771,0.0,0.1659008937924649,0.1856303171079422,1.1059105621497771
9,9,31,0.0,0.0,0.0,0.0,0.0,0.0,0.0,0.20281521398829164,0.20281521398829164
9,9,32,0.0,0.05091326850011413,0.0,0.0,0.09551851441729253,0.0,0.05200445792596713,0.11446842077478443,0.13836007278406448
9,9,33,0.3700888723144379,0.1884864095274219,0.0,0.0,0.1884864095274219,0.3700888723144379,0.1884864095274219,0.1884864095274219,-0.18160246278701594
9,9,34,0.682529035060636,0.0,0.0,0.0,0.0,0.0,0.0,0.0,-0.682529035060636
9,9,35,1.082628970772957,0.21771883682925003,1.256146529325879,0.0,0.35887893175475705,0.0,0.21771883682925003,0.35887893175475705,-1.1149864344003717
9,9,37,0.0,0.0,0.0,0.0,0.2005221361183898,0.515223969839046,0.41986678758490276,0.0,-0.31470183372065613
9,9,38,0.0,0.231854384195947,0.2094390994568734,0.1545996151157347,0.47095370785725255,0.03238584639746653,0.07725476908021231,0.39369893877704026,0.26151460840037916
9,9,39,0.07531331970594483,0.0,0.4211752913755687,0.0,0.16939211391060843,0.0,0.0,0.3339431351723797,-0.08723215620318907
9,9,40,0.0,1.545095381604246,0.0,0.0,1.545095381604246,0.0,1.545095381604246,0.0,1.545095381604246
9,10,1,0.202606263805706,0.0,0.0,0.3820208066484758,0.0,0.0,0.0,0.19409000367991228,-0.18793080296856354
9,10,3,0.0,0.0,0.0,0.236056835963756,0.0,0.8371052642728104,0.0,0.0,-0.8371052642728104
9,10,4,0.6172618886654803,0.0,0.6172618886654803,0.6172618886654803,0.0,0.6172618886654803,0.0,0.0,-0.6172618886654803
9,10,5,2.2290722053564327,0.0,2.2290722053564327,2.2290722053564327,0.0,2.2290722053564327,0.0,0.0,-2.2290722053564327
9,10,6,0.0,0.16260894713287952,0.0,0.0,0.16260894713287952,0.0,0.16260894713287952,0.16260894713287952,0.16260894713287952
9,10,7,0.0,1.228708806071058,0.0,0.0,1.228708806071058,0.0,1.228708806071058,1.228708806071058,1.228708806071058
9,10,8,0.029220234747418892,0.0,0.029220234747418892,0.028588438095894893,0.02489193373589329,0.09345798260730595,0.0,0.02489193373589329,-0.06856604887141267
9,10,9,0.05498978256696723,0.05847300617688685,0.11602828209522686,0.05498978256696723,0.11346278874385407,0.05498978256696723,0.05847300617688685,0.11346278874385407,0.052424289215594444
9,10,10,0.0,1.5836471735267366,0.0,0.1695007568945252,2.3685499903742975,0.0,1.4141464166322113,0.4914835224284232,2.1990492334797724
9,10,12,0.0,0.08528087272494707,0.03897097155638249,0.03897097155638249,0.12893967918155264,0.13159077389351165,0.03897097155638249,0.08262977801298807,-0.0026510947119590053
9,10,14,0.0,0.0,0.0,0.0,0.0,0.30230408706113,0.30230408706113,0.0,-0.30230408706113
9,10,16,0.0,0.2944754573633041,0.0,0.2944754573633041,0.584238443403102,0.0,0.0,0.584238443403102,0.584238443403102
9,10,17,0.12595623120486193,0.024539621446942012,0.12595623120486193,0.08751773704937298,0.0678582278811711,0.0,0.0,0.0678582278811711,-0.05809800332369083
9,10,18,0.42215818245564474,0.13989657751970222,0.28226160493594254,0.42215818245564474,0.5466449389794704,0.5545677904787369,0.13989657751970222,0.5466449389794704,0.13197372602043578
9,10,19,0.0,0.0,0.29952839696006295,0.0,0.0,0.0,0.0,0.0,-0.29952839696006295
9,10,20,0.08581598500493216,0.0,0.0,0.08581598500493216,0.08384072210434483,0.0,0.0,0.08384072210434483,-0.0019752629005873323
9,10,21,0.0,0.3418591762565799,0.0,0.13941104330066478,0.3418591762565799,0.13941104330066478,0.0,0.3418591762565799,0.20244813295591513
9,10,22,0.20578000250712103,0.0,0.200475516822105,0.406255519329226,0.2978323477789994,0.4672039239786474,0.06094840464942137,0.2978323477789994,-0.169371576199648
9,10,23,0.0,0.0,0.0,0.0,0.19666594119303618,0.0,0.0,0.0,0.19666594119303618
9,10,24,0.3670834712228344,0.3670834712228344,0.0,0.3670834712228344,0.0,0.0,0.0,0.15986007546783243,0.15986007546783243
9,10,25,0.0,0.6871094005143763,0.0,0.6871094005143763,0.6871094005143763,0.0,0.0,0.6871094005143763,0.6871094005143763
9,10,27,0.1918391828203695,0.1972167792909384,0.29771744339366646,0.14782899561216747,0.2207659276804004,0.228180459458862,0.17165426272295653,0.20404651645264574,-0.14209278585483004
9,10,28,0.1576477330563151,0.2358079076107548,0.03590215041300699,0.23234152494277485,0.2358079076107548,0.11059594229946679,0.1292127423914525,0.2358079076107548,0.125211965311288
9,10,29,0.09355524118364901,0.0717758107426663,0.0,0.26454475048236153,0.4252586158323279,0.14287382827347908,0.0717758107426663,0.1289406833088431,0.10354899278378953
9,10,30,0.12424291407318834,0.3736503070793516,0.0,0.4896889753021933,0.4379199080047446,0.2234857373034995,0.0,0.3736503070793516,0.03715295660472555
9,10,32,0.0,0.0,0.0,0.0,0.0,0.0,0.0,0.6604992919910764,0.6604992919910764
9,10,33,0.0,1.143209646064892,0.6350280065185148,0.0,0.0,0.0,0.0,0.0,-1.7782376525834067
9,10,35,0.06734591728791897,0.06055726754452364,0.011543094510217993,0.06274355813158031,0.11671883752767635,0.44804065387094816,0.023617506801650784,0.2168547052820416,-0.3575931827750546
9,10,36,0.0810099804190927,0.12301711908818869,0.0810099804190927,0.0810099804190927,0.12301711908818869,0.0810099804190927,0.12301711908818869,0.21482226536910867,0.13381228495001599
9,10,37,0.0,1.2483442121346455,0.0,1.2483442121346455,1.0306641007715645,0.2176801113630811,0.0,1.0306641007715645,0.8129839894084834
9,10,38,0.1488075274072026,0.068261600337281,0.0,0.14203651308385945,0.068261600337281,0.18432851755673765,0.068261600337281,0.068261600337281,-0.4069109577105187
9,10,40,0.07954278048151316,0.07954278048151316,0.07954278048151316,0.2532097429794406,0.07954278048151316,0.0,0.0,0.16410008995427117,-0.00956687254365629
9,10,43,0.0,0.0,0.0,0.0,0.6814041545877892,0.0,0.0,0.0,0.6814041545877892
9,10,45,0.6254564766144144,0.0,0.0,0.6254564766144144,0.0,0.4241511963956625,0.4241511963956625,0.0,-0.6254564766144144
9,10,47,0.0,0.09577416902659926,0.0,0.1029885475278407,0.09577416902659926,0.0,0.03809949786266847,0.09577416902659926,-0.007214378501241431
9,10,49,0.0,0.0,0.35372937006898986,0.0,0.0,0.0,0.0,0.0,-0.35372937006898986
9,10,50,0.0,0.053831858056999714,0.0,0.0,0.5920365224381732,0.09447002720660312,0.14830188526360283,0.053831858056999714,0.49756649523157004
9,10,51,0.0,0.07978391297026363,0.19258698989088816,0.0,0.07978391297026363,0.0,0.0,0.07978391297026363,-0.11280307692062452
9,10,52,0.0,0.35065134692520084,0.0,0.0,0.35065134692520084,0.19855489851933295,0.0,0.19855489851933295,0.15209644840586786
9,11,1,0.7678451644432156,0.0,0.0,0.0,0.0,0.0,0.0,0.0,-0.7678451644432156
9,11,2,0.0625632011178719,0.03493398509877579,0.0,0.0,0.03545093781245196,0.015183955550300955,0.018677809504832655,0.016773128307619307,-0.026040043261777765
9,11,3,0.0,0.20857660354114863,0.0,0.154267040591088,0.22675571923147406,0.07866640387951829,0.08732137333833838,0.20857660354114863,0.1480893153519558
9,11,4,0.0,0.45957884326391324,0.0,0.01944649246738801,0.38519698476194947,0.0,0.3434266065640206,0.294739838271382,0.4819027289944542
9,11,5,0.0,0.36508169479310154,0.0,0.0,0.36508169479310154,0.0,0.0,0.735601615781406,0.735601615781406
9,11,6,0.0,0.0,0.0,0.0,0.0636269049161391,0.0,0.11411053513175308,0.0,-0.05048363021561399
9,11,7,0.08819833423868259,0.16679335843035747,0.1832768140329913,0.08819833423868259,0.2253597161811936,0.14924461571307185,0.03209943600875273,0.33149821185272693,0.1394919178975994
9,11,8,0.10550495222739643,0.19191151336872259,0.10550495222739643,0.10550495222739643,0.45032861336070984,0.10550495222739643,0.08130447356643976,0.45032861336070984,0.34482366113331336
9,11,9,0.5365676820593973,0.0,0.5365676820593973,0.5365676820593973,0.0,0.5365676820593973,0.0,0.0,-0.5365676820593973
9,11,10,0.12106830852467729,0.0,0.0,0.10455828247549859,0.0,0.22562659100017587,0.0,0.0,-0.22562659100017587
9,11,11,0.0,0.22108794377546767,0.0,0.22108794377546767,0.11782760169655387,0.0,0.0,0.0,-0.1032603420789138
9,11,12,0.9851685595868105,0.26506589162750155,0.06995924461678872,0.06427770081941574,0.10782719170366,1.046687109909892,0.17312980836710315,0.15640008188244342,-1.1064509526055069
9,11,13,0.17123819667986828,0.12683397187085652,0.0,0.17123819667986828,0.1478957429648335,0.17123819667986828,0.0,0.27472971483569,0.10349151815582171
9,11,14,0.0801947385757746,1.274634933109003,0.0801947385757746,0.0,1.3166267750425675,0.0,1.228708806071058,1.3861097650200378,1.3059150264442632
9,11,15,2.060323793989733,0.06433865558266745,2.0858923178881117,2.0858774493807632,0.1366419566237346,2.060323793989733,0.08450041428153364,0.11418959059182203,-1.945114840345119
9,11,16,0.0,0.0,0.0,0.9211601371097405,0.10288399510597113,0.9211601371097405,0.0,0.10288399510597113,-0.8182761420037695
9,11,17,0.02669083917319335,0.020755480542425327,0.012831683379007678,0.02669083917319335,0.00664166922200572,0.012831683379007678,0.00664166922200572,0.02099647681439629,0.008419448961622545
9,11,18,0.0,0.0,0.0,0.0,0.3888052633626906,0.0,0.0,0.3888052633626906,0.3888052633626906
9,11,19,0.7848311597345541,0.1394284115213916,0.8604773142395915,0.03172123870466648,0.1394284115213916,1.3542616663557168,0.0,0.1394284115213916,-2.075310569073917
9,11,20,0.0,0.326167975669323,0.030165956780628545,0.0,0.33032957239743926,0.0,0.2882574988813652,0.7320838293027044,0.7019178725220759
9,11,23,0.0754101124095397,0.0,0.0,0.0754101124095397,0.0,0.055570604239178305,0.055570604239178305,0.15392364221740887,0.022942925568690875
9,11,24,0.1915283511674467,0.7755618815406299,0.1915283511674467,0.1915283511674467,0.44893055409351795,0.1915283511674467,0.44893055409351795,0.44893055409351795,-0.06922912452104076
9,11,25,0.0,0.22864192921297838,0.0,0.0,0.09971619373278456,0.0,1.1063130209755,0.12569985773425638,-1.1621240517756006
9,11,26,0.08061943240291158,0.15702177450158328,0.0,0.10487035242106604,0.19712620172526124,0.08061943240291158,0.03659343655178264,0.02425092001815446,0.11650676932234967
9,11,27,0.03823209742884546,0.1270116156498176,0.03823209742884546,0.14580197376100898,0.2610084942096214,0.14580197376100898,0.051027852381855476,0.08988818594227994,0.12800227540162243
9,11,28,0.4020736355843329,0.11234802603063457,0.14033286177547352,0.0,0.11234802603063457,0.4020736355843329,0.11234802603063457,0.11234802603063457,-0.2897256095536983
9,11,29,0.7325553776926712,0.0,0.0,0.7325553776926712,0.0,0.0,0.0,0.0,-0.7325553776926712
9,11,30,0.0,0.0,0.0,0.0,0.0,0.0,0.0,0.18760407293916975,0.18760407293916975
9,11,31,0.08792079352283037,0.0,0.08792079352283037,0.21469209991524196,0.0,0.23466072587874426,0.0,0.14113080246797127,-0.22030122980318456
9,11,32,0.0,0.10717590431858362,0.0,0.0,0.14062688144108126,0.0,0.0,0.0,0.033450977122497644
9,11,33,0.0,0.08658966138250708,0.0,0.03229743435532544,0.27311802451336437,0.06738551694081853,0.01671712661321167,0.2476233112464743,0.24082059015803892
9,11,34,0.4317934208476108,0.0,0.0,0.4317934208476108,0.2882863730948339,0.4317934208476108,0.0,0.0,-0.1435070477527769
9,11,35,0.0,0.9461094195674904,0.0,0.0,0.0,0.0,0.0,0.0,0.9461094195674904
9,12,1,0.20611019651704685,0.0,0.20611019651704685,0.20611019651704685,0.0,0.0,0.0,0.0,-0.20611019651704685
9,12,2,0.0,0.4972500062495849,0.0,0.06649445811429448,0.06649445811429448,0.0,0.0,0.06649445811429448,0.4972500062495849
9,12,3,0.0,0.0,0.0,0.0,0.0,0.1325368255394858,0.15986007546783243,0.0,-0.2923969010073182
9,12,10,0.8478917951294718,0.0,0.8478917951294718,0.8478917951294718,0.0,0.8478917951294718,0.0,0.0,-0.8478917951294718
9,12,13,0.0,1.2338106414765757,0.0,0.0,1.2338106414765757,0.0,1.2338106414765757,0.0,1.2338106414765757
9,12,16,0.0,0.0,0.0,0.0,0.24565203833210666,0.0,0.0,0.0,0.24565203833210666
9,12,17,0.0,0.0,0.0,2.0713806577728624,0.0,2.0713806577728624,0.0,0.0,-2.0713806577728624
9,12,18,0.0,0.1473116421635119,0.0,0.0,0.1488100033255285,0.0,0.05794107681015923,0.09086892651536926,0.10593964159809505
9,12,19,0.22425861478554276,0.2657154492909669,0.22425861478554276,0.22425861478554276,0.2657154492909669,0.22425861478554276,0.0,0.2657154492909669,0.041456834505424145
9,12,20,0.42518061668911816,0.18614428228926438,0.34579127449861574,0.5079209734436202,0.2543218085695169,0.2630509177441137,0.13116972745986816,0.18614428228926438,-0.25359916487410333
9,12,21,0.0,0.614354403035529,0.0,0.0,0.614354403035529,0.0,0.614354403035529,0.614354403035529,0.614354403035529
9,12,22,0.0,0.0,0.0,0.0,0.0,0.0,0.0,0.7926395408613358,0.7926395408613358
9,12,24,0.0,0.0,0.0,0.0,1.0917878902726834,0.0,0.0,1.0917878902726834,1.0917878902726834
9,12,25,0.17992588224030523,0.24714346700179102,0.0,0.2844051892031952,0.142664160038901,0.0,0.142664160038901,0.142664160038901,-0.0372617222014042
9,12,26,0.8314835230352826,0.5118444899487259,0.0,0.8314835230352826,0.44325191118483237,0.0,0.44325191118483237,0.1563367274493081,0.14276444801979676
9,12,27,0.0,0.1963169715755361,0.0,0.1963169715755361,0.1963169715755361,0.0,0.0,0.1963169715755361,0.1963169715755361
9,12,28,0.0,0.19597879646826719,0.0,0.0,1.5647201246149087,0.0,0.0,3.069077855662518,2.8730990591942507
9,12,29,0.17010043851572546,0.0,0.0,0.0,0.23663318874373357,0.0,0.0,0.23663318874373357,0.06653275022800811
9,12,30,0.45065400614806744,0.09072311096873904,0.27727294200040986,0.059009861634177,0.0641513003713969,0.07569968410951965,0.05183781829267858,1.635314214641318,1.1427043783225714
9,12,31,0.0,0.29447545736330416,0.0,0.29447545736330416,0.29447545736330416,0.0,0.0,0.29447545736330416,0.29447545736330416
9,12,32,0.47976313970008083,0.14350131741487288,0.0,0.17123819667986828,0.14350131741487288,0.17123819667986828,0.0,0.048427323409870916,-0.3846891456950788
9,12,33,0.0,0.0,0.3008908929607196,0.0,0.0,0.16061890138163737,0.0,0.0,-0.3008908929607196
9,12,34,0.47958022640349735,0.0,2.091426172820874,0.47958022640349735,0.0,2.091426172820874,0.0,0.0,-2.571006399224371
9,12,35,0.0,0.0,0.0,0.3110442106901525,0.0,0.3110442106901525,0.0,0.0,-0.3110442106901525
9,12,36,0.47694905071946425,0.0,0.47694905071946425,0.47694905071946425,0.0,0.47694905071946425,0.0,0.0,-0.47694905071946425
9,12,38,0.0,0.5222110188555255,0.0,0.0,0.511331447101894,0.0,0.0,0.0,1.0335424659574195
9,12,39,0.0,0.2281446726088018,0.0,0.0,0.501955943703628,0.0,0.0,0.27381127109482617,0.501955943703628
9,12,40,0.0,3.8024112101466967,0.0,0.0,3.8024112101466967,0.0,0.0,0.0,3.8024112101466967
9,12,41,0.08916288821425732,0.4500917028722342,0.08916288821425732,0.08916288821425732,0.4500917028722342,0.08916288821425732,0.0,0.4500917028722342,0.3609288146579769
9,12,43,0.13564922429236687,0.0857407234548669,0.2843785601948713,0.13564922429236687,0.4033145569300201,0.13564922429236687,0.0,0.4033145569300201,0.033195273280281934
9,12,44,0.16956153036545857,0.7026178975139628,0.16956153036545857,0.31508627934948397,0.11259394658508305,0.3450689965239078,0.0,0.14782193025972368,-0.574600110849769
9,12,45,0.0,0.05228548110940672,0.0,0.0,0.11997367782870363,0.0,0.05228548110940672,0.05228548110940672,0.11997367782870363
9,12,47,0.0,0.14123086163408388,0.0,0.23235133018457196,0.28478910685517855,0.0,0.4135260823814487,0.28478910685517855,-0.12873697552627017
9,12,48,0.31042051526650555,0.3020039141835661,0.0,0.31042051526650555,0.3020039141835661,0.0,0.3020039141835661,0.136523200674562,0.1570641124260647
9,12,49,0.0,0.0,0.0,0.0,0.8469285428257498,0.0,0.0,0.0,0.8469285428257498
9,12,50,0.27575708090965073,0.22150606342657286,0.25438969631928604,0.25438969631928604,0.32688414486701795,0.6447563922897398,0.258408817735362,0.3973543477477079,-0.27570970037403986
9,12,51,0.0,0.0,0.0,0.0,1.0328943522578744,0.0,0.0,0.0,1.0328943522578744
9,13,1,0.6176096605492319,0.10239240050592151,0.6176096605492319,0.6762993853956069,0.2680511899754634,0.6176096605492319,0.21730956266495213,0.3267409148218383,-0.46447563273279924
9,13,3,0.07549513756049882,0.06345584005419783,0.10648548890981449,0.07549513756049882,0.06345584005419783,0.07549513756049882,0.03099035134931567,0.10377507856330988,0.02827994100281105
9,13,4,0.26496693347586026,0.3122636523839137,0.0,0.034355470025718815,0.11554962241411698,0.0,0.02824617944990938,0.3553910254733779,0.28713812196731436
9,13,5,0.07734308930585908,0.08651980712718653,0.07734308930585908,0.07734308930585908,0.16613297947200775,0.07734308930585908,0.07961317234482122,0.08651980712718653,0.08878989016614869
9,13,7,0.7927444272662101,0.0,0.0,0.0,0.15903243789076021,0.0,0.0,0.15903243789076021,-0.6337119893754499
9,13,8,0.0,0.0,0.0,0.2795313947154167,0.0,0.2795313947154167,0.0,0.0,-0.2795313947154167
9,13,9,0.9538981014389285,0.10003852699080941,0.9538981014389285,0.9538981014389285,0.18611305634563227,0.9538981014389285,0.0,0.10003852699080941,-0.7677850450932961
9,13,10,0.0,0.2250403627602003,0.0,0.0,0.19310181700557652,0.0,0.10475046262182086,0.313391717143956,0.19310181700557652
9,13,11,0.0,0.0,0.0,0.0,0.0,1.5020840227808387,0.0,0.0,-1.5020840227808387
9,13,12,0.07107354510789105,0.07107354510789105,0.0,0.1263103626485007,0.07107354510789105,0.11415056507577737,0.0,0.07107354510789105,-0.04307701996788632
9,13,13,0.0,0.6741387570128056,0.0,0.5085022706835757,0.41111043439242867,0.16931530656451604,0.41111043439242867,0.1656364863292299,-0.2667071428556631
9,13,14,0.39564357085273666,0.23652613366859832,0.39564357085273666,0.39564357085273666,0.0,0.39564357085273666,0.0,0.2152325484883152,-0.4169371560330198
9,13,15,0.0,0.0,0.0,0.0,0.18426358454122307,0.0,0.0,0.16231618058343525,0.3465797651246583
9,13,16,0.0,0.20666757167075203,0.0,0.0,0.42754595763014125,0.0,0.0,0.8565621286905615,0.8565621286905615
9,13,17,0.0,1.1817419684202626,0.0,0.0,1.1910354200484663,0.06231282117170395,0.2457417612142116,1.1287225988767624,1.383511370663887
9,13,18,0.0,0.42610953925157835,0.0,0.0,0.42610953925157835,0.0,0.0,0.42610953925157835,0.42610953925157835
9,13,19,0.2887010588727885,0.853103449718215,0.2887010588727885,0.0,0.853103449718215,0.0,0.0385723549012877,0.9025106944548151,0.6138096355820266
9,13,21,1.1816920655485212,0.0,1.1816920655485212,0.6150982867141299,0.0,0.6150982867141299,0.0,0.0,-1.2988166392272897
9,13,22,0.24885023559000682,0.0,0.0,0.24885023559000682,0.0,0.0,0.0,0.0,-0.24885023559000682
9,13,23,0.0,0.273046401349124,0.0,0.0,0.273046401349124,0.0,0.273046401349124,0.9786330752585848,0.9786330752585848
9,13,24,0.0,0.2753332166064077,0.0,0.0,0.23989818451333292,0.0,0.0,0.42633149834154693,0.5753338895325866
9,13,25,0.0,0.1618112316690591,0.0,0.0,0.1618112316690591,0.0,0.1618112316690591,0.0,0.1618112316690591
9,13,26,0.0,0.0,0.0,0.3439042505220534,0.0,0.0,0.0,0.0,-0.3439042505220534
9,13,27,0.13282922992421736,0.0,0.13282922992421736,0.24391643869660826,0.0,0.6261503241625335,0.0,0.0,-1.0028959927833592
9,13,28,0.10682354507452443,0.22236077005023488,0.08130847929716561,0.025515065777358823,0.28237897016971447,0.06616930542594163,0.08877026541212925,0.0999184100976504,0.3156508202604294
9,13,32,0.0,0.338803852756628,0.1328552263109145,0.1328552263109145,0.5670800793940829,0.0,0.15286514471957563,0.5670800793940829,0.5670800793940829
9,13,34,0.0,0.0936967364337786,0.0,0.0936967364337786,0.24953798842001268,0.0,0.15584125198623408,0.0936967364337786,0.24953798842001268
9,13,35,0.0678791120331952,0.6365729066577172,0.03573974017000201,0.16477270143313752,0.5874548865783514,0.07216604298875777,0.3271440502438901,0.5439662482133374,0.5152888435895937
9,13,36,0.0,0.2759515949414091,0.0,0.0,0.0,0.0,0.0,0.12625791434338657,0.40220950928479565
9,13,37,0.0,0.042581803304780286,0.0476618113199122,0.08183178492947521,0.022753191225358998,0.0,0.0,0.022753191225358998,-0.016496790399335923
9,13,39,0.25467590727262107,0.255665723550947,0.25467590727262107,0.25467590727262107,0.4114523993000299,0.11305223935059623,0.0,0.4114523993000299,0.1567764920274089
9,13,40,0.0,0.0,0.0,0.0,0.2766387170266917,0.0,0.0,0.0,0.2766387170266917
9,13,41,0.0,0.4554058648203254,0.14625622179870773,0.11451823341906271,0.4554058648203254,0.14625622179870773,0.0,0.4554058648203254,0.4554058648203254
9,13,43,0.45759534717467437,0.09360720737827588,0.40075892961144227,0.156902754956169,0.02160824082162069,0.5024995993944426,0.10978030965534794,0.07044251652905353,-0.5906730920862555
9,13,44,0.33912306073091714,0.3071772015177645,0.33912306073091714,0.33912306073091714,0.3071772015177645,0.33912306073091714,0.3071772015177645,0.6456646430944756,0.30654158236355844
9,13,46,0.2666293629659747,0.40956960202368603,0.4848334794578686,0.7015105189091703,0.40956960202368603,0.4076126460978257,0.40956960202368603,0.40956960202368603,-0.510145033377378
9,13,47,0.0,0.0,0.0,0.0,0.05302242076344924,0.08731806424194871,0.0,0.0,-0.03429564347849947
9,14,3,0.11000414642574875,0.06239854293574066,0.0,0.11000414642574875,0.06239854293574066,0.0,0.11000414642574875,0.11579963279423285,0.06819402930422475
9,14,4,0.37876403489029187,0.4182391566934412,0.0,0.37876403489029187,0.6468063262732512,0.0,0.0,0.6468063262732512,0.6468063262732512
9,14,5,0.0,0.14496519487823814,0.15025639161508011,0.0,0.14496519487823814,0.15025639161508011,0.14496519487823814,0.14496519487823814,-0.005291196736841974
9,14,6,0.1278328617754735,0.0,0.0,0.1278328617754735,0.12856903288864313,0.0,0.12856903288864313,0.0,0.12856903288864313
9,14,7,0.039640671749159286,0.02836690185609811,0.039640671749159286,0.06800757360525739,0.02836690185609811,0.039640671749159286,0.0,0.02836690185609811,-0.011273769893061177
9,14,8,0.08528825412946925,0.33749337650152605,0.0,0.08528825412946925,0.13992076734739198,0.04723501360330156,0.10186752682122431,0.17657668223487172,0.2902583628982245
9,14,9,0.0,0.0,0.0,0.0,0.15518757296619293,0.0,0.0,0.0,0.15518757296619293
9,14,10,0.0,0.0956987172826038,0.12205907240473195,0.0,0.0,0.0,0.0,0.09834494433716874,0.0719845892150406
9,14,12,0.0,0.045345524990569305,0.1240845096021004,0.0,0.19726403721876914,0.20407889472987786,0.0,0.1132395426743159,-0.1308993671132091
9,14,14,0.06825866071515733,0.026541296060944113,0.032370940358687546,0.032370940358687546,0.0,0.0,0.0,0.06101535385469479,-0.06032589898235078
9,14,15,0.5935819546983896,0.0,0.0,0.4761842794632965,0.0,0.4761842794632965,0.0,0.20568877657721404,-0.1455970016170016
9,14,16,0.14040028464226698,0.2562814093089242,0.07932557239144754,0.24143197766219612,0.21634698217219853,0.39028749431734716,0.2009265867114085,0.16731386514646646,0.007052961206208186
9,14,17,0.3391501901871688,0.1005409808127983,0.0,0.3391501901871688,0.1005409808127983,0.0,0.0,0.1005409808127983,-0.2386092093743705
9,14,18,0.28215140453622867,0.24725837245027213,0.5777020679270473,0.0,0.20915138424810908,0.18833417432725025,0.20915138424810908,0.12717996628967795,-0.18496076147315155
9,14,19,0.32798187393193234,0.09775010388644083,0.32798187393193234,0.32798187393193234,0.09775010388644083,0.6191617322240887,0.0,0.09775010388644083,-0.5214116283376479
9,14,20,0.18397508430068274,0.0,0.0,0.18397508430068274,0.0,0.18397508430068274,0.0,0.5673461587877796,0.38337107448709684
9,14,21,0.12735674419919712,0.15712737962580126,0.12735674419919712,0.12735674419919712,0.15712737962580126,0.0,0.15712737962580126,0.054609280269824804,0.02977063542660413
9,14,22,0.3050243129468004,1.1057408405035807,0.3935456264332089,0.18406940359721702,1.1057408405035807,0.27259071708362553,1.1057408405035807,1.1057408405035807,0.712195214070372
9,14,23,0.07827877167401207,0.5121792947840409,0.09307302174469222,0.07380845906161916,0.45316508579310194,0.014244132344024163,0.45316508579310194,1.054292629338903,0.9612196075942109
9,14,24,0.0,0.857407234548669,0.0,0.0,0.0,0.39445289568066916,0.0,0.39445289568066916,-0.4629543388679998
9,14,25,0.14664587376512528,0.025598100126480373,0.06919543037026796,0.14664587376512528,0.06257203586768875,0.0,0.09479353049674832,0.06257203586768875,-0.08407383789743653
9,14,26,0.0,0.6701739005419446,0.17580928394875406,0.0,0.6701739005419446,0.0,0.6701739005419446,0.2759342698181509,0.7702988864113415
9,14,27,0.0,0.3777673167711222,0.0,0.0,0.43155059050884215,0.0,0.3969783214021551,0.41233958587780917,0.43155059050884215
9,14,28,0.09125086470588967,0.0,0.09125086470588967,0.09125086470588967,0.07228747176852737,0.09125086470588967,0.0,0.07228747176852737,-0.018963392937362294
9,14,29,0.08742531501942216,0.5553766642329223,0.19468394679989853,0.16704590830906485,0.5222520728540353,0.08472887858072728,0.4457236223170031,0.5222520728540353,0.21280679884713297
9,14,30,0.3527842592425869,0.0,0.1577737745119003,0.0,0.2177377809329001,0.0,0.0,0.2177377809329001,-0.13504647830968677
9,14,31,0.06854051255542615,0.2772024664870794,0.14970825477753666,0.06854051255542615,0.2572626118519896,0.14552095026522865,0.10213456911875869,0.27704085000173084,0.15248672663315033
9,14,32,0.0,0.0,0.0,0.1812642211695227,0.34285075436971496,0.1812642211695227,0.34285075436971496,0.34285075436971496,0.16158653320019226
9,14,33,0.15052981422904033,0.21107911384296385,0.08698073246915741,0.15052981422904033,0.2533577685793429,0.08698073246915741,0.2129257421020997,0.4149720949467505,0.3048743071949534
9,14,34,0.44502906169065426,0.10589075466660831,0.22305766928106363,0.3108602899934049,0.07282017167356017,0.25297837359398884,0.02992070431292519,0.4171553510491909,0.002046993671461772
9,14,35,0.039804860809936296,0.021941228679840323,0.039804860809936296,0.039804860809936296,0.20581779564839556,0.7809143000304468,0.021941228679840323,0.1528245584528036,-0.5750965043820512
9,14,36,0.18265407645852616,0.12287122716832252,0.0,0.2274370016886435,0.12287122716832252,0.2274370016886435,0.03276556816189488,0.23077303172824268,0.09344168904602679
9,14,37,0.0,0.09758047135623774,0.0,0.0,0.09758047135623774,0.04418531065137578,0.02457417612142116,0.06596431659414378,0.0947853011775846
9,14,38,2.8870105887278856,0.3549603217538612,2.8870105887278856,0.0,0.3549603217538612,0.0,0.3549603217538612,0.3549603217538612,-2.5320502669740246
9,15,1,0.0,0.0,0.0,0.0,0.27665613492617164,0.0,0.9649376434689863,0.0,-0.4116253736166429
9,15,2,0.0,0.0,0.0,0.7613097289119954,0.0,0.7613097289119954,0.0,0.0,-0.7613097289119954
9,15,3,0.055590461796106,0.03666757330092537,0.030099378363490786,0.047641077186347816,0.05498928273534476,0.017541698822857034,0.04533692972091003,0.03816755572271421,-0.022751172814493854
9,15,4,0.0,0.0,0.04312914944506929,0.04312914944506929,0.04312914944506929,0.04312914944506929,0.04312914944506929,0.03474149498873513,0.03474149498873513
9,15,5,0.0,0.43065486445599777,0.0,0.1812642211695227,0.43065486445599777,0.1812642211695227,0.0,0.43065486445599777,0.24939064328647506
9,15,6,0.16754347513548615,0.1093122934973973,0.0,0.0,0.1093122934973973,0.0,0.0,0.21211457739987752,0.04457110226439139
9,15,7,0.0,0.0,0.0,0.0826663946895682,0.0,0.0826663946895682,0.0,0.06948298997747027,-0.013183404712097932
9,15,8,0.0,0.14755835246609156,0.14133534713927073,0.14755835246609156,0.0,0.0,0.0,0.14755835246609156,-0.28889369960536226
9,15,9,0.06369381029982317,0.22096301016560113,0.03696784238148797,0.18983120390848005,0.13359387171929946,0.26467704396261416,0.057254561943395836,0.0727552923569523,-0.251277234841313
9,15,10,0.4245851819726538,0.7029251222934769,0.6724674084768277,0.676992716855486,0.7029251222934769,0.4245851819726538,0.0319145144434041,0.7029251222934769,0.030457713816649055
9,15,11,0.048522500919978076,0.060976654854100865,0.0,0.0,0.060976654854100865,0.0,0.10949915577407894,0.1174261510462614,0.1174261510462614
9,15,12,0.342850754369715,0.21011203119859792,0.46308170233799234,0.0,0.4198565184576175,0.342850754369715,0.03272985974175984,0.21011203119859792,-0.16345613184865215
9,15,14,0.057079398893289425,0.0,0.0,0.057079398893289425,0.2016663696092764,0.057079398893289425,0.11329566833686099,0.0,0.14458697071598695
9,15,15,0.036693899288543205,0.18634578940612265,0.0,0.14429808930271787,0.13941305223114708,0.611943876134239,0.0,0.2051470881443564,-0.359864050814907
9,15,16,0.4648467700926309,0.1344344479267258,0.4648467700926309,0.5992812180193567,0.1344344479267258,0.0,0.0,0.1344344479267258,-0.3304123221659051
9,15,17,0.0,0.5372786732909693,0.0,0.0,0.640573348514154,0.27047505775184666,0.11375483917677266,0.640573348514154,0.5407305495274664
9,15,18,0.20748904709806726,0.0,0.20748904709806726,0.20748904709806726,0.0,0.20748904709806726,0.0,0.0,-0.20748904709806726
9,15,19,0.016088106414765758,0.12213289085700112,0.0,0.030276662910438644,0.16409320773713426,0.052342805646643155,0.0992778191320099,0.12213289085700112,0.16409320773713426
9,15,21,0.32565538795821264,0.0,0.0,0.5532328936151297,0.0,0.5532328936151297,0.0,0.0,-0.6267344332232181
9,15,22,0.10015871431779917,0.027374750780805764,0.0,0.07345225778213106,0.027374750780805764,1.4938180179643346,0.0,0.04834285705649598,-1.5456338752256378
9,15,23,0.03456767995952335,0.438064320047017,0.0,0.026303246447909365,0.46223944790345833,0.026303246447909365,0.03456767995952335,0.8815144061884812,0.7982570220874351
9,15,24,0.0,0.2919234106415456,0.0,0.0,0.7865836710571801,0.0,0.7865836710571801,0.5419182914183676,0.7865836710571801
9,15,25,0.0,0.12367969209258775,0.3496190166076697,0.12367969209258775,0.12367969209258775,0.0,0.0,0.12367969209258775,-0.22593932451508195
9,15,26,0.0,0.0,0.16992995178892464,0.1796641464699459,0.0,0.0,0.0,0.0,-0.25109367355113005
9,15,27,0.031061711857030373,0.0,0.2095682121375119,0.1689623064478671,0.019883407786293467,0.06250899376251476,0.0,0.0,-0.22113208625670283
9,15,28,0.11979670086546877,0.03722035094438221,0.10915515590641042,0.12323851354282271,0.06895030232123028,0.32027634998536003,0.0,0.06895030232123028,-0.24307031997587766
9,15,29,0.13650228595756825,0.34303098821788147,0.02938720751740414,0.08948514821848388,0.46714260392534274,0.20355083721667083,0.26778671646464824,0.6089791436222877,0.3615396390472502
9,15,30,0.0,0.34374833956218753,0.177140301747886,0.05889509147266083,0.34374833956218753,0.31670002364558847,0.0,0.34374833956218753,-0.15009198583128694
9,15,31,0.0,0.0,0.0,0.0,0.0,0.9447002720660312,0.9447002720660312,0.0,-0.9447002720660312
9,15,32,0.04226215999875386,0.06901859291463215,0.04226215999875386,0.016119332838492935,0.3108311036709438,0.06067270610349377,0.08455714824744226,0.06901859291463215,0.25015839756745
9,15,33,0.6315455349969625,0.029149944932639275,0.0,0.9520689675911406,0.029149944932639275,0.8880244535733869,0.10796574537897499,0.029149944932639275,-1.299085955965
9,15,34,0.0,0.15740970263625212,0.0,0.0,0.15740970263625212,0.20511550575394796,0.0,0.3625252083902001,0.3625252083902001
9,15,35,0.0,0.0,0.0,0.0,0.0,0.34489743919185306,0.0,0.0,-0.34489743919185306
9,16,1,0.15859581901614214,0.3245210895682866,0.2051543325871115,0.269742234814727,0.07757000038327387,0.16309052102191657,0.07757000038327387,0.09943389407844185,-0.3913684950645815
9,16,2,0.0,2.457417612142116,0.0,0.0,2.457417612142116,0.0,2.457417612142116,2.457417612142116,2.457417612142116
9,16,3,0.07994884479469143,0.02642384529185071,0.0,0.07994884479469143,0.02642384529185071,0.05059706189879198,0.02642384529185071,0.02642384529185071,-0.10412206140163267
9,16,4,1.1558737609843837,0.0,1.1558737609843837,1.1558737609843837,0.0,1.1558737609843837,0.0,0.0,-1.1558737609843837
9,16,5,0.0,0.0,0.11644870350168711,0.0,0.0,0.11644870350168711,0.0,0.1858810641476576,0.06943236064597048
9,16,7,0.0,0.0660392559329319,0.0,0.0660392559329319,0.0,0.0,0.0,0.04872833063355059,-0.017310925299381316
9,16,8,0.0,0.09346558231409444,0.0,0.0,0.09346558231409444,0.0,0.09346558231409444,0.08816814555540195,0.1816337278694964
9,16,9,0.4659196342564318,0.049079242893884024,0.4659196342564318,0.5741811816581119,0.06391504939089684,0.543009267473289,0.0,0.24663491175062285,-0.2963743557226662
9,16,10,0.0,1.8043485020756918,0.0,0.0,0.0,0.26991436344743747,0.26991436344743747,1.8043485020756918,-0.26991436344743747
9,16,11,0.0,0.826138062878478,0.0,0.0,0.9287621030657991,0.0,0.0,0.826138062878478,0.9287621030657991
9,16,12,0.04850393308785988,0.4079133771478398,0.14700435779560042,0.14700435779560042,0.5057442635655627,0.04850393308785988,0.10030275967927003,0.603741187964723,0.26074298137080204
9,16,13,0.3082716327895413,0.2795748410113927,0.1906738538046312,0.4197103206427566,0.2795748410113927,0.0,0.11759777898491011,1.0629858705465551,0.6467899565276467
9,16,14,0.10023699317845948,0.0,0.0,0.10023699317845948,0.1068531789638346,0.10023699317845948,0.0,0.1068531789638346,0.006616185785375123
9,16,15,0.0,1.276405861985776,0.0,1.0306641007715645,1.276405861985776,0.0,0.24574176121421162,1.276405861985776,1.276405861985776
9,16,16,0.05641766493472527,0.05641766493472527,0.05641766493472527,0.1626432411184155,0.17811156319909244,0.2878169096834854,0.05641766493472527,0.17811156319909244,-0.10970534648439292
9,16,17,0.0,0.0,0.0,0.0,0.0,0.0,0.0,0.3126734548986162,0.3126734548986162
9,16,18,0.07925991503892918,0.28335945819950376,0.0,0.07925991503892918,0.08080836666469778,0.0,0.08080836666469778,0.02808477271019561,0.03261809625084082
9,16,20,0.4123301184321535,0.047730437349056826,0.5969472184533817,0.18376294885234348,0.047730437349056826,0.4123301184321535,0.036406186846549865,0.06271996142635386,-0.5342272570270278
9,16,21,0.6587401081396823,0.0,0.0,0.2259086954538839,0.0,0.08163155789195113,0.0,0.44333487743649325,-0.3596823682651218
9,16,22,0.06447435175084355,0.06391643088773676,0.06447435175084355,0.12382088737875406,0.06391643088773676,0.05934653562791051,0.0,0.11894390552120447,-0.004876981857549589
9,16,23,0.0,0.8834263720899124,0.0,0.8834263720899124,0.8834263720899124,0.0,0.0,0.8834263720899124,0.8834263720899124
9,16,24,0.0,0.614354403035529,0.0,0.1751756698461162,0.9194156741303552,0.0,0.614354403035529,1.3174546712595907,1.1422790014134745
9,16,25,0.0,0.06438425829048879,0.07564226841456084,0.06438425829048879,0.0,0.06438425829048879,0.0,0.0,-0.14002652670504961
9,16,26,0.0,0.0,0.4089819431805679,0.0,0.0,0.1791518515410571,0.0,0.0,-0.4089819431805679
9,16,27,0.059095346522389146,0.2262547607545732,0.059095346522389146,0.251101995840388,0.2309800552401277,0.059095346522389146,0.0,0.25884554321813125,0.22459743178155694
9,16,28,0.18660288036157263,0.39291758286699696,0.0,0.18660288036157263,0.39291758286699696,0.18660288036157263,0.136523200674562,0.39291758286699696,0.20631470250542433
9,16,29,0.0,0.16319905346195404,0.0,0.07385467423530542,0.2496148550918672,0.09910348314550547,0.22343650063587817,0.09776653115436951,0.14735131549005276
9,16,30,0.1270915068381399,0.04076640931496956,0.09229712779389065,0.1270915068381399,0.04076640931496956,0.2995687567694138,0.1807831846013467,0.04076640931496956,-0.2819514899433831
9,16,31,0.12462077641879257,0.07604822420293393,0.0,0.0,0.07604822420293393,0.0,0.0,0.0,-0.04857255221585864
9,16,32,0.0,0.18718487972237152,0.0,0.04529368804921919,0.12277800128114716,0.0,0.04581214700376362,0.21744642280644327,0.08915112487853896
9,16,35,0.37790019683034454,0.21363561671793013,0.21363561671793013,0.37790019683034454,0.0,0.37790019683034454,0.0,0.32160698218143385,-0.05629321464891068
9,16,36,0.0,0.12876811947434222,0.0,0.07193519470049757,0.9591044949926412,0.07193519470049757,0.0,0.16376818354090253,0.7584011808178014
9,16,37,0.15561678532355044,0.3071772015177645,0.15561678532355044,0.15561678532355044,1.4321922530464146,0.15561678532355044,0.3071772015177645,0.48181333000166193,1.4512115962067615
9,16,39,0.03504311042398174,0.0,0.0,0.03504311042398174,0.11105803027388773,0.03504311042398174,0.0,0.15162484831945944,0.11658173789547771
9,16,40,0.4061344677909851,0.13387507368455984,0.4061344677909851,0.10776774237799518,0.29745589055039634,0.29836672541299,0.15088033206469895,0.2812110998352637,-0.0691102934678801
9,16,41,0.01630839968379698,0.10562616091334383,0.04030695537484744,0.20594703327994413,0.10562616091334383,0.2624759411225037,0.030474316669434003,0.10562616091334383,-0.15684978020915985
9,16,42,0.018655790719693453,0.024548101540557244,0.0,0.0,0.04551620781624745,0.018655790719693453,0.007888981098369554,0.10376585035324658,0.08511005963355313
9,16,43,0.0,0.2457417612142116,0.5249564853886388,0.1652276125756956,0.5403104988900501,0.0,0.5403104988900501,0.2457417612142116,0.015354013501411324
9,16,44,0.0,0.3267582512291596,0.0,0.0,0.0,0.0,0.0,0.0,0.0
9,16,45,0.08412046582393991,0.38890136332064673,0.15054807897939715,0.05714209052436579,0.4204251931656753,0.1680261870711657,0.24747678256433175,0.4188068940216988,0.335475580061871
9,16,46,0.0,0.0,1.328552263109145,0.0,0.39766815572586933,1.328552263109145,0.0,0.0,-0.9308841073832758
9,16,47,0.31845115465949,0.13854501419971357,0.15893190570807153,0.20903761410766633,0.30396484905123017,0.12582862215520435,0.01608010018307001,0.2276380078836053,-0.1713264525546868
9,16,48,0.2825012614908754,0.0,0.10374452354903363,0.10374452354903363,0.0,0.10374452354903363,0.0,0.0,-0.2825012614908754
9,16,49,0.0,0.0,0.0,0.0,0.5458144410712865,0.0,0.0,0.7021511685205946,0.7021511685205946
9,16,51,0.0,0.156718960444335,0.0,0.156718960444335,0.0,0.0,0.0,0.0,0.0
9,16,52,0.08740708497468273,0.09739390710094091,0.08740708497468273,0.08740708497468273,0.09739390710094091,0.0,0.015311013159763963,0.09739390710094091,0.009986822126258184
9,17,2,0.18406940359721702,0.476784770685158,0.18406940359721702,0.0,0.476784770685158,0.21646758638713637,0.22339130018064815,0.17663466971245687,0.2016424766018207
9,17,3,0.0,0.2269198840220948,0.0,0.0,0.2269198840220948,0.2269198840220948,0.0,0.4956228038099864,0.2687029197878916
9,17,4,0.0,0.19918087677153512,0.3024484263188881,0.03964092695275248,0.19918087677153512,0.20126606114537593,0.016462400200569684,0.22002481067449703,-0.2836896767897669
9,17,5,0.13207361996905084,0.0,0.4260221834867223,0.13207361996905084,0.0,0.13207361996905084,0.0,0.0,-0.4260221834867223
9,17,6,0.06226843515631574,0.1104243242194866,0.5485307004644523,0.06226843515631574,0.1104243242194866,0.06226843515631574,0.1104243242194866,0.1104243242194866,-0.5003748114012815
9,17,7,0.0,0.0,0.0,0.0,0.6000080274819467,0.0,0.0,0.0,0.6000080274819467
9,17,8,0.0,0.0,0.1450655248528768,0.36222361274092885,0.0,0.36222361274092885,0.0,0.7099819853035514,0.20269284770974566
9,17,9,0.48918029560059306,0.030209557546380827,0.3545408411207062,0.33952753161501914,0.03052408381297894,0.33952753161501914,0.02199566649264984,0.0332333686724895,-0.46614101181782547
9,17,10,0.06749379586170147,0.18451451618070097,0.3206936902384008,0.24735950846585622,0.31211262348444935,0.4086232659367978,0.05399127188443437,0.1705226661418896,-0.18850543219550062
9,17,11,0.05996163359601857,0.04383260133795405,0.05996163359601857,0.10903439736082306,0.04383260133795405,0.10903439736082306,0.0,0.0835427518169224,-0.025491645543900654
9,17,12,0.0,0.0,0.0,0.7518696121627079,0.0,0.7518696121627079,0.0,0.0,-0.7518696121627079
9,17,13,0.14568656842630157,0.0,0.14568656842630157,0.14568656842630157,0.0,0.14568656842630157,0.0,0.1866161458536429,0.040929577427341324
9,17,14,0.0,0.25679548807002184,0.0,0.0,0.25679548807002184,0.0,0.25679548807002184,0.0,0.25679548807002184
9,17,15,0.13407273598232972,0.07180430082601398,0.27743940773877657,0.13407273598232972,0.07180430082601398,0.33970784289509237,0.07180430082601398,0.07180430082601398,-0.26790354206907835
9,17,16,0.36921888163974637,0.0,0.36921888163974637,0.49823337150840025,0.0,0.49823337150840025,0.05328669182261081,0.31951481694073197,-0.2320052463902791
9,17,17,0.08135238363795565,0.09627190312385109,0.08135238363795565,0.0,0.0,0.08135238363795565,0.0,0.6802629824329262,0.6951825019188216
9,17,18,0.0,0.20404157783618282,0.0,0.17272451411982148,0.0,0.17272451411982148,0.20404157783618282,0.1703767107159975,-0.2063893812400068
9,17,20,0.2283175955731577,2.4494328974407678,0.0,0.2768258452344995,2.400924647779426,0.2733033228143973,0.04498572724123958,2.400924647779426,2.1276213249650286
9,17,21,0.22920952168064923,0.5153320503857822,0.08243392452647642,0.7445415720664315,0.5153320503857822,0.22920952168064923,0.0,0.7034240942373065,0.47421457255665717
9,17,22,0.1284286475099012,0.0,0.0,0.1284286475099012,0.0,0.1284286475099012,0.0,0.0,-0.1284286475099012
9,17,23,0.7972253653029583,0.0,0.0,0.7972253653029583,0.0,0.7972253653029583,0.0,0.18809204385152414,-0.6091333214514342
9,17,24,0.0,0.5290161710604202,0.0,0.0,0.5290161710604202,0.0,0.0,0.5290161710604202,0.5290161710604202
9,17,25,0.0,3.687710069918334,0.0,0.0,3.687710069918334,0.0,3.687710069918334,3.687710069918334,3.687710069918334
9,17,26,0.21414967556975414,0.0,0.21414967556975414,0.0,0.0,0.21414967556975414,0.0,0.0,-0.21414967556975414
9,17,27,0.0,0.07107225189597736,0.10119448172807476,0.0,0.13425911821622757,0.10119448172807476,0.0,0.07107225189597736,0.23545359994430234
9,17,28,0.0,0.0,0.0,0.0,0.0,1.60380413457684,0.0,0.0,-1.60380413457684
9,17,29,0.0,0.409569602023686,0.0,0.0,0.6987828061879546,0.0,0.409569602023686,0.409569602023686,0.6987828061879546
9,17,30,0.044743500425201956,0.05609598368312776,0.04608233106803693,0.04608233106803693,0.023550417817682766,0.0,0.032545565865444985,0.0705553151898394,0.0032799015142832787
9,17,31,0.0,0.6176037364647559,0.0,0.07928185390550498,0.23653385444312514,0.0,0.0,0.23653385444312514,-0.1445360275785055
9,17,32,0.15527741990316793,0.06293646140932463,0.15527741990316793,0.1163104361996771,0.12413469987753159,0.0,0.0,0.06119823846820696,-0.14745315622531344
9,17,33,0.709545298721526,0.7041699396053738,0.8539158406562558,0.6612702138255252,0.10341722585220826,0.7163027086394363,0.10341722585220826,0.1463169516320568,-0.8109064687341109
9,17,34,0.0,0.3443922254276359,0.09984279898668764,0.3264876510010508,0.4417341988275852,0.0,0.28442288037529917,0.4359959773564571,0.24901011020830577
9,17,35,0.0,0.0,0.0,0.0,0.0,1.2819719109621748,0.0,1.2819719109621748,1.2819719109621748
9,17,36,0.2772292351205304,0.15492045724599066,0.10598867793765872,0.2772292351205304,0.0,0.10598867793765872,0.15492045724599066,0.0,-0.43214969236652107
9,18,2,0.0,0.0,4.233520043456764,0.0,0.0,0.0,0.0,0.0,-4.233520043456764
9,18,3,0.18186314546268467,0.18636065997138632,0.18186314546268467,0.18186314546268467,0.0,0.18932072767760874,0.0,0.0,-0.18482321316890707
9,18,4,0.6391672688959374,0.46272771388340866,0.6430641194498292,0.5520245116950677,0.0,0.6391672688959374,0.07507546097560346,0.0,-1.2680100515097112
9,18,5,0.03274887707979355,1.4851623922549295,0.03274887707979355,0.08182811997367757,1.583677649008634,0.03274887707979355,1.377318589139462,1.5249130887870508,1.5509287719288403
9,18,7,0.0,0.49148352242842325,0.3750050171762167,0.0,0.49148352242842325,0.0,0.49148352242842325,0.49148352242842325,0.11647850525220654
9,18,8,0.0,0.0,0.0,0.0,0.14836385993262843,0.14836385993262843,0.0,0.0,0.14836385993262843
9,18,10,0.0,0.18160795381556272,0.0,0.18160795381556272,0.0,0.4402197970677417,0.0,0.0,-0.6218277508833044
9,18,11,0.4187614018193475,0.0494718768370351,0.4187614018193475,0.46823327865638265,0.12432705909131639,0.5420339631020987,0.0,0.0494718768370351,-0.41770690401078225
9,18,13,0.0,0.7826571122006634,0.0,0.0,0.7826571122006634,0.0,0.0,0.0,0.7826571122006634
9,18,14,0.0,0.0,0.0,0.0,1.7856903288864312,0.0,0.0,0.0,1.7856903288864312
9,18,16,0.0,0.0,0.451987528421487,0.0,0.0,0.0,0.0,0.0,-0.451987528421487
9,18,17,0.0,0.22637183175292833,0.0,0.3756482491866529,0.0,0.14927641743372458,0.0,0.23362073615987825,0.08434431872615368
9,18,18,0.0,0.6660257223418571,0.0,0.5153320503857822,0.8163005691590874,0.0,0.0,0.8163005691590874,0.8163005691590874
9,18,19,0.0,0.2729490382640373,0.0,0.3342411622740333,0.13957457955646663,0.0,0.0,0.19601301507797197,-0.16853619582647553
9,18,20,0.0,0.2378455617165149,0.0,0.3737937275936569,0.2378455617165149,0.135948165877142,0.0,0.2378455617165149,0.1018973958393729
9,18,21,0.06799412303888515,0.11404344432762378,0.06799412303888515,0.06799412303888515,0.1549296441120084,0.06799412303888515,0.0332083461100286,0.1549296441120084,0.2357647423296036
9,18,22,0.2494806431563973,0.2167400807180239,0.0,0.2494806431563973,0.2167400807180239,0.2494806431563973,0.0712294960041193,0.2167400807180239,-0.03274056243837342
9,18,23,0.0,0.26951133566758856,0.0847503784472626,0.0,0.15275542851187268,0.0847503784472626,0.0691088025314738,0.0691088025314738,0.188480780953819
9,18,26,0.015431732642337432,0.02556385424886322,0.030628839706849945,0.025536282649901793,0.02556385424886322,0.015431732642337432,0.015431732642337432,0.01010455000756436,-0.0050649854579867225
9,18,27,0.11169565009032409,0.3736769849043492,0.0,0.0,0.11518133755245633,0.0,0.11518133755245633,0.7116425560819084,0.34145125863969145
9,18,28,0.520185364197336,0.04914835224284232,0.10984714258132973,0.10984714258132973,0.2914445287470163,0.10984714258132973,0.04914835224284232,0.04914835224284232,-0.2287408354503197
9,18,29,0.12449342825884036,1.21362871792588,0.12449342825884036,1.4277407147833063,1.0306641007715645,0.3008047108878907,0.09627190312385109,1.1269360038954155,0.7202802007902872
9,18,30,0.3638417444318264,0.2926814062256682,0.0,0.3638417444318264,0.44697189627316253,0.3846126848223943,0.087095439860332,0.4436638324288535,0.1288716527947681
9,18,31,0.3590026090676624,0.2951642974709431,0.24376166938271446,0.3590026090676624,0.2940005486002177,0.24376166938271446,0.1053474123821077,0.20940434939601307,-0.04541459616026704
9,18,32,0.0,0.25455332156343163,0.7645965355436377,0.9908301917013613,0.21892698538332508,0.0,0.13074474691979765,0.2969027400411577,-0.7952867317721066
9,18,33,0.0,0.43899128010888,0.0,0.19324951889466835,0.6378253579718146,0.10496669689622569,0.35070845811043727,0.43899128010888,0.532858661075589
9,18,34,0.0,0.819139204047372,0.0,0.0,0.819139204047372,0.31370178377251023,0.819139204047372,0.819139204047372,0.5054374202748617
9,18,35,0.0,0.14355162148533257,0.0,0.0,0.24959646301223104,0.0,0.14355162148533257,0.14355162148533257,0.24959646301223104
9,19,1,0.780462082995487,0.0,0.780462082995487,0.780462082995487,0.0,0.780462082995487,0.0,0.0,-0.780462082995487
9,19,2,0.0,0.18329634156604005,0.0,0.0,0.0,0.0,0.0,0.18329634156604005,0.18329634156604005
9,19,3,0.43305158830918283,0.0,0.43305158830918283,0.0,0.0,0.0,0.0,0.0,-0.43305158830918283
9,19,5,3.9676212829531514,0.0,3.9676212829531514,3.9676212829531514,0.0,0.0,0.0,0.0,-3.9676212829531514
9,19,6,0.0,0.0,0.0,0.20798500361646555,0.0,0.0,0.0,0.209828369201233,0.0018433655847674424
9,19,7,0.33019496888346705,0.0,0.33019496888346705,0.33019496888346705,0.0,0.0,0.0,0.2761041053958255,-0.05409086348764153
9,19,8,1.0368140356338416,0.0,0.0,1.0368140356338416,0.0,1.0368140356338416,1.0368140356338416,0.0,-1.0368140356338416
9,19,9,0.0,0.0,0.0,0.0,2.4404901687586094,0.0,2.4404901687586094,2.4404901687586094,2.4404901687586094
9,19,11,0.5721802111386253,0.5518684370670376,0.2861694304316786,0.2861694304316786,0.2860107807069468,0.5721802111386253,0.2860107807069468,0.2860107807069468,0.26569900663535906
9,19,12,0.16201856867184694,0.05993701493029552,0.0,0.0,0.05993701493029552,0.16201856867184694,0.05993701493029552,0.05993701493029552,-0.10208155374155142
9,19,13,0.05774021177455771,0.4962558483328962,0.1378941770867426,0.0,0.05097193522139751,0.0981895792252795,0.0,0.05097193522139751,0.3111440272422716
9,19,14,0.0,0.7160801409911759,0.0,0.0,0.8928215435360066,0.2503473371301398,0.7160801409911759,0.0,0.6424742064058669
9,19,15,0.12755605844847334,1.2066961062832784,0.0,0.24720365155049118,1.271980332955775,0.12755605844847334,0.0,1.271980332955775,1.0247766814052839
9,19,16,0.22913803644692943,0.07088718739684097,0.1603966255128506,0.2505257476163516,0.03360861198168145,0.9801442446798845,0.1603966255128506,0.19400523749453205,-1.0525556190474414
9,19,17,0.2967326781395525,0.0,0.2967326781395525,0.2967326781395525,0.0,0.2967326781395525,0.0,0.0,-0.2967326781395525
9,19,18,0.12894148105249653,0.16684439426900602,0.06484456238089048,0.07331991244054606,0.12956196036396597,0.07331991244054606,0.017552982943872256,0.0816499016154783,0.0069997592300884565
9,19,19,0.08806625960675693,0.8839396898231124,0.05143849072212336,0.16421648650806878,0.8103973027719436,0.05143849072212336,0.6734030555391481,0.4445764068689277,0.7197232033150437
9,19,20,0.13522272681857236,0.0,0.13522272681857236,0.13522272681857236,0.07887772958124453,0.13522272681857236,0.0,0.07887772958124453,-0.05634499723732783
9,19,21,0.6207234038733894,0.06349003248089866,0.17251659778027717,0.6842134363542881,0.0,0.23600663026117583,0.0,0.137689677146413,-0.7190403569881524
9,19,22,0.07575474860603194,0.4613577352920958,0.1964277224919598,0.0,0.35713806577728624,0.08973168301647824,0.10669603947548159,0.10669603947548159,0.29587130366958564
9,19,23,0.0,0.1545996151157347,0.0,0.1545996151157347,0.1545996151157347,0.0,0.0,0.1545996151157347,0.1545996151157347
9,19,24,0.0,0.819139204047372,0.0,0.0,0.819139204047372,0.0,0.819139204047372,0.819139204047372,0.819139204047372
9,19,25,0.0,0.5060759301334259,0.5084859694741729,0.0,0.40577436349432017,0.0,0.3071772015177645,0.6046730921099815,0.09618712263580864
9,19,26,0.0,0.15451151054605958,0.0,0.24428901580948864,0.0747353895649463,0.19222714381360118,0.0747353895649463,0.2154227798332913,0.3472607728102921
9,19,31,0.14423628778074993,0.0,0.14423628778074993,0.0,0.39438864790622263,0.7282881281804455,0.0,0.39438864790622263,-0.33389948027422295
9,19,32,0.024772404076563764,0.10253155216636627,0.07866584066143845,0.024772404076563764,0.36968222946817264,0.08393183285599931,0.0,0.1590187924401461,0.30558389248628837
9,19,33,0.11171112588783154,0.1884384612674773,0.1930607981797852,0.11171112588783154,0.24146088203092653,0.11171112588783154,0.10791634917997653,0.1884384612674773,0.129749756143095
9,19,34,0.0,0.09662475944733417,0.0,0.09662475944733417,0.20754656667095928,0.34247021933193716,0.20993339379245138,0.20754656667095928,-0.1349236526609779
9,19,35,0.0,0.0,0.0,0.0,0.0,0.0,0.0,0.394955943029831,0.394955943029831
9,19,37,0.046017350899304255,0.10402805468457316,0.046017350899304255,0.09677473301136022,0.0,0.09677473301136022,0.05075738211205596,0.04051640768096805,-0.11976997233399728
9,19,38,0.1813473796562513,0.5469715036930687,0.0,0.1813473796562513,0.0,0.0,0.0,0.5469715036930687,0.3656241240368174
9,19,39,0.537321194979162,0.4157125985690517,0.2637623805684911,0.2637623805684911,0.0,0.2637623805684911,0.0,0.0,-0.9530337935482137
9,19,40,2.165257941545914,0.12933776906011135,2.165257941545914,0.0,0.12933776906011135,0.0,0.12933776906011135,0.12933776906011135,-2.035920172485803
9,19,41,0.04788208779186168,0.13407544535850144,0.04788208779186168,0.08752301474461416,0.13985051553870145,0.04788208779186168,0.028570896197476246,0.13985051553870145,0.16573618898551354
9,19,42,0.1695750950935844,0.1495017595912838,0.0,0.1695750950935844,0.1495017595912838,0.0,0.0,0.0,-0.020073335502300588
9,19,44,1.3278197022961276,1.3278197022961276,0.0,0.0,0.0,0.0,0.0,1.3278197022961276,1.3278197022961276
9,19,45,0.05365676820593973,0.4899869947836809,0.27865977851166973,0.3253029663094537,1.035452702013049,0.05365676820593973,0.11963594536204088,0.0,0.7567929235013794
9,19,47,0.15461807719846068,0.22196669284974288,0.18664530723638606,0.11780620164557322,0.22696876469921062,0.10876812915949248,0.120858745553228,0.24839564939982708,0.0994468826908696
9,19,48,0.17092958812828998,0.09758913656180296,0.0,0.17092958812828998,0.09758913656180296,0.0,0.0,0.32876388875867973,0.15783430063038975
9,19,49,0.07418316953488813,0.038397150189720564,0.15129633462717412,0.07418316953488813,0.12980777620823847,0.15129633462717412,0.038397150189720564,0.038397150189720564,-0.20430981045597146
9,20,1,0.0,1.1674756265445476,0.0,0.0,1.1674756265445476,0.0,1.1674756265445476,1.1674756265445476,1.1674756265445476
9,20,3,0.0872829789103868,0.0,0.0872829789103868,0.17026476296252982,0.0,0.0872829789103868,0.0872829789103868,0.0,-0.00430119485824379
9,20,4,0.18375288297666756,0.0,0.0,0.0,0.0,0.7842544594312756,0.0,0.0,-0.9680073424079432
9,20,5,0.0,1.2208065486009698,0.0,0.0,1.2208065486009698,0.0,0.0,1.2208065486009698,1.2208065486009698
9,20,6,0.0,0.0,0.0,0.8430744345140231,0.0,0.0,0.0,0.0,-0.8430744345140231
9,20,7,0.0,0.0,0.0,0.0,0.0,0.0,0.0,0.16847030159745285,0.16847030159745285
9,20,8,0.3778686936145858,0.0,0.0,0.2547752411992927,0.0,0.0,0.0,0.0,-0.6326439348138785
9,20,10,0.0,0.07250298708410015,0.28450152693137115,0.28450152693137115,0.0,0.366366941633527,0.0,0.06807231125388004,-0.22579164329554685
9,20,11,0.3742010775796575,0.7875525300670286,0.1019805978984111,0.6173126482841933,0.7875525300670286,0.1019805978984111,0.27222047968124635,0.7875525300670286,0.6855719321686174
9,20,13,0.0,1.1963594536204087,0.0,0.0,0.0,0.0,0.0,0.0,-1.1963594536204087
9,20,14,0.0,0.0,0.0,0.0,0.0,0.14046348527127325,0.0,0.0,-0.14046348527127325
9,20,16,0.0,0.0,0.0,0.20911656495099717,0.0,0.20911656495099717,0.0,0.0,-0.20911656495099717
9,20,17,0.17056152897889834,0.0,0.17056152897889834,0.17056152897889834,0.17056152897889834,0.17056152897889834,0.0,0.17056152897889834,0.17056152897889834
9,20,18,0.0,0.4815959881418629,0.0,0.0,0.20969611231904275,0.0,0.20969611231904275,0.0,-0.062203763503777404
9,20,19,0.06938313681249834,0.0,0.10131576334107412,0.06938313681249834,0.0,0.07338243387060703,0.0,0.0,-0.2440813340241795
9,20,22,0.0,0.21878860147722748,0.0,0.22319926566183415,0.0,0.22319926566183415,0.0,0.21878860147722748,-0.004410664184606672
9,20,23,0.9489659022208178,0.0,0.0,0.0,0.0,0.0,0.0,0.0,-0.9489659022208178
9,20,24,0.0,0.0,0.0,0.0,0.31813452458069547,0.0,0.0,0.0,0.31813452458069547
9,20,27,0.0,0.0,0.0,0.0,0.0,0.0,0.0,0.34198813479398515,0.34198813479398515
9,20,28,0.20544215827910622,0.1458269818078798,0.1374050217699656,0.12261092666035857,0.3627763609623068,0.12261092666035857,0.054573790151217945,0.1408919162864951,0.24858739433986243
9,20,29,0.0,0.0,0.6196035471588586,0.0,0.0,0.0,0.0,0.0,-0.6196035471588586
9,20,30,0.0,0.5687074559034364,0.0,0.4133067507790175,0.582367705823045,0.0,0.26060382572293256,0.07924993177712093,0.582367705823045
9,20,31,0.6085022706835757,0.0,0.6085022706835757,0.7203186666664074,0.6920298267481132,0.7203186666664074,0.0,0.0,-0.02828883991829425
9,20,32,0.0,0.0,0.0,0.0,0.0,0.0,0.0,0.6253469097972324,0.6253469097972324
9,20,33,0.0,0.9131473682768753,0.0,0.07681968452955759,0.5613308142322941,0.05488858466009413,0.8363276837473176,0.3025097396653274,0.09828444011244432
9,20,34,0.0,0.8436657491483087,0.0,0.7729980755786734,0.7729980755786734,0.6414488453005047,0.0,0.7729980755786734,0.202216903847804
9,20,36,0.33995203437971444,0.029832719221201152,0.18849414887599628,0.20170779119358043,0.029832719221201152,0.32333295747609747,0.016619076903616994,0.029832719221201152,-0.29350023825489635
9,20,37,0.048752073932902575,0.17154264544101316,0.09869764773399825,0.0,0.24795112317942833,0.09869764773399825,0.018476824151444478,0.46146370027261374,0.45065759858816207
9,20,39,0.0,0.646606454267971,0.0,0.0,0.0,0.0,0.0,0.0,0.646606454267971
9,20,41,0.2848883957625001,0.36320066247163085,0.1819650779882802,0.27356458661511446,0.2858714409541013,0.1819650779882802,0.194271932327267,0.2718520479185838,0.10390636296582101
9,20,42,0.07196557014126846,0.0,0.07196557014126846,0.0,0.07125383095928935,0.07196557014126846,0.0,0.08373801416509617,0.08302627498311706
9,20,43,0.18614428228926438,0.1191711586278945,0.2614755370261789,0.18614428228926438,0.30531544091715884,0.0,0.18614428228926438,0.18614428228926438,0.04383990389098
9,20,44,0.0,0.409569602023686,0.0,0.0,0.6251410981416367,0.0,0.409569602023686,0.6251410981416367,0.6251410981416367
9,20,45,0.0,0.10312002519902391,0.024283484266254818,0.0,0.19991715982683875,0.0,0.04570909941331938,0.12077921838885479,0.19991715982683875
9,20,46,0.0,0.0,0.0,0.0,2.1208968305379696,0.0,0.0,0.0,2.1208968305379696
9,21,1,0.0,0.6183984604629388,0.0,0.6183984604629388,0.8271924505309389,0.0,0.0,0.8271924505309389,0.8271924505309389
9,21,2,0.0,0.1205180330251165,0.1205180330251165,0.0,0.1205180330251165,0.0,0.1205180330251165,0.3205403119691684,0.3205403119691684
9,21,3,0.7284328421315078,0.6859257876389352,0.7284328421315078,0.7284328421315078,0.0,0.7284328421315078,0.0,0.0,-1.414358629770443
9,21,4,0.31589760325256966,0.0,0.1209692592582611,0.31589760325256966,0.0,0.1919724523337033,0.0,0.0,-0.3869007963280119
9,21,5,0.0885213134864085,0.0,0.0,0.0885213134864085,0.0,0.07336996617795695,0.0,0.0,-0.16189127966436545
9,21,6,0.19696554023235407,0.3131251632713308,0.0,0.19696554023235407,0.5944406614805933,0.18749594816457185,0.36679798054980617,0.5274068847524027,0.35161889238701616
9,21,7,0.0,0.06714602067625709,0.0,0.0,0.15175798457757464,0.0,0.026711061001544738,0.15175798457757464,0.15175798457757464
9,21,8,0.37361061093789444,0.0,0.0,0.37361061093789444,0.0,0.37361061093789444,0.0,0.0,-0.37361061093789444
9,21,9,0.0,0.3071772015177645,0.0,0.0,0.3071772015177645,0.0,0.3071772015177645,0.3071772015177645,0.3071772015177645
9,21,10,0.02881776853014546,0.04398403455003914,0.0,0.0,0.05581569398722582,0.015975138188250596,0.0293456640657687,0.05581569398722582,0.023985667253651023
9,21,11,0.11150299237373174,0.3560311997585954,0.03372436336120341,0.1051890521114917,0.34025047477906584,0.1051890521114917,0.3666960212886057,0.12884715558958562,0.24039267319995816
9,21,12,0.0,0.0,0.0,0.0,1.183165943718668,0.0,0.0,1.183165943718668,1.183165943718668
9,21,13,0.0,0.21097114073850487,0.0,0.0,0.21097114073850487,0.17608791882709668,0.0,0.21097114073850487,0.03488322191140819
9,21,14,0.3205347646213348,0.02049595752106632,0.3205347646213348,0.40261158653081996,0.14941823411087432,0.42068533989309204,0.0645080393276758,0.0681116907932513,-0.27126710578221763
9,21,15,0.0,0.409569602023686,0.0,0.0,0.409569602023686,0.0,0.409569602023686,0.409569602023686,0.409569602023686
9,21,16,0.0,0.2910494979680507,0.0,0.2910494979680507,0.0,0.0,0.0,0.32730617473784074,0.32730617473784074
9,21,18,0.0,0.0,0.0,0.0,0.0311896592726172,0.08440506834662699,0.037047069492785537,0.0,-0.05321540907400979
9,21,20,0.33524636999257584,0.0,0.0,0.33524636999257584,0.0,0.0,0.0,0.0,-0.33524636999257584
9,21,21,0.0,0.21422005586737236,0.0,0.0,0.21422005586737236,0.0,0.0,0.21422005586737236,0.21422005586737236
9,21,22,0.5311278809184511,0.0,0.0,0.5311278809184511,0.0,0.0,0.4596686486361225,0.0,-0.9907965295545736
9,21,23,0.0,0.0,0.052502580488364925,0.06002937569729494,0.03986939202375362,0.052502580488364925,0.0,0.06846002729687556,0.11585621452955919
9,21,24,0.0938526173049252,0.5221419956243464,0.05101972368246946,0.3144790917259697,0.2092665315887105,0.0355015965377211,0.0,0.25049579752083234,-0.040850579331231485
9,21,25,0.0,0.10657338364522162,0.0,0.0,0.10657338364522162,0.21040624119702753,0.0,0.20964135548046203,-0.0007648857165654851
9,21,26,0.0,0.2314848568180178,0.0,0.0,0.2314848568180178,0.0,0.0,0.2314848568180178,0.2314848568180178
9,21,27,0.35736667133189903,0.0,0.0,0.35736667133189903,0.0,0.35736667133189903,0.0,0.0,-0.35736667133189903
9,21,28,0.0,0.07148574088204535,0.026391671475434773,0.0,0.07583754223994105,0.07211752676593065,0.03643902938395052,0.18946591437815224,0.13826376267551543
9,21,30,0.1754418873763274,0.2852763378293827,0.28125376288216253,0.38166314518884425,0.0,0.21174500088921583,0.07245068510976994,0.2852763378293827,-0.534143273482387
9,21,31,0.5113769527681185,0.19277686493657856,0.3100838804811347,0.5265324537988669,0.3341699869724432,0.31136031473857495,0.10347076794066438,0.09997693421933135,-0.23095769580429987
9,21,32,0.35736667133189903,0.0,0.0,0.35736667133189903,0.0,0.35736667133189903,0.0,0.0,-0.35736667133189903
9,21,33,0.3151343527773792,0.09573912864884922,0.3151343527773792,0.2335032207845899,0.21350538293425042,0.45454318057223714,0.0,0.21350538293425042,-0.16117168486215336
9,21,34,0.12294515153518415,0.037233600183971455,0.0,0.2334538468833922,0.037233600183971455,0.2340924880952203,0.15795865308192947,0.037233600183971455,-0.2599878450829421
9,21,35,0.0,0.571604823032446,0.0,0.0,0.0,0.0,0.0,2.0695070236361315,1.4979022006036855
9,21,36,0.6638327510078234,0.6733907897379433,0.7883480464036104,0.7497214260721203,0.13407333412590716,0.6638327510078234,0.5875021146736463,0.13407333412590716,-0.6542747122777034
9,21,37,0.0,0.09734172697975543,0.0,0.0,0.5183054279787693,0.5435012383645703,0.0,0.5877228769449425,0.1415633655601276
9,21,38,0.09244243433257594,0.30744402281654404,0.20726502104222602,0.09244243433257594,0.19856691366750673,0.09244243433257594,0.0,0.4988845730248741,0.1827424428336108
9,21,39,0.0,0.614618344986389,0.0,0.0,0.614618344986389,0.0,0.614618344986389,0.0,0.614618344986389
9,21,41,0.0,0.0,0.0,0.07182263048689701,0.023351959415500022,0.07182263048689701,0.0,0.06568908155962043,-0.006133548927276581
9,21,42,0.6368777729589807,0.0,0.6368777729589807,0.6368777729589807,0.0,0.6368777729589807,0.0,0.0,-0.6368777729589807
9,21,43,0.15527381111775784,0.18211361606106452,0.15527381111775784,0.13726831819123214,0.18211361606106452,0.11555401381355122,0.13821161975525775,0.18211361606106452,-0.03733456574330944
9,21,44,0.0238382959021862,0.01145649236429891,0.0238382959021862,0.043151868468832934,0.01145649236429891,0.019313572566646734,0.01145649236429891,0.01145649236429891,-0.031695376104534025
9,21,45,0.23475544826793196,0.28986411684467484,0.1878957012009975,0.4455617263938886,0.28986411684467484,0.21775064083030546,0.0,0.3992354383750729,0.13462505047783296
9,21,46,0.0,0.0,0.0,0.0,0.1566640286981169,0.0,0.0,0.0,0.1566640286981169
9,21,47,0.0,0.32102679472138124,0.0,0.05403296750359805,0.3072394411793801,0.1843629689775803,0.28347298946320393,0.2012004448247853,0.1964188592529687
9,21,48,0.0,0.3071772015177645,0.7131908445734567,0.0,0.3071772015177645,0.7337682891767742,0.7795273375507801,1.0203680460912212,-0.42659108765900966
9,21,49,0.22290722053564327,0.7167468035414505,0.22290722053564327,0.4026059742812683,0.7167468035414505,0.4026059742812683,0.7167468035414505,0.7167468035414505,0.31414082926018216
9,21,50,0.15330505201697067,0.6483061734079705,0.31028881719379975,0.528091997752085,0.6466020573170725,0.15330505201697067,0.17552982943872258,0.6466020573170725,0.2383238418891391
9,21,51,0.07697505520557262,0.0,0.0,0.07697505520557262,0.0,0.11856520375277597,0.05476523316324819,0.0,-0.1955402589583486
9,21,52,0.0,0.2888114943083602,0.0,0.2846628240904796,0.8610307649360522,0.02699679889758849,0.0,0.5846029802380271,0.8340339660384638
9,21,53,0.0,0.0,0.4337938963823045,0.0,0.5680973653226705,0.0,0.0,0.0,0.13430346894036596
9,22,2,0.0,0.07582874464826293,0.02357961515708801,0.026600251537886557,0.05297586011764723,0.026600251537886557,0.02357961515708801,0.10218998584078587,0.09844261883351502
9,22,4,0.4176443455740159,0.0,0.4176443455740159,0.7350951405675685,0.0,0.4176443455740159,0.0,0.0,-0.7350951405675685
9,22,5,0.0,0.7477246585127555,0.0,0.0,0.7477246585127555,0.0,0.7477246585127555,0.7477246585127555,0.7477246585127555
9,22,6,0.0,0.0,0.0,0.0,1.2492409500776134,0.0,0.0,0.0,1.2492409500776134
9,22,7,0.303909395708559,0.0,0.303909395708559,0.303909395708559,0.0,0.303909395708559,0.303909395708559,0.303909395708559,-0.303909395708559
9,22,8,0.0,0.9870485131812606,0.0,0.0,0.9870485131812606,0.0,0.0,0.0,0.9870485131812606
9,22,9,0.0,1.3060806681784867,0.0,1.3060806681784867,0.0,1.3060806681784867,0.0,0.0,-1.3060806681784867
9,22,10,0.08044246828193599,0.0872034278418029,0.0,0.08044246828193599,0.0872034278418029,0.08044246828193599,0.08044246828193599,0.0872034278418029,0.006760959559866914
9,22,11,0.0,0.1328333844401144,0.0,0.0,0.1328333844401144,0.0,0.1328333844401144,0.1328333844401144,0.1328333844401144
9,22,12,0.0,0.20137136331638325,0.20137136331638325,0.0,0.20137136331638325,0.20137136331638325,0.20137136331638325,0.20137136331638325,0.20137136331638325
9,22,14,0.0,0.3071772015177645,0.0,0.2405700662034172,0.3071772015177645,0.0,0.3071772015177645,0.3071772015177645,0.06660713531434731
9,22,16,0.0,0.11188752202987123,0.0,0.0,0.11188752202987123,0.09205273052369953,0.11188752202987123,0.0,0.019834791506171706
9,22,17,0.07748371745579348,0.052469900878750704,0.0,0.0,0.09488783748951009,0.07748371745579348,0.0,0.052469900878750704,0.017404120033716625
9,22,18,0.12326920411548185,0.3683645849125401,0.08215805163367926,0.14587630144455635,0.43188731630863614,0.20454087543451338,0.09073034397790408,0.3947700974078965,0.3082383482209701
9,22,19,0.0,0.0,0.3905953625262482,0.0,0.0,0.0,0.0,0.0,-0.3905953625262482
9,22,20,0.0,0.0,0.0,0.17463612848389742,0.15884391881546636,0.0,0.0,0.33348004729936376,0.33348004729936376
9,22,21,0.2547752411992927,0.0,0.0,0.2547752411992927,0.0,0.2547752411992927,0.0,0.0,-0.2547752411992927
9,22,22,0.0,0.3307843098226585,0.17432072633990067,0.0,0.3307843098226585,0.0,0.17432072633990067,0.3307843098226585,0.3307843098226585
9,22,23,0.0,0.13742188010287526,0.3304552251513912,0.13742188010287526,0.3734787160666313,0.0,0.0,0.13742188010287526,0.04302349091524005
9,22,24,0.6248563304922953,0.0,0.0,0.6248563304922953,0.0,0.0,0.0,0.3787737430301597,-0.24608258746213557
9,22,25,0.17092958812828998,0.6931204538955974,0.0,0.17092958812828998,0.0,0.0,0.0,0.0,0.5221908657673073
9,22,26,0.720138870109727,0.0,0.720138870109727,0.720138870109727,0.0,0.720138870109727,0.0,0.0,-0.720138870109727
9,22,27,0.11374063369212253,0.16957891298864147,0.0,0.37756575001670845,0.5160356647311831,0.11374063369212253,0.25893872330452666,0.7392369765245953,0.6961929038504051
9,22,28,0.11533571755347083,0.5522898311697995,0.11533571755347083,0.1778002085093232,0.656859330120883,0.1251045587278411,0.46722642608794307,0.4923766562215015,0.554353685519046
9,22,29,0.0,1.4979736804084607,0.0,0.0,1.4979736804084607,0.0,1.4979736804084607,1.4979736804084607,1.4979736804084607
9,22,30,0.0,0.3382550273777751,0.0,0.22903646683812542,0.3382550273777751,0.0,0.10921856053964961,0.7226488064697354,0.7226488064697354
9,22,32,0.0,1.4920314824443581,0.0,0.0,0.0,0.0,0.0,0.0,1.4920314824443581
9,22,33,0.0778528508226732,0.11899001376631613,0.0778528508226732,0.0778528508226732,0.11899001376631613,0.0778528508226732,0.11899001376631613,0.11899001376631613,0.04113716294364292
9,22,34,0.0,0.19574090555322982,0.1384633909573723,0.998375360481622,0.13609518488897457,0.0,0.9441940959973847,0.13609518488897457,-0.9652510625276692
9,22,35,0.2559483881477385,0.02089183988050469,0.0,1.9704098576438986,0.1534478917891278,0.0,1.7307740354828347,0.1533435559414561,-1.7008228157804939
9,22,36,0.09424320476371095,0.38580772783219197,0.09424320476371095,0.19820416793390985,0.17065417072657352,0.31240855803839956,0.09619608378182365,0.17065417072657352,-0.31166975313961487
9,22,37,0.0,0.5417925124369477,0.0,0.07875335019930417,0.4630391622376435,0.23912849393820512,0.22255211654336948,0.4630391622376435,0.22391066829943843
9,22,38,0.3563171692061677,0.03571885184425859,0.24461510088510022,0.6080657139448388,0.07564554367453698,0.4021188860092926,0.22185273361964847,0.08751500948961259,-0.5160185009470203
9,22,39,0.0,0.07227698859241517,0.0,0.0,0.7695598939520178,0.0,0.7695598939520178,0.7695598939520178,0.7695598939520178
9,22,40,0.772280994532472,0.42453110666837734,0.0,0.5413846487603584,0.4979664432837692,0.0,0.0,0.3943826639112851,-0.5439370717137462
9,22,41,0.0,0.0,0.0,0.0,0.0,0.0,0.0,0.29597441793397067,0.29597441793397067
9,22,42,0.0,1.3441020216602344,0.0,1.3441020216602344,1.0306641007715645,0.0,0.0,1.0306641007715645,1.0306641007715645
9,22,43,0.0,0.0,0.5084859694741729,0.0,0.0,0.0,0.0,0.0,-0.5084859694741729
9,22,44,0.1342310356869515,0.1608976293691957,0.1342310356869515,0.19887998779382013,0.10058742761570844,0.16106723503746165,0.07719518316124553,0.11572430852739166,-0.11806242688898089
9,22,45,0.0,0.16049718004376365,0.0,0.0,0.7898898448107903,0.0,0.16049718004376365,0.3518443168614972,0.7898898448107903
9,22,46,0.0,0.39878648454013627,0.0,0.0,0.0,0.0,0.0,0.3126734548986162,-0.08611302964152007
9,22,47,0.0,0.0,0.0,0.0,0.0,0.0,0.0,0.6898356745453771,0.6898356745453771
9,22,48,0.0,0.0,0.1607164359326643,0.0,0.126767779684143,0.0,0.0,0.126767779684143,-0.03394865624852131
9,22,49,0.8661031766183657,0.045712823386247034,0.8661031766183657,0.045712823386247034,0.3747722850232841,0.045712823386247034,0.0,0.8096201855590739,0.27257647057774526
9,22,50,0.09913656754541737,0.46933529816524416,0.09913656754541737,0.0,0.3636193933558102,0.19140179806674393,0.2995947360816922,0.15934827991394243,0.2675412179288907
9,22,51,0.07559126232283474,0.1974491034563237,0.03887799480923435,0.02699679889758849,0.26919328628576206,0.02699679889758849,0.07559126232283474,0.07559126232283474,0.20331849257893922
9,22,52,0.0,0.18787161353470966,0.04889444910418997,0.135823099051757,0.0,0.04889444910418997,0.0,0.4291446048745117,0.42599053949574905
9,22,53,0.0,0.0,0.0,0.1328552263109145,0.20780968331557131,0.0,0.0,0.35053502440127376,0.42548948140593057
9,22,54,0.15211562662661804,0.12015912400799164,0.0539816836902905,0.17916810492012583,0.15682365075269764,0.21364391251864776,0.030934776372136753,0.1994508097344232,-0.007841002795783737
9,22,56,0.5370601057433819,0.8206146454567925,0.0,0.6249863625586982,0.4131453483015215,0.7545771711468092,0.19972982405446144,0.21341552424706006,-0.3414318228452876
9,22,58,0.0,0.2338881029591225,0.0,0.0,1.6083710719631257,0.0,0.2338881029591225,1.6083710719631257,1.6083710719631257
9,22,59,0.0,0.13735879566555553,0.03529458985187922,0.0,0.13735879566555553,0.0,0.056021657376829216,1.4049640318104182,1.4083772267891765
9,22,60,0.6046544289787625,0.0,0.2967326781395525,0.2967326781395525,0.0,0.2967326781395525,0.0,0.0,-0.6046544289787625
9,22,61,0.033996287087775995,0.19051954597853782,0.06554159378339514,0.24113435286506224,0.2125786646359623,0.24113435286506224,0.11484180432649353,0.2830219240756584,0.056593748691550094
9,22,62,0.0,0.0,0.0,0.0,2.1208968305379696,0.05721065666995478,0.0,0.07526599492288073,2.1389521687908957
9,22,63,0.1532500636047963,0.2252632811130273,0.13414192051484933,0.17340278258888817,0.38643822237816877,0.1542946394989412,0.2252632811130273,0.376967156659311,0.2130354397892806
9,22,65,0.3675057659533351,0.0,0.0,0.0,0.0,0.0,0.0,0.0,-0.3675057659533351
9,22,66,0.0,0.0,0.0,0.0,0.0,0.09689233559651603,0.09689233559651603,0.16500621963862314,0.06811388404210711
9,22,67,0.14387038940099514,1.2420508038501736,0.14387038940099514,0.14387038940099514,1.2420508038501736,0.14387038940099514,0.9219275174795835,1.2420508038501736,1.0981804144491785
9,22,69,0.0,0.41766719455929313,0.0,0.2528226894069261,0.8809707321610547,0.06473064555540195,0.41766719455929313,0.3285270763898174,0.8162400866056527
9,22,70,0.04103382216160063,0.19745372151849658,0.0,0.0,0.33483975102702895,0.0,0.19745372151849658,0.44431840045743815,0.54067060780437
9,23,1,0.0,1.126005196437432,0.0,0.0,1.9373415573488664,0.0,1.126005196437432,0.8113363609114342,1.9373415573488664
9,23,2,0.0,0.06353756752618654,0.0,0.0,0.11086420527493326,0.0,0.0,0.11086420527493326,0.11086420527493326
9,23,3,0.0,0.5083486535304618,0.0,0.10145421166447006,0.16024648887027185,0.24850192280783423,0.0,0.8377300765397584,0.2932185132329789
9,23,4,0.0,0.18203093423274933,0.0,0.0,0.18203093423274933,0.0,0.18203093423274933,0.18203093423274933,0.18203093423274933
9,23,5,0.0,0.0,0.0,0.0,0.0,0.0,0.0,0.6794053207382879,0.6794053207382879
9,23,6,0.0,2.0105217016258337,0.0,0.0,2.0105217016258337,0.0,0.0,2.0105217016258337,2.0105217016258337
9,23,8,0.11622133395408306,0.25153406374362586,0.03550912827096486,0.16527333271063796,0.4067166280716232,0.0,0.1913122934588817,0.33609137321638394,0.2904952941175401
9,23,9,0.042594177678999375,0.042594177678999375,0.042594177678999375,0.18585376324468694,0.0,0.042594177678999375,0.042594177678999375,0.08518835535799875,-0.015477052528689436
9,23,10,0.0,0.0,0.0,0.0,0.9135420488171916,0.0,0.0,0.0,0.9135420488171916
9,23,13,0.0,0.03640618684654987,0.0,0.0,0.03640618684654987,0.0,0.19850240365023608,0.03640618684654987,-0.12569002995713632
9,23,14,0.0,0.06642886232274173,0.32688383751911115,0.15260081857512123,0.06642886232274173,0.0,0.15260081857512123,0.06642886232274173,-0.41305579377149065
9,23,15,0.19378460613195264,0.0,0.19378460613195264,0.19378460613195264,0.0,0.19378460613195264,0.0,0.0,-0.19378460613195264
9,23,16,0.0,0.0,0.0,0.0,0.0,1.2158040737403253,0.0,0.0,-1.2158040737403253
9,23,17,0.0,0.0,0.0,0.0,0.0,0.2816407542714073,0.0,0.0,-0.2816407542714073
9,23,18,0.0,0.04818465906161012,0.0,0.0,0.28823488084122995,0.8626799053744033,0.04818465906161012,0.04818465906161012,-0.5744450245331733
9,23,19,0.0,0.14650773662396172,0.13709007127517508,0.0,0.14650773662396172,0.13709007127517508,0.0,0.14650773662396172,0.00941766534878663
9,23,20,0.0,0.0,0.0,0.10017233275157833,0.0,0.19306686896488273,0.0,0.0,-0.19306686896488273
9,23,21,0.0,0.17274785840168297,0.0,0.09404602192576207,0.0,0.0,0.0,0.11558737609843839,0.15247291572095586
9,23,22,0.0,0.23515734490353618,0.0,0.17302493838908986,1.002468258000462,0.17302493838908986,0.0,0.5893105170973123,0.8294433196113722
9,23,23,0.0,0.0,0.0,0.0,0.0,0.16429569948974457,0.16429569948974457,0.0,-0.16429569948974457
9,23,24,0.10226628942037881,0.15534021058235323,0.0,1.2267320873564973,1.3329448878776222,0.10346923175755592,1.0427585199913545,0.3478163620036563,1.0807708048019404
9,23,25,0.0,0.0,0.0,0.0,0.0,0.0,0.3506608107036324,0.0,-0.3506608107036324
9,23,26,0.0,0.16592339826094676,0.0,0.0,0.46538879259377686,0.166909342424207,0.0,0.1340029092422641,0.599391701836041
9,23,29,0.0,0.0,0.0,0.0,2.065788704515749,0.0,0.0,0.0,2.065788704515749
9,23,30,0.0,0.17587840708690647,0.513721671548615,0.513721671548615,0.3272985974175983,0.513721671548615,0.3272985974175983,0.0,0.15142019033069187
9,23,31,0.0,0.0,0.0,0.0,0.3682109220947981,0.0,0.9721267627510539,0.0,-0.2357049185614577
9,23,32,0.31983078838699275,1.2323781202491308,0.07214355389033913,0.5746060295862855,1.2323781202491308,0.280321749493139,0.09815067761725,1.184485781678763,0.7043691362593384
9,23,33,0.0,3.9878648454013623,0.0,0.0,3.9878648454013623,0.0,3.9878648454013623,3.9878648454013623,3.9878648454013623
9,23,34,0.0,0.0,0.0,0.0,0.6991634937144574,0.0,0.0,0.0,0.6991634937144574
9,23,35,0.0,0.0,0.0,0.0,1.2984464883268494,0.0,0.0,0.0,1.2984464883268494
9,23,36,0.0,0.0,0.0,0.0,2.1208968305379696,0.0,0.0,0.0,2.1208968305379696
9,23,37,0.0,0.1629276727706388,0.0,0.11042829651123905,0.4814993692797454,0.040288461964463756,0.05249937625939975,0.1629276727706388,0.4814993692797454
9,23,38,0.3393174705561931,0.6383009562369528,0.6393214842971664,0.17206254060214335,0.3866700291342351,0.38605208643497113,0.11058379254639523,0.15815290488969821,-0.732799506510186
9,23,39,0.0,0.0,0.0,0.11534995892605991,0.0,0.49323006775247247,0.37788010882641254,0.0,-0.49323006775247247
9,23,40,0.0,0.08834263720899124,0.0,0.08834263720899124,0.08834263720899124,0.10796574537897499,0.10796574537897499,0.08834263720899124,-0.01962310816998375
9,23,41,0.0,0.29418212945401384,0.0,0.0,0.6112820229571075,0.0,0.136523200674562,0.38174994467758,0.5786188902123964
9,23,42,0.0,0.5626143253496106,0.34489743919185306,0.0,0.5626143253496106,0.0,0.44931532911970445,0.5626143253496106,-0.06777060215247244
9,23,43,0.0,0.26234950439375354,0.0,0.0,0.26234950439375354,0.0,0.0,0.26234950439375354,0.26234950439375354
9,23,44,0.20086145147167853,0.09071828664550209,0.30290089883661747,0.20086145147167853,0.09071828664550209,0.20086145147167853,0.09071828664550209,0.16556234171002954,-0.13733855712658793
9,23,45,0.0,0.0,0.0,0.0,0.0,0.0,3.494084506654052,0.0,-3.494084506654052
9,23,46,0.0,1.329288281800454,0.0,0.0,1.329288281800454,0.0,0.0,1.329288281800454,1.329288281800454
9,23,47,0.0,0.0,0.0,0.46030681283841385,0.0,0.46030681283841385,0.0,0.0,-0.46030681283841385
9,23,49,0.1283173004102805,0.08111810581646287,0.1283173004102805,0.1283173004102805,0.08111810581646287,0.1283173004102805,0.1283173004102805,0.1283173004102805,-0.047199194593817634
9,23,50,0.0,0.49490931381154646,0.0,0.2991189827550445,0.19579033105650193,0.0,0.0,0.19579033105650193,-0.10332865169854258
9,23,51,0.16203599981026567,0.16203599981026567,0.0,0.0,0.36674622923639383,0.0,0.16203599981026567,0.36674622923639383,0.36674622923639383
9,23,52,0.5359110221005242,0.0,0.5359110221005242,0.5359110221005242,0.34429811741929145,0.5359110221005242,0.0,0.0,-0.1916129046812328
9,23,54,0.07304734958598486,0.0,0.07304734958598486,0.25768877112012667,0.06049718353950301,0.054379266350856804,0.0,0.12862806882715144,-0.12906070229297523
9,23,55,0.0,0.2675432178214842,0.0,0.0,0.30731003339407115,0.0,0.0,0.2675432178214842,0.30731003339407115
9,23,57,0.0,0.0,0.0,0.16198079338553092,0.0,0.16198079338553092,0.0,0.0,-0.16198079338553092
9,23,58,0.0,0.0,0.0,0.0,0.0,0.8580323421208403,0.0,0.0,-0.8580323421208403
9,23,59,0.0,0.0,0.0,0.2928114341969213,0.0,0.2928114341969213,0.0,0.4950186589158695,0.2022072247189482
9,23,60,0.6681755628083664,0.019324806210323245,0.05225252083902001,0.0657923761217464,0.027502558359356243,0.6782651117268653,0.01587449984609576,0.05020551018500034,-0.7026830442071059
9,23,61,0.09261778886259378,0.11192014462189029,0.10808701758096824,0.1114633643268758,0.2996672451239512,0.1196110419922207,0.07276228537444808,0.30347080766970597,0.18587025039323832
9,23,62,0.0,0.0,0.0,0.0,0.0,0.0,0.0,2.2625765423493545,2.2625765423493545
9,23,64,0.0,0.0,0.0,0.0,0.2882863730948339,0.2721485460365625,0.0,0.0,0.01613782705827138
9,23,65,0.0,0.0,0.0,0.0,0.22045428530781414,0.0,0.0,0.0,0.22045428530781414
9,23,66,0.0,0.204784801011843,0.0,0.0,0.32970889601960435,0.0,0.204784801011843,0.204784801011843,0.32970889601960435
9,23,67,0.0,0.0,1.0000133791365777,0.0,0.0,0.0,0.0,0.0,-1.0000133791365777
9,23,68,0.0,0.0,0.0,0.1726150548144052,0.0,0.1726150548144052,0.0,0.7336996617795695,0.5610846069651643
9,23,69,0.0,0.0,0.0,0.0,0.0,0.0,3.623495043937535,0.0,-3.623495043937535
9,23,70,0.0,0.3839225822216078,0.0,0.3839225822216078,0.0,0.0,0.0,0.0,0.0
9,23,71,0.0,0.07142076996942331,0.0,0.0,0.11962297066346808,0.0,0.07142076996942331,0.07142076996942331,0.11962297066346808
9,23,72,0.34376658446723685,0.0,0.0,0.34376658446723685,0.0,0.34376658446723685,0.34376658446723685,0.0,-0.34376658446723685
9,23,74,0.0,0.6180381526416985,0.0,0.0,0.6180381526416985,0.0,0.6180381526416985,0.0,0.6180381526416985
9,23,75,0.17037886580372713,0.20145790522673246,0.2832835077781041,0.25496883568283774,0.35213745488706805,0.25496883568283774,0.20145790522673246,0.14351682841657323,-0.01573602277014674
9,23,76,0.0,0.8744983479791784,0.0,0.0,0.8744983479791784,0.0,0.0,0.8744983479791784,0.8744983479791784
9,23,77,0.0,0.22340160110382873,0.0,0.0,0.9252652448505538,0.0,0.22340160110382873,0.9252652448505538,0.9252652448505538
9,23,80,0.0,0.0,0.0,0.0,0.0,0.3485575375250114,0.0,0.0,-0.3485575375250114
9,23,81,0.0,0.9309487881214368,0.4880980337517219,0.0,1.3301586944215131,0.0,0.4880980337517219,0.4880980337517219,1.7730094487912278
9,23,82,0.06256433561758765,0.04862307946705717,0.040179108983166074,0.06256433561758765,0.19237250445149817,0.06256433561758765,0.0,0.0,0.08962905985074444
9,23,83,0.0,0.0,0.0,0.0,0.2882863730948339,0.0,0.0,0.0,0.2882863730948339
9,23,84,0.0,0.0,0.0,0.0,0.0,0.4481454053893003,0.0,0.0,-0.4481454053893003
9,23,85,0.43077827530968893,1.9208133160202314,0.43077827530968893,0.43077827530968893,1.9208133160202314,0.43077827530968893,1.7122239010636127,1.0531789766323354,1.4900350407105425
9,23,86,0.0,0.11083454516336069,0.0,0.493248692429758,0.4278943930541172,0.5133407021715098,0.0,0.33896315131743393,-0.1344410082344594
9,23,87,0.0,2.9959473608169214,0.0,0.0,2.9959473608169214,0.0,2.9959473608169214,2.9959473608169214,2.9959473608169214
9,23,88,0.0,0.0,0.0,0.0,0.8113363609114342,0.0,0.0,0.8113363609114342,0.8113363609114342
9,23,89,0.0,0.0,0.0,0.0,0.42417936610759394,0.0,0.0,0.0,0.42417936610759394
9,23,90,0.0,0.04340348557318701,0.0,0.0,0.13720176153049968,0.023279426486458147,0.046087745820650755,0.11392233504404155,0.13720176153049968
9,23,93,0.0,0.0,0.0,0.0,0.0,2.80665723550947,0.0,0.0,-2.80665723550947
9,23,95,0.024983064130306005,0.024731217605311214,0.024983064130306005,0.03341928146271327,0.02288163639258708,0.024886677583316894,0.012384673432923486,0.0248643875343372,-0.005820327362220041
9,23,97,0.0,0.7978757398119736,0.0,0.0,0.750570513078254,0.0,0.7219405933783258,0.7219405933783258,0.7032652863445342
9,23,98,0.0,0.0,0.0,0.34503319556055434,0.34503319556055434,0.0,0.34503319556055434,0.0,0.34503319556055434
9,23,99,0.12449342825884036,0.2843213566625972,0.42150876840288615,0.12449342825884036,0.40402150474492066,0.22506904134196368,0.2843213566625972,0.23242763511986755,0.21494037146190212
9,23,100,0.035542989658620856,0.02676313167917156,0.035542989658620856,0.035542989658620856,0.024316886527639178,0.035542989658620856,0.035542989658620856,0.05108001820681074,0.015537028548189877
9,23,101,0.0,0.49148352242842325,0.0,0.0,0.49148352242842325,0.10713479459276393,0.5375664625292053,0.8666916683067627,0.7595568737139988
9,23,102,0.0,0.018616800091985727,0.03081733148328321,0.028837489731514978,0.018616800091985727,0.028837489731514978,0.018616800091985727,0.018616800091985727,-0.041038021122812456
9,23,105,0.13540239584334066,0.13540239584334066,0.13540239584334066,0.13540239584334066,0.24899699433674083,0.13540239584334066,0.13540239584334066,0.24899699433674083,0.11359459849340016
9,23,106,0.0,0.15280498547672608,0.0,0.06935647611153549,0.11052378805290934,0.04078758686361854,0.038246136521067085,0.04520237284412349,0.0697362011892908
9,23,107,0.0,1.5237533544837798,0.0,0.0,1.5237533544837798,0.0,1.5237533544837798,1.5237533544837798,1.5237533544837798
9,23,108,0.0,0.0,0.0,0.0,0.0,1.0456726125750342,0.0,0.0,-1.0456726125750342
9,23,109,0.0,0.2655443773537965,0.0,0.0,0.2655443773537965,0.0,0.0,0.48286661688364496,0.48286661688364496
9,23,110,0.0,0.0,0.0,0.0,0.21553810073841845,0.0,0.21553810073841845,0.0,0.21553810073841845
9,23,111,0.0,0.0,0.0,0.0,0.0,0.5398287268948749,0.5398287268948749,0.0,-0.5398287268948749
9,23,112,0.0,0.0691372467880828,0.0,0.0,0.17902588241186318,0.0,0.17902588241186318,0.0,0.17902588241186318
9,23,113,0.0,0.08412132663215928,0.0,0.0,0.25626738267588434,0.0,0.08547100103410181,0.08412132663215928,0.25626738267588434
9,23,114,0.0,0.25388661715524535,0.0,0.0,0.25388661715524535,0.0,0.0,0.25388661715524535,0.25388661715524535
9,23,115,0.0,0.0,0.0,0.0,0.1325560519086231,0.0,0.0,0.0,0.1325560519086231
9,23,116,0.0,0.0,0.05895489501149831,0.0,0.1388559845801957,0.0,0.0,0.05144199755298556,0.0799010895686974
