term_str,x,y,term_rank,n,p,i,n_chars,max_pos_group,max_pos,n_pos_group,n_pos,stop,porter_stem,df,idf,dfidf
,0.50873226,21.864697,1,74801,0.0953091453508744,3.391241535772527,0,",",",",23,34,0,,31560,0.9246755469117847,29182.760260535924
i,-20.806458,0.597072,2,28987,0.03693434842162265,4.7588930632453375,1,PR,PRP,4,8,1,i,18049,1.7308538450679518,31240.18104963146
you,-28.17733,15.382975,3,24251,0.030899882139330426,5.016254854471217,3,PR,PRP,10,16,1,you,17563,1.770233454345829,31090.610158675794
the,17.984417,-16.803755,4,17704,0.022557895072149843,5.470223736871809,3,DT,DT,11,13,1,the,12355,2.2776777415964586,28140.708497424246
to,-19.85337,6.373512,5,16610,0.02116395374765075,5.562247019823082,2,TO,TO,6,7,1,to,12134,2.303717535779689,27953.308579150744
a,13.627388,-21.991453,6,15168,0.019326601471665657,5.693268223774561,1,DT,DT,6,8,1,a,11344,2.4008433145730894,27235.166560517126
it,-19.310617,10.631439,7,13375,0.0170420157359921,5.874760201609586,2,PR,PRP,7,8,1,it,10291,2.54138957324375,26153.44009825143
s,-12.453814,-9.572399,8,13175,0.016787181855827733,5.89649613126088,1,VB,VBZ,5,9,1,s,10450,2.5192698099569983,26326.36951405063
and,8.2506075,6.358647,9,11136,0.014189150447552002,6.139067976824092,3,CC,CC,7,8,1,and,7964,2.911207626092103,23184.85753419751
that,-19.551197,10.892286,10,11043,0.014070652693275572,6.151166937567603,4,DT,DT,10,14,1,that,8986,2.7370217852891674,24594.87776260846
is,-13.176892,-10.148264,11,8632,0.010998630267894117,6.506532323184803,2,VB,VBZ,5,9,1,is,7150,3.0667576052594914,21927.316877605364
do,-26.832905,-10.212189,12,8102,0.010323320485458542,6.597949102986384,2,VB,VBP,9,12,1,do,6832,3.1323928721921153,21400.508102816533
of,10.076389,-24.259977,13,7538,0.009604688943395024,6.702045393008464,2,IN,IN,6,8,1,of,6209,3.2703399154539374,20305.540535053497
nt,-25.116295,-11.071048,14,7240,0.009224986461950116,6.760237490702252,2,RB,RB,2,2,0,nt,6253,3.2601523299014716,20385.7325188739
in,19.14384,7.569338,15,6835,0.008708947854617271,6.843285850179398,2,IN,IN,6,8,1,in,5900,3.3439858926760397,19729.516766788634
what,-19.731071,13.21462,16,6496,0.008277004427738668,6.916675555487644,4,WP,WP,7,7,1,what,5908,3.3420310210478164,19744.7192723505
no,-6.005202,20.123098,17,5988,0.007629726372121173,7.034152966614403,2,DT,DT,11,16,1,no,4396,3.7685094608633745,16566.367589955393
we,-28.500072,15.550904,18,5880,0.007492116076832415,7.0604110329490934,2,PR,PRP,7,10,1,we,4794,3.643470938163473,17466.79967755569
this,-1.4323944,-16.607534,19,5876,0.007487019399229127,7.06139279211654,4,DT,DT,9,10,1,thi,5163,3.5364912490512457,18258.904318851583
on,23.746368,21.559399,20,5176,0.00659510081865384,7.244389570680313,2,IN,IN,4,5,1,on,4650,3.6874701309298494,17146.7361088238
me,-19.683508,20.761066,21,5034,0.006414168763737139,7.2845219715118406,2,PR,PRP,5,7,1,me,4399,3.7675252459024815,16573.343556725016
have,-15.216861,-23.418102,22,5020,0.006396330392125633,7.288539823834686,4,VB,VBP,3,5,1,have,4460,3.7476571370049383,16714.550831042026
my,12.279288,12.217298,23,5017,0.006392507883923168,7.289402249908523,2,PR,PRP$,6,8,1,my,4232,3.82336121969858,16180.46468176439
just,-17.005096,2.9675822,24,4747,0.006048482145701271,7.369211138243388,4,RB,RB,5,8,1,just,4325,3.7920007144011563,16400.403089785003
m,-9.88471,16.98147,25,4456,0.0056776988500621154,7.460477955332789,1,VB,VBP,4,6,1,m,3788,3.9832645163442204,15088.605987911908
know,-25.102179,-8.076526,26,4422,0.0056343770904341735,7.471528162856594,4,VB,VBP,5,9,0,know,3913,3.9364257369118114,15403.233908535918
not,-13.2330885,5.5139513,27,4395,0.005599974516611984,7.480364022642053,3,RB,RB,6,8,1,not,3949,3.923213479352257,15492.770029962063
so,-15.734822,12.5235195,28,4384,0.005585958653202943,7.483979389712293,2,RB,RB,6,10,1,so,4013,3.90001969103261,15650.779020113865
for,10.848112,6.4788265,29,4357,0.005551556079380754,7.492892074757652,3,IN,IN,4,4,1,for,3955,3.9210231524524515,15507.646567949445
oh,1.2924426,25.72584,30,4247,0.0054113974452903515,7.529783079325418,2,UH,UH,12,16,0,oh,3940,3.926505217468867,15470.430556827336
are,-7.091904,-13.5105915,31,4019,0.005120886821902972,7.609390610614075,3,VB,VBP,7,9,1,are,3616,4.050306169397418,14645.907108541063
was,-12.903595,-7.5294776,32,3813,0.004858407925333673,7.685300656946705,3,VB,VBD,9,13,1,wa,3113,4.266395270343426,13281.288476579086
be,-37.455227,0.0739457,33,3594,0.00457936482655369,7.770636779162879,2,VB,VB,3,4,1,be,3177,4.237035757099113,13461.062600303881
your,12.298086,12.234143,34,3463,0.004412448635046029,7.8242048004755915,4,PR,PRP$,4,4,1,your,3061,4.290697802285614,13133.825972796263
he,-22.227795,17.094614,35,3404,0.004337272640397541,7.848996150986857,2,PR,PRP,4,5,1,he,2562,4.547430371470959,11650.516611708597
with,8.63573,-0.22738148,36,3393,0.004323256776988501,7.853665757961844,4,IN,IN,3,4,1,with,3095,4.274761437710978,13230.386649715478
like,-15.073869,0.81049573,37,3354,0.004273564170356449,7.870344499108474,4,IN,IN,5,7,0,like,2983,4.327936869477393,12910.235681651064
re,-7.126107,-13.472695,38,3303,0.004208581530914535,7.892450218387295,2,VB,VBP,2,2,1,re,2922,4.357744669009107,12733.32992284461
yeah,-0.15534788,24.537144,39,3218,0.004100277131844679,7.930062861949374,4,NN,NN,10,15,0,yeah,3039,4.301104172290311,13071.055579590256
all,-11.952365,22.631891,40,3176,0.004046762017010161,7.949016275529862,3,DT,DT,6,7,1,all,2870,4.3836501102495555,12581.075816416225
okay,-4.5826197,24.865232,41,2970,0.0037842831204408624,8.045764256984691,4,NN,NN,10,16,0,okay,2713,4.4648117995307395,12113.034412126895
michael,13.284351,26.599611,42,2863,0.0036479469945529257,8.098699517673467,7,NN,NNP,7,9,0,michael,2591,4.531191831632511,11740.318035759836
but,-15.628055,4.6547046,43,2822,0.0035957060491192305,8.119509200075555,3,CC,CC,6,7,1,but,2656,4.495445700465681,11939.903780436849
up,15.746566,9.462488,44,2813,0.0035842385245118337,8.12411763535812,2,RP,RP,6,8,1,up,2598,4.527299416364724,11761.923883715554
here,-1.7679774,9.496626,45,2716,0.0034606440926321157,8.174743708428089,4,RB,RB,6,7,1,here,2486,4.5908745507601205,11412.914133189659
right,-2.2443745,12.554145,46,2691,0.0034287898576115697,8.188084797032403,5,NN,NN,5,9,0,right,2468,4.601358452663187,11356.152661172746
out,17.182062,9.607422,47,2663,0.0033931131143885578,8.203174759462206,3,RP,RP,4,5,1,out,2457,4.607802989450441,11321.371945079734
get,-35.65549,2.3781111,48,2610,0.0033255821361450003,8.232177381215573,3,VB,VB,3,5,0,get,2438,4.619002721192394,11261.128634267056
at,11.352461,7.884166,49,2594,0.003305195425731851,8.24104870842112,2,IN,IN,3,3,1,at,2370,4.659813788026984,11043.758677623951
about,-11.752479,-5.2943254,50,2529,0.0032223744146784314,8.27766015100958,5,IN,IN,6,7,1,about,2344,4.675728277390358,10959.907082202999
well,-6.5396514,16.99017,51,2518,0.0032083585512693914,8.283948904953803,4,RB,RB,11,15,0,well,2434,4.6213716790988775,11248.418666926667
can,-26.8981,-16.94844,52,2496,0.003180326824451311,8.296609253810573,3,MD,MD,3,4,1,can,2309,4.69743267403849,10846.372044354874
did,-26.949566,-12.943943,53,2440,0.003108973338005288,8.329346040222571,3,VB,VBD,4,7,1,did,2205,4.7639221913677225,10504.448431965828
there,-2.1234019,9.778279,54,2436,0.0031038766604020007,8.331713054766487,5,EX,EX,4,6,1,there,2183,4.778388716821815,10431.222568822022
hey,17.236818,27.788616,55,2403,0.0030618290701748796,8.351390539542955,3,NN,NNP,10,15,0,hey,2163,4.791667181850627,10364.376114342907
go,-37.42477,5.252687,56,2394,0.0030503615455674832,8.356804035729319,2,VB,VB,6,9,0,go,2153,4.798352527645372,10330.852992020486
think,-25.86142,-8.299408,57,2276,0.002900009556270506,8.429726630366238,5,VB,VBP,3,6,0,think,2135,4.810464777304753,10270.342299545648
dwight,10.087345,28.014818,58,2267,0.0028885420316631097,8.435442796932033,6,NN,NNP,5,8,0,dwight,2005,4.9010986104703225,9826.702713992996
good,-4.1894965,7.4661107,59,2205,0.0028095435288121554,8.475448532227936,4,JJ,JJ,5,8,0,good,1986,4.914835224284232,9760.862755428485
one,1.8429307,-22.78297,60,2131,0.0027152549931513397,8.524696594890116,3,CD,CD,4,5,0,one,1928,4.957595795582644,9558.244693883336
they,-28.422062,15.514986,61,2091,0.002664288217118466,8.55203412608324,4,PR,PRP,3,4,1,they,1717,5.124810807810471,8799.300157010579
if,-19.11044,1.5394484,62,2057,0.0026209664574905235,8.575685394147886,2,IN,IN,3,4,1,if,1925,4.959842401342979,9547.696622585236
jim,11.76617,29.227524,63,2055,0.00261841811868888,8.577088794103775,3,NN,NNP,5,8,0,jim,1803,5.0543014503802635,9112.905515035614
really,-14.575815,2.7592216,64,2028,0.0025840155448666902,8.59616953566948,6,RB,RB,3,3,0,realli,1897,4.98098116840113,9448.921276456944
how,-17.460968,13.252078,65,2001,0.0025496129710445,8.615506020767079,3,WR,WRB,6,7,1,how,1884,4.990901882199823,9402.859146064466
going,-15.599097,8.555086,66,1993,0.0025394196158379256,8.621285477833762,5,VB,VBG,3,3,0,go,1790,5.064741259660987,9065.886854793167
na,-17.952633,8.422376,67,1987,0.0025317745994329947,8.62563531542315,2,TO,TO,8,10,0,na,1702,5.1374698101266425,8743.973616835545
would,-23.247173,-17.398066,68,1900,0.002420921861561495,8.69022776945451,5,MD,MD,3,4,0,would,1708,5.132392872192115,8766.127025704132
want,-30.470837,-12.26678,69,1856,0.0023648584079253338,8.724030477545249,4,VB,VBP,3,5,0,want,1641,5.190125608298893,8516.996123218483
she,-22.226732,17.100056,70,1853,0.0023610358997228683,8.726364306645554,3,PR,PRP,3,4,1,she,1421,5.3977942925698255,7670.265689741722
pam,11.772989,29.22933,71,1715,0.0021852005224094542,8.838018611612645,3,NN,NNP,8,12,0,pam,1530,5.291169194232591,8095.4888671758645
yes,-1.5960499,20.54438,72,1707,0.0021750071672028796,8.844764129645082,3,UH,UH,10,14,0,ye,1569,5.254855494844508,8244.868271411033
got,-16.809496,-18.584137,73,1706,0.002173732997802058,8.84560954135453,3,VB,VBD,3,8,0,got,1565,5.258538189992625,8229.612267338458
her,-19.002483,21.388557,74,1657,0.0021112986971617877,8.887653585451368,3,PR,PRP$,4,6,1,her,1380,5.440032580147074,7507.244960602962
now,-11.9473915,22.627071,75,1557,0.0019838817570796037,8.977458243593784,3,RB,RB,4,6,1,now,1488,5.331326320704574,7933.013565208405
his,12.688848,12.675583,76,1556,0.001982607587678782,8.978385127686629,3,PR,PRP$,3,3,1,hi,1368,5.452632616926707,7459.201419955736
gon,-12.11739,13.183383,77,1555,0.00198133341827796,8.979312607654855,3,VB,VBG,5,12,0,gon,1384,5.435856904175881,7523.225955379419
uh,-1.932651,22.933838,78,1531,0.001950753352658236,9.001752905173033,2,NN,NNP,9,13,0,uh,1372,5.448420365639794,7475.232741657796
ok,-4.4233046,24.978037,79,1524,0.0019418341668524831,9.008364285179498,2,NN,NN,12,16,0,ok,1424,5.394751700846208,7682.126422005001
who,-21.279276,11.323583,80,1492,0.0019010607460261842,9.038979652417582,3,WP,WP,7,8,1,who,1322,5.501978670304914,7273.6158021430965
from,19.435019,8.450507,81,1490,0.0018985124072245405,9.040914857323296,4,IN,IN,3,3,1,from,1421,5.3977942925698255,7670.265689741722
let,-14.616383,17.385183,82,1484,0.0018908673908196094,9.046736096052017,3,VB,VB,4,8,0,let,1366,5.454743363522515,7451.179434571755
an,14.656671,-21.832853,83,1483,0.0018895932214187876,9.047708590218189,2,DT,DT,5,5,1,an,1396,5.423401905602954,7571.069060221724
come,-35.9343,6.960797,84,1472,0.0018755773580097473,9.058449516615807,4,VB,VB,4,8,0,come,1356,5.465343668676262,7411.006014725011
ll,-26.562927,-17.750317,85,1454,0.0018526423087949543,9.076199918753225,2,MD,MD,1,1,1,ll,1338,5.484622731171145,7338.425214306992
back,14.197816,8.903832,86,1426,0.0018169655655719428,9.104253206228933,4,RB,RB,5,8,0,back,1338,5.484622731171145,7338.425214306992
as,0.86995846,0.6836974,87,1418,0.001806772210365368,9.112369655433303,2,IN,IN,3,3,1,as,1129,5.729655361039605,6468.780902613714
him,-19.495455,20.931591,88,1417,0.0018054980409645462,9.113387429754802,3,PR,PRP,3,4,1,him,1231,5.604870085328148,6899.59507503895
will,-26.35588,-17.726902,89,1414,0.0018016755327620807,9.116445067863422,4,MD,MD,3,3,1,will,1239,5.595524659672004,6932.855053333613
am,-9.911141,17.015638,90,1376,0.0017532570955308508,9.155746717970722,2,VB,VBP,3,5,1,am,1232,5.603698591117704,6903.756664257011
why,-24.802935,-6.8276563,91,1342,0.0017099353359029082,9.191842516472637,3,WR,WRB,5,5,1,whi,1279,5.5496845829309684,7098.0465815687085
or,-17.293642,-0.08335368,92,1316,0.0016768069314815404,9.220067698937578,2,CC,CC,6,7,1,or,1161,5.6893328749470395,6605.315467813513
see,-31.805727,-3.9346683,93,1306,0.001664065237473322,9.23107229112639,3,VB,VB,2,4,0,see,1237,5.597855346836235,6924.547064036423
time,4.9064713,-27.121605,94,1289,0.0016424043576593508,9.24997492431117,4,NN,NN,1,2,0,time,1195,5.647690228944494,6748.98982358867
could,-26.408117,-16.286943,95,1254,0.0015978084286305864,9.289689839870782,5,MD,MD,3,4,0,could,1154,5.698057623167124,6575.558497134861
some,6.1118183,-20.016243,96,1233,0.0015710508712133279,9.31405438826998,4,DT,DT,3,4,1,some,1146,5.708093803055701,6541.475498301833
because,-16.364822,4.3969226,97,1232,0.001569776701812506,9.31522493197792,7,IN,IN,6,7,1,becaus,1148,5.705578205136918,6550.003779497182
say,-29.960032,-5.538744,98,1201,0.001530277450387029,9.351991036967187,3,VB,VB,3,5,0,say,1109,5.755441481650895,6382.784603150843
when,-9.576991,-21.48638,99,1160,0.0014780365049533336,9.402102382657885,4,WR,WRB,4,5,1,when,1084,5.788336090458734,6274.556322057268
look,3.3893654,11.497446,100,1134,0.0014449081005319657,9.434806547730592,4,VB,NN,3,6,0,look,1048,5.8370621302751555,6117.241112528363
need,-30.475245,-12.277776,101,1132,0.001442359761730322,9.437353229840937,4,VB,VBP,4,6,0,need,1039,5.849505192908394,6077.635895431821
then,-7.3910913,-16.659794,102,1123,0.0014308922371229255,9.448869260272218,4,RB,RB,4,4,1,then,1032,5.859257876389352,6046.754128433811
great,-4.559097,7.2733593,103,1089,0.0013875704774949829,9.493223233955913,5,JJ,JJ,3,4,0,great,1020,5.876131694953748,5993.654328852823
should,-26.394295,-16.167242,104,1085,0.0013824737998916956,9.49853214534098,6,MD,MD,3,3,1,should,1039,5.849505192908394,6077.635895431821
people,5.1747746,-21.592604,105,1067,0.0013595387506769026,9.522667011848394,6,NN,NNS,1,2,0,peopl,968,5.951621894538011,5761.169993912795
thank,-1.3180946,27.085464,106,1058,0.001348071226069506,9.534887560558793,5,NN,NN,6,10,0,thank,990,5.919200416845634,5860.008412677177
um,-1.96662,22.903624,107,1057,0.0013467970566686841,9.536251811290137,2,NN,NNP,8,11,0,um,976,5.939747794249719,5797.193847187726
very,-14.437275,11.466292,108,1043,0.0013289586850571784,9.555488030153054,4,RB,RB,4,4,1,veri,943,5.989371171137509,5647.977014382671
andy,11.755162,26.275055,109,1040,0.001325136176854713,9.559643659644365,4,NN,NNP,3,5,0,andi,950,5.978701428594295,5679.766357164581
guys,0.4432325,17.615639,110,1026,0.001307297805243207,9.579196457065766,4,NN,NNS,3,9,0,guy,945,5.98631461270417,5657.067309005441
take,-34.990284,0.2707383,111,1022,0.0013022011276399197,9.584831991735198,4,VB,VB,2,4,0,take,963,5.959093143969146,5738.606697642288
office,20.402477,3.2885742,112,1015,0.001293281941834167,9.594747460600281,6,NN,NN,1,2,0,offic,968,5.951621894538011,5761.169993912795
ve,-14.354147,-23.409248,113,998,0.0012716210620201955,9.61911546733556,2,VB,VBP,1,1,1,ve,942,5.990901882199823,5643.429573032233
little,8.312632,-22.288673,114,985,0.0012550568598095116,9.638031558329082,6,JJ,JJ,5,6,0,littl,921,6.02342778572127,5547.57699064929
been,-13.010024,-20.325771,115,985,0.0012550568598095116,9.638031558329082,4,VB,VBN,4,5,1,been,917,6.029707208217551,5529.241509935494
were,-7.1506376,-13.504066,116,977,0.001244863504602937,9.649796720704435,4,VB,VBD,7,12,1,were,919,6.026564080523571,5538.412390001162
does,-16.505676,-10.238874,117,977,0.001244863504602937,9.649796720704435,4,VB,VBZ,3,5,1,doe,929,6.010950345429952,5584.1728709044255
make,-34.674263,-1.6227232,118,965,0.001229573471793075,9.667626340517378,4,VB,VB,4,6,0,make,910,6.040762396726547,5497.093781021157
ca,-27.539537,-12.670377,119,959,0.0012219284553881438,9.676624467654689,2,MD,MD,4,4,0,ca,893,6.067968766691383,5418.696108655405
had,-15.947318,-19.549204,120,949,0.0012091867613799254,9.691747195651711,3,VB,VBD,2,4,1,had,868,6.108933899368126,5302.554624651533
down,16.188608,8.78734,121,949,0.0012091867613799254,9.691747195651711,4,RP,RP,6,8,1,down,889,6.074445522982836,5400.18206993174
has,-13.175374,-12.062765,122,946,0.00120536425317746,9.696315099333425,3,VB,VBZ,2,4,1,ha,889,6.074445522982836,5400.18206993174
over,16.554855,8.660446,123,929,0.0011837033733634887,9.722476686290168,4,IN,IN,5,6,1,over,891,6.071203510290684,5409.4423276689995
man,1.047711,12.718287,124,925,0.0011786066957602014,9.728701917269145,3,NN,NN,4,5,0,man,877,6.094052099367873,5344.483691145624
mean,-24.08891,-8.457027,125,924,0.0011773325263593794,9.730262431256763,4,VB,VBP,3,7,0,mean,876,6.095698072211432,5339.8315112572145
our,16.94131,-17.596756,126,920,0.001172235848756092,9.736521421728446,3,PR,PRP$,3,3,1,our,841,6.154523141557461,5175.953962049824
sorry,-11.392727,9.826477,127,919,0.0011709616793552703,9.738090421383786,5,JJ,JJ,6,9,0,sorri,845,6.147677600643059,5194.787572543384
tell,-32.767868,-5.720192,128,913,0.0011633166629503393,9.747540422688598,4,VB,VB,4,6,0,tell,861,6.120615704415761,5269.8501215019705
something,-23.731812,12.673658,129,896,0.001141655783136368,9.774656550615216,9,NN,NN,2,3,0,someth,851,6.1374698101266425,5222.986808417772
them,-8.267632,-10.197715,130,890,0.001134010766731437,9.78434994681906,4,PR,PRP,3,4,1,them,776,6.270572289625478,4865.964096749371
god,1.8693309,27.520266,131,889,0.0011327365973306152,9.78597186384305,3,NN,NNP,6,10,0,god,824,6.183984604629387,5095.603314214615
us,-8.268907,-10.202877,132,886,0.0011289140891281495,9.790848584117802,2,PR,PRP,3,4,0,us,831,6.171780465042261,5128.749566450118
way,2.2507257,-15.687626,133,886,0.0011289140891281495,9.790848584117802,3,NN,NN,1,2,0,way,836,6.163125999731723,5152.373335775721
phone,18.685143,12.429719,134,874,0.0011136240563182876,9.810522003172222,5,NN,NN,2,3,0,phone,808,6.212273649060811,5019.517108441135
into,18.325975,8.0385275,135,860,0.0010957856847067817,9.83381862308336,4,IN,IN,2,2,1,into,824,6.183984604629387,5095.603314214615
more,-1.2703466,-20.100092,136,845,0.0010766731436944541,9.859203941503274,4,JJ,JJR,4,4,1,more,794,6.2374899346696475,4952.5670081277
thing,0.04500678,-14.328329,137,844,0.0010753989742936323,9.860912283965636,5,NN,NN,2,2,0,thing,806,6.215849103284638,5009.9743772474185
where,-18.116413,14.230184,138,834,0.0010626572802854139,9.878107899228157,5,WR,WRB,4,4,1,where,784,6.255775287697397,4904.527825554759
work,-37.894264,3.6459558,139,832,0.0010601089414837702,9.881571754531729,4,VB,NN,4,7,0,work,789,6.246603641799147,4928.570273379527
day,5.4087443,-27.023932,140,819,0.0010435447392730863,9.904291831031811,3,NN,NN,1,2,0,day,744,6.331326320704574,4710.506782604203
love,-22.264698,-8.981983,141,814,0.0010371738922689772,9.913126488406574,4,VB,VBP,6,8,0,love,728,6.362690491613909,4632.038677894926
off,16.60442,10.64471,142,808,0.001029528875864046,9.923799989921026,3,RP,RP,5,6,1,off,765,6.291169194232591,4812.744433587932
by,15.641762,6.19538,143,796,0.001014238843054184,9.945386852129172,2,IN,IN,1,1,1,by,753,6.313979077140678,4754.42624508693
doing,-9.8322935,8.158678,144,754,0.0009607237282196668,10.023590759404156,5,VB,VBG,3,3,1,do,733,6.352815743678794,4656.613940116556
please,-3.4796448,15.939293,145,749,0.0009543528812155576,10.03318956421407,6,VB,VB,5,8,0,pleas,692,6.435856904175881,4453.61297768971
two,12.083467,-29.571493,146,748,0.0009530787118147357,10.035117012785184,3,CD,CD,2,2,0,two,706,6.406960758541425,4523.314295530246
too,-15.696916,12.483716,147,743,0.0009467078648106266,10.044793072134224,3,RB,RB,4,5,1,too,712,6.394751700846208,4553.0632110025
d,-23.263786,-17.34567,148,700,0.0008919185805752875,10.13080036084049,1,MD,MD,4,7,1,d,654,6.517338306314523,4262.339252329698
everyone,6.477672,29.137238,149,693,0.0008829993947695346,10.145299930535607,8,NN,NN,2,3,0,everyon,655,6.515134035387793,4267.412793179004
much,-5.0532637,-9.272718,150,682,0.0008689835313604944,10.168383543648648,4,JJ,JJ,3,3,0,much,661,6.501978670304914,4297.807901071548
said,-18.211779,-8.970972,151,681,0.0008677093619596726,10.17050048466075,4,VB,VBD,2,3,0,said,630,6.571277113425327,4139.904581457956
call,-32.35605,0.47181058,152,681,0.0008677093619596726,10.17050048466075,4,VB,VB,3,7,0,call,621,6.592035673592124,4093.6541533007094
maybe,-18.935205,3.233496,153,674,0.0008587901761539197,10.185406691490961,5,RB,RB,3,5,0,mayb,633,6.564423442384264,4155.28003902924
never,-12.12532,-23.381308,154,663,0.0008447743127448794,10.209146412560232,5,RB,RB,3,4,0,never,622,6.589714361682003,4098.802332966206
new,16.158178,-14.159218,155,662,0.0008435001433440576,10.211324065865602,3,JJ,JJ,3,3,0,new,608,6.62255761836902,4026.515031968364
lot,21.887882,-17.623339,156,649,0.0008269359411333737,10.239936804673683,3,NN,NN,2,3,0,lot,622,6.589714361682003,4098.802332966206
give,-34.16828,-0.2988558,157,644,0.0008205650941292645,10.251094594558204,4,VB,VB,3,5,0,give,606,6.627311148339654,4016.15055589383
sure,-11.920752,9.165407,158,637,0.0008116459083235116,10.26686191041652,4,JJ,JJ,4,6,0,sure,621,6.592035673592124,4093.6541533007094
kevin,9.012621,25.771715,159,632,0.0008052750613194024,10.278230724495717,5,NN,NNP,3,4,0,kevin,569,6.718200289506024,3822.6559647289278
talk,-31.67425,-6.168665,160,626,0.0007976300449144714,10.291992625740201,4,VB,VB,2,3,0,talk,600,6.641666441316724,3984.9998647900347
ryan,10.79139,26.346573,161,621,0.0007912591979103621,10.30356201445234,4,NN,NNP,6,9,0,ryan,551,6.764576623241448,3727.2817194060376
wait,-4.7870374,21.430517,162,621,0.0007912591979103621,10.30356201445234,4,NN,NN,8,11,0,wait,516,6.859257876389352,3539.3770642169056
alright,-4.3611183,25.015436,163,615,0.0007836141815054311,10.317568872446218,7,NN,NN,5,7,0,alright,577,6.698057623167124,3864.7792485674304
any,1.2625841,-20.165926,164,613,0.0007810658427037875,10.322268208982038,3,DT,DT,3,4,1,ani,582,6.685609788904322,3891.0248971423152
guy,1.6229095,-7.6549554,165,613,0.0007810658427037875,10.322268208982038,3,NN,NN,3,4,0,guy,563,6.733494019732376,3790.9571331093275
even,-23.709135,-5.958789,166,613,0.0007810658427037875,10.322268208982038,4,RB,RB,3,3,0,even,583,6.683133058612109,3896.2665731708594
stop,-2.340865,18.085938,167,612,0.0007797916733029656,10.324623629980168,4,VB,VB,5,10,0,stop,485,6.948644194738115,3370.092434447986
nice,-4.136361,6.1843166,168,609,0.0007759691651005002,10.331713054766487,4,JJ,JJ,4,6,0,nice,590,6.665913987563402,3932.889252662407
actually,-14.505974,4.016659,169,605,0.0007708724874972128,10.341220140510863,8,RB,RB,2,2,0,actual,587,6.673268438702554,3917.208573518399
these,5.3276215,-22.995977,170,580,0.0007390182524766668,10.402102382657885,5,DT,DT,3,3,1,these,548,6.772453048852078,3711.304270770939
angela,10.528497,27.231535,171,579,0.000737744083075845,10.404591934683584,6,NN,NNP,3,6,0,angela,529,6.82336121969858,3609.5580852205485
put,-35.549175,3.7012622,172,579,0.000737744083075845,10.404591934683584,3,VB,VB,2,6,0,put,545,6.780372712148317,3695.3031281208328
thought,-18.907377,-7.578514,173,574,0.0007313732360717357,10.417104545997132,7,VB,VBD,3,6,0,thought,554,6.756742965763417,3743.235603032933
today,-4.1154966,0.87163234,174,561,0.0007148090338610518,10.450154512064028,5,NN,NN,1,2,0,today,539,6.7963436690601,3663.229237623394
its,-8.5969715,14.117825,175,555,0.0007071640174561208,10.465667511435353,3,NN,NNP,8,12,1,it,497,6.91338309025032,3435.951395854409
big,-1.5927206,-7.0990734,176,555,0.0007071640174561208,10.465667511435353,3,JJ,JJ,4,4,0,big,517,6.856464661497671,3544.7922299942957
room,23.620134,6.9331074,177,542,0.0006905998152454369,10.499862431318949,4,NN,NN,1,2,0,room,512,6.870485131812606,3517.688387488054
wow,0.80083877,25.130985,178,540,0.0006880514764437932,10.50519587562199,3,NN,NN,9,12,0,wow,525,6.834311519259121,3588.013547611038
first,17.923668,-20.68601,179,535,0.000681680629439684,10.518616391384311,5,JJ,JJ,6,6,0,first,510,6.876131694953748,3506.8271644264114
around,17.700388,8.1471,180,533,0.0006791322906380404,10.524019749913645,6,IN,IN,4,4,0,around,514,6.864860582618728,3528.538339466026
laughs,4.636725,25.03758,181,532,0.0006778581212372184,10.52672903717163,6,VB,VBZ,2,4,0,laugh,525,6.834311519259121,3588.013547611038
only,-0.63449836,-23.248295,182,529,0.000674035613034753,10.534887560558793,4,RB,RB,4,4,1,onli,514,6.864860582618728,3528.538339466026
ever,-12.41171,-23.443218,183,527,0.0006714872742331093,10.540352321035606,4,RB,RB,2,2,0,ever,491,6.930905917497912,3403.074805491475
anything,-23.719854,12.509355,184,524,0.0006676647660306438,10.54858847113537,8,NN,NN,2,3,0,anyth,503,6.896070542007078,3468.7234826295603
paper,13.460099,-15.526871,185,520,0.0006625680884273565,10.559643659644365,5,NN,NN,2,3,0,paper,466,7.006298987158325,3264.9353280157793
oscar,9.495738,26.263721,186,518,0.0006600197496257127,10.565203184986267,5,NN,NNP,5,8,0,oscar,461,7.021862191383268,3237.0784702276865
things,5.2181845,-21.46736,187,516,0.0006574714108240691,10.570784217249566,6,NN,NNS,2,3,0,thing,483,6.954605752976833,3359.07457868781
job,2.1311681,-12.6242285,188,512,0.0006523747332207817,10.58201147267282,3,NN,NN,1,2,0,job,473,6.9847887584732105,3303.8050827578286
other,9.887363,-29.36428,189,510,0.000649826394419138,10.587658035813963,5,JJ,JJ,1,1,1,other,490,6.933847192810035,3397.585124476917
everybody,5.9712977,29.190344,190,508,0.0006472780556174944,10.593326785900654,9,NN,NN,3,7,0,everybodi,476,6.975667368504662,3320.417667408219
looks,16.995016,17.189165,191,500,0.0006370847004109196,10.616227188010733,5,VB,VBZ,2,3,0,look,481,6.960592048042564,3348.044775108473
hi,16.934566,26.922812,192,498,0.0006345363616092759,10.62200954060474,2,NN,NN,8,12,0,hi,482,6.957595795582644,3353.561173470834
thanks,-1.362988,26.65116,193,495,0.0006307138534068105,10.630726757705848,6,NN,NNS,2,4,0,thank,481,6.960592048042564,3348.044775108473
those,5.3320875,-23.002317,194,492,0.0006268913452043449,10.63949696733358,5,DT,DT,1,1,1,those,470,6.993968185247606,3287.165047066375
feel,-20.635763,-4.569046,195,492,0.0006268913452043449,10.63949696733358,4,VB,VBP,3,5,0,feel,466,7.006298987158325,3264.9353280157793
away,16.549545,10.819568,196,490,0.0006243430064027013,10.64537353367025,4,RB,RB,4,4,0,away,469,6.997041019297229,3281.6122380504003
party,3.497213,-13.819447,197,485,0.000617972159398592,10.660170535598331,5,NN,NN,1,2,0,parti,445,7.072823605958845,3147.406504651686
fine,-5.524931,24.297792,198,483,0.0006154238205969484,10.666132093837048,4,JJ,JJ,4,6,0,fine,439,7.0924080022772475,3113.5671129997118
phyllis,8.703462,27.202574,199,482,0.0006141496511961266,10.669122136442859,7,NN,NNP,3,8,0,phylli,425,7.139166100787541,3034.145592834705
stanley,9.757049,26.894196,200,477,0.0006077788041920173,10.684166016667309,7,NN,NNP,2,3,0,stanley,416,7.170045413671513,2982.7388920873495
than,-1.3821718,-20.73812,201,477,0.0006077788041920173,10.684166016667309,4,IN,IN,2,2,1,than,468,7.000120412229201,3276.056352923266
erin,10.060137,25.532299,202,476,0.0006065046347911955,10.687193709364877,4,NN,NNP,4,7,0,erin,443,7.079322243257588,3136.1397537631115
still,-12.020649,5.7163525,203,476,0.0006065046347911955,10.687193709364877,5,RB,RB,1,1,0,still,460,7.02499508086823,3231.497737199386
three,12.382265,-29.536987,204,470,0.0005988596183862645,10.70549452610782,5,CD,CD,3,4,0,three,437,7.098995662312007,3102.261104430347
talking,-12.809058,7.946388,205,467,0.0005950371101837989,10.714732732963158,7,VB,VBG,3,3,0,talk,455,7.040762396726547,3203.5468905105786
kind,23.495232,-17.535538,206,457,0.0005822954161755806,10.745961117614751,4,NN,NN,2,3,0,kind,437,7.098995662312007,3102.261104430347
car,25.309345,0.25298005,207,453,0.0005771987385722932,10.758644232626585,3,NN,NN,2,3,0,car,424,7.142564677249406,3028.4474231537483
better,-1.3228031,-19.929276,208,451,0.0005746503997706495,10.76502784941744,6,JJ,JJR,4,8,0,better,430,7.122292282223145,3062.5856813559526
last,18.066988,-23.928377,209,451,0.0005746503997706495,10.76502784941744,4,JJ,JJ,2,2,0,last,435,7.105613541076515,3090.941890368284
jan,12.486637,25.791533,210,445,0.0005670053833657185,10.78434994681906,3,NN,NNP,5,8,0,jan,403,7.215849103284638,2907.9871886237092
which,-1.1678602,-16.84281,211,444,0.0005657312139648967,10.787595606322714,5,WD,WDT,4,5,1,which,427,7.132392872192115,3045.531756426033
head,26.391909,1.4940495,212,441,0.0005619087057624311,10.7973766271153,4,NN,NN,3,6,0,head,410,7.191005032307159,2948.3120632459354
toby,11.48263,25.04078,213,440,0.0005606345363616093,10.800651759148161,4,NN,NNP,5,7,0,tobi,380,7.300629523481658,2774.23921892303
best,20.713615,-20.585907,214,439,0.0005593603669607875,10.803934343137461,4,JJ,JJS,5,7,0,best,405,7.208707034040619,2919.5263487864504
hello,16.802832,26.60492,215,437,0.0005568120281591438,10.810522003172222,5,NN,NNP,7,10,0,hello,407,7.201600147546358,2931.051260051368
im,-9.071417,15.53383,216,436,0.0005555378587583219,10.813827147895894,2,NN,NNP,6,7,0,im,379,7.304431093641514,2768.379384490134
their,16.67313,-17.728912,217,425,0.0005415219953492817,10.850692441647755,5,PR,PRP$,1,1,1,their,389,7.266858786826414,2826.808068075475
again,3.009372,15.496485,218,418,0.0005326028095435289,10.874652340591938,5,RB,RB,3,4,1,again,400,7.226628942037881,2890.6515768151526
cool,-6.4169626,6.044186,219,411,0.0005236836237377759,10.899016888991138,4,JJ,JJ,3,7,0,cool,386,7.278028094544525,2809.3188444941866
fun,-7.7819023,-5.666015,220,406,0.0005173127767336668,10.916675555487643,3,NN,NN,6,9,0,fun,380,7.300629523481658,2774.23921892303
cause,-15.863127,3.8516972,221,406,0.0005173127767336668,10.916675555487643,5,IN,IN,8,12,0,caus,397,7.2374899346696475,2873.28350406385
made,-15.488508,-18.873196,222,390,0.0004969260663205173,10.97468115892321,4,VB,VBD,2,4,0,made,371,7.335209755191802,2721.3628191761586
darryl,9.772702,25.517612,223,387,0.0004931035581180518,10.98582171652841,6,NN,NNP,3,5,0,darryl,340,7.461094195674904,2536.7720265294674
life,27.22119,-7.8548517,224,386,0.00049182938871723,10.98955443540474,4,NN,NN,2,3,0,life,362,7.3706392447294,2668.171406592043
baby,8.888883,-4.3230724,225,386,0.00049182938871723,10.98955443540474,4,NN,NN,6,8,0,babi,332,7.495445700465681,2488.487972554606
desk,26.559885,1.6472728,226,384,0.0004892810499155863,10.997048971951664,4,NN,NN,3,4,0,desk,372,7.331326320704574,2727.2533913021016
help,-33.30844,-4.605663,227,383,0.00048800688051476443,11.000810890747863,4,VB,VB,2,5,0,help,355,7.398809917420561,2626.577520684299
wanted,-23.090124,-14.215696,228,381,0.0004854585417131208,11.008364285179498,6,VB,VBD,2,4,0,want,363,7.366659393816855,2674.097359955518
someone,-24.274181,10.204607,229,377,0.0004803618641098334,11.023590759404156,7,NN,NN,3,4,0,someon,369,7.34300812575221,2709.5699984025655
ah,1.567162,24.096941,230,376,0.00047908769470901157,11.027422620995182,2,NN,NNP,4,8,0,ah,340,7.461094195674904,2536.7720265294674
company,14.433636,-16.743818,231,375,0.00047781352530818974,11.031264687289577,7,NN,NN,1,2,0,compani,348,7.427541635963877,2584.7844893154293
idea,1.1238544,-12.289742,232,375,0.00047781352530818974,11.031264687289577,4,NN,NN,2,2,0,idea,351,7.415157911508045,2602.7204269393237
business,12.651444,-16.190199,233,374,0.00047653935590736787,11.035117012785184,8,NN,NN,1,2,0,busi,351,7.415157911508045,2602.7204269393237
name,28.016167,-2.468996,234,374,0.00047653935590736787,11.035117012785184,4,NN,NN,6,7,0,name,351,7.415157911508045,2602.7204269393237
keep,-36.549595,0.011686134,235,373,0.00047526518650654604,11.038979652417582,4,VB,VB,3,4,0,keep,358,7.386669354548349,2644.427628928309
always,-11.681341,-22.292982,236,372,0.0004739910171057242,11.042852661564789,6,RB,RB,4,5,0,alway,357,7.390704867783506,2638.4816377987117
after,11.213697,6.6134653,237,371,0.00047271684770490235,11.046736096052017,5,IN,IN,1,1,1,after,363,7.366659393816855,2674.097359955518
place,3.8112302,-14.002692,238,371,0.00047271684770490235,11.046736096052017,5,NN,NN,2,4,0,place,349,7.423401905602954,2590.767265055431
hand,25.88921,4.4822354,239,371,0.00047271684770490235,11.046736096052017,4,NN,NN,1,2,0,hand,336,7.478167709033845,2512.664350235372
guess,-20.294977,-8.828349,240,369,0.0004701685089032587,11.054534466612424,5,VB,VBP,4,7,0,guess,360,7.378632035482931,2656.307532773855
nothing,-21.315706,12.863353,241,365,0.00046507183129997136,11.07025881890544,7,NN,NN,3,4,0,noth,352,7.411053513175308,2608.6908366377083
next,15.145879,-19.135187,242,364,0.0004637976618991495,11.074216832474123,4,JJ,JJ,4,4,0,next,356,7.394751700846208,2632.53160550125
long,-4.778232,-9.498695,243,363,0.00046252349249832766,11.078185734677069,4,JJ,JJ,3,3,0,long,345,7.440032580147074,2566.8112401507406
bad,-5.8036046,-2.9992144,244,362,0.00046124932309750584,11.082165585589614,3,JJ,JJ,2,3,0,bad,338,7.469605695530421,2524.7267250892824
find,-34.85298,1.9037077,245,362,0.00046124932309750584,11.082165585589614,4,VB,VB,6,7,0,find,349,7.423401905602954,2590.767265055431
night,6.084299,-27.579546,246,360,0.00045870098429586214,11.090158376343146,5,NN,NN,3,4,0,night,334,7.486780839338554,2500.584800339077
old,29.150978,-8.797774,247,358,0.00045615264549421844,11.098195695408563,3,JJ,JJ,2,2,0,old,338,7.469605695530421,2524.7267250892824
kelly,10.9535,25.199205,248,357,0.0004548784760933966,11.10223120864372,5,NN,NNP,2,2,0,kelli,320,7.548557036925243,2415.5382518160777
getting,-1.7055379,5.2087274,249,353,0.0004497817984901093,11.11848709940164,7,VB,VBG,1,1,0,get,344,7.444220377110508,2560.811809726015
pretty,-13.962915,10.96701,250,353,0.0004497817984901093,11.11848709940164,6,RB,RB,4,6,0,pretti,345,7.440032580147074,2566.8112401507406
every,17.952501,-23.949326,251,352,0.0004485076290892874,11.122579854035523,5,DT,DT,3,3,0,everi,329,7.508541358077364,2470.310106807453
years,14.616893,-29.337204,252,351,0.0004472334596884656,11.126684252368259,5,NN,NNS,1,3,0,year,324,7.530635128927981,2439.925781772666
real,-1.5488621,-6.3555646,253,351,0.0004472334596884656,11.126684252368259,4,JJ,JJ,4,4,0,real,330,7.50416291756679,2476.3737627970404
everything,-20.390265,12.629635,254,347,0.00044213678208517823,11.143219620094559,10,NN,NN,2,3,0,everyth,329,7.508541358077364,2470.310106807453
year,6.541336,-27.018473,255,341,0.0004344917656802472,11.168383543648648,4,NN,NN,1,2,0,year,308,7.603698591117704,2341.9391660642527
door,22.87747,16.225868,256,341,0.0004344917656802472,11.168383543648648,4,NN,NN,5,6,0,door,325,7.526189223896789,2446.011497766456
done,-10.639642,-19.13904,257,340,0.00043321759627942537,11.172620536535119,4,VB,VBN,3,4,0,done,323,7.5350947771186805,2433.835613009334
before,-10.428243,-21.152784,258,338,0.00043066925747778167,11.181132036390636,6,IN,IN,4,4,1,befor,328,7.512933127194522,2464.242065719803
might,-24.55547,-16.567202,259,335,0.00042684674927531615,11.193994187327686,5,MD,MD,4,6,0,might,316,7.566704383635503,2391.0785852288186
being,-4.097584,2.7523696,260,334,0.0004255725798744943,11.198307180198768,5,VB,VBG,2,3,1,be,326,7.5217569775815285,2452.092774691578
through,17.54075,8.057648,261,331,0.0004217500716720288,11.211324065865602,7,IN,IN,2,2,1,through,318,7.55760217652825,2403.3174921359837
told,-19.379549,-15.857483,262,331,0.0004217500716720288,11.211324065865602,4,VB,VBD,5,7,0,told,323,7.5350947771186805,2433.835613009334
meredith,10.415304,23.245726,263,330,0.000420475902271207,11.215689258427004,8,NN,NNP,5,8,0,meredith,309,7.599022103908231,2348.0978301076434
home,13.661793,8.485482,264,330,0.000420475902271207,11.215689258427004,4,NN,NN,4,7,0,home,304,7.62255761836902,2317.2575159841817
leave,-32.560486,2.1041837,265,327,0.00041665339406874146,11.228864647174738,5,VB,VB,4,6,0,leav,318,7.55760217652825,2403.3174921359837
listen,-0.9457944,19.203382,266,323,0.00041155671646545406,11.246621117978895,6,VB,VB,5,12,0,listen,303,7.627311148339654,2311.0752779469153
wan,-12.130073,13.200473,267,321,0.0004090083776638104,11.255581985550517,3,VB,VBP,6,10,0,wan,306,7.6130972891199535,2329.607770470706
dont,-25.414375,-11.54921,268,318,0.0004051858694613449,11.269128517388465,4,VB,VBP,4,8,0,dont,293,7.675728277390358,2248.988385275375
second,13.333442,2.9410663,269,318,0.0004051858694613449,11.269128517388465,6,JJ,JJ,3,5,0,second,295,7.665913987563402,2261.444626331204
coming,2.9316478,7.554379,270,316,0.0004026375306597012,11.278230724495717,6,VB,VBG,3,4,0,come,306,7.6130972891199535,2329.607770470706
hands,22.436092,13.749435,271,316,0.0004026375306597012,11.278230724495717,5,NN,NNS,2,5,0,hand,303,7.627311148339654,2311.0752779469153
walks,25.142477,12.729221,272,315,0.0004013633612588794,11.282803454285542,5,NN,NNS,3,7,0,walk,311,7.589714361682003,2360.401166483103
show,-30.117731,2.9351676,273,314,0.00040008919185805756,11.287390723781193,4,VB,NN,4,6,0,show,285,7.715667022760502,2198.965101486743
looking,1.0570959,9.653451,274,314,0.00040008919185805756,11.287390723781193,7,VB,VBG,2,2,0,look,308,7.603698591117704,2341.9391660642527
gets,27.086481,14.057232,275,313,0.0003988150224572357,11.291992625740201,4,VB,VBZ,2,3,0,get,306,7.6130972891199535,2329.607770470706
five,12.979117,-28.217106,276,313,0.0003988150224572357,11.291992625740201,4,CD,CD,3,3,0,five,287,7.705578205136918,2211.5009448742953
another,14.017801,-21.898144,277,310,0.00039499251425477016,11.305887067398583,7,DT,DT,2,2,0,anoth,293,7.675728277390358,2248.988385275375
face,26.54361,-0.58553714,278,309,0.00039371834485394834,11.310548444768445,4,NN,NN,2,4,0,face,289,7.695559449311927,2224.0166808511467
trying,-16.165667,8.33792,279,309,0.00039371834485394834,11.310548444768445,6,VB,VBG,1,2,0,tri,299,7.646483457614501,2286.2985538267358
try,-31.504488,3.006215,280,308,0.0003924441754531265,11.31522493197792,3,VB,VB,3,5,0,tri,294,7.670812786976241,2255.218959371015
else,-15.489512,-9.04496,281,308,0.0003924441754531265,11.31522493197792,4,RB,RB,5,8,0,els,294,7.670812786976241,2255.218959371015
hear,-30.98841,-5.3461733,282,308,0.0003924441754531265,11.31522493197792,4,VB,VB,4,6,0,hear,297,7.656166011011839,2273.8813052705163
whoa,14.096731,21.859392,283,306,0.0003898958366514828,11.324623629980168,4,NN,NN,4,8,0,whoa,197,8.248433312356228,1624.941362534177
stuff,4.9918666,-15.554504,284,300,0.00038225082024655177,11.35319278217694,5,NN,NN,5,10,0,stuff,289,7.695559449311927,2224.0166808511467
together,5.940372,6.064976,285,300,0.00038225082024655177,11.35319278217694,8,RB,RB,4,5,0,togeth,292,7.680660572932588,2242.7528872963157
scott,16.54333,25.434855,286,299,0.00038097665084572995,11.358009798474715,5,NN,NNP,1,2,0,scott,281,7.736058811591679,2173.832526057262
also,-10.719511,3.1497858,287,299,0.00038097665084572995,11.358009798474715,4,RB,RB,1,1,0,also,291,7.685609788904322,2236.5124485711576
own,26.686369,-9.062113,288,298,0.0003797024814449081,11.36284295221066,3,JJ,JJ,2,3,1,own,283,7.725826888980723,2186.4090095815445
makes,-15.908666,-11.550168,289,298,0.0003797024814449081,11.36284295221066,5,VB,VBZ,2,3,0,make,288,7.7005601303702935,2217.7613175466445
dunder,32.298496,5.7412195,290,297,0.00037842831204408625,11.367692351872055,6,NN,NNP,2,3,0,dunder,278,7.751544059089098,2154.9292484267694
huh,0.8060956,23.453547,291,296,0.00037715414264326443,11.37255810704387,3,NN,NN,5,8,0,huh,277,7.756742965763417,2148.6178015164664
ask,-32.21642,-5.2205033,292,293,0.0003733316344407989,11.387254618250573,3,VB,VB,6,9,0,ask,278,7.751544059089098,2154.9292484267694
whole,20.067541,-21.695305,293,291,0.0003707832956391552,11.397136129764537,5,JJ,JJ,2,2,0,whole,287,7.705578205136918,2211.5009448742953
money,3.6939623,-19.200108,294,291,0.0003707832956391552,11.397136129764537,5,NN,NN,1,2,0,money,273,7.777727990892753,2123.3197415137215
saying,-10.774452,8.602883,295,287,0.00036568661803586787,11.417104545997132,6,VB,VBG,3,3,0,say,276,7.7619606750344365,2142.3011463095045
probably,-18.772284,3.0071769,296,287,0.00036568661803586787,11.417104545997132,8,RB,RB,2,2,0,probabl,282,7.730933779413812,2180.123325794695
happy,-5.5151763,3.1234927,297,285,0.00036313827923422417,11.427193363620717,5,JJ,JJ,3,3,0,happi,256,7.870485131812606,2014.844193744027
mifflin,32.298733,5.742756,298,284,0.00036186410983340235,11.432264353168138,7,NN,NNP,1,1,0,mifflin,270,7.793669534761775,2104.290774385679
wrong,-5.5957775,11.7932005,299,283,0.0003605899404325805,11.437353229840937,5,JJ,JJ,5,6,0,wrong,261,7.842579135242721,2046.91315429835
having,-2.3656962,2.1964579,300,283,0.0003605899404325805,11.437353229840937,6,VB,VBG,1,1,1,have,276,7.7619606750344365,2142.3011463095045
manager,28.229687,-15.554473,301,281,0.0003580416016309368,11.447585152451895,7,NN,NN,2,3,0,manag,263,7.831566142520304,2059.70189548284
believe,-26.318544,-6.8935595,302,279,0.0003554932628292932,11.457890160843633,7,VB,VB,2,5,0,believ,263,7.831566142520304,2059.70189548284
boss,29.529472,-6.3217263,303,276,0.00035167075462682766,11.473487015894651,4,NN,NN,4,6,0,boss,246,7.927970626473366,1950.280774112448
use,-31.49724,-2.1397839,304,276,0.00035167075462682766,11.473487015894651,3,VB,VB,4,6,0,use,270,7.793669534761775,2104.290774385679
same,18.362078,-20.762363,305,276,0.00035167075462682766,11.473487015894651,4,JJ,JJ,2,3,1,same,263,7.831566142520304,2059.70189548284
scranton,17.26423,-15.577461,306,272,0.00034657407702354026,11.49454863142248,8,NN,NNP,1,2,0,scranton,255,7.876131694953748,2008.4135822132057
went,-13.410782,-15.670316,307,270,0.0003440257382218966,11.50519587562199,4,VB,VBD,2,3,0,went,259,7.853676844126052,2034.1023026286475
hot,-1.8419774,-2.5531685,308,268,0.0003414773994202529,11.515922282215048,3,JJ,JJ,3,5,0,hot,216,8.115597629649137,1752.9690880042137
ta,-16.156702,16.881796,309,268,0.0003414773994202529,11.515922282215048,2,JJ,JJ,5,9,0,ta,253,7.887491557118295,1995.5353639509287
friends,6.962417,-17.358162,310,266,0.0003389290606186092,11.52672903717163,7,NN,NNS,3,5,0,friend,236,7.987842082450764,1885.1307314583803
both,5.493449,12.623357,311,266,0.0003389290606186092,11.52672903717163,4,DT,DT,3,3,1,both,255,7.876131694953748,2008.4135822132057
anyone,-23.4218,11.112624,312,262,0.0003338323830153219,11.54858847113537,6,NN,NN,2,3,0,anyon,252,7.893205208312689,1989.0877124947976
called,-16.48493,-12.761701,313,260,0.00033128404421367823,11.559643659644365,6,VB,VBD,1,2,0,call,253,7.887491557118295,1995.5353639509287
friend,29.361298,-5.525976,314,260,0.00033128404421367823,11.559643659644365,6,NN,NN,2,3,0,friend,242,7.951621894538011,1924.2924984781987
care,-27.70041,-8.212711,315,259,0.00033000987481285636,11.565203184986267,4,VB,VB,2,5,0,care,245,7.933847192810035,1943.7925622384585
thinking,-12.516873,7.555598,316,258,0.00032873570541203453,11.570784217249566,8,VB,VBG,2,2,0,think,245,7.933847192810035,1943.7925622384585
sales,11.855854,-14.793617,317,256,0.00032618736661039083,11.58201147267282,5,NN,NNS,1,3,0,sale,233,8.006298987158326,1865.4676640078899
start,-37.315895,1.3625277,318,256,0.00032618736661039083,11.58201147267282,5,VB,VB,3,5,0,start,251,7.898941577861834,1982.6343360433202
check,-34.193085,3.8987448,319,255,0.000324913197209569,11.587658035813963,5,VB,VB,4,6,0,check,236,7.987842082450764,1885.1307314583803
hard,-9.339875,-4.605688,320,254,0.0003236390278087472,11.593326785900654,4,JJ,JJ,4,6,0,hard,234,8.000120412229201,1872.028176461633
camera,17.122337,15.059182,321,254,0.0003236390278087472,11.593326785900654,6,NN,NN,2,4,0,camera,240,7.963594536204087,1911.262688688981
play,-27.959715,-1.7875829,322,251,0.00031981651960628167,11.610467918722048,4,VB,VB,3,5,0,play,239,7.969618323831857,1904.7387793958137
person,0.39673865,-14.283993,323,248,0.00031599401140381615,11.627815162285945,6,NN,NN,1,1,0,person,225,8.056703940595568,1812.7583866340028
goes,27.575325,12.528243,324,248,0.00031599401140381615,11.627815162285945,4,VB,VBZ,2,2,0,goe,232,8.012504136685033,1858.9009597109277
meeting,14.32876,-6.5851545,325,247,0.00031471984200299427,11.633644241088142,7,NN,NN,2,2,0,meet,238,7.975667368504662,1898.2088337041096
many,-4.6675415,-10.011657,326,244,0.0003108973338005288,11.651274135109933,4,JJ,JJ,2,2,0,mani,231,8.018736090396548,1852.3280368816024
hold,18.83522,12.388246,327,242,0.0003083489949988851,11.663148235398225,4,VB,VB,3,5,0,hold,206,8.183984604629387,1685.9008285536538
remember,-21.744152,-6.897233,328,238,0.00030325231739559776,11.687193709364877,8,VB,VB,2,4,0,rememb,228,8.037595117647864,1832.571686823713
david,14.599,25.629948,329,237,0.0003019781479947759,11.693268223774561,5,NN,NNP,2,2,0,david,216,8.115597629649137,1752.9690880042137
sounds,-10.493078,-7.4849405,330,237,0.0003019781479947759,11.693268223774561,6,VB,VBZ,3,4,0,sound,230,8.02499508086823,1845.748868599693
already,-11.805493,-21.263277,331,236,0.00030070397859395406,11.699368423310979,7,RB,RB,1,1,0,alreadi,234,8.000120412229201,1872.028176461633
takes,23.655622,14.629363,332,236,0.00030070397859395406,11.699368423310979,5,VB,VBZ,2,2,0,take,228,8.037595117647864,1832.571686823713
most,19.87669,-20.799513,333,235,0.00029942980919313224,11.70549452610782,4,RB,RBS,3,4,1,most,229,8.031281343715662,1839.1634277108867
tonight,-3.5906534,0.9028337,334,234,0.00029815563979231037,11.711646753089417,7,NN,NN,6,10,0,tonight,228,8.037595117647864,1832.571686823713
understand,-25.531332,-7.5602117,335,234,0.00029815563979231037,11.711646753089417,10,VB,VB,2,3,0,understand,230,8.02499508086823,1845.748868599693
morning,-0.45712498,14.900015,336,234,0.00029815563979231037,11.711646753089417,7,NN,NN,2,3,0,morn,228,8.037595117647864,1832.571686823713
watch,-28.225845,4.46462,337,233,0.00029688147039148854,11.71782532801854,5,VB,VB,3,5,0,watch,211,8.14938594310542,1719.5204339952436
woman,3.3235898,-7.3029833,338,233,0.00029688147039148854,11.71782532801854,5,NN,NN,3,4,0,woman,219,8.095698072211432,1772.9578778143036
making,0.31728104,3.2932496,339,233,0.00029688147039148854,11.71782532801854,6,VB,VBG,2,2,0,make,229,8.031281343715662,1839.1634277108867
stay,-36.75583,5.184892,340,231,0.00029433313158984484,11.730262431256763,4,VB,VB,2,5,0,stay,223,8.069585231892301,1799.517506711983
question,0.8488499,-11.208158,341,231,0.00029433313158984484,11.730262431256763,8,NN,NN,2,4,0,question,224,8.063130209755002,1806.1411669851204
may,-24.798502,-16.258478,342,231,0.00029433313158984484,11.730262431256763,3,MD,MD,3,3,0,may,222,8.0760692654625,1792.8873769326751
enough,-8.533094,-4.5032682,343,231,0.00029433313158984484,11.730262431256763,6,RB,RB,4,5,0,enough,209,8.163125999731722,1706.09333394393
voice,11.134071,19.753654,344,229,0.0002917847927882012,11.742807684575876,5,NN,NN,3,4,0,voic,199,8.233860511268956,1638.5382417425224
girl,2.2093709,-7.6130776,345,229,0.0002917847927882012,11.742807684575876,4,NN,NN,3,7,0,girl,213,8.135775511586766,1732.9201839679813
part,23.42789,-16.704683,346,229,0.0002917847927882012,11.742807684575876,4,NN,NN,2,3,0,part,214,8.12901814541146,1739.6098831180523
mr,15.300221,25.878677,347,228,0.0002905106233873794,11.749121458508078,2,NN,NNP,5,9,0,mr,209,8.163125999731722,1706.09333394393
left,-15.520959,-16.77268,348,228,0.0002905106233873794,11.749121458508078,4,VB,VBD,3,7,0,left,223,8.069585231892301,1799.517506711983
point,4.445637,-13.060611,349,227,0.0002892364539865575,11.755462985381905,5,NN,NN,3,5,0,point,214,8.12901814541146,1739.6098831180523
while,2.3567755,6.2981777,350,227,0.0002892364539865575,11.755462985381905,5,IN,IN,3,3,1,while,226,8.050306169397418,1819.3691942838163
funny,-6.639508,5.2246103,351,226,0.0002879622845857357,11.761832510257632,5,JJ,JJ,5,7,0,funni,207,8.17699817431328,1692.6386220828488
meet,-32.782467,-2.9319565,352,225,0.00028668811518491386,11.768230281455782,4,VB,VB,3,6,0,meet,222,8.0760692654625,1792.8873769326751
totally,-13.117349,4.199761,353,225,0.00028668811518491386,11.768230281455782,7,RB,RB,2,2,0,total,219,8.095698072211432,1772.9578778143036
says,-14.130645,-10.691725,354,224,0.000285413945784092,11.774656550615216,4,VB,VBZ,2,2,0,say,210,8.156239614146482,1712.8103189707613
christmas,8.501623,-2.9823368,355,223,0.00028413977638327016,11.781111572752515,9,NN,NNP,2,3,0,christma,195,8.263154818062995,1611.315189522284
weird,-13.074146,1.2773802,356,222,0.00028286560698244834,11.787595606322714,5,JJ,JJ,3,6,0,weird,213,8.135775511586766,1732.9201839679813
bit,8.61941,-22.313757,357,222,0.00028286560698244834,11.787595606322714,3,NN,NN,3,7,0,bit,216,8.115597629649137,1752.9690880042137
crazy,-12.340291,3.4966807,358,221,0.00028159143758162646,11.794108913281388,5,JJ,JJ,3,5,0,crazi,201,8.219433440633678,1652.1061215673692
starts,22.485146,17.217548,359,218,0.00027776892937916094,11.813827147895894,6,VB,VBZ,2,2,0,start,214,8.12901814541146,1739.6098831180523
heard,-14.191558,-19.809649,360,218,0.00027776892937916094,11.813827147895894,5,VB,VBN,4,9,0,heard,213,8.135775511586766,1732.9201839679813
holly,11.6048765,24.911621,361,218,0.00027776892937916094,11.813827147895894,5,NN,NNP,3,3,0,holli,195,8.263154818062995,1611.315189522284
used,-22.303679,-13.749773,362,217,0.0002764947599783391,11.820460240228341,4,VB,VBD,2,3,0,use,213,8.135775511586766,1732.9201839679813
number,12.391369,-24.64681,363,217,0.0002764947599783391,11.820460240228341,6,NN,NN,1,2,0,number,191,8.293056303776856,1583.9737540213796
youre,-8.900048,15.003033,364,216,0.0002752205905775173,11.827123970509351,5,NN,NNP,10,15,0,your,199,8.233860511268956,1638.5382417425224
world,14.390393,-10.124822,365,216,0.0002752205905775173,11.827123970509351,5,NN,NN,4,5,0,world,203,8.20514921462743,1665.6452905693682
thats,-7.8689775,13.037108,366,215,0.0002739464211766954,11.83381862308336,5,NN,NNP,7,12,0,that,205,8.19100503230716,1679.156031622968
mind,-24.345629,-4.1574554,367,214,0.0002726722517758736,11.840544486271673,4,NN,NN,3,5,0,mind,210,8.156239614146482,1712.8103189707613
each,10.014119,-29.388103,368,214,0.0002726722517758736,11.840544486271673,4,DT,DT,1,1,1,each,202,8.21227364906081,1658.8792771102837
break,22.88076,8.442771,369,214,0.0002726722517758736,11.840544486271673,5,NN,NN,3,5,0,break,202,8.21227364906081,1658.8792771102837
stupid,-12.719266,0.25862178,370,213,0.00027139808237505177,11.847301852446982,6,JJ,JJ,3,5,0,stupid,199,8.233860511268956,1638.5382417425224
somebody,-24.227274,10.224264,371,213,0.00027139808237505177,11.847301852446982,8,NN,NN,3,6,0,somebodi,201,8.219433440633678,1652.1061215673692
game,15.793612,-3.0502424,372,212,0.00027012391297422995,11.85409101810962,4,NN,NN,1,2,0,game,186,8.331326320704575,1549.6266956510508
fire,-24.77702,-2.1540227,373,211,0.0002688497435734081,11.860912283965636,4,NN,NN,4,7,0,fire,199,8.233860511268956,1638.5382417425224
ready,-0.86922956,8.27045,374,211,0.0002688497435734081,11.860912283965636,5,JJ,JJ,3,5,0,readi,206,8.183984604629387,1685.9008285536538
course,23.344725,-14.575633,375,210,0.00026757557417258625,11.867765955006698,6,NN,NN,3,4,0,cours,203,8.20514921462743,1665.6452905693682
end,20.671978,-10.348331,376,210,0.00026757557417258625,11.867765955006698,3,NN,NN,2,3,0,end,198,8.241128511732995,1631.743445323133
myself,-22.157848,4.3555026,377,210,0.00026757557417258625,11.867765955006698,6,PR,PRP,3,4,1,myself,202,8.21227364906081,1658.8792771102837
points,17.166752,15.854345,378,209,0.00026630140477176443,11.874652340591938,6,NN,NNS,2,3,0,point,187,8.323590671924968,1556.511455649969
wants,-14.341178,-13.015681,379,209,0.00026630140477176443,11.874652340591938,5,VB,VBZ,2,3,0,want,201,8.219433440633678,1652.1061215673692
important,-6.384476,-4.608241,380,208,0.00026502723537094255,11.881571754531729,9,JJ,JJ,2,3,0,import,193,8.278028094544526,1597.6594222470935
later,2.6215758,14.781767,381,208,0.00026502723537094255,11.881571754531729,5,RB,RB,4,7,0,later,208,8.170045413671513,1699.3694460436748
welcome,1.8314437,7.993194,382,208,0.00026502723537094255,11.881571754531729,7,JJ,JJ,5,9,0,welcom,191,8.293056303776856,1583.9737540213796
happened,-16.028353,-7.4461007,383,206,0.0002624788965692989,11.895510945489601,8,VB,VBD,1,2,0,happen,201,8.219433440633678,1652.1061215673692
ha,15.817533,21.475863,384,205,0.00026120472716847703,11.902531373167374,2,NN,NN,3,5,0,ha,107,9.12901814541146,976.8049415590261
conference,23.549305,7.484059,385,204,0.0002599305577676552,11.909586130701324,10,NN,NN,1,2,0,confer,194,8.270572289625477,1604.4910241873426
gabe,10.175805,24.220783,386,203,0.0002586563883668334,11.916675555487643,4,NN,NNP,4,6,0,gabe,173,8.43585690417588,1459.4032444224272
singing,6.7201715,23.098715,387,203,0.0002586563883668334,11.916675555487643,7,VB,VBG,3,4,0,sing,198,8.241128511732995,1631.743445323133
once,-7.223558,-16.61392,388,202,0.0002573822189660115,11.923799989921026,4,RB,RB,4,4,1,onc,199,8.233860511268956,1638.5382417425224
deal,-3.6515434,-2.4642382,389,202,0.0002573822189660115,11.923799989921026,4,NN,NN,3,5,0,deal,191,8.293056303776856,1583.9737540213796
laughing,3.651583,24.69263,390,200,0.00025483388016436787,11.938155282898096,8,VB,VBG,3,4,0,laugh,195,8.263154818062995,1611.315189522284
though,-13.796361,3.3969796,391,199,0.000253559710763546,11.945386852129172,6,IN,IN,4,6,0,though,195,8.263154818062995,1611.315189522284
sighs,4.7991986,24.423006,392,199,0.000253559710763546,11.945386852129172,5,NN,NNS,2,4,0,sigh,197,8.248433312356228,1624.941362534177
taking,-0.091115355,4.6285396,393,199,0.000253559710763546,11.945386852129172,6,VB,VBG,2,2,0,take,196,8.255775287697398,1618.13195638869
seen,-13.711126,-20.273016,394,198,0.00025228554136272417,11.952654852593211,4,VB,VBN,3,3,0,seen,192,8.28552263109145,1590.8203451695583
lunch,7.4272995,1.5395036,395,198,0.00025228554136272417,11.952654852593211,5,NN,NN,3,6,0,lunch,179,8.38666935454835,1501.2138144641544
hmm,2.477375,23.461308,396,197,0.00025101137196190235,11.959959653216444,3,NN,NN,3,4,0,hmm,190,8.300629523481657,1577.1196094615148
under,24.068594,-4.1958995,397,196,0.00024973720256108047,11.967301628557612,5,IN,IN,2,2,1,under,190,8.300629523481657,1577.1196094615148
sometimes,-15.48232,-3.4881895,398,195,0.00024846303316025865,11.97468115892321,9,RB,RB,3,4,0,sometim,183,8.354785293528563,1528.925708715727
problem,-0.37189114,-11.625479,399,195,0.00024846303316025865,11.97468115892321,7,NN,NN,2,3,0,problem,192,8.28552263109145,1590.8203451695583
creed,11.902323,23.26988,400,194,0.0002471888637594368,11.982098630485693,5,NN,NNP,4,7,0,creed,173,8.43585690417588,1459.4032444224272
exactly,-6.1870933,10.2744465,401,194,0.0002471888637594368,11.982098630485693,7,RB,RB,2,2,0,exactli,193,8.278028094544526,1597.6594222470935
excuse,-27.29584,7.470863,402,190,0.00024209218615614945,12.012155864341873,6,IN,IN,3,5,0,excus,180,8.37863203548293,1508.1537663869274
mom,28.730621,-4.0827074,403,190,0.00024209218615614945,12.012155864341873,3,NN,NN,6,7,0,mom,179,8.38666935454835,1501.2138144641544
family,18.259758,-10.468734,404,190,0.00024209218615614945,12.012155864341873,6,NN,NN,2,3,0,famili,172,8.444220377110508,1452.4059048630074
minutes,13.611744,-28.437418,405,189,0.00024081801675532763,12.019769048451748,7,NN,NNS,1,2,0,minut,174,8.427541635963877,1466.3922446577146
schrute,18.185177,23.068367,406,189,0.00024081801675532763,12.019769048451748,7,NN,NNP,3,4,0,schrute,174,8.427541635963877,1466.3922446577146
eat,-30.110624,-2.3135931,407,188,0.00023954384735450578,12.027422620995182,3,VB,VB,4,7,0,eat,169,8.469605695530422,1431.3633625446414
move,-34.58047,5.344474,408,188,0.00023954384735450578,12.027422620995182,4,VB,VB,3,6,0,move,176,8.411053513175307,1480.3454183188542
saw,-16.046686,-14.688738,409,187,0.00023826967795368393,12.035117012785184,3,VB,VBD,3,6,0,saw,175,8.419274019980277,1473.3729534965485
bring,-34.337067,0.8762762,410,187,0.00023826967795368393,12.035117012785184,5,VB,VB,2,5,0,bring,181,8.3706392447294,1515.0857032960214
hit,-30.26643,0.46635166,411,186,0.0002369955085528621,12.042852661564789,3,VB,VB,4,8,0,hit,171,8.452632616926708,1445.400177494467
working,-1.4775687,6.692146,412,186,0.0002369955085528621,12.042852661564789,7,VB,VBG,3,4,0,work,183,8.354785293528563,1528.925708715727
four,13.20205,-27.58133,413,186,0.0002369955085528621,12.042852661564789,4,CD,CD,2,3,0,four,180,8.37863203548293,1508.1537663869274
high,18.99727,-14.023338,414,186,0.0002369955085528621,12.042852661564789,4,JJ,JJ,4,6,0,high,170,8.461094195674903,1438.3860132647335
true,-7.5297704,7.530294,415,185,0.00023572133915204026,12.050630012156509,4,JJ,JJ,2,3,0,true,175,8.419274019980277,1473.3729534965485
bye,-2.3965087,25.913761,416,184,0.0002344471697512184,12.058449516615807,3,NN,NN,3,4,0,bye,158,8.566704383635502,1353.5392926144093
kids,7.047489,-19.464506,417,184,0.0002344471697512184,12.058449516615807,4,NN,NNS,2,4,0,kid,166,8.49544570046568,1410.2439862773028
run,-32.91048,3.89736,418,183,0.0002331730003503966,12.066311634388777,3,VB,VB,2,5,0,run,171,8.452632616926708,1445.400177494467
sit,-36.44919,5.4888635,419,183,0.0002331730003503966,12.066311634388777,3,VB,VB,3,7,0,sit,175,8.419274019980277,1473.3729534965485
times,11.220425,-26.831081,420,182,0.00023189883094957474,12.074216832474123,5,NN,NNS,3,5,0,time,173,8.43585690417588,1459.4032444224272
comes,27.566084,12.55491,421,182,0.00023189883094957474,12.074216832474123,5,VB,VBZ,2,4,0,come,177,8.402879581729609,1487.3096859661407
awesome,-5.7732506,7.210084,422,182,0.00023189883094957474,12.074216832474123,7,JJ,JJ,4,5,0,awesom,170,8.461094195674903,1438.3860132647335
turns,24.991533,11.809403,423,181,0.00023062466154875292,12.082165585589614,5,VB,VBZ,2,4,0,turn,177,8.402879581729609,1487.3096859661407
supposed,-16.05375,8.34803,424,181,0.00023062466154875292,12.082165585589614,8,VB,VBN,2,4,0,suppos,176,8.411053513175307,1480.3454183188542
hate,-21.61472,-8.812549,425,180,0.00022935049214793107,12.090158376343146,4,VB,VBP,3,7,0,hate,150,8.641666441316724,1296.2499661975087
nope,-5.3733063,20.042393,426,180,0.00022935049214793107,12.090158376343146,4,NN,NN,3,4,0,nope,147,8.67081278697624,1274.6094796855073
food,9.150542,-7.9652014,427,180,0.00022935049214793107,12.090158376343146,4,NN,NN,1,2,0,food,169,8.469605695530422,1431.3633625446414
week,6.4269257,-27.071455,428,179,0.00022807632274710922,12.098195695408563,4,NN,NN,2,3,0,week,167,8.486780839338554,1417.2924001695385
kidding,-9.819201,10.356696,429,178,0.0002268021533462874,12.106278041706423,7,VB,VBG,2,3,0,kid,172,8.444220377110508,1452.4059048630074
ten,14.336482,-27.688293,430,177,0.00022552798394546555,12.114405922589823,3,JJ,JJ,6,11,0,ten,171,8.452632616926708,1445.400177494467
wo,-27.360355,-12.6806965,431,177,0.00022552798394546555,12.114405922589823,2,MD,MD,4,4,0,wo,160,8.548557036925244,1367.769125908039
few,16.763233,-26.877136,432,174,0.00022170547574300003,12.139067976824093,3,JJ,JJ,1,1,1,few,168,8.478167709033846,1424.3321751176861
different,4.46538,-17.133692,433,173,0.0002204313063421782,12.147383245036096,9,JJ,JJ,2,3,0,differ,168,8.478167709033846,1424.3321751176861
yet,-15.523693,-0.9823087,434,172,0.00021915713694135636,12.155746717970722,3,RB,RB,2,2,0,yet,169,8.469605695530422,1431.3633625446414
couple,16.724327,-26.844334,435,171,0.0002178829675405345,12.164158957786922,6,NN,NN,2,3,0,coupl,165,8.50416291756679,1403.1868813985202
knew,-18.694807,-8.80209,436,170,0.00021660879813971268,12.172620536535119,4,VB,VBD,2,4,0,knew,156,8.585082912950357,1339.2729344202558
turn,-33.38162,5.362726,437,169,0.00021533462873889083,12.181132036390636,4,VB,VB,2,4,0,turn,154,8.603698591117704,1324.9695830321264
warehouse,18.88955,-4.5878882,438,168,0.00021406045933806899,12.18969404989406,9,NN,NN,4,6,0,warehous,158,8.566704383635502,1353.5392926144093
yep,1.2953717,22.380226,439,168,0.00021406045933806899,12.18969404989406,3,NN,NN,3,4,0,yep,159,8.55760217652825,1360.6587460679918
em,-21.927898,7.1499357,440,167,0.00021278628993724716,12.198307180198768,2,PR,PRP,8,13,0,em,148,8.661031766183656,1281.8327013951812
robert,9.429162,24.295038,441,167,0.00021278628993724716,12.198307180198768,6,NN,NNP,1,2,0,robert,159,8.55760217652825,1360.6587460679918
wish,-19.864721,-7.3144736,442,167,0.00021278628993724716,12.198307180198768,4,VB,VBP,3,5,0,wish,159,8.55760217652825,1360.6587460679918
corporate,6.167317,-0.25633323,443,167,0.00021278628993724716,12.198307180198768,9,JJ,JJ,3,3,0,corpor,161,8.539568253697988,1374.870488845376
branch,14.502075,-16.609625,444,166,0.0002115121205364253,12.206972041325896,6,NN,NN,1,2,0,branch,158,8.566704383635502,1353.5392926144093
playing,3.2985425,9.201649,445,166,0.0002115121205364253,12.206972041325896,7,VB,VBG,2,3,0,play,160,8.548557036925244,1367.769125908039
until,9.3585825,5.208417,446,166,0.0002115121205364253,12.206972041325896,5,IN,IN,1,1,1,until,163,8.521756977581529,1389.046387345789
yourself,-21.946653,7.0175066,447,166,0.0002115121205364253,12.206972041325896,8,PR,PRP,3,3,1,yourself,157,8.575864382920978,1346.4107081185934
came,-13.390075,-15.644812,448,166,0.0002115121205364253,12.206972041325896,4,VB,VBD,1,1,0,came,158,8.566704383635502,1353.5392926144093
birthday,29.762205,-3.438387,449,166,0.0002115121205364253,12.206972041325896,8,NN,NN,2,3,0,birthday,140,8.741202114867638,1223.7682960814693
open,21.916761,9.4101515,450,164,0.00020896378173478164,12.224459468054736,4,VB,JJ,4,5,0,open,152,8.62255761836902,1310.628757992091
buy,-33.09762,-1.2914073,451,163,0.0002076896123339598,12.233283318441742,3,VB,VB,2,3,0,buy,154,8.603698591117704,1324.9695830321264
front,22.651745,-11.202215,452,163,0.0002076896123339598,12.233283318441742,5,NN,NN,4,5,0,front,156,8.585082912950357,1339.2729344202558
must,-24.732162,-16.163067,453,163,0.0002076896123339598,12.233283318441742,4,MD,MD,3,3,0,must,157,8.575864382920978,1346.4107081185934
leaves,18.469168,19.018806,454,162,0.00020641544293313797,12.242161469788195,6,VB,VBZ,2,2,0,leav,160,8.548557036925244,1367.769125908039
took,-17.024006,-16.58762,455,162,0.00020641544293313797,12.242161469788195,4,VB,VBD,3,5,0,took,157,8.575864382920978,1346.4107081185934
line,18.160122,-0.2710171,456,161,0.00020514127353231612,12.251094594558204,4,NN,NN,1,2,0,line,140,8.741202114867638,1223.7682960814693
walk,-33.45996,6.710972,457,161,0.00020514127353231612,12.251094594558204,4,VB,VB,3,6,0,walk,157,8.575864382920978,1346.4107081185934
hell,-4.9536233,11.386426,458,159,0.00020259293473067245,12.269128517388465,4,NN,NN,4,6,0,hell,156,8.585082912950357,1339.2729344202558
read,-30.473034,-1.6465076,459,159,0.00020259293473067245,12.269128517388465,4,VB,VB,3,6,0,read,149,8.651316611350444,1289.0461750912161
perfect,-7.068721,-0.31338844,460,159,0.00020259293473067245,12.269128517388465,7,JJ,JJ,3,5,0,perfect,153,8.613097289119954,1317.803885235353
school,18.238901,-14.00607,461,159,0.00020259293473067245,12.269128517388465,6,NN,NN,1,2,0,school,145,8.690576041797671,1260.1335260606622
house,24.805956,-1.1170529,462,159,0.00020259293473067245,12.269128517388465,5,NN,NN,1,2,0,hous,148,8.661031766183656,1281.8327013951812
movie,2.7284653,-8.175927,463,159,0.00020259293473067245,12.269128517388465,5,NN,NN,1,2,0,movi,149,8.651316611350444,1289.0461750912161
holds,25.847979,16.332006,464,158,0.0002013187653298506,12.278230724495717,5,VB,VBZ,2,2,0,hold,154,8.603698591117704,1324.9695830321264
such,-4.1688623,-4.4220448,465,158,0.0002013187653298506,12.278230724495717,4,JJ,JJ,3,3,1,such,156,8.585082912950357,1339.2729344202558
hope,-19.96867,-8.724513,466,157,0.00020004459592902878,12.287390723781193,4,VB,VBP,3,5,0,hope,153,8.613097289119954,1317.803885235353
women,9.237222,-18.50542,467,156,0.00019877042652820693,12.296609253810573,5,NN,NNS,1,2,0,women,139,8.751544059089099,1216.4646242133847
gay,-8.287217,4.303399,468,156,0.00019877042652820693,12.296609253810573,3,JJ,JJ,5,9,0,gay,133,8.815202696311417,1172.4219586094184
started,-12.126157,-14.372868,469,154,0.00019622208772656326,12.31522493197792,7,VB,VBD,3,4,0,start,152,8.62255761836902,1310.628757992091
picture,19.468933,-8.020583,470,153,0.0001949479183257414,12.324623629980168,7,NN,NN,2,3,0,pictur,140,8.741202114867638,1223.7682960814693
set,-30.397245,6.7021832,471,153,0.0001949479183257414,12.324623629980168,3,VB,VB,2,5,0,set,151,8.632080392487527,1303.4441392656165
close,-3.0104437,4.4226427,472,152,0.00019367374892491956,12.334083959229234,5,RB,RB,4,6,0,close,148,8.661031766183656,1281.8327013951812
without,8.803449,-0.6894391,473,152,0.00019367374892491956,12.334083959229234,7,IN,IN,1,1,0,without,148,8.661031766183656,1281.8327013951812
computer,23.157187,0.35221067,474,152,0.00019367374892491956,12.334083959229234,8,NN,NN,1,2,0,comput,136,8.783022290562267,1194.4910315164682
means,-14.518079,-7.73663,475,151,0.00019239957952409774,12.343606733347741,5,VB,VBZ,2,3,0,mean,142,8.720738012307924,1238.3447977477254
hour,8.20098,-13.040662,476,151,0.00019239957952409774,12.343606733347741,4,NN,NN,2,2,0,hour,138,8.761960675034437,1209.1505731547525
nobody,-20.617071,11.918763,477,150,0.00019112541012327589,12.35319278217694,6,NN,NN,1,2,0,nobodi,145,8.690576041797671,1260.1335260606622
sex,-3.9839234,-18.5394,478,150,0.00019112541012327589,12.35319278217694,3,NN,NN,5,7,0,sex,138,8.761960675034437,1209.1505731547525
damn,3.8702443,18.380009,479,150,0.00019112541012327589,12.35319278217694,4,NN,NN,5,7,0,damn,148,8.661031766183656,1281.8327013951812
wedding,18.707548,-11.602288,480,149,0.00018985124072245404,12.36284295221066,7,NN,NN,2,3,0,wed,132,8.826091012454151,1165.044013643948
card,15.482284,-1.4869982,481,148,0.00018857707132163221,12.37255810704387,4,NN,NN,4,5,0,card,134,8.804395941354834,1179.7890561415477
mmhmm,-6.137772,8.973262,482,148,0.00018857707132163221,12.37255810704387,5,NN,NN,1,3,0,mmhmm,145,8.690576041797671,1260.1335260606622
box,20.693232,1.4650712,483,147,0.00018730290192081037,12.382339127836456,3,NN,NN,4,5,0,box,137,8.772453048852078,1201.8260676927348
puts,23.86509,13.132626,484,147,0.00018730290192081037,12.382339127836456,4,VB,VBZ,2,4,0,put,145,8.690576041797671,1260.1335260606622
top,21.635927,-9.420441,485,147,0.00018730290192081037,12.382339127836456,3,NN,NN,3,4,0,top,139,8.751544059089099,1216.4646242133847
sound,-19.120079,-2.002265,486,146,0.00018602873251998854,12.392186913792802,5,NN,NN,5,10,0,sound,144,8.700560130370294,1252.8806587733222
side,21.774572,-9.1146145,487,145,0.0001847545631191667,12.402102382657885,4,NN,NN,3,4,0,side,129,8.859257876389352,1142.8442660542264
days,10.958201,-26.658304,488,145,0.0001847545631191667,12.402102382657885,4,NN,NNS,2,5,0,day,134,8.804395941354834,1179.7890561415477
ago,15.174603,-28.47129,489,145,0.0001847545631191667,12.402102382657885,3,RB,RB,3,3,0,ago,143,8.710613795034217,1245.617772689893
pick,-31.234367,7.337065,490,145,0.0001847545631191667,12.402102382657885,4,VB,VB,3,6,0,pick,134,8.804395941354834,1179.7890561415477
six,13.4692,-27.505629,491,145,0.0001847545631191667,12.402102382657885,3,CD,CD,2,3,0,six,137,8.772453048852078,1201.8260676927348
shut,26.556389,16.57037,492,145,0.0001847545631191667,12.402102382657885,4,NN,NNP,5,9,0,shut,128,8.870485131812606,1135.4220968720135
black,5.462199,-9.25739,493,144,0.00018348039371834484,12.412086471230507,5,JJ,JJ,2,3,0,black,134,8.804395941354834,1179.7890561415477
since,-11.016442,-20.849937,494,144,0.00018348039371834484,12.412086471230507,5,IN,IN,1,1,0,sinc,142,8.720738012307924,1238.3447977477254
whatever,-18.764296,0.41611513,495,144,0.00018348039371834484,12.412086471230507,8,WD,WDT,6,7,0,whatev,139,8.751544059089099,1216.4646242133847
date,8.679275,-6.1554565,496,143,0.00018220622431752302,12.42214013589443,4,NN,NN,1,2,0,date,134,8.804395941354834,1179.7890561415477
word,2.302902,-10.169425,497,142,0.00018093205491670117,12.432264353168138,4,NN,NN,1,2,0,word,134,8.804395941354834,1179.7890561415477
wife,27.935936,-3.6877997,498,142,0.00018093205491670117,12.432264353168138,4,NN,NN,1,2,0,wife,133,8.815202696311417,1172.4219586094184
serious,-10.677776,7.6684556,499,142,0.00018093205491670117,12.432264353168138,7,JJ,JJ,1,1,0,seriou,138,8.761960675034437,1209.1505731547525
joke,-13.158999,0.8869721,500,142,0.00018093205491670117,12.432264353168138,4,NN,NN,3,6,0,joke,130,8.848117318784151,1150.2552514419397
happen,-28.694942,-4.684443,501,142,0.00018093205491670117,12.432264353168138,6,VB,VB,3,5,0,happen,138,8.761960675034437,1209.1505731547525
halpert,18.633038,21.10601,502,142,0.00018093205491670117,12.432264353168138,7,NN,NNP,2,3,0,halpert,135,8.793669534761774,1187.1453871928395
table,19.481756,0.47386587,503,141,0.00017965788551587932,12.442460120274026,5,NN,NN,3,3,0,tabl,134,8.804395941354834,1179.7890561415477
roy,9.286319,21.54936,504,141,0.00017965788551587932,12.442460120274026,3,NN,NNP,1,2,0,roy,127,8.88180044504044,1127.988656520136
found,-16.498304,-17.03531,505,141,0.00017965788551587932,12.442460120274026,5,VB,VBD,3,7,0,found,138,8.761960675034437,1209.1505731547525
heart,27.404133,-6.422852,506,141,0.00017965788551587932,12.442460120274026,5,NN,NN,1,2,0,heart,124,8.91628882142573,1105.6198138567906
seriously,-3.5268893,19.598684,507,140,0.0001783837161150575,12.452728455727854,9,RB,RB,1,1,0,serious,138,8.761960675034437,1209.1505731547525
drive,-30.91359,0.6066126,508,140,0.0001783837161150575,12.452728455727854,5,VB,VB,4,6,0,drive,132,8.826091012454151,1165.044013643948
kid,5.9016705,-7.95477,509,140,0.0001783837161150575,12.452728455727854,3,NN,NN,3,7,0,kid,134,8.804395941354834,1179.7890561415477
ya,5.327725,29.214842,510,139,0.00017710954671423565,12.463070399949313,2,NN,NN,7,11,0,ya,130,8.848117318784151,1150.2552514419397
pay,-32.130043,-1.0318873,511,139,0.00017710954671423565,12.463070399949313,3,VB,VB,2,4,0,pay,136,8.783022290562267,1194.4910315164682
half,15.196165,-25.442413,512,139,0.00017710954671423565,12.463070399949313,4,NN,NN,4,5,0,half,126,8.89320520831269,1120.543856247399
definitely,-4.7578645,19.186747,513,138,0.00017583537731341383,12.473487015894651,10,RB,RB,2,2,0,definit,134,8.804395941354834,1179.7890561415477
team,12.397309,-11.102934,514,138,0.00017583537731341383,12.473487015894651,4,NN,NN,3,4,0,team,123,8.927970626473366,1098.140387056224
anybody,-23.438707,11.068443,515,138,0.00017583537731341383,12.473487015894651,7,NN,NN,3,4,0,anybodi,133,8.815202696311417,1172.4219586094184
chair,22.871128,1.6488118,516,138,0.00017583537731341383,12.473487015894651,5,NN,NN,2,3,0,chair,119,8.975667368504663,1068.1044168520548
gone,-10.036989,-19.487295,517,138,0.00017583537731341383,12.473487015894651,4,VB,VBN,2,3,0,gone,129,8.859257876389352,1142.8442660542264
bathroom,19.621191,3.0662932,518,138,0.00017583537731341383,12.473487015894651,8,NN,NN,2,3,0,bathroom,130,8.848117318784151,1150.2552514419397
coffee,19.817509,-2.800333,519,137,0.00017456120791259198,12.483979389712294,6,NN,NN,2,6,0,coffe,130,8.848117318784151,1150.2552514419397
dollars,12.923535,-26.138113,520,137,0.00017456120791259198,12.483979389712294,7,NN,NNS,1,1,0,dollar,118,8.987842082450765,1060.5653657291903
gave,-18.32408,-16.226116,521,137,0.00017456120791259198,12.483979389712294,4,VB,VBD,1,1,0,gave,134,8.804395941354834,1179.7890561415477
lost,-12.565289,-17.77576,522,136,0.00017328703851177013,12.49454863142248,4,VB,VBD,3,5,0,lost,131,8.837062130275156,1157.6551390660454
laugh,6.0228972,12.737642,523,136,0.00017328703851177013,12.49454863142248,5,IN,IN,6,8,0,laugh,131,8.837062130275156,1157.6551390660454
sign,-25.838093,4.1082225,524,136,0.00017328703851177013,12.49454863142248,4,NN,NN,3,6,0,sign,127,8.88180044504044,1127.988656520136
attention,-3.9881718,15.442334,525,135,0.0001720128691109483,12.50519587562199,9,NN,NN,1,2,0,attent,128,8.870485131812606,1135.4220968720135
throw,-34.006493,1.4087114,526,133,0.0001694645303093046,12.52672903717163,5,VB,VB,2,4,0,throw,125,8.904700847150519,1113.0876058938147
sort,23.052868,-17.007004,527,132,0.0001681903609084828,12.537617353314367,4,NN,NN,2,4,0,sort,130,8.848117318784151,1150.2552514419397
terrible,-5.9239078,-2.7156627,528,132,0.0001681903609084828,12.537617353314367,8,JJ,JJ,2,2,0,terribl,124,8.91628882142573,1105.6198138567906
anymore,-14.65516,-2.283891,529,132,0.0001681903609084828,12.537617353314367,7,RB,RB,4,5,0,anymor,130,8.848117318784151,1150.2552514419397
seems,-11.5002165,-7.8055143,530,131,0.00016691619150766094,12.54858847113537,5,VB,VBZ,3,5,0,seem,129,8.859257876389352,1142.8442660542264
live,-27.285023,-0.6130604,531,131,0.00016691619150766094,12.54858847113537,4,VB,VB,4,5,0,live,124,8.91628882142573,1105.6198138567906
wallace,14.464283,25.569664,532,131,0.00016691619150766094,12.54858847113537,7,NN,NNP,3,4,0,wallac,117,9.000120412229201,1053.0140882308165
sell,-32.76437,-1.3685882,533,131,0.00016691619150766094,12.54858847113537,4,VB,VB,2,3,0,sell,121,8.951621894538011,1083.1462492390992
gift,7.4440875,-6.886564,534,131,0.00016691619150766094,12.54858847113537,4,NN,NN,3,6,0,gift,118,8.987842082450765,1060.5653657291903
case,14.111267,-9.770443,535,131,0.00016691619150766094,12.54858847113537,4,NN,NN,1,2,0,case,123,8.927970626473366,1098.140387056224
easy,-9.923113,-2.8987062,536,131,0.00016691619150766094,12.54858847113537,4,JJ,JJ,3,4,0,easi,128,8.870485131812606,1135.4220968720135
dog,4.2748876,-6.3772926,537,130,0.00016564202210683912,12.559643659644365,3,NN,NN,2,6,0,dog,119,8.975667368504663,1068.1044168520548
needs,-14.609247,-12.645148,538,130,0.00016564202210683912,12.559643659644365,5,VB,VBZ,2,3,0,need,126,8.89320520831269,1120.543856247399
cut,-32.51046,4.550107,539,130,0.00016564202210683912,12.559643659644365,3,VB,VB,2,6,0,cut,121,8.951621894538011,1083.1462492390992
drink,-24.652334,3.411123,540,130,0.00016564202210683912,12.559643659644365,5,NN,NN,3,5,0,drink,125,8.904700847150519,1113.0876058938147
walking,23.930134,10.916171,541,129,0.00016436785270601727,12.570784217249566,7,VB,VBG,2,3,0,walk,127,8.88180044504044,1127.988656520136
behind,21.130615,13.125658,542,129,0.00016436785270601727,12.570784217249566,6,IN,IN,2,2,0,behind,123,8.927970626473366,1098.140387056224
york,15.830455,-14.523502,543,128,0.00016309368330519542,12.58201147267282,4,NN,NNP,1,1,0,york,113,9.050306169397418,1022.6845971419082
dead,-9.264694,6.552007,544,128,0.00016309368330519542,12.58201147267282,4,JJ,JJ,2,2,0,dead,116,9.012504136685033,1045.4504798554638
beautiful,-2.147081,-3.3356612,545,127,0.0001618195139043736,12.593326785900654,9,JJ,JJ,2,4,0,beauti,117,9.000120412229201,1053.0140882308165
mmm,2.1362407,22.34826,546,127,0.0001618195139043736,12.593326785900654,3,NN,NN,2,3,0,mmm,118,8.987842082450765,1060.5653657291903
asked,-18.907204,-15.283993,547,127,0.0001618195139043736,12.593326785900654,5,VB,VBD,1,3,0,ask,123,8.927970626473366,1098.140387056224
hangs,25.691607,17.051079,548,127,0.0001618195139043736,12.593326785900654,5,VB,VBZ,2,2,0,hang,125,8.904700847150519,1113.0876058938147
matter,-18.631418,-2.3494127,549,126,0.00016054534450355175,12.604731549172904,6,NN,NN,2,2,0,matter,122,8.939747794249719,1090.6492308984657
order,-3.4154525,-13.70945,550,126,0.00016054534450355175,12.604731549172904,5,NN,NN,2,3,0,order,122,8.939747794249719,1090.6492308984657
sitting,13.636124,6.0196114,551,126,0.00016054534450355175,12.604731549172904,7,VB,VBG,3,3,0,sit,125,8.904700847150519,1113.0876058938147
eyes,25.49749,-2.4158573,552,126,0.00016054534450355175,12.604731549172904,4,NN,NNS,2,5,0,eye,119,8.975667368504663,1068.1044168520548
calling,-8.559261,9.468779,553,126,0.00016054534450355175,12.604731549172904,7,VB,VBG,3,3,0,call,124,8.91628882142573,1105.6198138567906
months,14.235559,-28.139952,554,126,0.00016054534450355175,12.604731549172904,6,NN,NNS,1,2,0,month,123,8.927970626473366,1098.140387056224
miss,-25.142365,-4.561297,555,126,0.00016054534450355175,12.604731549172904,4,VB,VB,3,6,0,miss,120,8.963594536204088,1075.6313443444906
knows,-14.604141,-9.728696,556,126,0.00016054534450355175,12.604731549172904,5,VB,VBZ,3,4,0,know,124,8.91628882142573,1105.6198138567906
absolutely,-4.5848746,19.141508,557,125,0.0001592711751027299,12.616227188010733,10,RB,RB,2,2,0,absolut,125,8.904700847150519,1113.0876058938147
plan,3.2319503,-11.450733,558,125,0.0001592711751027299,12.616227188010733,4,NN,NN,2,4,0,plan,110,9.089125418287946,999.8037960116741
hours,13.885313,-27.135025,559,124,0.00015799700570190807,12.627815162285945,5,NN,NNS,1,2,0,hour,121,8.951621894538011,1083.1462492390992
throws,22.974943,14.657957,560,123,0.00015672283630108622,12.63949696733358,6,VB,VBZ,2,2,0,throw,117,9.000120412229201,1053.0140882308165
outside,17.58716,6.3939457,561,123,0.00015672283630108622,12.63949696733358,7,IN,IN,6,7,0,outsid,120,8.963594536204088,1075.6313443444906
amazing,-5.873613,6.961503,562,122,0.0001554486669002644,12.651274135109933,7,JJ,JJ,3,4,0,amaz,121,8.951621894538011,1083.1462492390992
sense,0.8978632,-19.468313,563,122,0.0001554486669002644,12.651274135109933,5,NN,NN,1,2,0,sens,121,8.951621894538011,1083.1462492390992
tomorrow,5.35037,7.8249545,564,122,0.0001554486669002644,12.651274135109933,8,NN,NN,1,2,0,tomorrow,119,8.975667368504663,1068.1044168520548
news,-4.393122,-6.6938243,565,122,0.0001554486669002644,12.651274135109933,4,NN,NN,1,3,0,news,111,9.0760692654625,1007.4436884663376
group,15.705892,1.2015096,566,122,0.0001554486669002644,12.651274135109933,5,NN,NN,1,2,0,group,117,9.000120412229201,1053.0140882308165
whispering,5.8607883,23.287575,567,122,0.0001554486669002644,12.651274135109933,10,VB,VBG,2,2,0,whisper,120,8.963594536204088,1075.6313443444906
story,0.49885795,-6.8927984,568,122,0.0001554486669002644,12.651274135109933,5,NN,NN,1,2,0,stori,114,9.037595117647864,1030.2858434118566
change,-30.903769,-0.6138005,569,122,0.0001554486669002644,12.651274135109933,6,VB,VB,2,4,0,chang,119,8.975667368504663,1068.1044168520548
mine,-5.9160056,-0.99523246,570,122,0.0001554486669002644,12.651274135109933,4,NN,NN,5,7,0,mine,120,8.963594536204088,1075.6313443444906
lets,-15.176548,16.79904,571,121,0.00015417449749944255,12.663148235398225,4,NN,NNP,5,10,0,let,112,9.063130209755002,1015.0705834925602
raise,-24.504309,5.2591863,572,121,0.00015417449749944255,12.663148235398225,5,NN,NN,2,4,0,rais,106,9.142564677249407,969.1118557884371
boy,-2.9642289,-1.316011,573,120,0.0001529003280986207,12.675120877064302,3,NN,NN,5,8,0,boy,117,9.000120412229201,1053.0140882308165
telling,-9.161662,9.922731,574,120,0.0001529003280986207,12.675120877064302,7,VB,VBG,2,2,0,tell,114,9.037595117647864,1030.2858434118566
excited,-5.7331824,2.7341573,575,120,0.0001529003280986207,12.675120877064302,7,JJ,JJ,2,3,0,excit,118,8.987842082450765,1060.5653657291903
list,19.947083,-7.0742464,576,120,0.0001529003280986207,12.675120877064302,4,NN,NN,3,5,0,list,104,9.170045413671513,953.6847230218374
parking,10.319468,-24.426712,577,119,0.00015162615869779888,12.687193709364877,7,NN,NN,3,3,0,park,117,9.000120412229201,1053.0140882308165
late,-5.4711776,1.4618703,578,119,0.00015162615869779888,12.687193709364877,4,JJ,JJ,2,2,0,late,116,9.012504136685033,1045.4504798554638
answer,-23.446808,2.4550505,579,119,0.00015162615869779888,12.687193709364877,6,VB,VB,4,6,0,answer,114,9.037595117647864,1030.2858434118566
girlfriend,27.831902,-4.8742948,580,119,0.00015162615869779888,12.687193709364877,10,NN,NN,3,5,0,girlfriend,116,9.012504136685033,1045.4504798554638
forget,-27.120333,-5.157745,581,118,0.00015035198929697703,12.699368423310979,6,VB,VB,2,4,0,forget,109,9.102300807035679,992.150787966889
leaving,1.1823554,6.609771,582,118,0.00015035198929697703,12.699368423310979,7,VB,VBG,1,1,0,leav,114,9.037595117647864,1030.2858434118566
least,3.3870134,1.3889071,583,118,0.00015035198929697703,12.699368423310979,5,JJ,JJS,3,3,0,least,116,9.012504136685033,1045.4504798554638
runs,24.37129,11.973237,584,118,0.00015035198929697703,12.699368423310979,4,VB,VBZ,2,5,0,run,116,9.012504136685033,1045.4504798554638
sir,-1.2182609,20.004662,585,118,0.00015035198929697703,12.699368423310979,3,NN,NN,4,7,0,sir,113,9.050306169397418,1022.6845971419082
between,7.9740233,-1.1826586,586,117,0.00014907781989615518,12.711646753089417,7,IN,IN,1,1,1,between,115,9.02499508086823,1037.8744342998464
cell,22.828566,21.376225,587,117,0.00014907781989615518,12.711646753089417,4,NN,NN,2,4,0,cell,116,9.012504136685033,1045.4504798554638
inside,17.295355,6.480195,588,116,0.00014780365049533336,12.724030477545249,6,IN,IN,5,6,0,insid,112,9.063130209755002,1015.0705834925602
clients,24.768286,-9.970978,589,116,0.00014780365049533336,12.724030477545249,7,NN,NNS,2,3,0,client,113,9.050306169397418,1022.6845971419082
shakes,21.23338,18.332933,590,116,0.00014780365049533336,12.724030477545249,6,VB,VBZ,2,5,0,shake,109,9.102300807035679,992.150787966889
special,-2.817261,-5.7674947,591,116,0.00014780365049533336,12.724030477545249,7,JJ,JJ,2,3,0,special,110,9.089125418287946,999.8037960116741
reason,2.1889708,-16.84393,592,116,0.00014780365049533336,12.724030477545249,6,NN,NN,1,1,0,reason,109,9.102300807035679,992.150787966889
karen,9.164325,22.643583,593,115,0.0001465294810945115,12.736521421728446,5,NN,NNP,1,2,0,karen,108,9.115597629649137,984.4845440021069
watching,1.6721017,5.3358803,594,115,0.0001465294810945115,12.736521421728446,8,VB,VBG,2,3,0,watch,112,9.063130209755002,1015.0705834925602
ahead,-15.235557,16.879599,595,115,0.0001465294810945115,12.736521421728446,5,RB,RB,2,2,0,ahead,111,9.0760692654625,1007.4436884663376
hair,25.700254,-1.6038679,596,115,0.0001465294810945115,12.736521421728446,4,NN,NN,1,2,0,hair,109,9.102300807035679,992.150787966889
far,0.015907623,-0.10690173,597,115,0.0001465294810945115,12.736521421728446,3,RB,RB,2,2,0,far,111,9.0760692654625,1007.4436884663376
ooh,5.3950367,20.973661,598,115,0.0001465294810945115,12.736521421728446,3,NN,NNP,3,4,0,ooh,110,9.089125418287946,999.8037960116741
water,19.215038,-3.1836026,599,114,0.0001452553116936897,12.749121458508078,5,NN,NN,1,2,0,water,105,9.156239614146482,961.4051594853806
rings,22.651878,21.407726,600,114,0.0001452553116936897,12.749121458508078,5,NN,NNS,2,3,0,ring,113,9.050306169397418,1022.6845971419082
men,10.100323,-18.733818,601,114,0.0001452553116936897,12.749121458508078,3,NN,NNS,1,3,0,men,107,9.12901814541146,976.8049415590261
building,18.044077,-4.9177127,602,113,0.00014398114229286784,12.761832510257632,8,NN,NN,2,3,0,build,111,9.0760692654625,1007.4436884663376
salesman,10.504174,-11.67033,603,113,0.00014398114229286784,12.761832510257632,8,NN,NN,3,5,0,salesman,103,9.183984604629387,945.9504142768269
ball,19.183475,5.39983,604,112,0.000142706972892046,12.774656550615216,4,NN,NN,5,7,0,ball,101,9.21227364906081,930.4396385551419
obviously,-8.077522,2.9512045,605,112,0.000142706972892046,12.774656550615216,9,RB,RB,2,2,0,obvious,109,9.102300807035679,992.150787966889
nellie,8.8651,22.932945,606,112,0.000142706972892046,12.774656550615216,6,NN,NNP,3,4,0,nelli,107,9.12901814541146,976.8049415590261
cant,-25.353851,-12.861625,607,112,0.000142706972892046,12.774656550615216,4,VB,VBP,4,7,0,cant,107,9.12901814541146,976.8049415590261
either,-17.509129,-0.11687509,608,112,0.000142706972892046,12.774656550615216,6,CC,CC,5,7,0,either,110,9.089125418287946,999.8037960116741
almost,-11.100364,1.3886111,609,112,0.000142706972892046,12.774656550615216,6,RB,RB,2,2,0,almost,107,9.12901814541146,976.8049415590261
win,-27.244362,-2.7849858,610,111,0.00014143280349122417,12.787595606322714,3,VB,VB,4,6,0,win,99,9.241128511732995,914.8717226615665
small,8.749611,-9.01255,611,111,0.00014143280349122417,12.787595606322714,5,JJ,JJ,3,4,0,small,110,9.089125418287946,999.8037960116741
wearing,-8.429487,5.9330187,612,111,0.00014143280349122417,12.787595606322714,7,VB,VBG,2,2,0,wear,107,9.12901814541146,976.8049415590261
kinda,-13.666065,3.357512,613,111,0.00014143280349122417,12.787595606322714,5,VB,JJ,4,10,0,kinda,107,9.12901814541146,976.8049415590261
video,17.001312,1.1061629,614,110,0.00014015863409040232,12.800651759148161,5,NN,NN,4,7,0,video,103,9.183984604629387,945.9504142768269
throat,15.616377,20.219835,615,110,0.00014015863409040232,12.800651759148161,6,NN,NN,5,5,0,throat,100,9.22662894203788,922.662894203788
free,6.7688212,-11.673174,616,110,0.00014015863409040232,12.800651759148161,4,JJ,JJ,4,4,0,free,105,9.156239614146482,961.4051594853806
hes,-8.606095,13.998854,617,109,0.00013888446468958047,12.813827147895894,3,NN,NNP,6,13,0,he,96,9.28552263109145,891.4101725847792
gives,20.841011,19.589758,618,109,0.00013888446468958047,12.813827147895894,5,VB,VBZ,2,3,0,give,109,9.102300807035679,992.150787966889
worry,-27.548784,-8.079129,619,109,0.00013888446468958047,12.813827147895894,5,VB,VB,2,3,0,worri,106,9.142564677249407,969.1118557884371
cake,7.4694324,-5.020258,620,109,0.00013888446468958047,12.813827147895894,4,NN,NN,2,3,0,cake,97,9.270572289625477,899.2455120936713
nods,17.966185,20.121838,621,108,0.00013761029528875865,12.827123970509351,4,NN,NNS,2,3,0,nod,102,9.19805978984111,938.2020985637932
minute,13.29975,2.8608613,622,108,0.00013761029528875865,12.827123970509351,6,NN,NN,2,2,0,minut,95,9.300629523481657,883.5598047307574
personal,10.222778,-13.812471,623,108,0.00013761029528875865,12.827123970509351,8,JJ,JJ,1,1,0,person,106,9.142564677249407,969.1118557884371
reading,15.675939,14.08327,624,107,0.0001363361258879368,12.840544486271673,7,VB,VBG,2,3,0,read,104,9.170045413671513,953.6847230218374
whispers,5.546095,23.880232,625,107,0.0001363361258879368,12.840544486271673,8,NN,NNS,2,3,0,whisper,107,9.12901814541146,976.8049415590261
sees,19.537277,18.723358,626,107,0.0001363361258879368,12.840544486271673,4,VB,VBZ,2,3,0,see,104,9.170045413671513,953.6847230218374
rest,21.44347,-10.310339,627,107,0.0001363361258879368,12.840544486271673,4,NN,NN,3,4,0,rest,104,9.170045413671513,953.6847230218374
stand,-31.821135,6.344363,628,107,0.0001363361258879368,12.840544486271673,5,VB,VB,3,5,0,stand,96,9.28552263109145,891.4101725847792
works,-13.595224,-9.011513,629,107,0.0001363361258879368,12.840544486271673,5,VB,VBZ,2,4,0,work,105,9.156239614146482,961.4051594853806
idiot,9.816886,0.8572506,630,107,0.0001363361258879368,12.840544486271673,5,NN,NN,5,7,0,idiot,95,9.300629523481657,883.5598047307574
luck,-0.6201324,15.020479,631,106,0.00013506195648711498,12.85409101810962,4,NN,NN,3,7,0,luck,100,9.22662894203788,922.662894203788
chuckles,3.6185198,23.724289,632,106,0.00013506195648711498,12.85409101810962,8,NN,NNS,2,3,0,chuckl,106,9.142564677249407,969.1118557884371
fact,-6.4444404,-7.4217124,633,106,0.00013506195648711498,12.85409101810962,4,NN,NN,1,2,0,fact,103,9.183984604629387,945.9504142768269
anyway,-11.280377,0.09935635,634,106,0.00013506195648711498,12.85409101810962,6,RB,RB,3,4,0,anyway,106,9.142564677249407,969.1118557884371
pulls,24.47938,11.28265,635,106,0.00013506195648711498,12.85409101810962,5,VB,VBZ,2,3,0,pull,104,9.170045413671513,953.6847230218374
month,8.082685,-26.25558,636,105,0.00013378778708629313,12.867765955006698,5,NN,NN,1,2,0,month,95,9.300629523481657,883.5598047307574
ladies,14.894423,14.668282,637,104,0.00013251361768547128,12.881571754531729,6,NN,NNS,3,4,0,ladi,100,9.22662894203788,922.662894203788
write,-33.121937,1.2148261,638,104,0.00013251361768547128,12.881571754531729,5,VB,VB,3,5,0,write,99,9.241128511732995,914.8717226615665
fired,-10.282133,5.9848537,639,104,0.00013251361768547128,12.881571754531729,5,VB,VBN,2,3,0,fire,100,9.22662894203788,922.662894203788
assistant,28.187687,-15.529076,640,104,0.00013251361768547128,12.881571754531729,9,NN,NN,3,4,0,assist,95,9.300629523481657,883.5598047307574
holding,20.750021,14.152729,641,104,0.00013251361768547128,12.881571754531729,7,VB,VBG,2,2,0,hold,104,9.170045413671513,953.6847230218374
book,10.392936,-3.4677968,642,104,0.00013251361768547128,12.881571754531729,4,NN,NN,1,2,0,book,92,9.346923175755592,859.9169321695144
seat,13.740438,-1.2601012,643,104,0.00013251361768547128,12.881571754531729,4,NN,NN,2,3,0,seat,104,9.170045413671513,953.6847230218374
die,-22.701155,-2.8375132,644,103,0.00013123944828464945,12.895510945489601,3,VB,VB,4,7,0,die,93,9.331326320704575,867.8133478255254
ugh,1.7227929,19.964,645,103,0.00013123944828464945,12.895510945489601,3,NN,NN,3,4,0,ugh,103,9.183984604629387,945.9504142768269
sick,-1.3874164,3.5071588,646,103,0.00013123944828464945,12.895510945489601,4,JJ,JJ,4,6,0,sick,94,9.315896280134968,875.694250332687
dating,-10.541898,4.5508356,647,103,0.00013123944828464945,12.895510945489601,6,VB,VBG,3,4,0,date,100,9.22662894203788,922.662894203788
full,21.675434,-14.649028,648,103,0.00013123944828464945,12.895510945489601,4,JJ,JJ,2,3,0,full,99,9.241128511732995,914.8717226615665
mouth,25.640062,-0.58342427,649,103,0.00013123944828464945,12.895510945489601,5,NN,NN,5,5,0,mouth,100,9.22662894203788,922.662894203788
kiss,7.0143023,12.794805,650,102,0.0001299652788838276,12.909586130701324,4,VB,VB,3,6,0,kiss,97,9.270572289625477,899.2455120936713
bet,-20.043491,-8.084808,651,101,0.00012869110948300576,12.923799989921026,3,VB,VBP,4,7,0,bet,98,9.255775287697398,907.065978194345
send,-33.207855,0.6408726,652,101,0.00012869110948300576,12.923799989921026,4,VB,VB,3,5,0,send,96,9.28552263109145,891.4101725847792
married,-10.363274,5.744399,653,101,0.00012869110948300576,12.923799989921026,7,VB,VBN,2,3,0,marri,97,9.270572289625477,899.2455120936713
bob,8.944903,20.534588,654,101,0.00012869110948300576,12.923799989921026,3,NN,NNP,3,4,0,bob,94,9.315896280134968,875.694250332687
hundred,13.235149,-26.476675,655,100,0.00012741694008218393,12.938155282898096,7,CD,CD,4,5,0,hundr,94,9.315896280134968,875.694250332687
body,22.147345,-4.9383216,656,100,0.00012741694008218393,12.938155282898096,4,NN,NN,1,1,0,bodi,92,9.346923175755592,859.9169321695144
met,-15.379309,-18.14206,657,100,0.00012741694008218393,12.938155282898096,3,VB,VBD,2,5,0,met,99,9.241128511732995,914.8717226615665
red,16.690594,-8.084018,658,99,0.00012614277068136208,12.952654852593211,3,JJ,JJ,3,5,0,red,89,9.394751700846207,836.1329013753125
surprise,-3.648677,-1.7899755,659,99,0.00012614277068136208,12.952654852593211,8,NN,NN,3,5,0,surpris,94,9.315896280134968,875.694250332687
pizza,6.34158,-14.57232,660,99,0.00012614277068136208,12.952654852593211,5,NN,NN,3,5,0,pizza,76,9.62255761836902,731.3143789960455
favorite,28.135775,-7.251984,661,98,0.00012486860128054023,12.967301628557612,8,JJ,JJ,3,4,0,favorit,93,9.331326320704575,867.8133478255254
song,3.4801853,-9.277902,662,98,0.00012486860128054023,12.967301628557612,4,NN,NN,3,5,0,song,92,9.346923175755592,859.9169321695144
kill,-31.121536,1.3104165,663,97,0.0001235944318797184,12.982098630485693,4,VB,VB,2,4,0,kill,83,9.49544570046568,788.1219931386514
learn,-26.812567,-1.5336866,664,97,0.0001235944318797184,12.982098630485693,5,VB,VB,3,7,0,learn,90,9.37863203548293,844.0768831934637
cute,-5.5434537,4.7459717,665,97,0.0001235944318797184,12.982098630485693,4,JJ,JJ,3,5,0,cute,92,9.346923175755592,859.9169321695144
floor,18.64744,1.0953792,666,97,0.0001235944318797184,12.982098630485693,5,NN,NN,1,2,0,floor,96,9.28552263109145,891.4101725847792
seem,-21.402712,-3.7660182,667,96,0.00012232026247889656,12.997048971951664,4,VB,VB,1,2,0,seem,94,9.315896280134968,875.694250332687
client,10.784338,-9.953531,668,96,0.00012232026247889656,12.997048971951664,6,NN,NN,1,1,0,client,86,9.444220377110508,812.2029524315037
dinner,7.4542694,1.589994,669,96,0.00012232026247889656,12.997048971951664,6,NN,NN,2,5,0,dinner,95,9.300629523481657,883.5598047307574
music,12.654233,0.51152205,670,96,0.00012232026247889656,12.997048971951664,5,NN,NN,2,3,0,music,92,9.346923175755592,859.9169321695144
dad,26.054117,-4.7598515,671,96,0.00012232026247889656,12.997048971951664,3,NN,NN,4,7,0,dad,85,9.461094195674903,804.1930066323667
regional,28.207958,-15.53927,672,96,0.00012232026247889656,12.997048971951664,8,JJ,JJ,2,2,0,region,92,9.346923175755592,859.9169321695144
shot,18.393402,-6.690335,673,95,0.00012104609307807473,13.012155864341873,4,NN,NN,3,7,0,shot,93,9.331326320704575,867.8133478255254
machine,17.705574,0.75354725,674,95,0.00012104609307807473,13.012155864341873,7,NN,NN,1,2,0,machin,92,9.346923175755592,859.9169321695144
interesting,-6.605839,-4.0262594,675,95,0.00012104609307807473,13.012155864341873,11,JJ,JJ,3,4,0,interest,94,9.315896280134968,875.694250332687
brought,-16.058416,-16.137508,676,95,0.00012104609307807473,13.012155864341873,7,VB,VBD,2,4,0,brought,91,9.36269049161391,852.0048347368657
against,8.97154,-1.0320792,677,95,0.00012104609307807473,13.012155864341873,7,IN,IN,2,2,1,against,92,9.346923175755592,859.9169321695144
seven,13.674398,-25.71371,678,94,0.00011977192367725289,13.027422620995182,5,CD,CD,4,5,0,seven,88,9.411053513175307,828.1727091594271
secret,4.3186145,-8.9306345,679,94,0.00011977192367725289,13.027422620995182,6,JJ,JJ,2,3,0,secret,87,9.427541635963877,820.1961223288573
relationship,17.497055,-11.616986,680,94,0.00011977192367725289,13.027422620995182,12,NN,NN,1,1,0,relationship,88,9.411053513175307,828.1727091594271
lady,24.027037,-4.9732256,681,94,0.00011977192367725289,13.027422620995182,4,NN,NN,3,4,0,ladi,91,9.36269049161391,852.0048347368657
weekend,4.0099525,-13.339676,682,93,0.00011849775427643106,13.042852661564789,7,NN,NN,2,3,0,weekend,87,9.427541635963877,820.1961223288573
alone,5.0504003,6.772914,683,93,0.00011849775427643106,13.042852661564789,5,RB,RB,5,7,0,alon,92,9.346923175755592,859.9169321695144
fair,-10.113012,-2.978095,684,93,0.00011849775427643106,13.042852661564789,4,JJ,JJ,3,6,0,fair,87,9.427541635963877,820.1961223288573
weeks,14.224343,-27.209557,685,93,0.00011849775427643106,13.042852661564789,5,NN,NNS,1,2,0,week,88,9.411053513175307,828.1727091594271
bernard,17.511213,22.661184,686,93,0.00011849775427643106,13.042852661564789,7,NN,NNP,1,1,0,bernard,91,9.36269049161391,852.0048347368657
girls,9.291515,-20.031609,687,93,0.00011849775427643106,13.042852661564789,5,NN,NNS,2,6,0,girl,85,9.461094195674903,804.1930066323667
soon,0.2950741,0.3309279,688,93,0.00011849775427643106,13.042852661564789,4,RB,RB,2,2,0,soon,91,9.36269049161391,852.0048347368657
asking,-8.987046,9.480893,689,92,0.0001172235848756092,13.058449516615807,6,VB,VBG,2,3,0,ask,91,9.36269049161391,852.0048347368657
smart,-6.7918363,2.8461561,690,92,0.0001172235848756092,13.058449516615807,5,JJ,JJ,3,5,0,smart,81,9.530635128927981,771.9814454431665
opens,21.73803,16.3352,691,92,0.0001172235848756092,13.058449516615807,5,VB,VBZ,2,3,0,open,92,9.346923175755592,859.9169321695144
umm,1.7379332,20.410997,692,92,0.0001172235848756092,13.058449516615807,3,NN,NN,3,4,0,umm,90,9.37863203548293,844.0768831934637
tuna,2.719875,17.772982,693,91,0.00011594941547478737,13.074216832474123,4,NN,NNP,3,5,0,tuna,75,9.641666441316724,723.1249830987543
worst,20.205652,-20.63034,694,91,0.00011594941547478737,13.074216832474123,5,JJ,JJS,3,4,0,worst,85,9.461094195674903,804.1930066323667
ow,14.495134,20.900059,695,91,0.00011594941547478737,13.074216832474123,2,NN,NN,2,3,0,ow,69,9.761960675034437,673.5752865773762
mike,1.4430786,18.42511,696,91,0.00011594941547478737,13.074216832474123,4,NN,NNP,3,5,0,mike,89,9.394751700846207,836.1329013753125
thinks,-14.587246,-11.179337,697,91,0.00011594941547478737,13.074216832474123,6,VB,VBZ,2,2,0,think,87,9.427541635963877,820.1961223288573
crying,6.508091,21.339584,698,90,0.00011467524607396553,13.090158376343146,6,VB,VBG,2,3,0,cri,88,9.411053513175307,828.1727091594271
sabre,14.325751,-14.83615,699,90,0.00011467524607396553,13.090158376343146,5,NN,NNP,1,2,0,sabr,77,9.603698591117704,739.4847915160632
chance,6.405861,-12.469257,700,90,0.00011467524607396553,13.090158376343146,6,NN,NN,1,1,0,chanc,87,9.427541635963877,820.1961223288573
shh,4.108009,22.47863,701,90,0.00011467524607396553,13.090158376343146,3,NN,NN,3,4,0,shh,74,9.661031766183656,714.9163506975906
sweet,-5.304198,4.6880546,702,90,0.00011467524607396553,13.090158376343146,5,JJ,JJ,3,6,0,sweet,87,9.427541635963877,820.1961223288573
deangelo,12.029656,22.761278,703,90,0.00011467524607396553,13.090158376343146,8,NN,NNP,2,2,0,deangelo,79,9.566704383635502,755.7696463072047
decided,-20.952597,-13.891223,704,90,0.00011467524607396553,13.090158376343146,7,VB,VBD,1,2,0,decid,86,9.444220377110508,812.2029524315037
lose,-30.337069,-0.877837,705,89,0.0001134010766731437,13.106278041706423,4,VB,VB,2,3,0,lose,86,9.444220377110508,812.2029524315037
along,6.7982597,5.787193,706,89,0.0001134010766731437,13.106278041706423,5,IN,IN,3,3,0,along,86,9.444220377110508,812.2029524315037
ice,13.087662,-18.927814,707,89,0.0001134010766731437,13.106278041706423,3,NN,NN,2,3,0,ice,76,9.62255761836902,731.3143789960455
eating,2.9290776,3.7615623,708,89,0.0001134010766731437,13.106278041706423,6,VB,VBG,2,2,0,eat,88,9.411053513175307,828.1727091594271
cold,-9.463971,0.07534892,709,89,0.0001134010766731437,13.106278041706423,4,JJ,JJ,3,6,0,cold,80,9.548557036925244,763.8845629540195
white,11.210422,-12.570941,710,89,0.0001134010766731437,13.106278041706423,5,JJ,JJ,2,2,0,white,81,9.530635128927981,771.9814454431665
giving,1.0335394,3.5431585,711,88,0.00011212690727232185,13.122579854035523,6,VB,VBG,1,1,0,give,84,9.478167709033846,796.1660875588431
dude,2.146422,19.644346,712,88,0.00011212690727232185,13.122579854035523,4,NN,NN,3,5,0,dude,87,9.427541635963877,820.1961223288573
spend,5.13671,-18.811928,713,88,0.00011212690727232185,13.122579854035523,5,VB,VB,3,4,0,spend,88,9.411053513175307,828.1727091594271
jo,8.590221,20.184948,714,88,0.00011212690727232185,13.122579854035523,2,NN,NNP,3,4,0,jo,83,9.49544570046568,788.1219931386514
store,15.633231,-9.018087,715,88,0.00011212690727232185,13.122579854035523,5,NN,NN,3,4,0,store,85,9.461094195674903,804.1930066323667
trip,9.425409,-4.49093,716,87,0.00011085273787150001,13.139067976824093,4,NN,NN,1,2,0,trip,85,9.461094195674903,804.1930066323667
cat,4.638476,-7.5452676,717,87,0.00011085273787150001,13.139067976824093,3,NN,NN,3,4,0,cat,78,9.585082912950357,747.6364672101279
mother,28.070526,-5.778794,718,87,0.00011085273787150001,13.139067976824093,6,NN,NN,2,3,0,mother,81,9.530635128927981,771.9814454431665
hurt,-22.956627,-2.2088718,719,87,0.00011085273787150001,13.139067976824093,4,VB,VB,3,9,0,hurt,79,9.566704383635502,755.7696463072047
mose,8.356395,18.312197,720,87,0.00011085273787150001,13.139067976824093,4,NN,NNP,3,4,0,mose,70,9.741202114867638,681.8841480407347
bunch,21.943657,-16.613771,721,87,0.00011085273787150001,13.139067976824093,5,NN,NN,1,1,0,bunch,84,9.478167709033846,796.1660875588431
email,11.472204,-7.246111,722,87,0.00011085273787150001,13.139067976824093,5,NN,NN,3,6,0,email,83,9.49544570046568,788.1219931386514
figure,-34.288975,2.8768938,723,86,0.00010957856847067818,13.155746717970722,6,VB,VB,2,3,0,figur,84,9.478167709033846,796.1660875588431
feeling,-6.081488,1.6949681,724,86,0.00010957856847067818,13.155746717970722,7,NN,NN,4,5,0,feel,84,9.478167709033846,796.1660875588431
blah,13.86449,18.794268,725,86,0.00010957856847067818,13.155746717970722,4,NN,NN,5,7,0,blah,25,11.22662894203788,280.665723550947
ideas,5.8009667,-15.962474,726,86,0.00010957856847067818,13.155746717970722,5,NN,NNS,1,1,0,idea,79,9.566704383635502,755.7696463072047
goodbye,3.456112,19.47221,727,86,0.00010957856847067818,13.155746717970722,7,NN,NN,4,7,0,goodby,78,9.585082912950357,747.6364672101279
questions,2.044959,-18.623827,728,86,0.00010957856847067818,13.155746717970722,9,NN,NNS,1,1,0,question,84,9.478167709033846,796.1660875588431
air,17.347069,-3.9037697,729,86,0.00010957856847067818,13.155746717970722,3,NN,NN,2,4,0,air,80,9.548557036925244,763.8845629540195
moment,10.00183,-8.13576,730,86,0.00010957856847067818,13.155746717970722,6,NN,NN,1,1,0,moment,86,9.444220377110508,812.2029524315037
piece,19.772797,-8.740305,731,86,0.00010957856847067818,13.155746717970722,5,NN,NN,2,3,0,piec,80,9.548557036925244,763.8845629540195
glad,-11.2643585,8.672254,732,86,0.00010957856847067818,13.155746717970722,4,JJ,JJ,4,7,0,glad,85,9.461094195674903,804.1930066323667
suck,6.2918167,10.830227,733,85,0.00010830439906985634,13.172620536535119,4,VB,VBP,3,7,0,suck,74,9.661031766183656,714.9163506975906
mm,2.928789,21.9396,734,85,0.00010830439906985634,13.172620536535119,2,NN,NN,2,3,0,mm,77,9.603698591117704,739.4847915160632
early,6.395319,3.8029673,735,85,0.00010830439906985634,13.172620536535119,5,JJ,JJ,2,2,0,earli,82,9.512933127194522,780.0605164299508
clear,-9.249555,-2.375428,736,85,0.00010830439906985634,13.172620536535119,5,JJ,JJ,2,2,0,clear,83,9.49544570046568,788.1219931386514
ill,-19.047472,7.4203844,737,85,0.00010830439906985634,13.172620536535119,3,NN,NNP,4,6,0,ill,83,9.49544570046568,788.1219931386514
fast,-10.92906,-1.1737099,738,85,0.00010830439906985634,13.172620536535119,4,RB,RB,4,8,0,fast,81,9.530635128927981,771.9814454431665
bed,16.669634,-4.9729595,739,85,0.00010830439906985634,13.172620536535119,3,NN,NN,3,4,0,bed,78,9.585082912950357,747.6364672101279
single,13.035791,-13.795807,740,85,0.00010830439906985634,13.172620536535119,6,JJ,JJ,2,3,0,singl,83,9.49544570046568,788.1219931386514
quick,1.9742494,-0.9513145,741,85,0.00010830439906985634,13.172620536535119,5,JJ,JJ,4,5,0,quick,82,9.512933127194522,780.0605164299508
bag,21.628777,0.71502817,742,84,0.00010703022966903449,13.18969404989406,3,NN,NN,2,2,0,bag,77,9.603698591117704,739.4847915160632
words,10.466626,-17.25964,743,84,0.00010703022966903449,13.18969404989406,5,NN,NNS,1,1,0,word,82,9.512933127194522,780.0605164299508
son,24.011826,-6.2776327,744,84,0.00010703022966903449,13.18969404989406,3,NN,NN,3,4,0,son,81,9.530635128927981,771.9814454431665
enters,18.815731,17.57163,745,84,0.00010703022966903449,13.18969404989406,6,NN,NNS,2,2,0,enter,84,9.478167709033846,796.1660875588431
save,-29.662271,-0.18594503,746,84,0.00010703022966903449,13.18969404989406,4,VB,VB,3,5,0,save,81,9.530635128927981,771.9814454431665
running,13.169773,5.4598303,747,84,0.00010703022966903449,13.18969404989406,7,VB,VBG,3,3,0,run,81,9.530635128927981,771.9814454431665
message,10.2540245,10.726712,748,84,0.00010703022966903449,13.18969404989406,7,NN,NN,1,2,0,messag,79,9.566704383635502,755.7696463072047
middle,21.673244,-11.197426,749,84,0.00010703022966903449,13.18969404989406,6,NN,NN,4,4,0,middl,83,9.49544570046568,788.1219931386514
less,0.5260714,-18.790174,750,84,0.00010703022966903449,13.18969404989406,4,JJ,JJR,4,5,0,less,82,9.512933127194522,780.0605164299508
wall,19.093092,0.8825495,751,83,0.00010575606026821266,13.206972041325896,4,NN,NN,3,4,0,wall,76,9.62255761836902,731.3143789960455
eight,13.759927,-24.511257,752,83,0.00010575606026821266,13.206972041325896,5,CD,CD,2,2,0,eight,76,9.62255761836902,731.3143789960455
buddy,4.3797655,19.96276,753,83,0.00010575606026821266,13.206972041325896,5,NN,NN,3,6,0,buddi,77,9.603698591117704,739.4847915160632
hospital,18.13275,3.7161393,754,83,0.00010575606026821266,13.206972041325896,8,NN,NN,1,2,0,hospit,81,9.530635128927981,771.9814454431665
smiles,17.58169,20.103788,755,83,0.00010575606026821266,13.206972041325896,6,NN,NNS,2,3,0,smile,82,9.512933127194522,780.0605164299508
city,13.805237,-11.453252,756,82,0.00010448189086739082,13.224459468054736,4,NN,NN,1,2,0,citi,77,9.603698591117704,739.4847915160632
able,-22.53423,-13.158054,757,82,0.00010448189086739082,13.224459468054736,4,JJ,JJ,1,1,0,abl,81,9.530635128927981,771.9814454431665
charge,21.153168,-12.599788,758,82,0.00010448189086739082,13.224459468054736,6,NN,NN,2,3,0,charg,77,9.603698591117704,739.4847915160632
fight,-13.524929,-3.5221632,759,82,0.00010448189086739082,13.224459468054736,5,NN,NN,3,7,0,fight,68,9.783022290562267,665.2455157582341
raises,19.645845,17.077072,760,82,0.00010448189086739082,13.224459468054736,6,VB,VBZ,2,3,0,rais,76,9.62255761836902,731.3143789960455
picks,26.008135,16.302185,761,82,0.00010448189086739082,13.224459468054736,5,VB,VBZ,2,3,0,pick,80,9.548557036925244,763.8845629540195
himself,20.61577,10.404888,762,82,0.00010448189086739082,13.224459468054736,7,PR,PRP,1,1,1,himself,79,9.566704383635502,755.7696463072047
starting,-0.43711504,6.4244833,763,81,0.00010320772146656899,13.242161469788195,8,VB,VBG,3,3,0,start,77,9.603698591117704,739.4847915160632
appreciate,-21.861683,-7.9393888,764,81,0.00010320772146656899,13.242161469788195,10,VB,VBP,2,3,0,appreci,77,9.603698591117704,739.4847915160632
happens,-15.192823,-7.1013107,765,81,0.00010320772146656899,13.242161469788195,7,VB,VBZ,2,2,0,happen,79,9.566704383635502,755.7696463072047
accent,5.29271,19.148,766,81,0.00010320772146656899,13.242161469788195,6,NN,NN,2,3,0,accent,79,9.566704383635502,755.7696463072047
wear,-27.477911,0.87774533,767,81,0.00010320772146656899,13.242161469788195,4,VB,VB,4,6,0,wear,77,9.603698591117704,739.4847915160632
offer,-28.686104,-0.606617,768,81,0.00010320772146656899,13.242161469788195,5,NN,NN,2,3,0,offer,78,9.585082912950357,747.6364672101279
sale,6.7465625,-8.55919,769,81,0.00010320772146656899,13.242161469788195,4,NN,NN,1,1,0,sale,77,9.603698591117704,739.4847915160632
respect,-23.554949,-0.11139664,770,81,0.00010320772146656899,13.242161469788195,7,VB,NN,3,5,0,respect,63,9.89320520831269,623.2719281236995
pull,-32.341793,6.118493,771,81,0.00010320772146656899,13.242161469788195,4,VB,VB,3,5,0,pull,77,9.603698591117704,739.4847915160632
ive,-13.876178,-22.93549,772,80,0.00010193355206574714,13.260083377785458,3,NN,NNP,1,2,0,ive,75,9.641666441316724,723.1249830987543
standing,13.07426,5.594375,773,80,0.00010193355206574714,13.260083377785458,8,VB,VBG,2,2,0,stand,77,9.603698591117704,739.4847915160632
entire,15.656091,-13.391203,774,80,0.00010193355206574714,13.260083377785458,6,JJ,JJ,2,2,0,entir,78,9.585082912950357,747.6364672101279
worked,-11.051548,-16.010998,775,80,0.00010193355206574714,13.260083377785458,6,VB,VBD,1,2,0,work,78,9.585082912950357,747.6364672101279
nine,13.6990595,-25.12513,776,80,0.00010193355206574714,13.260083377785458,4,CD,CD,2,3,0,nine,74,9.661031766183656,714.9163506975906
busy,-6.6853194,2.9291942,777,80,0.00010193355206574714,13.260083377785458,4,JJ,JJ,2,2,0,busi,76,9.62255761836902,731.3143789960455
fall,-30.956137,4.8667474,778,79,0.0001006593826649253,13.278230724495717,4,VB,VB,2,4,0,fall,78,9.585082912950357,747.6364672101279
calls,8.733135,4.4856725,779,79,0.0001006593826649253,13.278230724495717,5,NN,NNS,2,3,0,call,74,9.661031766183656,714.9163506975906
feels,-11.421721,-7.7601585,780,79,0.0001006593826649253,13.278230724495717,5,VB,VBZ,2,4,0,feel,78,9.585082912950357,747.6364672101279
trust,-25.959568,-3.3275082,781,79,0.0001006593826649253,13.278230724495717,5,VB,VB,2,5,0,trust,73,9.680660572932588,706.6882218240789
past,15.358199,-12.468877,782,79,0.0001006593826649253,13.278230724495717,4,JJ,JJ,5,5,0,past,78,9.585082912950357,747.6364672101279
ring,15.107681,-0.78861135,783,79,0.0001006593826649253,13.278230724495717,4,NN,NN,2,4,0,ring,68,9.783022290562267,665.2455157582341
speak,-28.78729,-1.8896412,784,79,0.0001006593826649253,13.278230724495717,5,VB,VB,3,4,0,speak,76,9.62255761836902,731.3143789960455
huge,0.95430475,-4.8574104,785,79,0.0001006593826649253,13.278230724495717,4,JJ,JJ,2,3,0,huge,75,9.641666441316724,723.1249830987543
ahh,4.43588,21.91704,786,79,0.0001006593826649253,13.278230724495717,3,NN,NN,4,5,0,ahh,73,9.680660572932588,706.6882218240789
ass,24.472147,-3.2094128,787,78,9.938521326410346e-05,13.296609253810573,3,NN,NN,2,4,0,ass,66,9.826091012454151,648.522006821974
except,7.1552467,-2.7238448,788,78,9.938521326410346e-05,13.296609253810573,6,IN,IN,2,2,0,except,78,9.585082912950357,747.6364672101279
follow,-29.502974,1.5262554,789,78,9.938521326410346e-05,13.296609253810573,6,VB,VB,4,5,0,follow,77,9.603698591117704,739.4847915160632
window,22.538351,10.397385,790,78,9.938521326410346e-05,13.296609253810573,6,NN,NN,3,3,0,window,76,9.62255761836902,731.3143789960455
boom,12.976923,19.098518,791,78,9.938521326410346e-05,13.296609253810573,4,NN,NN,3,4,0,boom,53,10.142564677249407,537.5559278942186
mistake,0.96222645,-9.80309,792,78,9.938521326410346e-05,13.296609253810573,7,NN,NN,3,3,0,mistak,74,9.661031766183656,714.9163506975906
sent,-17.109585,-15.430647,793,78,9.938521326410346e-05,13.296609253810573,4,VB,VBD,3,6,0,sent,75,9.641666441316724,723.1249830987543
santa,-0.31429917,-1.0318828,794,78,9.938521326410346e-05,13.296609253810573,5,NN,NNP,3,4,0,santa,70,9.741202114867638,681.8841480407347
clears,15.654823,20.362404,795,78,9.938521326410346e-05,13.296609253810573,6,NN,NNS,2,3,0,clear,74,9.661031766183656,714.9163506975906
cece,8.419491,19.651142,796,78,9.938521326410346e-05,13.296609253810573,4,NN,NNP,2,3,0,cece,72,9.700560130370294,698.4403293866611
seeing,8.920338,15.662399,797,77,9.811104386328163e-05,13.31522493197792,6,VB,VBG,3,3,0,see,76,9.62255761836902,731.3143789960455
bought,-15.526061,-15.692538,798,77,9.811104386328163e-05,13.31522493197792,6,VB,VBD,1,2,0,bought,75,9.641666441316724,723.1249830987543
step,15.075231,3.7643633,799,77,9.811104386328163e-05,13.31522493197792,4,NN,NN,2,5,0,step,72,9.700560130370294,698.4403293866611
fat,-0.447223,-4.347361,800,77,9.811104386328163e-05,13.31522493197792,3,JJ,JJ,4,6,0,fat,64,9.870485131812606,631.7110484360068
unless,-16.137964,-2.426713,801,77,9.811104386328163e-05,13.31522493197792,6,IN,IN,3,3,0,unless,76,9.62255761836902,731.3143789960455
instead,22.675652,-15.007649,802,77,9.811104386328163e-05,13.31522493197792,7,RB,RB,1,1,0,instead,75,9.641666441316724,723.1249830987543
feet,23.562603,-1.9659386,803,77,9.811104386328163e-05,13.31522493197792,4,NN,NNS,1,1,0,feet,74,9.661031766183656,714.9163506975906
bus,16.408197,2.7350965,804,77,9.811104386328163e-05,13.31522493197792,3,NN,NN,2,4,0,bu,68,9.783022290562267,665.2455157582341
pants,23.030539,-2.7441428,805,77,9.811104386328163e-05,13.31522493197792,5,NN,NNS,1,2,0,pant,73,9.680660572932588,706.6882218240789
fake,10.335232,-2.0034838,806,77,9.811104386328163e-05,13.31522493197792,4,JJ,JJ,3,5,0,fake,75,9.641666441316724,723.1249830987543
agree,-22.264397,-4.004458,807,76,9.683687446245978e-05,13.334083959229234,5,VB,VBP,2,4,0,agre,74,9.661031766183656,714.9163506975906
kitchen,19.311823,1.8716248,808,76,9.683687446245978e-05,13.334083959229234,7,NN,NN,3,5,0,kitchen,75,9.641666441316724,723.1249830987543
possible,-7.592049,-3.181652,809,76,9.683687446245978e-05,13.334083959229234,8,JJ,JJ,2,2,0,possibl,75,9.641666441316724,723.1249830987543
none,22.752583,-15.179726,810,76,9.683687446245978e-05,13.334083959229234,4,NN,NN,4,4,0,none,74,9.661031766183656,714.9163506975906
rules,8.755202,-16.18306,811,76,9.683687446245978e-05,13.334083959229234,5,NN,NNS,1,1,0,rule,66,9.826091012454151,648.522006821974
normal,1.370673,-3.3653266,812,76,9.683687446245978e-05,13.334083959229234,6,JJ,JJ,3,3,0,normal,72,9.700560130370294,698.4403293866611
sleep,-26.472694,1.6377503,813,76,9.683687446245978e-05,13.334083959229234,5,VB,VB,3,5,0,sleep,72,9.700560130370294,698.4403293866611
power,10.652034,-15.832983,814,75,9.556270506163794e-05,13.35319278217694,5,NN,NN,3,4,0,power,73,9.680660572932588,706.6882218240789
shows,19.577244,16.004065,815,75,9.556270506163794e-05,13.35319278217694,5,VB,VBZ,2,2,0,show,74,9.661031766183656,714.9163506975906
sits,22.217613,11.522394,816,75,9.556270506163794e-05,13.35319278217694,4,VB,VBZ,2,4,0,sit,74,9.661031766183656,714.9163506975906
boat,7.410319,-8.281702,817,75,9.556270506163794e-05,13.35319278217694,4,NN,NN,3,4,0,boat,69,9.761960675034437,673.5752865773762
forgot,-19.786491,-10.767705,818,75,9.556270506163794e-05,13.35319278217694,6,VB,VBD,2,6,0,forgot,73,9.680660572932588,706.6882218240789
yours,-7.278923,-1.3519322,819,74,9.428853566081611e-05,13.37255810704387,5,NN,NNS,4,6,1,your,71,9.720738012307924,690.1723988738627
moving,-0.3416427,6.580409,820,74,9.428853566081611e-05,13.37255810704387,6,VB,VBG,3,3,0,move,70,9.741202114867638,681.8841480407347
tried,-20.94793,-13.235144,821,74,9.428853566081611e-05,13.37255810704387,5,VB,VBD,1,3,0,tri,71,9.720738012307924,690.1723988738627
note,12.261842,-2.6645494,822,74,9.428853566081611e-05,13.37255810704387,4,NN,NN,2,4,0,note,69,9.761960675034437,673.5752865773762
worth,-8.506675,-1.470847,823,74,9.428853566081611e-05,13.37255810704387,5,JJ,JJ,4,4,0,worth,71,9.720738012307924,690.1723988738627
talked,-18.871273,-13.46362,824,74,9.428853566081611e-05,13.37255810704387,6,VB,VBD,1,2,0,talk,72,9.700560130370294,698.4403293866611
pete,7.0235567,18.419027,825,74,9.428853566081611e-05,13.37255810704387,4,NN,NNP,2,3,0,pete,64,9.870485131812606,631.7110484360068
beat,-28.787594,3.3313334,826,74,9.428853566081611e-05,13.37255810704387,4,VB,VB,4,8,0,beat,70,9.741202114867638,681.8841480407347
packer,9.002536,19.511944,827,74,9.428853566081611e-05,13.37255810704387,6,NN,NNP,1,2,0,packer,61,9.939747794249719,606.3246154492329
hang,-33.020298,6.167303,828,73,9.301436625999427e-05,13.392186913792802,4,VB,VB,3,6,0,hang,71,9.720738012307924,690.1723988738627
thousand,12.829008,-25.759018,829,73,9.301436625999427e-05,13.392186913792802,8,CD,CD,4,5,0,thousand,68,9.783022290562267,665.2455157582341
yup,1.4197023,20.99185,830,73,9.301436625999427e-05,13.392186913792802,3,NN,NN,4,6,0,yup,72,9.700560130370294,698.4403293866611
dream,17.73269,-10.69857,831,73,9.301436625999427e-05,13.392186913792802,5,NN,NN,2,4,0,dream,65,9.848117318784151,640.1276257209698
lives,11.413161,-16.21152,832,73,9.301436625999427e-05,13.392186913792802,5,NN,NNS,2,2,0,live,69,9.761960675034437,673.5752865773762
theres,-1.5949945,-10.235297,833,73,9.301436625999427e-05,13.392186913792802,6,NN,NNP,6,10,0,there,71,9.720738012307924,690.1723988738627
human,9.96134,-12.70566,834,73,9.301436625999427e-05,13.392186913792802,5,JJ,JJ,2,3,0,human,71,9.720738012307924,690.1723988738627
grabs,20.664425,16.056374,835,72,9.174019685917242e-05,13.412086471230507,5,NN,NN,2,7,0,grab,72,9.700560130370294,698.4403293866611
hits,20.354263,15.291976,836,72,9.174019685917242e-05,13.412086471230507,4,VB,VBZ,2,3,0,hit,68,9.783022290562267,665.2455157582341
conversation,9.772777,-10.021365,837,72,9.174019685917242e-05,13.412086471230507,12,NN,NN,1,1,0,convers,71,9.720738012307924,690.1723988738627
learned,-13.724973,-18.63633,838,72,9.174019685917242e-05,13.412086471230507,7,VB,VBD,2,3,0,learn,67,9.804395941354834,656.8945280707738
charles,7.6941714,20.823355,839,72,9.174019685917242e-05,13.412086471230507,7,NN,NNP,1,1,0,charl,66,9.826091012454151,648.522006821974
doctor,0.22788608,-8.87849,840,72,9.174019685917242e-05,13.412086471230507,6,NN,NN,2,3,0,doctor,65,9.848117318784151,640.1276257209698
wrote,-15.699417,-14.160751,841,72,9.174019685917242e-05,13.412086471230507,5,VB,VBD,1,1,0,wrote,68,9.783022290562267,665.2455157582341
enjoy,-22.553616,1.2496212,842,72,9.174019685917242e-05,13.412086471230507,5,VB,VB,3,6,0,enjoy,69,9.761960675034437,673.5752865773762
didnt,-16.35554,-3.6335115,843,71,9.046602745835059e-05,13.432264353168138,5,VB,VBP,3,7,0,didnt,69,9.761960675034437,673.5752865773762
happening,-5.4531655,10.883545,844,71,9.046602745835059e-05,13.432264353168138,9,VB,VBG,3,3,0,happen,69,9.761960675034437,673.5752865773762
truck,14.282487,0.33574563,845,71,9.046602745835059e-05,13.432264353168138,5,NN,NN,1,2,0,truck,63,9.89320520831269,623.2719281236995
ohh,3.4214988,21.559404,846,71,9.046602745835059e-05,13.432264353168138,3,NN,NN,1,2,0,ohh,67,9.804395941354834,656.8945280707738
knocks,21.777866,15.4247675,847,71,9.046602745835059e-05,13.432264353168138,6,NN,NNS,2,3,0,knock,69,9.761960675034437,673.5752865773762
farm,12.907368,-8.121962,848,71,9.046602745835059e-05,13.432264353168138,4,NN,NN,3,4,0,farm,63,9.89320520831269,623.2719281236995
boyfriend,26.818514,-5.686281,849,71,9.046602745835059e-05,13.432264353168138,9,NN,NN,3,4,0,boyfriend,70,9.741202114867638,681.8841480407347
applause,13.96197,16.972626,850,70,8.919185805752875e-05,13.452728455727854,8,NN,NN,3,4,0,applaus,69,9.761960675034437,673.5752865773762
gun,5.9641724,-6.812504,851,70,8.919185805752875e-05,13.452728455727854,3,NN,NN,3,3,0,gun,65,9.848117318784151,640.1276257209698
information,8.346028,-15.403946,852,70,8.919185805752875e-05,13.452728455727854,11,NN,NN,1,1,0,inform,68,9.783022290562267,665.2455157582341
town,15.194796,-7.3051243,853,70,8.919185805752875e-05,13.452728455727854,4,NN,NN,1,2,0,town,66,9.826091012454151,648.522006821974
dogs,3.5763028,-2.5405936,854,70,8.919185805752875e-05,13.452728455727854,4,NN,NNS,1,2,0,dog,61,9.939747794249719,606.3246154492329
foot,23.667212,-1.8136523,855,70,8.919185805752875e-05,13.452728455727854,4,NN,NN,3,3,0,foot,69,9.761960675034437,673.5752865773762
likes,-15.177315,-12.051215,856,70,8.919185805752875e-05,13.452728455727854,5,VB,VBZ,2,3,0,like,66,9.826091012454151,648.522006821974
decision,4.438565,-11.57095,857,70,8.919185805752875e-05,13.452728455727854,8,NN,NN,1,1,0,decis,66,9.826091012454151,648.522006821974
ride,-26.893785,4.734785,858,70,8.919185805752875e-05,13.452728455727854,4,NN,NN,4,4,0,ride,63,9.89320520831269,623.2719281236995
mad,0.84395015,9.408654,859,70,8.919185805752875e-05,13.452728455727854,3,JJ,JJ,4,7,0,mad,61,9.939747794249719,606.3246154492329
truth,-12.088098,-4.7625875,860,70,8.919185805752875e-05,13.452728455727854,5,NN,NN,2,3,0,truth,64,9.870485131812606,631.7110484360068
waiting,2.7334106,5.63252,861,70,8.919185805752875e-05,13.452728455727854,7,VB,VBG,2,2,0,wait,70,9.741202114867638,681.8841480407347
bar,16.237497,-6.344857,862,70,8.919185805752875e-05,13.452728455727854,3,NN,NN,2,2,0,bar,65,9.848117318784151,640.1276257209698
clean,10.426186,4.163058,863,69,8.791768865670691e-05,13.473487015894651,5,VB,JJ,3,5,0,clean,69,9.761960675034437,673.5752865773762
felt,-13.914203,-6.699441,864,69,8.791768865670691e-05,13.473487015894651,4,VB,VBD,3,7,0,felt,66,9.826091012454151,648.522006821974
cheers,14.176562,17.385271,865,69,8.791768865670691e-05,13.473487015894651,6,NN,NNS,2,3,0,cheer,64,9.870485131812606,631.7110484360068
dance,-25.844652,0.5107021,866,69,8.791768865670691e-05,13.473487015894651,5,NN,NN,4,6,0,danc,66,9.826091012454151,648.522006821974
tough,-2.7262099,-4.760142,867,69,8.791768865670691e-05,13.473487015894651,5,JJ,JJ,2,2,0,tough,68,9.783022290562267,665.2455157582341
young,-0.6815493,-3.926038,868,69,8.791768865670691e-05,13.473487015894651,5,JJ,JJ,2,2,0,young,64,9.870485131812606,631.7110484360068
blood,10.739323,-4.65321,869,69,8.791768865670691e-05,13.473487015894651,5,NN,NN,2,3,0,blood,63,9.89320520831269,623.2719281236995
finally,-17.924189,-4.7335243,870,69,8.791768865670691e-05,13.473487015894651,7,RB,RB,1,1,0,final,69,9.761960675034437,673.5752865773762
gosh,1.8859705,27.066223,871,69,8.791768865670691e-05,13.473487015894651,4,NN,NN,3,5,0,gosh,69,9.761960675034437,673.5752865773762
club,5.7646894,-10.654705,872,68,8.664351925588507e-05,13.49454863142248,4,NN,NN,1,2,0,club,62,9.91628882142573,614.8099069283953
customer,11.570718,-13.609512,873,68,8.664351925588507e-05,13.49454863142248,8,NN,NN,2,3,0,custom,62,9.91628882142573,614.8099069283953
promise,-26.08131,-4.143584,874,68,8.664351925588507e-05,13.49454863142248,7,VB,VBP,2,3,0,promis,66,9.826091012454151,648.522006821974
parents,25.043823,-7.879704,875,68,8.664351925588507e-05,13.49454863142248,7,NN,NNS,1,2,0,parent,64,9.870485131812606,631.7110484360068
butt,26.55583,-3.509567,876,68,8.664351925588507e-05,13.49454863142248,4,NN,NN,3,5,0,butt,62,9.91628882142573,614.8099069283953
senator,7.2778006,17.239277,877,68,8.664351925588507e-05,13.49454863142248,7,NN,NN,1,2,0,senat,64,9.870485131812606,631.7110484360068
touch,-24.25816,-1.088093,878,68,8.664351925588507e-05,13.49454863142248,5,VB,VB,4,5,0,touch,66,9.826091012454151,648.522006821974
numbers,8.4374695,-16.086212,879,67,8.536934985506323e-05,13.515922282215048,7,NN,NNS,1,2,0,number,65,9.848117318784151,640.1276257209698
congratulations,3.458351,20.822866,880,67,8.536934985506323e-05,13.515922282215048,15,NN,NNS,1,2,0,congratul,67,9.804395941354834,656.8945280707738
aw,3.1902301,20.007992,881,67,8.536934985506323e-05,13.515922282215048,2,NN,NNP,2,3,0,aw,67,9.804395941354834,656.8945280707738
present,11.722004,-2.6063352,882,67,8.536934985506323e-05,13.515922282215048,7,JJ,JJ,3,6,0,present,65,9.848117318784151,640.1276257209698
class,14.176204,-7.986592,883,67,8.536934985506323e-05,13.515922282215048,5,NN,NN,1,2,0,class,59,9.987842082450765,589.2826828645951
grab,-28.998327,1.9738487,884,67,8.536934985506323e-05,13.515922282215048,4,VB,VB,2,5,0,grab,65,9.848117318784151,640.1276257209698
florida,4.8989644,3.7847846,885,67,8.536934985506323e-05,13.515922282215048,7,NN,NNP,2,2,0,florida,61,9.939747794249719,606.3246154492329
text,9.607312,9.804397,886,67,8.536934985506323e-05,13.515922282215048,4,NN,NN,4,6,0,text,64,9.870485131812606,631.7110484360068
ground,17.607899,-2.2008872,887,67,8.536934985506323e-05,13.515922282215048,6,NN,NN,2,3,0,ground,67,9.804395941354834,656.8945280707738
child,6.4516883,-6.909424,888,67,8.536934985506323e-05,13.515922282215048,5,NN,NN,2,3,0,child,64,9.870485131812606,631.7110484360068
count,-26.039669,2.1973646,889,67,8.536934985506323e-05,13.515922282215048,5,VB,VB,2,4,0,count,63,9.89320520831269,623.2719281236995
art,11.544076,-10.648433,890,66,8.40951804542414e-05,13.537617353314367,3,NN,NN,4,6,0,art,60,9.963594536204088,597.8156721722453
wonderful,-2.089364,-4.675153,891,66,8.40951804542414e-05,13.537617353314367,9,JJ,JJ,3,4,0,wonder,63,9.89320520831269,623.2719281236995
situation,3.60192,-9.810102,892,66,8.40951804542414e-05,13.537617353314367,9,NN,NN,1,1,0,situat,64,9.870485131812606,631.7110484360068
brother,25.39015,-5.627958,893,66,8.40951804542414e-05,13.537617353314367,7,NN,NN,2,3,0,brother,61,9.939747794249719,606.3246154492329
eye,22.09126,-1.256192,894,66,8.40951804542414e-05,13.537617353314367,3,NN,NN,1,2,0,eye,63,9.89320520831269,623.2719281236995
sad,-8.112836,0.7048238,895,66,8.40951804542414e-05,13.537617353314367,3,JJ,JJ,3,5,0,sad,63,9.89320520831269,623.2719281236995
begins,19.517614,15.491355,896,66,8.40951804542414e-05,13.537617353314367,6,VB,VBZ,2,2,0,begin,66,9.826091012454151,648.522006821974
cards,10.007799,-6.106388,897,65,8.282101105341956e-05,13.559643659644365,5,NN,NNS,1,1,0,card,59,9.987842082450765,589.2826828645951
excellent,0.20820688,-1.9814147,898,65,8.282101105341956e-05,13.559643659644365,9,NN,NN,2,3,0,excel,63,9.89320520831269,623.2719281236995
speaking,13.79619,-3.5076761,899,65,8.282101105341956e-05,13.559643659644365,8,VB,VBG,3,4,0,speak,63,9.89320520831269,623.2719281236995
needed,-20.520893,-12.725607,900,65,8.282101105341956e-05,13.559643659644365,6,VB,VBD,1,2,0,need,63,9.89320520831269,623.2719281236995
whoo,2.3019269,21.66924,901,65,8.282101105341956e-05,13.559643659644365,4,NN,NN,1,2,0,whoo,57,10.037595117647864,572.1429217059283
hug,6.994768,12.6990185,902,65,8.282101105341956e-05,13.559643659644365,3,VB,NN,3,5,0,hug,62,9.91628882142573,614.8099069283953
choice,0.53344697,-10.286017,903,64,8.154684165259771e-05,13.58201147267282,6,NN,NN,1,2,0,choic,63,9.89320520831269,623.2719281236995
ho,13.745028,20.47178,904,64,8.154684165259771e-05,13.58201147267282,2,NN,NN,2,3,0,ho,32,10.870485131812606,347.8555242180034
basically,-11.623232,-2.126825,905,64,8.154684165259771e-05,13.58201147267282,9,RB,RB,3,3,0,basic,64,9.870485131812606,631.7110484360068
driving,3.2090764,4.711922,906,64,8.154684165259771e-05,13.58201147267282,7,VB,VBG,2,2,0,drive,62,9.91628882142573,614.8099069283953
using,2.04845,4.0624423,907,64,8.154684165259771e-05,13.58201147267282,5,VB,VBG,1,1,0,use,64,9.870485131812606,631.7110484360068
kisses,20.058619,18.852095,908,64,8.154684165259771e-05,13.58201147267282,6,VB,VBZ,2,3,0,kiss,61,9.939747794249719,606.3246154492329
completely,-9.786703,1.9881417,909,64,8.154684165259771e-05,13.58201147267282,10,RB,RB,1,1,0,complet,64,9.870485131812606,631.7110484360068
tv,16.60004,-1.4693375,910,64,8.154684165259771e-05,13.58201147267282,2,NN,NN,2,4,0,tv,59,9.987842082450765,589.2826828645951
handle,-28.188454,-3.848922,911,64,8.154684165259771e-05,13.58201147267282,6,VB,VB,3,5,0,handl,63,9.89320520831269,623.2719281236995
father,24.738224,-6.1308627,912,64,8.154684165259771e-05,13.58201147267282,6,NN,NN,2,3,0,father,55,10.089125418287946,554.901898005837
temp,5.346886,16.64667,913,64,8.154684165259771e-05,13.58201147267282,4,NN,NN,4,5,0,temp,56,10.063130209755002,563.5352917462801
towards,20.808075,17.266365,914,64,8.154684165259771e-05,13.58201147267282,7,NN,NNS,3,6,0,toward,58,10.012504136685033,580.7252399277319
whats,13.911027,1.0788618,915,64,8.154684165259771e-05,13.58201147267282,5,NN,NNP,5,10,0,what,64,9.870485131812606,631.7110484360068
tries,9.580616,12.339489,916,63,8.027267225177587e-05,13.604731549172904,5,NN,NNS,2,2,0,tri,61,9.939747794249719,606.3246154492329
rock,4.786951,-3.6165287,917,63,8.027267225177587e-05,13.604731549172904,4,NN,NN,3,5,0,rock,58,10.012504136685033,580.7252399277319
planning,16.393003,-15.738813,918,63,8.027267225177587e-05,13.604731549172904,8,NN,NN,2,3,0,plan,61,9.939747794249719,606.3246154492329
taken,-4.653816,-17.638283,919,63,8.027267225177587e-05,13.604731549172904,5,VB,VBN,1,1,0,taken,61,9.939747794249719,606.3246154492329
future,20.904541,-4.6848316,920,63,8.027267225177587e-05,13.604731549172904,6,NN,NN,2,3,0,futur,57,10.037595117647864,572.1429217059283
missed,-19.219866,-11.09329,921,63,8.027267225177587e-05,13.604731549172904,6,VB,VBD,1,2,0,miss,59,9.987842082450765,589.2826828645951
cup,18.455317,-7.468164,922,63,8.027267225177587e-05,13.604731549172904,3,NN,NN,3,4,0,cup,58,10.012504136685033,580.7252399277319
suit,11.698253,-3.9638011,923,63,8.027267225177587e-05,13.604731549172904,4,NN,NN,2,3,0,suit,58,10.012504136685033,580.7252399277319
brain,22.207582,-5.2910185,924,63,8.027267225177587e-05,13.604731549172904,5,NN,NN,1,2,0,brain,56,10.063130209755002,563.5352917462801
clapping,5.5603642,22.182217,925,63,8.027267225177587e-05,13.604731549172904,8,VB,VBG,2,2,0,clap,63,9.89320520831269,623.2719281236995
forward,10.27993,7.81662,926,63,8.027267225177587e-05,13.604731549172904,7,RB,RB,5,7,0,forward,61,9.939747794249719,606.3246154492329
cream,12.897669,-19.892204,927,63,8.027267225177587e-05,13.604731549172904,5,NN,NN,1,2,0,cream,55,10.089125418287946,554.901898005837
strong,-4.3512254,-1.2825876,928,63,8.027267225177587e-05,13.604731549172904,6,JJ,JJ,1,1,0,strong,61,9.939747794249719,606.3246154492329
dancing,15.922279,13.861595,929,62,7.899850285095404e-05,13.627815162285945,7,VB,VBG,2,3,0,danc,60,9.963594536204088,597.8156721722453
children,3.6628442,-5.2024684,930,62,7.899850285095404e-05,13.627815162285945,8,NN,NNS,1,3,0,children,59,9.987842082450765,589.2826828645951
shirt,22.771812,-3.1564085,931,62,7.899850285095404e-05,13.627815162285945,5,NN,NN,2,5,0,shirt,56,10.063130209755002,563.5352917462801
cry,-25.364222,0.44755286,932,62,7.899850285095404e-05,13.627815162285945,3,VB,VB,2,4,0,cri,58,10.012504136685033,580.7252399277319
dressed,3.806664,-0.6714561,933,62,7.899850285095404e-05,13.627815162285945,7,VB,VBN,2,3,0,dress,60,9.963594536204088,597.8156721722453
gentlemen,14.3272295,15.003661,934,62,7.899850285095404e-05,13.627815162285945,9,NN,NNS,2,3,0,gentlemen,62,9.91628882142573,614.8099069283953
loud,8.258029,7.966525,935,62,7.899850285095404e-05,13.627815162285945,4,JJ,JJ,3,4,0,loud,59,9.987842082450765,589.2826828645951
tape,15.915324,-3.8474882,936,62,7.899850285095404e-05,13.627815162285945,4,NN,NN,2,2,0,tape,60,9.963594536204088,597.8156721722453
bitch,2.7347174,-3.7832034,937,62,7.899850285095404e-05,13.627815162285945,5,NN,NN,3,4,0,bitch,57,10.037595117647864,572.1429217059283
listening,0.29854605,5.6556005,938,62,7.899850285095404e-05,13.627815162285945,9,VB,VBG,3,3,0,listen,61,9.939747794249719,606.3246154492329
clothes,14.565235,-5.5433283,939,62,7.899850285095404e-05,13.627815162285945,7,NN,NNS,2,2,0,cloth,57,10.037595117647864,572.1429217059283
ridiculous,-8.107539,-0.17782493,940,62,7.899850285095404e-05,13.627815162285945,10,JJ,JJ,1,1,0,ridicul,61,9.939747794249719,606.3246154492329
daughter,27.367975,-5.0834446,941,62,7.899850285095404e-05,13.627815162285945,8,NN,NN,1,2,0,daughter,57,10.037595117647864,572.1429217059283
control,-24.32561,0.99229616,942,61,7.77243334501322e-05,13.651274135109933,7,NN,NN,3,6,0,control,60,9.963594536204088,597.8156721722453
america,5.91257,-1.4120715,943,61,7.77243334501322e-05,13.651274135109933,7,NN,NNP,1,1,0,america,60,9.963594536204088,597.8156721722453
problems,3.2175388,-17.909317,944,61,7.77243334501322e-05,13.651274135109933,8,NN,NNS,1,1,0,problem,56,10.063130209755002,563.5352917462801
quit,-18.756176,-4.669513,945,61,7.77243334501322e-05,13.651274135109933,4,VB,VB,4,6,0,quit,56,10.063130209755002,563.5352917462801
roll,10.689158,3.1578057,946,61,7.77243334501322e-05,13.651274135109933,4,NN,NN,2,5,0,roll,54,10.115597629649137,546.2422720010534
bottle,17.8109,-6.7589006,947,61,7.77243334501322e-05,13.651274135109933,6,NN,NN,2,3,0,bottl,59,9.987842082450765,589.2826828645951
push,-29.558393,4.1319056,948,61,7.77243334501322e-05,13.651274135109933,4,VB,VB,2,4,0,push,55,10.089125418287946,554.901898005837
dundies,9.09111,-17.238804,949,61,7.77243334501322e-05,13.651274135109933,7,NN,NNS,1,3,0,dundi,56,10.063130209755002,563.5352917462801
extra,8.181595,-13.6957245,950,61,7.77243334501322e-05,13.651274135109933,5,JJ,JJ,2,2,0,extra,60,9.963594536204088,597.8156721722453
interview,11.563718,-7.136021,951,61,7.77243334501322e-05,13.651274135109933,9,NN,NN,1,2,0,interview,60,9.963594536204088,597.8156721722453
scared,-9.523445,5.0552545,952,61,7.77243334501322e-05,13.651274135109933,6,VB,VBN,3,4,0,scare,56,10.063130209755002,563.5352917462801
shoot,7.420864,10.253495,953,61,7.77243334501322e-05,13.651274135109933,5,NN,NN,3,6,0,shoot,58,10.012504136685033,580.7252399277319
college,7.2259836,-10.023832,954,61,7.77243334501322e-05,13.651274135109933,7,NN,NN,1,2,0,colleg,58,10.012504136685033,580.7252399277319
laughter,5.1478496,20.245758,955,60,7.645016404931035e-05,13.675120877064302,8,NN,NN,2,3,0,laughter,59,9.987842082450765,589.2826828645951
spent,-6.0695124,-19.656311,956,60,7.645016404931035e-05,13.675120877064302,5,VB,VBD,2,4,0,spent,59,9.987842082450765,589.2826828645951
jump,11.513393,3.558584,957,60,7.645016404931035e-05,13.675120877064302,4,VB,NN,3,5,0,jump,50,10.22662894203788,511.331447101894
shoes,16.143375,-10.634088,958,60,7.645016404931035e-05,13.675120877064302,5,NN,NNS,1,2,0,shoe,58,10.012504136685033,580.7252399277319
cornell,6.1116095,0.89132714,959,60,7.645016404931035e-05,13.675120877064302,7,NN,NNP,1,2,0,cornel,56,10.063130209755002,563.5352917462801
imagine,-26.264639,-1.7112899,960,60,7.645016404931035e-05,13.675120877064302,7,VB,VB,3,5,0,imagin,59,9.987842082450765,589.2826828645951
during,14.888958,-12.348281,961,60,7.645016404931035e-05,13.675120877064302,6,IN,IN,1,1,1,dure,59,9.987842082450765,589.2826828645951
employees,15.674137,-11.5273905,962,60,7.645016404931035e-05,13.675120877064302,9,NN,NNS,2,2,0,employe,59,9.987842082450765,589.2826828645951
king,8.719796,-11.53813,963,60,7.645016404931035e-05,13.675120877064302,4,NN,NNP,2,3,0,king,53,10.142564677249407,537.5559278942186
hugs,18.663818,20.05029,964,60,7.645016404931035e-05,13.675120877064302,4,NN,NNS,2,7,0,hug,59,9.987842082450765,589.2826828645951
tiny,1.9793085,-4.0142174,965,60,7.645016404931035e-05,13.675120877064302,4,JJ,JJ,2,2,0,tini,56,10.063130209755002,563.5352917462801
explain,-27.258043,-3.9411933,966,59,7.517599464848852e-05,13.699368423310979,7,VB,VB,2,3,0,explain,56,10.063130209755002,563.5352917462801
stands,19.791525,14.381159,967,59,7.517599464848852e-05,13.699368423310979,6,VB,VBZ,2,2,0,stand,59,9.987842082450765,589.2826828645951
dress,11.312956,-2.0642192,968,59,7.517599464848852e-05,13.699368423310979,5,NN,NN,3,4,0,dress,58,10.012504136685033,580.7252399277319
street,17.443466,-0.021950552,969,59,7.517599464848852e-05,13.699368423310979,6,NN,NN,2,3,0,street,56,10.063130209755002,563.5352917462801
stick,-25.752125,3.4295032,970,59,7.517599464848852e-05,13.699368423310979,5,NN,NN,3,5,0,stick,58,10.012504136685033,580.7252399277319
loves,-15.039063,-11.855605,971,59,7.517599464848852e-05,13.699368423310979,5,VB,VBZ,2,4,0,love,54,10.115597629649137,546.2422720010534
husband,26.725672,-5.426431,972,59,7.517599464848852e-05,13.699368423310979,7,NN,NN,1,1,0,husband,56,10.063130209755002,563.5352917462801
punch,-27.24881,2.8945863,973,59,7.517599464848852e-05,13.699368423310979,5,NN,NN,3,4,0,punch,51,10.19805978984111,520.1010492818966
plus,0.76727057,-2.059083,974,58,7.390182524766668e-05,13.724030477545249,4,CC,CC,3,3,0,plu,57,10.037595117647864,572.1429217059283
arm,21.751822,12.687679,975,58,7.390182524766668e-05,13.724030477545249,3,NN,NN,3,4,0,arm,57,10.037595117647864,572.1429217059283
dundermifflin,14.323378,-2.8785655,976,58,7.390182524766668e-05,13.724030477545249,13,NN,NNP,3,4,0,dundermifflin,58,10.012504136685033,580.7252399277319
pregnant,-9.086652,1.8502756,977,58,7.390182524766668e-05,13.724030477545249,8,JJ,JJ,3,4,0,pregnant,56,10.063130209755002,563.5352917462801
super,-6.8712635,0.96983826,978,58,7.390182524766668e-05,13.724030477545249,5,JJ,JJ,4,7,0,super,54,10.115597629649137,546.2422720010534
longer,-2.0273037,-10.648354,979,58,7.390182524766668e-05,13.724030477545249,6,RB,JJR,3,4,0,longer,57,10.037595117647864,572.1429217059283
leads,10.546603,-16.526701,980,58,7.390182524766668e-05,13.724030477545249,5,NN,NNS,2,2,0,lead,52,10.170045413671513,528.8423615109186
confused,5.7709317,16.216562,981,58,7.390182524766668e-05,13.724030477545249,8,VB,JJ,2,3,0,confus,54,10.115597629649137,546.2422720010534
accounting,6.0806775,2.4622755,982,58,7.390182524766668e-05,13.724030477545249,10,NN,NN,2,3,0,account,54,10.115597629649137,546.2422720010534
wonder,-19.010355,-3.9616828,983,57,7.262765584684484e-05,13.749121458508078,6,VB,VBP,3,5,0,wonder,55,10.089125418287946,554.901898005837
fault,26.720247,-4.6660633,984,57,7.262765584684484e-05,13.749121458508078,5,NN,NN,2,2,0,fault,56,10.063130209755002,563.5352917462801
space,12.998563,-6.928071,985,57,7.262765584684484e-05,13.749121458508078,5,NN,NN,1,2,0,space,55,10.089125418287946,554.901898005837
yesterday,-10.282054,0.9117784,986,57,7.262765584684484e-05,13.749121458508078,9,NN,NN,1,1,0,yesterday,56,10.063130209755002,563.5352917462801
worse,0.11356185,-18.520657,987,57,7.262765584684484e-05,13.749121458508078,5,JJ,JJR,3,5,0,wors,56,10.063130209755002,563.5352917462801
2,4.93884,-1.0439287,988,57,7.262765584684484e-05,13.749121458508078,1,CD,CD,1,1,0,2,54,10.115597629649137,546.2422720010534
00,4.8006153,0.87194824,989,57,7.262765584684484e-05,13.749121458508078,2,CD,CD,1,1,0,00,50,10.22662894203788,511.331447101894
position,11.667366,-9.600072,990,57,7.262765584684484e-05,13.749121458508078,8,NN,NN,1,1,0,posit,55,10.089125418287946,554.901898005837
expect,-25.938862,-5.0737305,991,57,7.262765584684484e-05,13.749121458508078,6,VB,VB,2,3,0,expect,55,10.089125418287946,554.901898005837
usually,-13.039135,-2.579788,992,57,7.262765584684484e-05,13.749121458508078,7,RB,RB,1,1,0,usual,56,10.063130209755002,563.5352917462801
earlier,-10.840763,0.17786647,993,57,7.262765584684484e-05,13.749121458508078,7,RB,RBR,3,4,0,earlier,57,10.037595117647864,572.1429217059283
donna,8.159976,19.40314,994,57,7.262765584684484e-05,13.749121458508078,5,NN,NNP,1,1,0,donna,45,10.37863203548293,467.03844159673184
broke,11.123542,-0.7981121,995,57,7.262765584684484e-05,13.749121458508078,5,VB,VBD,4,4,0,broke,57,10.037595117647864,572.1429217059283
glasses,11.736894,-0.08893783,996,56,7.1353486446023e-05,13.774656550615216,7,NN,NNS,2,3,0,glass,51,10.19805978984111,520.1010492818966
monster,5.899498,-5.3554797,997,56,7.1353486446023e-05,13.774656550615216,7,NN,NN,2,4,0,monster,50,10.22662894203788,511.331447101894
screen,17.25637,0.26956072,998,56,7.1353486446023e-05,13.774656550615216,6,NN,NN,2,3,0,screen,53,10.142564677249407,537.5559278942186
meant,-14.539385,-6.540734,999,56,7.1353486446023e-05,13.774656550615216,5,VB,VBP,3,7,0,meant,55,10.089125418287946,554.901898005837
breath,21.123835,-2.3099487,1000,56,7.1353486446023e-05,13.774656550615216,6,NN,NN,1,1,0,breath,55,10.089125418287946,554.901898005837
claps,13.136011,17.154802,1001,56,7.1353486446023e-05,13.774656550615216,5,NN,NNS,2,3,0,clap,55,10.089125418287946,554.901898005837
realize,-21.86128,-5.726752,1002,56,7.1353486446023e-05,13.774656550615216,7,VB,VB,1,2,0,realiz,56,10.063130209755002,563.5352917462801
honest,-21.765131,-13.011221,1003,56,7.1353486446023e-05,13.774656550615216,6,JJ,JJS,4,6,0,honest,56,10.063130209755002,563.5352917462801
continues,9.999933,16.597576,1004,56,7.1353486446023e-05,13.774656550615216,9,VB,VBZ,2,3,0,continu,55,10.089125418287946,554.901898005837
upset,-8.04568,1.9462135,1005,56,7.1353486446023e-05,13.774656550615216,5,JJ,JJ,3,6,0,upset,51,10.19805978984111,520.1010492818966
wine,13.953102,-4.3473186,1006,56,7.1353486446023e-05,13.774656550615216,4,NN,NN,3,5,0,wine,53,10.142564677249407,537.5559278942186
bear,6.388105,-3.6014016,1007,56,7.1353486446023e-05,13.774656550615216,4,NN,NN,4,6,0,bear,50,10.22662894203788,511.331447101894
liked,-18.144503,-12.084934,1008,55,7.007931704520116e-05,13.800651759148161,5,VB,VBD,2,3,0,like,50,10.22662894203788,511.331447101894
board,15.552967,-4.957919,1009,55,7.007931704520116e-05,13.800651759148161,5,NN,NN,1,2,0,board,55,10.089125418287946,554.901898005837
pause,-1.0749032,-0.69698876,1010,55,7.007931704520116e-05,13.800651759148161,5,NN,NN,5,6,0,paus,53,10.142564677249407,537.5559278942186
honestly,-13.609519,-1.5893347,1011,55,7.007931704520116e-05,13.800651759148161,8,RB,RB,2,2,0,honestli,55,10.089125418287946,554.901898005837
chocolate,4.279533,-2.9207253,1012,55,7.007931704520116e-05,13.800651759148161,9,NN,NN,3,5,0,chocol,49,10.255775287697398,502.5329890971725
clark,6.3833523,19.895933,1013,55,7.007931704520116e-05,13.800651759148161,5,NN,NNP,3,4,0,clark,53,10.142564677249407,537.5559278942186
seconds,11.727723,-21.50945,1014,55,7.007931704520116e-05,13.800651759148161,7,NN,NNS,2,4,0,second,52,10.170045413671513,528.8423615109186
todd,7.6009145,18.679033,1015,55,7.007931704520116e-05,13.800651759148161,4,NN,NNP,2,3,0,todd,51,10.19805978984111,520.1010492818966
trouble,13.140186,-12.874902,1016,55,7.007931704520116e-05,13.800651759148161,7,NN,NN,2,2,0,troubl,55,10.089125418287946,554.901898005837
cover,-25.339043,2.623222,1017,55,7.007931704520116e-05,13.800651759148161,5,VB,VB,2,4,0,cover,55,10.089125418287946,554.901898005837
chicken,9.051113,2.3954487,1018,55,7.007931704520116e-05,13.800651759148161,7,NN,NN,3,6,0,chicken,50,10.22662894203788,511.331447101894
road,17.490555,-1.6992738,1019,55,7.007931704520116e-05,13.800651759148161,4,NN,NN,1,2,0,road,54,10.115597629649137,546.2422720010534
tree,12.946244,-1.841491,1020,55,7.007931704520116e-05,13.800651759148161,4,NN,NN,3,3,0,tree,47,10.315896280134968,484.8471251663435
nervous,-8.230693,1.8075793,1021,55,7.007931704520116e-05,13.800651759148161,7,JJ,JJ,2,2,0,nervou,52,10.170045413671513,528.8423615109186
15,11.816227,-20.10495,1022,55,7.007931704520116e-05,13.800651759148161,2,CD,CD,1,1,0,15,51,10.19805978984111,520.1010492818966
character,4.4975,-8.555891,1023,55,7.007931704520116e-05,13.800651759148161,9,NN,NN,1,1,0,charact,51,10.19805978984111,520.1010492818966
blue,4.9339647,-2.8663888,1024,55,7.007931704520116e-05,13.800651759148161,4,NN,JJ,3,5,0,blue,55,10.089125418287946,554.901898005837
interested,-9.443925,3.8536048,1025,55,7.007931704520116e-05,13.800651759148161,10,JJ,JJ,2,3,0,interest,52,10.170045413671513,528.8423615109186
elevator,14.894813,0.2522857,1026,55,7.007931704520116e-05,13.800651759148161,8,NN,NN,2,3,0,elev,52,10.170045413671513,528.8423615109186
employee,10.993648,-10.301157,1027,55,7.007931704520116e-05,13.800651759148161,8,NN,NN,1,2,0,employe,52,10.170045413671513,528.8423615109186
engaged,-10.389728,4.347042,1028,55,7.007931704520116e-05,13.800651759148161,7,VB,VBN,3,4,0,engag,54,10.115597629649137,546.2422720010534
candy,9.791256,2.5783925,1029,55,7.007931704520116e-05,13.800651759148161,5,NN,NN,3,3,0,candi,52,10.170045413671513,528.8423615109186
theyre,2.4955587,-5.7323704,1030,55,7.007931704520116e-05,13.800651759148161,6,NN,NNP,3,6,0,theyr,52,10.170045413671513,528.8423615109186
20,11.704081,-20.236942,1031,54,6.880514764437932e-05,13.827123970509351,2,CD,CD,1,1,0,20,49,10.255775287697398,502.5329890971725
history,9.143754,-11.865286,1032,54,6.880514764437932e-05,13.827123970509351,7,NN,NN,1,2,0,histori,51,10.19805978984111,520.1010492818966
prison,-9.804072,-1.3222547,1033,54,6.880514764437932e-05,13.827123970509351,6,NN,NN,2,3,0,prison,41,10.512933127194522,431.0302582149754
plays,12.176636,16.98599,1034,54,6.880514764437932e-05,13.827123970509351,5,VB,VBZ,2,2,0,play,52,10.170045413671513,528.8423615109186
service,11.356407,-13.551519,1035,54,6.880514764437932e-05,13.827123970509351,7,NN,NN,2,3,0,servic,52,10.170045413671513,528.8423615109186
catch,-28.684282,1.1209327,1036,54,6.880514764437932e-05,13.827123970509351,5,VB,VB,2,4,0,catch,51,10.19805978984111,520.1010492818966
shake,7.9473195,11.417774,1037,54,6.880514764437932e-05,13.827123970509351,5,VB,VB,2,4,0,shake,46,10.346923175755592,475.9584660847572
join,-29.942467,1.9533002,1038,54,6.880514764437932e-05,13.827123970509351,4,VB,VB,2,4,0,join,54,10.115597629649137,546.2422720010534
test,10.354997,-8.712723,1039,54,6.880514764437932e-05,13.827123970509351,4,NN,NN,2,4,0,test,52,10.170045413671513,528.8423615109186
copy,9.889466,-7.024745,1040,54,6.880514764437932e-05,13.827123970509351,4,NN,NN,2,4,0,copi,51,10.19805978984111,520.1010492818966
apparently,-10.465599,-12.979156,1041,53,6.753097824355749e-05,13.85409101810962,10,RB,RB,1,1,0,appar,53,10.142564677249407,537.5559278942186
record,12.117245,-5.3351088,1042,53,6.753097824355749e-05,13.85409101810962,6,NN,NN,2,2,0,record,51,10.19805978984111,520.1010492818966
straight,8.386571,3.5420108,1043,53,6.753097824355749e-05,13.85409101810962,8,VB,JJ,5,8,0,straight,50,10.22662894203788,511.331447101894
lie,-24.87587,-0.38725486,1044,53,6.753097824355749e-05,13.85409101810962,3,VB,VB,2,6,0,lie,48,10.28552263109145,493.7050862923896
afternoon,8.817017,-10.3523245,1045,53,6.753097824355749e-05,13.85409101810962,9,NN,NN,1,2,0,afternoon,53,10.142564677249407,537.5559278942186
knock,21.117613,15.759865,1046,53,6.753097824355749e-05,13.85409101810962,5,NN,NN,2,5,0,knock,40,10.548557036925244,421.9422814770098
literally,-13.353954,-3.4314423,1047,53,6.753097824355749e-05,13.85409101810962,9,RB,RB,2,2,0,liter,53,10.142564677249407,537.5559278942186
copier,15.19526,-7.7371073,1048,53,6.753097824355749e-05,13.85409101810962,6,NN,NN,3,4,0,copier,51,10.19805978984111,520.1010492818966
pounds,4.5015416,-4.546597,1049,53,6.753097824355749e-05,13.85409101810962,6,NN,NNS,2,2,0,pound,49,10.255775287697398,502.5329890971725
falls,21.688158,10.66106,1050,53,6.753097824355749e-05,13.85409101810962,5,VB,VBZ,2,3,0,fall,50,10.22662894203788,511.331447101894
simple,-2.244696,-4.483809,1051,53,6.753097824355749e-05,13.85409101810962,6,JJ,JJ,2,3,0,simpl,52,10.170045413671513,528.8423615109186
smell,-19.901653,-2.1705763,1052,53,6.753097824355749e-05,13.85409101810962,5,VB,VB,2,5,0,smell,49,10.255775287697398,502.5329890971725
awful,-8.945424,0.4860096,1053,53,6.753097824355749e-05,13.85409101810962,5,JJ,JJ,3,3,0,aw,51,10.19805978984111,520.1010492818966
sandwich,11.054301,-6.214185,1054,53,6.753097824355749e-05,13.85409101810962,8,NN,NN,3,4,0,sandwich,48,10.28552263109145,493.7050862923896
key,12.993141,-5.809084,1055,53,6.753097824355749e-05,13.85409101810962,3,NN,NN,3,5,0,key,50,10.22662894203788,511.331447101894
5,4.7438483,0.8027116,1056,53,6.753097824355749e-05,13.85409101810962,1,CD,CD,1,1,0,5,47,10.315896280134968,484.8471251663435
died,-10.854048,-13.188339,1057,52,6.625680884273564e-05,13.881571754531729,4,VB,VBD,1,2,0,die,49,10.255775287697398,502.5329890971725
become,-21.84147,-0.8065305,1058,52,6.625680884273564e-05,13.881571754531729,6,VB,VB,3,5,0,becom,48,10.28552263109145,493.7050862923896
corner,17.003271,-5.3003,1059,52,6.625680884273564e-05,13.881571754531729,6,NN,NN,2,3,0,corner,48,10.28552263109145,493.7050862923896
philly,5.4527254,3.2510955,1060,52,6.625680884273564e-05,13.881571754531729,6,NN,NNP,2,2,0,philli,50,10.22662894203788,511.331447101894
beet,10.845106,-8.722438,1061,52,6.625680884273564e-05,13.881571754531729,4,NN,NN,2,2,0,beet,44,10.411053513175307,458.08635457971354
race,5.584673,-4.3691645,1062,52,6.625680884273564e-05,13.881571754531729,4,NN,NN,1,2,0,race,48,10.28552263109145,493.7050862923896
act,-20.771631,-1.456633,1063,52,6.625680884273564e-05,13.881571754531729,3,NN,NN,3,5,0,act,50,10.22662894203788,511.331447101894
others,6.59477,8.30108,1064,52,6.625680884273564e-05,13.881571754531729,6,NN,NNS,2,3,0,other,49,10.255775287697398,502.5329890971725
vance,11.506755,16.481667,1065,52,6.625680884273564e-05,13.881571754531729,5,NN,NNP,1,2,0,vanc,43,10.444220377110508,449.10147621575186
imitating,12.099679,18.358534,1066,52,6.625680884273564e-05,13.881571754531729,9,VB,VBG,2,2,0,imit,52,10.170045413671513,528.8423615109186
file,13.167495,-6.2859197,1067,52,6.625680884273564e-05,13.881571754531729,4,NN,NN,3,5,0,file,47,10.315896280134968,484.8471251663435
valentine,16.727032,-20.142216,1068,52,6.625680884273564e-05,13.881571754531729,9,NN,NNP,1,2,0,valentin,50,10.22662894203788,511.331447101894
giggles,4.2604,20.826416,1069,52,6.625680884273564e-05,13.881571754531729,7,NN,NNS,2,3,0,giggl,51,10.19805978984111,520.1010492818966
committee,12.383671,-12.036996,1070,52,6.625680884273564e-05,13.881571754531729,9,NN,NN,1,2,0,committe,49,10.255775287697398,502.5329890971725
honey,2.9869356,20.148006,1071,52,6.625680884273564e-05,13.881571754531729,5,NN,NN,3,4,0,honey,51,10.19805978984111,520.1010492818966
finish,-28.79603,3.362011,1072,52,6.625680884273564e-05,13.881571754531729,6,VB,VB,4,5,0,finish,50,10.22662894203788,511.331447101894
la,12.465354,19.089266,1073,51,6.49826394419138e-05,13.909586130701324,2,NN,NNP,4,5,0,la,21,11.478167709033846,241.04152188971076
shower,6.519326,-4.5752907,1074,51,6.49826394419138e-05,13.909586130701324,6,NN,NN,3,4,0,shower,43,10.444220377110508,449.10147621575186
arms,20.8007,-2.0731122,1075,51,6.49826394419138e-05,13.909586130701324,4,NN,NNS,1,1,0,arm,48,10.28552263109145,493.7050862923896
living,5.2102695,2.7348626,1076,51,6.49826394419138e-05,13.909586130701324,6,NN,NN,3,3,0,live,48,10.28552263109145,493.7050862923896
form,12.068821,-8.805173,1077,51,6.49826394419138e-05,13.909586130701324,4,NN,NN,2,3,0,form,51,10.19805978984111,520.1010492818966
carol,7.1636066,19.248966,1078,51,6.49826394419138e-05,13.909586130701324,5,NN,NNP,3,4,0,carol,46,10.346923175755592,475.9584660847572
romantic,-1.0680057,-5.4856133,1079,51,6.49826394419138e-05,13.909586130701324,8,JJ,JJ,1,1,0,romant,49,10.255775287697398,502.5329890971725
closed,11.0946245,0.68896765,1080,51,6.49826394419138e-05,13.909586130701324,6,VB,VBD,2,3,0,close,48,10.28552263109145,493.7050862923896
lead,-24.800528,2.1147203,1081,51,6.49826394419138e-05,13.909586130701324,4,NN,NN,3,5,0,lead,48,10.28552263109145,493.7050862923896
forever,6.6551833,5.0510406,1082,51,6.49826394419138e-05,13.909586130701324,7,RB,RB,3,3,0,forev,50,10.22662894203788,511.331447101894
disgusting,-8.116437,-0.013119374,1083,51,6.49826394419138e-05,13.909586130701324,10,VB,VBG,3,3,0,disgust,50,10.22662894203788,511.331447101894
hat,12.66612,0.15086226,1084,51,6.49826394419138e-05,13.909586130701324,3,NN,NN,5,5,0,hat,45,10.37863203548293,467.03844159673184
finger,20.454525,-1.2135724,1085,51,6.49826394419138e-05,13.909586130701324,6,NN,NN,4,6,0,finger,47,10.315896280134968,484.8471251663435
fax,-27.289713,3.5621967,1086,51,6.49826394419138e-05,13.909586130701324,3,NN,NN,2,5,0,fax,43,10.444220377110508,449.10147621575186
invited,-17.87487,-5.3611484,1087,51,6.49826394419138e-05,13.909586130701324,7,VB,VBD,2,3,0,invit,42,10.478167709033846,440.08304377942153
uhhuh,6.282404,17.493399,1088,51,6.49826394419138e-05,13.909586130701324,5,JJ,JJ,2,2,0,uhhuh,50,10.22662894203788,511.331447101894
state,12.515691,-9.994295,1089,50,6.370847004109197e-05,13.938155282898096,5,NN,NN,1,2,0,state,47,10.315896280134968,484.8471251663435
hire,-28.452238,0.013042883,1090,50,6.370847004109197e-05,13.938155282898096,4,VB,VB,2,4,0,hire,50,10.22662894203788,511.331447101894
sing,-24.92215,1.4951446,1091,50,6.370847004109197e-05,13.938155282898096,4,VB,VBG,1,3,0,sing,47,10.315896280134968,484.8471251663435
looked,-10.824674,-15.883886,1092,50,6.370847004109197e-05,13.938155282898096,6,VB,VBD,1,2,0,look,48,10.28552263109145,493.7050862923896
total,3.6114912,-4.013619,1093,50,6.370847004109197e-05,13.938155282898096,5,JJ,JJ,2,3,0,total,47,10.315896280134968,484.8471251663435
toward,19.935242,15.559312,1094,50,6.370847004109197e-05,13.938155282898096,6,IN,IN,1,1,0,toward,50,10.22662894203788,511.331447101894
bleep,5.7948513,20.169579,1095,50,6.370847004109197e-05,13.938155282898096,5,NN,NN,3,4,0,bleep,45,10.37863203548293,467.03844159673184
smile,7.3952036,9.357846,1096,50,6.370847004109197e-05,13.938155282898096,5,NN,NN,3,5,0,smile,48,10.28552263109145,493.7050862923896
names,8.213262,-17.331717,1097,50,6.370847004109197e-05,13.938155282898096,5,NN,NNS,3,3,0,name,43,10.444220377110508,449.10147621575186
safe,-11.558685,-1.6824305,1098,50,6.370847004109197e-05,13.938155282898096,4,JJ,JJ,2,2,0,safe,48,10.28552263109145,493.7050862923896
tie,10.595093,-2.5612245,1099,50,6.370847004109197e-05,13.938155282898096,3,NN,NN,3,7,0,tie,49,10.255775287697398,502.5329890971725
private,12.791722,-9.827171,1100,50,6.370847004109197e-05,13.938155282898096,7,JJ,JJ,1,1,0,privat,47,10.315896280134968,484.8471251663435
blow,-27.692125,1.9657185,1101,50,6.370847004109197e-05,13.938155282898096,4,VB,VB,3,5,0,blow,48,10.28552263109145,493.7050862923896
training,6.473243,-10.655292,1102,50,6.370847004109197e-05,13.938155282898096,8,NN,NN,2,3,0,train,49,10.255775287697398,502.5329890971725
changed,-12.963837,-17.610645,1103,50,6.370847004109197e-05,13.938155282898096,7,VB,VBD,2,4,0,chang,50,10.22662894203788,511.331447101894
rather,-22.18286,-1.9651242,1104,50,6.370847004109197e-05,13.938155282898096,6,RB,RB,2,2,0,rather,49,10.255775287697398,502.5329890971725
experience,7.8795877,-14.210348,1105,50,6.370847004109197e-05,13.938155282898096,10,NN,NN,3,4,0,experi,48,10.28552263109145,493.7050862923896
known,-4.580813,-18.044868,1106,50,6.370847004109197e-05,13.938155282898096,5,VB,VBN,2,3,0,known,49,10.255775287697398,502.5329890971725
lying,-9.389701,3.3976076,1107,50,6.370847004109197e-05,13.938155282898096,5,VB,VBG,2,2,0,lie,48,10.28552263109145,493.7050862923896
light,14.739264,-4.5228457,1108,50,6.370847004109197e-05,13.938155282898096,5,NN,NN,3,5,0,light,47,10.315896280134968,484.8471251663435
double,7.952249,3.9785593,1109,50,6.370847004109197e-05,13.938155282898096,6,JJ,JJ,4,5,0,doubl,43,10.444220377110508,449.10147621575186
