season,episode,scene,sentiment
1,1,1,0.5834852744920345
1,1,2,0.04195966146571374
1,1,3,0.44792039440548437
1,1,4,0.11075084912170288
1,1,6,0.19961414296732424
1,1,7,0.7953363114517387
1,1,10,-0.1240835201843625
1,1,11,-0.6716728843571658
1,1,15,-0.23702459514858187
1,1,16,0.10225781675057057
1,1,17,-2.905639404592255
1,1,18,0.09273274008083457
1,1,19,-0.49154834460259067
1,1,20,-0.2672749235835951
1,1,21,0.21046184831044112
1,1,22,0.2673839245489916
1,1,23,0.07588676987433754
1,1,24,-0.05596892002987269
1,1,25,-0.46013825139246495
1,1,26,0.2464343754734756
1,1,27,0.2592035089084604
1,1,29,-0.45161856789750815
1,1,30,0.04149722813913489
1,1,31,0.26751400325925734
1,1,32,-0.15823367135507563
1,1,33,2.4984819001552268
1,1,34,0.3263096009564238
1,1,35,0.2507299403006016
1,1,37,-0.40610531324666665
1,1,38,0.051263904604561025
1,1,39,1.9584752768136902
1,1,40,-0.26022415213110844
1,1,43,0.409569602023686
1,1,44,0.01820904283202991
1,1,45,-0.032513717610152724
1,1,46,-0.07173328091946891
1,1,47,-0.1564294949369222
1,1,48,-0.28877234718533484
1,1,50,-0.6340530111498777
1,1,51,0.15630260629895473
1,2,1,0.7561284960437281
1,2,2,0.005467430756318054
1,2,3,-0.7185041379230636
1,2,4,0.07230330104106715
1,2,5,1.2725380983227819
1,2,6,0.4810017139816135
1,2,7,0.20646402566732283
1,2,8,0.10266052639987125
1,2,11,-0.24715900670489926
1,2,12,0.31402761291622316
1,2,13,-0.9142564677249407
1,2,14,0.057814162363800076
1,2,15,0.08153964421453508
1,2,16,0.1269994385229597
1,2,17,-0.15365458624659725
1,2,18,0.19471097333492585
1,2,19,0.06253469097972325
1,2,20,-0.03231203125901447
1,2,21,0.29863812767340414
1,2,22,-0.010247504611529937
1,2,23,0.7211073137104558
1,2,24,-0.801806661276428
1,2,25,-0.08902015647472088
1,2,26,-0.04714587673910058
1,2,27,0.051908420302513206
1,2,28,0.7160801409911759
1,2,29,-1.4939211391060843
1,2,30,-0.6729338039122994
1,2,32,0.8252841565747743
1,2,34,0.1547777857285967
1,2,35,0.273046401349124
1,2,36,0.07382881063346969
1,2,38,0.041607149052593266
1,2,39,-0.09717470848637434
1,2,40,0.2188244876513845
1,2,41,0.10756054033806071
1,2,42,0.8476848060905794
1,2,44,-0.43305158830918283
1,2,45,1.1700441028920552
1,2,46,-0.23664369057949822
1,3,2,0.16338868311294624
1,3,3,0.10765580006924963
1,3,4,-0.828552263109145
1,3,5,0.254183982754371
1,3,8,0.42287172390340483
1,3,10,-0.05849751910164458
1,3,11,0.030771822062045
1,3,12,0.8303451644432156
1,3,13,-0.6274278518462623
1,3,14,-0.32534618992938674
1,3,15,-2.6853005287169096
1,3,16,0.7256973445442895
1,3,17,-0.36429822673104034
1,3,18,0.018561745682731945
1,3,19,-0.13031890938678775
1,3,20,0.31052987600449894
1,3,21,0.15963096493066506
1,3,22,-0.5161506052602587
1,3,23,-0.19912829224337306
1,3,24,-0.013932795886765187
1,3,25,-0.44905041548899255
1,3,26,-3.9676212829531514
1,3,27,-0.08746546308997662
1,3,28,0.34035349644659174
1,3,29,0.16419239239134795
1,3,30,0.24424033442135487
1,3,31,0.08944330175344095
1,3,32,0.15827445084366568
1,3,33,0.4964050891492731
1,3,34,0.3599142649801968
1,3,35,0.3729777160450821
1,3,36,0.37772648659254593
1,3,37,0.6871094005143763
1,3,38,0.19436241598274487
1,3,41,-0.29944311569457743
1,3,43,0.14176160873428784
1,3,44,-0.5636469842409578
1,3,45,1.9652182024908305
1,3,46,-0.0809935415782065
1,3,47,-0.3207407491339198
1,3,48,0.004213904583777261
1,4,1,-0.3052915813413108
1,4,2,-0.07440409659225922
1,4,3,-0.05030359492528501
1,4,5,0.24954508362166156
1,4,6,1.5303136209290353
1,4,7,-0.3786882036744288
1,4,8,0.8727247847049948
1,4,9,0.4240286199297449
1,4,10,0.49190532073828785
1,4,11,-0.7575474860603194
1,4,13,0.3941918140259298
1,4,15,0.9829670448568465
1,4,16,0.014369987323062577
1,4,19,0.49148352242842325
1,4,20,0.5615372043519014
1,4,21,1.207286202734988
1,4,22,-0.3302729548739025
1,4,23,0.7685093930137713
1,4,24,4.738720716780624
1,4,25,0.7500100343524334
1,4,26,0.01287014915928895
1,4,27,0.2800639644360256
1,4,28,0.17609497344992828
1,4,29,2.9359230170932245
1,4,30,0.22704902936430163
1,4,31,-0.5956041850956523
1,4,32,3.7119469353390455
1,4,33,1.228708806071058
1,4,35,1.15240406188854
1,4,36,-0.13805548132617299
1,4,39,0.29752183539846533
1,4,40,0.1472752406738728
1,4,41,0.03675467435221017
1,4,42,-0.30452389156479814
1,4,44,0.0
1,4,45,0.5611069350622977
1,4,46,2.0764609058350305
1,4,47,0.2985902021894624
1,4,48,0.19307095511250078
1,4,49,0.15042711784964352
1,4,50,0.16583450010152156
1,4,51,-1.1189646808735432
1,4,53,0.05305644132394579
1,4,54,0.2772729784755073
1,4,55,0.4891331078530463
1,4,56,0.2420547271770067
1,4,57,-0.8103292884650859
1,4,58,-0.1429163834880173
1,4,59,0.10705918359790055
1,5,1,0.5369836008893394
1,5,2,0.140777621041171
1,5,3,-0.06243487636023726
1,5,4,0.2208565930224781
1,5,5,0.2691592902849986
1,5,6,-0.027693424292010937
1,5,7,0.0
1,5,8,-0.27882208660132957
1,5,9,0.16035752874025258
1,5,10,-0.0733206934320291
1,5,11,-0.1579654528115567
1,5,12,0.6636935930437871
1,5,13,-0.7431562897064351
1,5,14,0.42727123343586026
1,5,15,0.248439436397344
1,5,16,0.0997106814891587
1,5,17,0.4485632992892106
1,5,18,3.506004099318125
1,5,19,-0.1693710375012503
1,5,20,-1.4111733478189215
1,5,22,-0.848302392791325
1,5,23,0.25078939180203225
1,5,24,-3.7348028477652107
1,5,25,-1.1125004596316703
1,5,26,0.0
1,5,27,0.20838247160953108
1,5,29,-0.44070419940326816
1,5,30,-1.016448233235612
1,5,31,-1.4320325302997399
1,5,32,0.0
1,5,34,-0.862321944764439
1,5,35,1.1650918523279272
1,5,36,-0.10335518780687143
1,5,38,-0.3418840850370785
1,5,39,-0.22242764322066963
1,5,40,-0.1255277938796222
1,5,42,0.013802603734307297
1,5,43,0.4189960685016698
1,5,44,0.1768401624468503
1,5,45,-0.5861321531521649
1,5,46,0.015316567136081385
1,5,47,0.19013271592796338
1,5,48,0.031039500872508625
1,5,49,0.20193409072309526
1,5,50,0.21729276111533735
1,5,51,-0.5714466420892326
1,5,53,-0.3888052633626906
1,6,1,0.3505076716348018
1,6,2,-1.9976364609554356
1,6,3,-0.16800509230437602
1,6,5,-0.022612182080408084
1,6,6,-1.1411053513175309
1,6,8,0.5127753493728484
1,6,9,0.4526176713727094
1,6,12,-1.0217011430710652
1,6,13,-0.31255682993650574
1,6,14,-0.2564216919820076
1,6,15,0.14708175957656316
1,6,16,1.6144392012976538
1,6,18,0.09317403014318033
1,6,19,0.14355687770173436
1,6,20,-0.6187518479913567
1,6,21,-0.1940008257031184
1,6,22,2.8589016604391957
1,6,23,0.6575770597851273
1,6,24,1.1750643458636385
1,6,25,0.267033164340146
1,6,26,-0.46782943545597616
1,6,27,0.34357120524758655
1,6,28,0.3591046702519802
1,6,29,1.249792582366136
1,6,30,-1.494636983049206
1,6,32,0.47850540495110855
1,6,34,0.08657311783307327
1,6,35,0.2464261522284054
1,6,36,0.14427183203631658
1,6,37,-0.059697617168881355
1,6,38,-0.1140563266391776
1,6,39,0.1663753894256197
1,6,40,0.17681886592481194
1,6,41,0.5644999155386828
1,6,42,-0.3722021392203381
1,6,43,0.11713454896429977
1,6,46,-0.014228306535543087
1,6,47,0.6810334724304865
2,1,1,0.07945907168459829
2,1,3,-0.3967571687626765
2,1,4,-1.3630669943931695
2,1,5,-0.1362066618719326
2,1,8,0.5446744148753057
2,1,10,-0.3130604672935818
2,1,11,1.0736825015454443
2,1,12,0.7338760699068834
2,1,13,0.0859306414318826
2,1,14,0.010439548374342383
2,1,15,-2.6459500271604774
2,1,16,0.37404337080573236
2,1,17,0.3317910526158532
2,1,18,-0.12558153269613706
2,1,19,0.11953774718770696
2,1,20,-0.024669099718487596
2,1,21,-0.0230842720614699
2,1,22,0.013161701559613687
2,1,23,0.22845113938619535
2,1,24,-0.13633278414397917
2,1,26,0.4918645658845912
2,1,31,1.145057551269389
2,1,35,-0.4230432469339317
2,1,36,0.5922795425657587
2,1,37,0.5349870537004491
2,1,38,0.370386279823022
2,1,39,0.32375045863826146
2,1,41,0.5653264270982967
2,1,42,0.1247223643394135
2,1,43,1.4654513781966267
2,1,44,0.6482247855133478
2,1,45,-0.5449408726616106
2,1,46,0.38361436124527276
2,1,47,0.7378838632328945
2,1,48,0.5496405712782994
2,1,50,0.27607214327353274
2,1,51,0.9728249304153922
2,1,52,-0.003945964658022771
2,1,53,2.061328201543129
2,1,54,-0.13018798015307517
2,1,55,3.0749182250451024
2,1,56,-0.6790550632300383
2,1,57,-3.0081860758243426
2,1,58,0.05235113476453943
2,1,59,0.4677374455544598
2,1,60,0.4498662250328518
2,1,61,0.20584302673637536
2,1,63,-0.37499033953156546
2,1,64,0.0016049060427560102
2,1,65,-0.15344561339146556
2,1,66,0.006040701591526282
2,1,67,-0.82624631652828
2,1,68,0.8266702866830081
2,1,69,-0.13456059624404487
2,1,70,0.20381009701799271
2,1,71,-0.16689822475342653
2,1,76,0.35166184088639
2,1,77,0.8266634719261681
2,1,78,2.930221510770685
2,1,79,0.9287581012455736
2,1,80,-0.494459297031782
2,2,1,1.5870485131812606
2,2,3,-0.017437583451491014
2,2,5,-1.1834151006644311
2,2,7,-0.5489908702586541
2,2,8,-0.780462082995487
2,2,10,1.1234802603063456
2,2,11,0.0724387312480817
2,2,12,0.5686861288121212
2,2,13,0.4172362226206875
2,2,15,-0.24770814750255973
2,2,16,-0.15361711547119758
2,2,17,-0.034004225668122376
2,2,18,-0.32077801448885246
2,2,21,0.15831488010126804
2,2,22,0.11067471031099516
2,2,23,-1.1349202555228042
2,2,24,0.2058688254713069
2,2,26,0.1266665128269668
2,2,27,3.276556816189488
2,2,28,-1.6705773822960637
2,2,30,-0.44939660114102425
2,2,31,-0.975384196159575
2,2,33,-0.49099802665047276
2,2,34,0.619582287389654
2,2,35,-0.013905810512614228
2,2,36,0.020017952598731657
2,2,38,2.2543550603617146
2,2,39,0.6898661366260512
2,2,40,1.580447172822143
2,2,41,0.12517538945753787
2,2,42,0.28928265610033593
2,2,43,-0.4316967957071834
2,2,44,0.05852837973183745
2,2,46,0.8167549440031049
2,2,47,-0.3186590351675436
2,2,49,-0.5114273497903014
2,2,50,-0.03590621317914602
2,2,51,0.05171475824839855
2,3,1,0.18220690534417017
2,3,2,0.06709322038121679
2,3,4,-0.058749669875633265
2,3,5,0.3239667719328299
2,3,6,0.9422867266806753
2,3,7,-0.011536303493553508
2,3,8,-0.27656224205303054
2,3,9,0.577246684731229
2,3,10,0.06387435050667022
2,3,11,2.1466705268707345
2,3,12,0.5894820399748836
2,3,14,-0.03335808880560075
2,3,15,0.1991354698871463
2,3,16,0.7711521559851168
2,3,18,-0.4897178002402011
2,3,19,0.17086979817363815
2,3,20,0.4298290116722903
2,3,22,-0.2972512480342257
2,3,23,-0.7325909041585359
2,3,26,0.00763390707999255
2,3,28,-0.6477943609814725
2,3,29,0.18302836384309243
2,3,30,-0.429282744414114
2,3,31,0.38068497057801
2,3,32,1.9747450340654487
2,3,34,0.32120897476376375
2,3,36,-1.4308471521583928
2,3,37,0.7058879524412983
2,3,38,0.9182689861886241
2,3,39,0.14506943033087588
2,3,40,1.5685696296156555
2,3,41,0.36376380027231686
2,3,42,1.0038237362906346
2,3,46,0.22015012345482882
2,3,49,1.3269630863532818
2,3,50,0.763110915445917
2,3,51,-0.23602658779412455
2,3,53,0.0034486529926906298
2,3,54,0.06590829024509684
2,3,55,0.44680320220765746
2,3,56,-0.25107644336640755
2,3,57,-0.11158475823710168
2,3,59,0.6042089688852587
2,3,60,-0.5821410760830162
2,3,62,0.18790469637478968
2,3,63,-0.256394382192435
2,3,64,-0.01601738976672995
2,3,65,-0.42925414564751785
2,4,2,-0.1637463011217569
2,4,4,0.5616841016868477
2,4,6,-0.13447659823557567
2,4,8,0.0
2,4,10,-0.7641669412753355
2,4,11,0.20198056485084326
2,4,12,-2.4157428667364393
2,4,13,-1.5428982913253169
2,4,14,-0.22580928394875407
2,4,15,0.0
2,4,16,0.7328300154305696
2,4,17,0.3244250362117145
2,4,21,0.07157259513832886
2,4,23,0.08130527137354927
2,4,24,0.14139312203586465
2,4,26,-0.5404324456878601
2,4,27,0.4802720404023964
2,4,29,0.9077212940934712
2,4,30,0.1334667395050052
2,4,31,-0.6851814404341379
2,4,33,0.0
2,4,34,1.605696082323779
2,4,35,0.1747890691027223
2,4,36,-0.19299208703147025
2,4,37,0.6245561088244106
2,4,38,0.1822850275178983
2,4,39,1.183165943718668
2,4,40,-0.43751029670211555
2,4,41,-0.7113910186219449
2,4,42,0.1842124335738387
2,4,44,-0.09936099375980517
2,4,45,-0.43264951354637077
2,4,46,0.2997378635017292
2,4,51,0.0
2,4,56,-0.5155343392492714
2,4,58,0.9055439534755543
2,4,59,0.2391875110075775
2,4,61,0.44417527065097095
2,4,62,0.3262679529376865
2,4,64,0.3771272096306471
2,4,66,1.5906726229034773
2,4,68,3.286116001492828
2,4,69,0.03395472738994673
2,5,1,1.0185333699992785
2,5,2,-0.6550970069601542
2,5,3,-0.6897948783837061
2,5,4,0.25126813315203345
2,5,5,0.44728605832716584
2,5,6,0.6898112113227093
2,5,7,-0.13324489163890105
2,5,8,1.501516809634252
2,5,9,0.055756431419269
2,5,10,-1.9696234637568304
2,5,12,1.2962879984821254
2,5,14,2.27872971295319
2,5,18,0.12726489631050766
2,5,19,-0.21969428516265946
2,5,20,-0.18568529973463302
2,5,21,0.16711263329434595
2,5,22,0.3633762809717863
2,5,23,0.591582971859334
2,5,24,-0.054980244507091866
2,5,25,0.35734109131270425
2,5,26,-0.03055981053341117
2,5,27,0.5536909514175982
2,5,28,0.03398433172561034
2,5,29,-0.6163457322410916
2,5,30,-1.0274291800792097
2,5,32,-0.9676619950980742
2,5,33,-0.36773693132053875
2,5,34,-0.055639833596803766
2,5,36,-0.495137323037961
2,5,37,-0.30935237046119185
2,5,38,-0.22126638310933391
2,5,39,0.04481735832420451
2,5,40,0.047913152699231354
2,5,41,0.3735147198490589
2,5,42,0.37061175445539063
2,5,43,-0.3987060457763744
2,5,44,-0.5974605123379484
2,5,45,-0.5445243598507344
2,5,47,-0.22719802162196387
2,5,48,0.5575869616310036
2,5,49,-0.04764611076859397
2,5,50,0.5609520678296673
2,5,51,-0.4956828377270868
2,6,1,-1.11181159809156
2,6,2,0.8266702866830081
2,6,3,-0.1896885288994468
2,6,5,-0.02589118255135059
2,6,6,-0.22934616111917033
2,6,8,-0.6005817638513319
2,6,9,-1.0011367396986395
2,6,10,-0.33933054658789713
2,6,12,-0.3231916243425955
2,6,14,-0.31947775428311315
2,6,15,-0.023659050402420743
2,6,16,-0.8540673517468307
2,6,17,-0.6142761315545725
2,6,19,-0.07093631951914574
2,6,20,-0.14298006229025925
2,6,21,-0.42919024552256957
2,6,22,-1.4514589121950001
2,6,23,0.23691855240708495
2,6,24,0.04065252049579058
2,6,25,-0.04749530924269411
2,6,26,-0.29234552336028585
2,6,27,-0.3814989431075862
2,6,28,0.273046401349124
2,6,29,-1.0239831867513924
2,6,30,-0.3287844009122239
2,6,31,-4.021043403251667
2,6,32,0.6099231684727174
2,6,33,-0.01197697426581133
2,6,34,0.6595470138875127
2,6,36,-0.33094171259438254
2,6,37,-0.12352571445999934
2,6,38,0.6837183525131598
2,6,39,1.1243550188303721
2,6,40,0.3089181658100479
2,6,41,0.8301826870263586
2,6,42,0.01612107432789464
2,6,43,-0.10388816396174233
2,6,44,-0.3984292724720222
2,6,45,0.04527549021170461
2,6,46,1.2091798195666748
2,7,1,1.478519035047545
2,7,5,-0.04527128439519562
2,7,6,0.3086519853179134
2,7,7,-0.3629013352535425
2,7,8,-0.7142761315545725
2,7,9,0.3528512596621494
2,7,10,-0.5112091370049677
2,7,12,0.3751167291674739
2,7,13,-0.6344247740933294
2,7,14,1.6406872519561948
2,7,16,-0.09760948780649731
2,7,17,-0.1397663003383832
2,7,18,0.4557834031009544
2,7,19,0.13951039467630752
2,7,20,0.125251214864246
2,7,21,-0.2509751709865324
2,7,22,1.15629147462541
2,7,23,1.5993170891274122
2,7,24,0.21667092684971048
2,7,25,-0.44207885050957707
2,7,27,-0.2793649587538237
2,7,28,-0.08067506556990217
2,7,30,-0.17939490664331434
2,7,31,0.17497308217434818
2,7,32,-0.05898750825050533
2,7,33,0.6252267576894847
2,7,34,-2.730982419492692
2,7,35,0.4248601443525269
2,7,36,0.14148315430042122
2,7,37,-0.21927189072408176
2,7,39,0.019035505824384905
2,7,40,0.26119462030449814
2,7,41,0.5731308280972264
2,7,42,-0.04456277609770402
2,7,43,0.5837005894772545
2,7,44,0.3388307245673845
2,7,45,0.26321894117633443
2,7,46,0.6326436173539303
2,7,47,-1.552683803402318
2,7,49,0.7809836021807339
2,7,51,-0.812074176061453
2,7,52,-0.011116713432514885
2,8,1,1.1500073385982699
2,8,3,0.21466224294229672
2,8,4,0.385547494875264
2,8,5,0.10205755378799146
2,8,6,-0.07037690476931832
2,8,7,-0.24816428007923613
2,8,9,-0.1563456257422564
2,8,10,1.843855034959167
2,8,12,0.273046401349124
2,8,13,0.30843373331499774
2,8,15,-0.01188047462621635
2,8,16,1.0952450843793047
2,8,17,-0.8639500873397816
2,8,19,0.4120115624143457
2,8,20,0.30177738134789994
2,8,21,-0.19877062196304696
2,8,22,-0.34816531413412993
2,8,23,0.07693692169367661
2,8,24,0.2648427161543824
2,8,25,-0.08153900243200518
2,8,26,-1.13311775442679
2,8,27,0.06216202258487311
2,8,28,-0.1859328689638561
2,8,29,0.1786562002264391
2,8,30,2.0729466874145492
2,8,31,-0.5856228683938426
2,8,32,-0.9484809804439583
2,8,33,0.11987402986059104
2,8,34,-0.780462082995487
2,8,37,-0.031213198977664794
2,8,38,0.5897802269141078
2,8,39,0.07608616877794154
2,8,41,0.10481329838354893
2,8,42,-0.173283017412116
2,8,43,0.7262808462929973
2,8,44,0.12935669056213359
2,8,45,-1.3433121740230611
2,8,46,-0.078321946907083
2,8,47,0.17234316601958233
2,8,49,0.07043593536754038
2,8,50,0.0
2,8,52,0.0
2,9,1,-0.5301223152526047
2,9,4,-0.5219880751039964
2,9,5,0.04616306878081657
2,9,6,-0.01644488100032352
2,9,7,0.0070485001313561795
2,9,8,-1.2316870033568403
2,9,9,0.3276556816189488
2,9,10,-0.13013816891469135
2,9,11,0.9686030444721447
2,9,12,0.20235852380869984
2,9,15,-0.14972155784728872
2,9,16,1.3201441851866953
2,9,17,0.09528514823760027
2,9,18,0.41641365002587116
2,9,19,1.7928993569254925
2,9,20,-0.030989215004296595
2,9,21,-0.704530488844192
2,9,22,0.30141238814345067
2,9,24,0.03509939641324627
2,9,25,-0.6211150986374215
2,9,26,-0.1305571820639077
2,9,27,0.2825279956132798
2,9,28,-0.9655749757897137
2,9,29,0.7570873606948592
2,9,30,0.15856370781100992
2,9,32,-0.05046436820790531
2,9,33,-1.062177509415186
2,9,34,-0.26906451084793354
2,9,35,0.27135352309214616
2,9,36,0.20697134080133853
2,9,38,0.09682216424167397
2,9,40,-0.6621844569322176
2,9,41,0.819139204047372
2,9,42,-0.26802445630196714
2,9,43,-0.19461622617096638
2,9,45,-0.09414763522810299
2,9,46,1.1472475687611512
2,9,48,0.4026247635104092
2,9,49,-0.2841479931230487
2,9,50,-0.15806191101836775
2,9,51,0.9654140619129741
2,10,1,0.18156950420326975
2,10,2,0.15834596862328795
2,10,3,0.06300064113343386
2,10,4,-0.917708678057086
2,10,5,0.12823759599149812
2,10,6,0.5064991938319189
2,10,7,0.08394037951177749
2,10,8,-0.5344416775096088
2,10,11,-0.7613097289119954
2,10,12,0.06911420503690113
2,10,13,-0.019938074024514585
2,10,14,0.2295461658561071
2,10,15,0.6326439348138785
2,10,16,0.7351142552517979
2,10,17,1.013343182556231
2,10,18,0.1674392234635239
2,10,19,1.5381918663657834
2,10,22,0.48958104924071993
2,10,24,0.1845745431174421
2,10,25,-0.0013473396747280264
2,10,26,0.08252453371562497
2,10,27,-2.1097114073850487
2,10,28,0.11703206397591265
2,10,29,-0.9728568026082494
2,10,31,0.4484752238389266
2,10,32,0.45045276585362076
2,10,33,-0.9725761070776997
2,10,34,2.9959473608169214
2,10,35,-0.3708334865438901
2,10,36,-1.5013095519370718
2,10,38,0.40522348934451874
2,10,39,0.27686145411133745
2,10,40,0.8159108901066239
2,10,41,0.6610191371094313
2,10,42,0.42799248011670304
2,10,43,0.2884727186636789
2,10,44,-0.06441454253252833
2,10,45,0.41661278337223207
2,10,47,1.0349227541691928
2,10,48,-0.44456483391342644
2,10,49,0.4806727371239241
2,10,50,0.36808889011395796
2,10,52,0.2378455617165149
2,10,53,0.31482858720083845
2,10,54,1.168365396969449
2,10,55,2.665257941545914
2,10,60,0.9829670448568465
2,10,61,-0.008926735515455739
2,10,62,0.20097616593196077
2,10,63,-0.7649845512782716
2,10,64,0.2516316621646599
2,10,66,0.3559922879178836
2,10,67,1.7151478267329392
2,10,68,-0.25454456460008695
2,10,71,0.0
2,10,72,0.08728355945555817
2,10,73,-1.2261100035043984
2,10,74,0.2899303897564763
2,10,75,0.20651312593923227
2,10,76,-0.9516371611399942
2,10,77,0.17489438715949332
2,10,79,0.2129956393258679
2,10,80,-0.6031565104877501
2,10,81,1.1467820006293563
2,10,82,0.8266702866830081
2,10,83,-2.4126260419510004
2,10,84,0.07891977645130992
2,11,1,0.8610659634128588
2,11,2,1.228708806071058
2,11,3,-0.24924155283758517
2,11,4,0.14234324713817326
2,11,5,0.2433543174493886
2,11,6,-0.4245487817174195
2,11,7,0.165717401708722
2,11,8,0.44092529674757996
2,11,9,-0.7037408550708287
2,11,10,0.35649493846135516
2,11,12,-0.1675208146327382
2,11,14,-0.1550764463487007
2,11,17,0.06401991496621623
2,11,18,0.6689286533753975
2,11,19,1.1639307680495063
2,11,20,0.0
2,11,21,0.4838196373983334
2,11,22,0.7584195190414303
2,11,23,0.28463794676189114
2,11,24,-1.4390792063044457
2,11,25,-1.1340096266031576
2,11,26,0.8873744577890009
2,11,27,-0.1990855797271567
2,11,28,0.4084669879676127
2,11,29,0.13410615154352754
2,11,30,0.6353756752618654
2,11,31,0.11659194499358487
2,11,32,0.5597007839556067
2,11,35,-0.31389107775737235
2,11,36,0.1727720063286845
2,11,37,0.8695887694303973
2,11,38,-0.8311422433863097
2,11,39,1.9638370484270444
2,11,40,0.9070464216016487
2,11,41,0.6990943457885729
2,11,42,-3.324976103118638
2,11,43,0.03214538662314986
2,11,44,-0.015358224973316736
2,11,46,0.42341777453256474
2,11,47,0.07940885407131822
2,11,48,-0.023940967719487338
2,11,50,-0.8364662598039887
2,11,51,1.8027623059572744
2,11,52,1.3215212371046263
2,12,1,0.11170080055191436
2,12,2,-0.31980552722647304
2,12,3,0.015517458242951867
2,12,4,-0.4094459219529002
2,12,5,0.2266750211291062
2,12,7,0.021426540418143663
2,12,10,2.061328201543129
2,12,11,0.512188094367938
2,12,13,0.6550038640860519
2,12,14,-0.18285129354498814
2,12,15,0.4860679304742938
2,12,16,-0.39088860177305446
2,12,17,-0.17502806534789828
2,12,18,0.17477650606412112
2,12,20,-3.778801088264125
2,12,22,-0.6684505331773838
2,12,23,0.6739969750026491
2,12,24,0.5697652937609665
2,12,25,0.3713545832897828
2,12,27,0.8140709080713279
2,12,29,-0.13804956663445972
2,12,30,-0.07996860463938464
2,12,31,1.0737180898433913
2,12,32,-2.6014448762790137
2,12,33,-1.2601041523170315
2,12,34,0.41922255944165265
2,12,35,0.5633831723064734
2,12,36,-0.03961726127202975
2,12,37,0.2919453603031425
2,12,38,-0.33988700501058294
2,12,39,-0.3321380657772863
2,12,40,0.04050377576657026
2,12,41,-0.05278594409783189
2,12,42,-1.0219632793147269
2,12,44,-0.2751799455410545
2,12,45,-0.016538085227312906
2,12,46,-0.01785714285714285
2,12,47,1.1662283925387844
2,13,1,0.047185761685138085
2,13,3,-1.2372902523119509
2,13,5,-0.22633322592545305
2,13,6,-0.1550104920580276
2,13,7,-1.727447560760864
2,13,8,-2.328974070033742
2,13,9,-1.2380585492769651
2,13,10,0.2989328590018037
2,13,11,-0.2815936876413235
2,13,13,0.22076528547868476
2,13,15,0.8834263720899124
2,13,16,0.09689299883871794
2,13,17,0.058479844749930725
2,13,18,-0.35023052883662675
2,13,19,1.3929463177947292
2,13,22,0.5850220514460276
2,13,23,-0.6826430975650636
2,13,24,1.3728284593106819
2,13,25,1.1311029175534084
2,13,26,-0.4436141085778556
2,13,27,0.34864145267980134
2,13,28,0.9847198075775414
2,13,29,-0.2548653280576851
2,13,30,0.07681127707259722
2,13,32,-0.3806274583022662
2,13,33,0.11383574606776908
2,13,37,2.2294368240425824
2,13,38,-0.02590074805863547
2,13,39,-0.25204960741649907
2,13,40,0.9341789032718893
2,13,41,1.0808646596333629
2,13,42,0.6116632226567701
2,13,44,-0.11522114927657477
2,13,45,-1.0963594536204089
2,13,46,0.18877520281920884
2,13,47,-0.05569927918248709
2,13,48,0.0
2,13,50,-0.05056379521033989
2,13,51,0.17541217964255318
2,13,52,0.08343600530499577
2,14,2,0.22094063290722757
2,14,4,0.22184361444725023
2,14,5,1.7782520116373894
2,14,6,0.25776407172509885
2,14,7,-0.3174787022232866
2,14,9,-0.5397776467209157
2,14,10,-3.3543767365850004
2,14,11,-0.14724324441047212
2,14,12,0.7021193177548902
2,14,13,-1.1362921046708756
2,14,14,0.45399282192958024
2,14,15,-1.8979318044416356
2,14,16,-1.9758333129955787
2,14,17,1.05313495119376
2,14,18,-0.02634865474594249
2,14,19,-0.22743031975703332
2,14,21,0.23307934440511313
2,14,22,-0.04747179966031571
2,14,23,-0.3594340763520755
2,14,24,-0.8100439591221429
2,14,25,-0.6684505331773838
2,14,26,0.29447545736330416
2,14,27,-1.428552263109145
2,14,28,1.0820797976034875
2,14,30,-0.038270446517558974
2,14,31,-0.5127753493728484
2,14,32,-0.13846907924113477
2,14,33,0.16946375932058474
2,14,34,-0.28346800931025645
2,14,36,0.23903434793621509
2,14,37,0.7152917327261501
2,14,38,-0.46685035597065133
2,14,39,0.7364218441895962
2,14,40,0.29447545736330416
2,14,41,-0.6331142714781012
2,14,42,2.0340090827343027
2,14,43,-0.10644132438621862
2,14,44,-0.33927145006269044
2,14,45,0.34255545399743337
2,14,46,0.10744840137791163
2,14,47,0.08879481741360777
2,14,48,1.6465037531436033
2,14,49,0.13820293372386488
2,14,50,-0.2788080075712154
2,14,51,0.30675883426164324
2,14,52,0.6713251321792274
2,14,54,0.2589528218045539
2,14,55,-0.39001470096401836
2,14,56,0.0
2,14,57,0.0955778825666808
2,14,59,-0.5228565432052185
2,14,60,0.18021423055537494
2,14,61,0.8622435979796326
2,14,63,0.3214103039123667
2,14,64,0.22611185403368098
2,14,65,0.305609248460714
2,14,66,-0.2959230026315158
2,14,68,0.7695117962456139
2,15,1,0.35774932417330024
2,15,3,0.18444831899412817
2,15,5,0.4661716039862454
2,15,6,-0.4782925907521588
2,15,7,-0.9885342581415258
2,15,9,0.44678260036129636
2,15,10,-0.02784454915503467
2,15,11,0.267033164340146
2,15,12,-1.1046327662843944
2,15,14,-0.6933179609618726
2,15,15,0.005021442352256142
2,15,16,0.5453141285489158
2,15,18,1.91744577800206
2,15,19,-0.4280224052148118
2,15,21,0.1328333844401144
2,15,22,1.9258027378897644
2,15,23,0.29597441793397067
2,15,25,-0.028840618188293837
2,15,27,0.7832841477746726
2,15,28,-0.048090279626939604
2,15,30,0.6396055239193614
2,15,31,0.4408468092170168
2,15,32,-0.09209480902961971
2,15,33,0.5939477453276332
2,15,34,-0.5632977818320634
2,15,36,0.11355808445149662
2,15,37,0.8352886911480318
2,15,38,-3.7710505408727695
2,15,39,1.5525443129424263
2,15,40,0.28108875470759304
2,15,41,0.2152917644361035
2,15,42,0.053601502917509695
2,15,43,0.09859716197655566
2,15,44,0.7855348193708178
2,15,46,0.614354403035529
2,15,47,0.2412861835093604
2,15,48,0.7077794485248958
2,15,50,4.946602604156345
2,15,51,0.025484102293870534
2,15,53,-0.430879821498114
2,15,54,-0.6675002757790022
2,15,56,-0.013639510552296836
2,16,1,-0.30107904526500545
2,16,2,0.6507827107421568
2,16,3,0.46790909583115003
2,16,4,1.1747142846485572
2,16,5,-4.7941752669715685
2,16,6,-0.16653125199242336
2,16,7,0.43420448656083477
2,16,9,0.01489722725168226
2,16,10,0.23849954944886684
2,16,11,0.09116089307573609
2,16,12,0.07976781171829492
2,16,14,0.11343897056768297
2,16,15,1.4920314824443581
2,16,16,0.26980551115598495
2,16,17,0.08173297091588425
2,16,18,0.7713889076810561
2,16,19,-0.016931871515798436
2,16,20,0.13796264364322808
2,16,21,0.8634727296227993
2,16,22,-0.5378674028891286
2,16,23,0.3071772015177645
2,16,24,-1.5432225462957778
2,16,25,-0.5814205916233712
2,16,26,0.23663318874373357
2,16,28,-0.49966376750762254
2,16,29,-0.009983623694561378
2,16,30,-0.24556121896590985
2,16,31,0.03826474480218937
2,16,34,0.5107492964888136
2,16,35,0.4413671422178158
2,16,36,-0.3521310353230982
2,16,37,0.034031783101731494
2,16,38,-0.055580000107070496
2,16,39,0.26356256593748956
2,16,40,0.35774932417330024
2,16,41,0.5266900990244845
2,16,42,0.5171626848660079
2,16,43,0.3348784469270478
2,16,44,-0.10155034938254526
2,16,45,0.7341565951862203
2,16,46,0.01643364674983221
2,16,48,-0.22679571661375522
2,16,49,1.3117475219687675
2,16,50,0.819139204047372
2,16,51,0.019366984357651836
2,16,52,-0.3787737430301597
2,16,56,0.34649039080218186
2,16,57,0.18247661055675019
2,16,58,0.6684505331773838
2,17,1,5.664481603356765
2,17,2,0.1249053296401725
2,17,3,0.15644130282246965
2,17,4,0.3415664432359108
2,17,5,-0.09938176654058244
2,17,7,0.007449280471418934
2,17,8,0.2576393204658944
2,17,9,-0.03735731814386112
2,17,10,-1.3661812682043315
2,17,13,0.3957282083325076
2,17,15,0.14372867587515994
2,17,16,0.9847558755457243
2,17,17,0.9353834833072832
2,17,18,-1.3144540971730048
2,17,19,0.1731935232250241
2,17,21,0.556217739062598
2,17,22,0.0735274286765234
2,17,23,4.137017837725102
2,17,24,0.1939320757957311
2,17,25,0.295071044954695
2,17,27,-0.23093375981074815
2,17,28,3.1751400325925734
2,17,31,-0.4234498309152258
2,17,32,0.07270897881851697
2,17,34,0.41115790038637434
2,17,35,-0.06808530301897457
2,17,36,0.5140412077143932
2,17,37,0.7959171673658147
2,17,38,0.1697820819414339
2,17,39,0.41551183427449734
2,17,40,-0.7765587384710428
2,17,41,-2.8807998126652965
2,17,42,0.2748799830053129
2,17,43,-0.28246172326816776
2,17,44,0.19611513085800938
2,17,45,-0.3660297798630836
2,17,46,-1.5356903288864312
2,17,47,0.18921855259285605
2,17,48,-0.43385606009977995
2,17,49,0.05414078406549433
2,17,50,-0.4239458975647359
2,17,51,-0.6205407262507913
2,17,52,0.024326494381549577
2,18,1,-0.05901687741968755
2,18,2,-2.485592243890859
2,18,3,-0.11576666817793912
2,18,4,0.2556331516400989
2,18,6,0.7300619713632533
2,18,7,0.2380356326368894
2,18,8,0.36482235159179716
2,18,9,0.4055905290823143
2,18,11,0.3028628376055954
2,18,12,0.10356029988261456
2,18,13,0.2835283096487672
2,18,15,0.41333514334150406
2,18,17,0.29571589032119483
2,18,18,0.3468351792314457
2,18,19,-0.6817906982801964
2,18,20,0.0
2,18,23,0.06745439481406956
2,18,25,-0.1761087034015362
2,18,26,0.12639793456336204
2,18,27,0.2756232375632733
2,18,28,-0.05568721966767645
2,18,29,0.3971345674714585
2,18,30,0.507071118736572
2,18,31,-0.03828763495673275
2,18,32,0.5726052485198997
2,18,33,0.004081391608075117
2,18,34,0.0
2,18,35,-2.0936090665995564
2,18,36,1.0266217275086422
2,18,37,-0.5006946742602796
2,18,38,-0.4393885703253189
2,18,39,0.1670152636529108
2,18,40,0.09483353575578121
2,18,41,0.0
2,18,42,0.23605363788486874
2,18,43,0.21516642097760738
2,18,44,-1.3225404276510504
2,18,45,0.2306337470777569
2,18,46,0.37363135064800035
2,18,47,0.2595345668276498
2,18,49,1.269287989378775
2,18,52,0.0
2,18,53,0.1253941803853778
2,18,54,-0.10805482471811206
2,18,55,-0.020312562924105965
2,19,1,-0.002715024204684121
2,19,2,2.422537723474202
2,19,3,0.1335979512755236
2,19,4,1.710799561071844
2,19,6,1.206619491142528
2,19,7,0.32864047562020055
2,19,8,0.6462289979029453
2,19,9,1.8005549903122888
2,19,10,-1.6832888986517522
2,19,11,-0.49896036709684977
2,19,12,2.7138402267107957
2,19,13,-1.2771255752039208
2,19,14,0.3557070162779068
2,19,15,-0.004808429009450732
2,19,16,0.14204718703002767
2,19,18,0.19077006615761727
2,19,19,0.596335307011859
2,19,20,-1.7550746615844928
2,19,21,-0.05400879436282184
2,19,22,0.49366690796085455
2,19,23,0.23003163460177994
2,19,24,0.909029915307448
2,19,25,0.2526423312178203
2,19,27,0.23772708590323163
2,19,28,-0.4873736503088815
2,19,29,0.2240624593469425
2,19,30,0.009689341422986806
2,19,31,0.21618889145154763
2,19,32,0.9829670448568465
2,19,34,0.15829856553504412
2,19,35,0.14307754961821298
2,19,36,0.19445364923389596
2,19,37,-0.01724560001294249
2,19,38,-0.1320866309716638
2,19,39,0.3534828050896616
2,19,40,0.412871510215606
2,19,41,0.06148502859266016
2,19,42,0.3608697004151384
2,19,43,0.06602877116956495
2,19,44,0.18980711401711448
2,19,45,0.9832744926937745
2,19,46,0.3748555673143781
2,19,48,0.2959013965585483
2,19,49,-0.06226908502144065
2,19,50,-0.5494350098158945
2,20,3,-0.10280822627402303
2,20,4,-0.413069031439239
2,20,5,0.09706743925396798
2,20,6,0.09570682176622738
2,20,7,-0.034241879699144114
2,20,8,0.5250034808466315
2,20,10,0.10823557905408489
2,20,11,-1.723304315679286
2,20,12,-0.12918255011176885
2,20,15,-0.2303799674159146
2,20,16,-0.1055606811878797
2,20,17,0.6761136340928618
2,20,18,0.819139204047372
2,20,19,1.0853151985267622
2,20,20,0.10569471034064791
2,20,22,4.914835224284232
2,20,23,0.08148576660731721
2,20,24,0.15230822032792887
2,20,25,-0.4487385782894175
2,20,26,0.1358253107297348
2,20,27,0.02421685375402277
2,20,28,-0.06294208212546905
2,20,29,1.9977241390771265
2,20,30,-0.37440805714763753
2,20,33,0.035993077398663705
2,20,34,0.11808012740523706
2,20,35,1.5083843615662362
2,20,36,0.1648411669974644
2,20,37,-0.11297877313876435
2,20,38,0.9657591277911965
2,20,39,-0.1714670927197256
2,20,40,-3.7176212829531514
2,20,41,0.13723473163240824
2,20,42,-0.4284225338865289
2,20,43,0.0
2,20,44,0.0
2,20,45,-1.3536535176063262
2,20,46,-0.055509860804302646
2,20,48,-0.06350748241938026
2,20,49,0.04824079765595541
2,20,50,0.3433574602670979
2,20,52,0.008159493288518976
2,20,54,0.37861130232424817
2,20,55,0.023167208108150178
2,20,57,-0.6089615486853517
2,20,58,-2.880555480438908
2,21,1,0.7965418795485852
2,21,3,1.525668768076383
2,21,4,0.24053453773895
2,21,6,6.031565104877501
2,21,7,-0.2386588067599195
2,21,8,-0.9603698591117704
2,21,9,-0.853012395791134
2,21,10,-0.046132505816508955
2,21,11,0.07568985085161183
2,21,12,-0.29424494706090987
2,21,13,-0.09201023117542381
2,21,14,0.5016123752067358
2,21,15,0.4765317564463991
2,21,16,-0.1286319450051538
2,21,17,0.026224610281400967
2,21,18,0.6183984604629388
2,21,19,-0.5652699528967601
2,21,20,-0.09219786551205836
2,21,21,0.4022026603691439
2,21,22,-0.23450607484244246
2,21,23,-0.02752013427108055
2,21,24,0.01689631525605593
2,21,25,0.14534690637468975
2,21,26,0.021088542640151652
2,21,28,0.43008556758489896
2,21,29,-1.3809204385152416
2,21,30,-0.7325553776926712
2,21,31,-0.06980306982045999
2,21,32,-0.3852912536614613
2,21,33,0.5545813393832029
2,21,34,0.3025153715026897
2,21,35,-1.3522272681857237
2,21,36,-1.2474032157819865
2,21,37,-0.5592824167358267
2,21,38,0.4689911295579893
2,21,39,-0.04999922805346241
2,21,40,-1.08859418414625
2,21,41,-0.21338537888562595
2,21,43,0.028188597939699356
2,21,44,0.0
2,21,46,0.4426065674320425
2,21,49,-0.0689257406945009
2,21,50,0.7021193177548902
2,21,52,1.4042386355097807
2,21,53,-0.6235688978535775
2,21,54,0.30485214739489175
2,21,55,0.409569602023686
2,21,57,0.023617218307515175
2,21,58,0.006963443184159326
2,21,59,-1.059172719709865
2,21,60,-0.18090021469546957
2,21,61,0.5358737251325215
2,21,62,0.4414213480921641
2,21,63,-0.13375987324752878
2,21,64,-1.7463612848389742
2,21,65,0.1410193182670346
2,21,66,-0.06681593412735609
2,21,67,-0.7469605695530421
2,21,68,0.025328041025976866
2,21,69,-0.5284675624924956
2,21,71,0.42038022576199774
2,21,72,-1.2257934236974104
2,21,73,-0.34376658446723685
2,21,74,1.1461558136291954
2,22,1,-0.025883944408091893
2,22,2,-0.7353976102656974
2,22,3,0.37166981688222916
2,22,4,0.6317411921636288
2,22,5,0.3252234276420576
2,22,6,0.13614080611629698
2,22,7,0.4165064779049545
2,22,10,0.21093624783398893
2,22,11,-0.1667670506694596
2,22,12,-0.04264162061626005
2,22,13,-0.08624655997385425
2,22,14,0.38276294279899203
2,22,16,-1.812791115302148
2,22,17,-0.3812944905592976
2,22,20,0.2777752289111099
2,22,21,0.2795409899570795
2,22,22,-0.7264784905469622
2,22,23,0.6212342371406074
2,22,24,1.7848736213194392
2,22,26,0.4611579851114643
2,22,27,1.2761370663340683
2,22,28,-0.021813121778748085
2,22,29,0.9993364801050937
2,22,30,-0.1418540175939029
2,22,31,1.5574342640723722
2,22,32,0.23272848049709535
2,22,33,-0.0510954094249238
2,22,34,-0.25659503260563726
2,22,35,0.020058671534046134
2,22,36,0.22733273700866938
2,22,38,-1.1290464197437702
2,22,39,0.43083348860356596
2,22,40,1.1456721578118678
2,22,41,0.8725331962689922
2,22,42,2.996140514179546
2,22,43,0.5076681793420789
2,22,44,0.5701283423074753
2,22,45,0.23759361162367898
2,22,46,0.8583541878470448
2,22,48,1.1549931922776562
2,22,49,0.41701799537898127
2,22,50,0.417983643374342
2,22,51,0.23020957377295959
2,22,52,0.8689512035074439
2,22,53,0.13536139162258626
2,22,54,0.13668408082669437
2,22,55,0.4142992003493031
2,22,56,-0.030430333271134022
2,22,57,-1.2767648225168924
2,22,58,0.13540690680838066
2,22,59,0.4610959670241446
2,22,60,0.020010214559869167
2,22,61,0.19737581762225742
2,22,62,-0.16174035359240735
2,22,63,0.17637226797132888
2,22,64,0.3494978921013304
3,1,1,0.513721671548615
3,1,2,0.7426799013092754
3,1,3,-0.4005001654674013
3,1,4,-0.09901317595456166
3,1,5,0.49726667641671374
3,1,6,0.005738288083423679
3,1,7,0.16750598993029833
3,1,10,0.3620122467758967
3,1,11,0.4022426693456973
3,1,12,-0.018557163344919136
3,1,13,0.250138763918893
3,1,14,0.10141422374731439
3,1,16,0.40815778945975567
3,1,17,-0.8496316832841789
3,1,18,2.5713806577728624
3,1,19,-1.1631003757843228
3,1,21,-1.082628970772957
3,1,23,1.8984591855455593
3,1,24,0.12426450910683925
3,1,25,-0.17890237780876897
3,1,26,0.18000097671724902
3,1,28,-0.09640357924830378
3,1,29,-0.17497813692310976
3,1,30,0.16716836237795715
3,1,31,0.02353590534743548
3,1,33,-0.5796054808781596
3,1,34,-1.3518622847102368
3,1,35,-0.09781762856576376
3,1,36,-2.887010588727885
3,1,37,-0.3732322917072858
3,1,38,0.23721959372377527
3,1,39,0.16173743272606958
3,1,40,-0.07567203069998485
3,1,41,0.17573772573904617
3,1,43,0.4022033022190091
3,1,44,0.02381475037657966
3,1,45,-0.019354453748472007
3,1,46,0.7951621894538011
3,1,47,0.28970538405079616
3,1,48,0.08105568414387485
3,1,49,0.22002544641104427
3,1,51,-0.008657245716465964
3,1,52,0.6152212349371395
3,1,53,-0.6639098511480638
3,1,54,-0.6900736975845468
3,1,55,0.37634880658125675
3,1,56,-0.9802747536874789
3,1,57,0.9829670448568465
3,1,61,-1.146651791575844
3,2,1,0.48501326523841165
3,2,2,1.8251573808704145
3,2,3,0.12656942045365624
3,2,4,-0.6875223307233013
3,2,5,-0.3530575732366217
3,2,6,0.8977000571907725
3,2,7,-0.03267074203573943
3,2,8,0.0940959696220073
3,2,9,-0.6273496948529915
3,2,11,1.2045749554506393
3,2,12,-0.19888426780337498
3,2,13,-0.13905744497562778
3,2,15,0.07558931876011038
3,2,16,-1.464421993570353
3,2,17,-0.027731183535074533
3,2,19,-1.044311482552929
3,2,21,-0.6525473701279145
3,2,22,10.28552263109145
3,2,24,0.12090297262144978
3,2,25,-0.40678877557933835
3,2,26,0.3311620203833691
3,2,27,-0.12412642200922498
3,2,28,-0.014973244870577454
3,2,31,0.2162422142584816
3,2,32,-0.1186886319038091
3,2,33,0.9427942996736337
3,2,34,-1.5020840227808387
3,2,35,-0.11491867310403547
3,2,36,1.1386100012579639
3,2,37,0.5679729924670007
3,2,38,2.6001244734156206
3,2,39,3.900186710123431
3,2,40,0.24471886506207344
3,2,41,0.1304960920419693
3,2,42,0.025167545144998516
3,2,43,0.41307930450450325
3,2,44,-0.13216194257096728
3,2,45,1.4189242207680144
3,2,46,0.16086123800094884
3,2,47,-2.2416636656273665
3,2,48,-0.05710444570453965
3,2,49,0.20916145901221003
3,2,50,-0.8913169921538824
3,2,51,0.409569602023686
3,3,1,-0.5514825110017814
3,3,2,-1.723304315679286
3,3,4,0.1319974633765385
3,3,6,-1.5870485131812606
3,3,7,-1.7498010949185419
3,3,8,-0.861652157839643
3,3,10,1.7730076447393295
3,3,12,0.5383185805699972
3,3,13,-0.589137475351677
3,3,15,-0.5963006033153552
3,3,16,0.03310586765050919
3,3,18,0.4926695229718382
3,3,19,-0.00400524779438155
3,3,20,0.4082228190548438
3,3,22,1.0604484152689848
3,3,23,-0.18524486808803897
3,3,25,0.8560490857590445
3,3,26,-0.3970813876219301
3,3,27,-0.01228548908791264
3,3,28,0.34743162768689023
3,3,29,0.3378962212741037
3,3,30,0.0
3,3,32,1.4826617193547043
3,3,36,-0.5367399889390058
3,3,37,-0.857092055020179
3,3,38,1.0839549205523238
3,3,39,0.8600994723340821
3,3,40,0.15262694169827837
3,3,42,0.11086393746531893
3,3,44,0.09914885819764063
3,3,45,-0.15859083645949917
3,3,46,-1.3491743395872153
3,3,47,-0.5095504823985854
3,3,50,-0.6115215191189658
3,3,53,0.8728973879393784
3,3,54,0.27334276911164196
3,3,55,0.04888841476414285
3,3,56,-0.6159646436350434
3,3,57,-0.15395079788157906
3,3,58,1.3097709636292307
3,3,59,0.21428858124355238
3,3,60,0.11634385809125042
3,3,61,-0.06630371675844221
3,3,62,0.09971549082452018
3,3,63,-0.34475148647709186
3,3,65,0.6303696258814626
3,3,66,-0.46685035597065133
3,4,1,0.9383959251088471
3,4,2,0.9523681754060966
3,4,3,0.9171932198443588
3,4,4,-0.5198271841338327
3,4,5,-0.2517848212391334
3,4,7,-0.9230606687676434
3,4,8,0.023688231132427018
3,4,9,0.012966203951356978
3,4,10,0.39585243059863645
3,4,12,-0.9516371611399942
3,4,13,-0.02361130258671469
3,4,14,0.7300028384632286
3,4,16,-0.423268246292193
3,4,17,-0.1554229442584368
3,4,18,-0.14171877439888314
3,4,20,0.7004767659768731
3,4,21,-0.0779979971051127
3,4,23,0.16802849632737182
3,4,24,2.457417612142116
3,4,25,-0.7423043519413499
3,4,26,-0.37202240151704624
3,4,27,-0.28739078757468944
3,4,28,4.523652754760792
3,4,32,1.5768490326124838
3,4,33,-0.11471300309108794
3,4,34,0.43177938835927504
3,4,35,-0.2563786646916405
3,4,37,0.9366017844760044
3,4,38,1.1026958436344425
3,4,39,-0.14009709301658835
3,4,40,-0.2669905752537286
3,4,41,-0.05255896523133503
3,4,42,-0.3255785763020646
3,4,43,-0.664644140900227
3,4,45,0.35499099265177564
3,4,46,-0.5039386159262864
3,4,47,-0.11481033394869895
3,4,48,-0.1038206047451765
3,4,49,-0.7325553776926712
3,4,50,-0.05572615433797817
3,4,51,0.09122856670079009
3,4,52,-1.3901161308258978
3,4,55,3.0919923023146936
3,5,1,-0.8729775506136671
3,5,2,0.36747853559211596
3,5,3,0.5006158631997392
3,5,5,-0.16949532315805763
3,5,6,2.6428535647206415
3,5,7,0.22742802745563928
3,5,8,0.25609544453836375
3,5,9,0.396806402305629
3,5,11,0.2651121038172462
3,5,12,-0.25473622841716637
3,5,14,0.488483081937319
3,5,15,0.30715023347321685
3,5,16,0.133516582170073
3,5,18,-0.3472013229404611
3,5,19,0.19681559054211498
3,5,20,-0.8118090653532511
3,5,21,-0.3354215640625228
3,5,22,-0.3830243984877784
3,5,23,-0.7643257235978781
3,5,24,0.4475312650660994
3,5,25,-0.2787934222671486
3,5,26,0.9583693342471277
3,5,27,0.2113838596516565
3,5,28,-0.013560399054657696
3,5,29,-3.1696741187625026
3,5,30,-0.6103285792955239
3,5,31,-0.7838756993461663
3,5,32,-0.2903083862297825
3,5,33,-0.2311569254476679
3,5,34,0.668794863207811
3,5,35,-0.249635134454669
3,5,36,2.204240853910838
3,5,37,0.8255996541755506
3,5,38,-0.0015744470981827047
3,5,40,0.33315724269323926
3,5,41,2.315723868736607
3,5,42,0.6927644828981714
3,5,44,1.155236353037719
3,5,45,-0.6712384419514886
3,5,46,-0.21005363294450174
3,5,47,0.4252849386552234
3,5,50,0.8751544059089099
3,5,51,0.1965934089713693
3,5,52,0.3366193336218771
3,5,54,0.10857666775981441
3,5,55,-0.06621052516705166
3,5,56,-0.015682082846139866
3,5,57,-0.5562502298158352
3,5,58,0.2545076196645564
3,5,59,0.6593548090555551
3,5,60,-0.6991725415331748
3,6,1,2.065788704515749
3,6,2,0.11818028089554884
3,6,3,0.9089557845162727
3,6,4,0.3260466868212648
3,6,5,0.7887772958124453
3,6,6,-0.35687516805661296
3,6,7,0.5498730479406494
3,6,8,0.027010988574922217
3,6,9,0.11218818357946543
3,6,11,0.18087739513704076
3,6,13,-0.9686882617235807
3,6,15,0.4998404108536788
3,6,16,0.19368924745018345
3,6,17,0.08467199339698839
3,6,19,0.11429968325212622
3,6,21,-0.05965434352690402
3,6,22,1.1496581306395102
3,6,24,-0.4933125382331367
3,6,25,0.6032808992763176
3,6,26,0.07494132559676371
3,6,30,0.8679705744359455
3,6,31,0.9031669362199133
3,6,32,0.04211110106040708
3,6,33,0.13114291779776707
3,6,34,-2.3328315801761437
3,6,35,0.03797531557206527
3,6,36,0.4635014891058148
3,6,37,1.5555455981785506
3,6,38,0.708170507891268
3,6,39,0.35110029345795857
3,6,40,0.31191656268127943
3,6,41,1.3991074556400063
3,6,42,0.33377171534695455
3,6,43,1.3755893192359923
3,6,44,0.8804395941354834
3,6,45,0.2056139530014208
3,6,46,0.4785741626852083
3,6,47,0.026148999108480484
3,6,48,3.4965015556404504
3,6,49,0.5950313832545633
3,6,50,0.06819343930798101
3,6,52,0.2794892623216443
3,7,1,1.4375900299650002
3,7,2,0.0
3,7,4,0.7771178262412329
3,7,5,-0.011516227562475237
3,7,6,0.4132030547203377
3,7,7,-3.589126787652798
3,7,8,0.10227116590883852
3,7,9,-0.933891734181231
3,7,11,-3.0079851293216437
3,7,12,0.2691592902849986
3,7,13,-1.5496743491158693
3,7,14,-0.39564357085273666
3,7,16,-0.15952501003111308
3,7,18,0.4373672097591943
3,7,20,-0.022531527685298355
3,7,21,0.35571503021004003
3,7,23,-0.1636935267554358
3,7,24,-0.003431490454096686
3,7,25,-0.5079202598471892
3,7,26,-0.7618803897707839
3,7,27,0.44680320220765746
3,7,28,0.20657103223381695
3,7,29,0.126021416007288
3,7,30,-0.15102792413173258
3,7,31,-0.9993962606625346
3,7,32,-0.2854901062405167
3,7,33,-0.050349881583381995
3,7,34,-2.1401120260740587
3,7,35,0.0
3,7,36,0.020421615618727046
3,7,39,0.435685689186554
3,7,40,0.546092802698248
3,7,41,0.04656788582247211
3,7,42,-0.25376990963733176
3,7,43,0.35533957063763216
3,7,44,1.054179794164261
3,7,45,2.433543174493886
3,7,46,-0.7646210079771291
3,7,47,-0.16434551839057174
3,7,48,-0.20748904709806726
3,7,49,0.22013942344300902
3,7,50,0.6845046141264397
3,8,2,0.662159294648158
3,8,3,0.7782526896791253
3,8,4,-0.6047885776366806
3,8,5,0.08274178713715695
3,8,8,7.142761315545725
3,8,9,-0.1391876119877067
3,8,10,0.9253649256332026
3,8,11,0.2297341843147782
3,8,12,0.0
3,8,13,0.0
3,8,14,0.4611736812865384
3,8,16,1.1444120409357372
3,8,18,0.5771435897212919
3,8,20,0.5946152913309771
3,8,23,0.44702144686034695
3,8,24,1.2974917750772406
3,8,25,-0.6983044351424317
3,8,26,0.010518163477310133
3,8,27,0.7591558202404306
3,8,28,0.4732811246978917
3,8,29,0.2211204293201791
3,8,30,-1.686254687415007
3,8,31,1.1409680133253322
3,8,32,-0.7570873606948592
3,8,33,0.5293503559706514
3,8,34,-0.25376990963733176
3,8,35,1.2593257406530618
3,8,36,-0.5967315455364756
3,8,37,1.8864407946838346
3,8,39,0.8057070550562966
3,8,40,-1.346274462125534
3,8,41,-0.17353124827420774
3,8,42,0.44041133646282826
3,8,44,-1.5644362104277307
3,8,45,0.3386306131290321
3,8,46,0.13429018432567935
3,8,47,-0.00865403239499734
3,8,48,0.19495147154248457
3,8,49,0.3643102537032168
3,8,50,-1.8127726600865026
3,8,51,-0.21666536946248774
3,8,52,0.2963067429543303
3,8,53,0.3510596588774451
3,8,54,-0.8996027957346437
3,8,55,-1.6771883682925002
3,8,56,0.33803819160152293
3,8,57,0.6263490700917695
3,8,58,0.35625387608765935
3,8,59,0.7507078597012149
3,8,61,-0.524525051970672
3,8,62,4.914835224284232
3,8,63,0.2682561136061569
3,8,64,-0.20755016194877673
3,8,66,2.9489011345705394
3,8,67,0.0005004338003326281
3,8,69,0.0
3,8,70,-1.1046327662843944
3,8,72,-0.012909678014697168
3,8,73,0.4394837186177362
3,8,74,0.09738951392312226
3,8,75,0.2795409899570795
3,8,76,-0.1309826156946259
3,9,1,1.412955194765294
3,9,3,0.16931530656451604
3,9,4,-0.47809150888454266
3,9,5,-0.19436958848821742
3,9,6,-0.2385002185815829
3,9,7,2.7060197835867057
3,9,8,-0.40434358181517394
3,9,9,-0.09866216006472496
3,9,11,0.17861432584876819
3,9,12,-0.34065932143310385
3,9,13,0.18844278880864723
3,9,14,-0.06853783770647895
3,9,15,-0.48023087353073046
3,9,16,-0.002498695927520528
3,9,17,-0.4998486547736143
3,9,18,-1.9114423867626404
3,9,19,0.8760910558985862
3,9,20,-0.39421228823266624
3,9,22,-0.38936789359979707
3,9,23,0.2190578267788605
3,9,24,0.05187422768379624
3,9,25,0.45708404900845745
3,9,26,2.066094962294127
3,9,27,-0.42112644114862763
3,9,30,-0.050965421171514404
3,9,31,-0.04066195209976423
3,9,32,-0.14911430166063808
3,10,1,0.5380210190907244
3,10,2,0.02250828745140221
3,10,3,0.03432384683686501
3,10,4,0.4395190819987631
3,10,5,0.153615776999145
3,10,6,1.6014506922973497
3,10,7,0.5002047280231411
3,10,8,-1.2644812684062805
3,10,9,0.1812062095435736
3,10,10,0.31372010542862777
3,10,11,0.17475162438981476
3,10,12,-0.03766798864603561
3,10,13,-0.2302378051522983
3,10,14,-0.3811035975497539
3,10,15,0.41333514334150406
3,10,16,0.594745828293681
3,10,17,1.378784941594248
3,10,18,0.21477681784059635
3,10,19,0.17451541668759976
3,10,20,0.2832004285507583
3,10,22,0.35209959363217164
3,10,23,0.42443307282758425
3,10,24,-0.9563929828987231
3,10,25,-0.10502847329689584
3,10,26,0.06553113632378976
3,10,27,0.6179829301034699
3,10,28,0.2732130869525943
3,10,34,0.6438710886954732
3,10,36,0.3028953448444108
3,10,37,0.0775728794186276
3,10,38,-0.6063379826585904
3,10,39,0.0
3,10,42,-0.03083874848580088
3,10,43,0.18652877612612126
3,10,44,-0.055329879865573084
3,10,45,0.9199237780930108
3,10,47,0.3595608258307869
3,10,49,-0.3475599736071672
3,10,50,0.24223805618869454
3,10,51,0.4372491739895892
3,10,52,0.6184078310114425
3,10,53,-0.1658800726014498
3,10,54,0.10559816780446414
3,10,55,0.6592848148078277
3,10,56,-0.444209656924319
3,10,57,-0.25416718636728
3,10,58,-0.1688129378329878
3,10,59,0.1928387736235627
3,10,60,0.29138361467035884
3,10,61,-0.10741312364720734
3,10,63,-0.014441096281599583
3,10,64,1.1215479128998598
3,10,65,0.2892132041642686
3,10,66,0.05015227208985978
3,10,67,0.11439235983465158
3,10,68,0.04988778247124831
3,10,69,-0.015561532550930318
3,10,71,0.21019011288099887
3,10,73,0.10596076544366886
3,10,74,0.03942269195071245
3,10,75,0.27684174182799964
3,10,76,-0.15939935219098222
3,10,77,0.32036191859221996
3,10,79,0.0
3,10,80,-0.0825908530503523
3,10,82,-0.041154021575489586
3,10,84,0.312193623205701
3,10,85,-0.3766419681692959
3,10,86,0.019162229826479044
3,10,87,-0.09917815811076858
3,10,88,0.7021193177548902
3,11,1,0.286903675525842
3,11,2,0.45166909870015676
3,11,4,0.11790341292516095
3,11,5,0.2391182254672338
3,11,7,-0.42125158359627835
3,11,8,-0.3800974932439441
3,11,9,0.2533378405704323
3,11,10,0.5476225421896523
3,11,11,-0.6770711547639524
3,11,12,-0.3450368487922734
3,11,13,1.1359459849340015
3,11,14,-0.6114388931601417
3,11,15,1.960694813595026
3,11,17,-0.22393304408355272
3,11,18,-0.07128642935086982
3,11,19,0.3021443642892435
3,11,20,0.6757924425482074
3,11,21,-0.29614338590763667
3,11,22,-1.0308712115608516
3,11,23,0.25460752716412965
3,11,24,-0.06041467161244879
3,11,25,-0.693068040001452
3,11,27,-0.37047378635400074
3,11,28,-0.6657411294767006
3,11,30,-0.2935804926718424
3,11,31,0.6152364785099202
3,11,32,0.40122055703874504
3,11,33,0.6638134292991678
3,11,34,0.276766514894558
3,11,35,0.013136232939094841
3,11,36,0.0287544635790742
3,11,37,0.1804348502075692
3,11,38,0.45108712551892294
3,11,39,0.5155281434501977
3,11,40,0.8556692535904372
3,11,43,0.14558846810484816
3,11,44,0.13883909384389378
3,11,45,0.7325553776926712
3,11,48,1.0566284542977906
3,11,52,-2.928032296687162
3,11,53,0.30525388339655674
3,11,54,-0.09977404184643407
3,11,55,-0.012696796903956958
3,11,56,0.21221653641379212
3,11,57,5.458144410712865
3,11,58,-0.05720178151821341
3,11,59,0.14026895592738375
3,11,60,0.5822700110397369
3,11,61,-0.8718624880769568
3,11,62,-0.3460498767781797
3,11,64,-1.1875572917959094
3,11,65,-0.5325046062750198
3,11,66,0.5877874736941553
3,11,67,0.750416291756679
3,11,68,-0.8003996310322576
3,11,69,0.20966851284740956
3,12,1,-0.8197555251863324
3,12,2,0.5480375697149897
3,12,3,0.09918782141855148
3,12,5,0.7965323185979352
3,12,7,-0.857407234548669
3,12,8,-0.09685977233675924
3,12,9,-0.16202253162403332
3,12,10,-0.4481627513187587
3,12,12,-0.010156386968265554
3,12,13,0.12852529146055103
3,12,14,-0.046926946508266176
3,12,15,1.0052608508129168
3,12,16,2.3809204385152416
3,12,17,-2.5192007255094166
3,12,18,0.0005395864901613645
3,12,19,-0.5681460523354378
3,12,20,1.2172493560463677
3,12,21,0.2536316729004866
3,12,22,0.39700871576250496
3,12,23,0.6419887201750546
3,12,25,-1.0382388428233271
3,12,26,0.5697942638133764
3,12,27,0.3276556816189488
3,12,28,0.32318868377570736
3,12,29,0.14233706480291552
3,12,30,1.631333365232034
3,12,32,0.39524889492031584
3,12,33,-0.001405137287597687
3,12,34,0.9539335907798154
3,12,35,-0.2641502912478185
3,12,36,-1.0447851406361992
3,12,37,0.8214672797132757
3,12,39,-1.0942352576426835
3,12,40,2.903563620627888
3,12,41,-1.369679696268407
3,12,42,-0.1278035831269763
3,12,43,0.19308355501377353
3,12,44,-0.02866279674661717
3,12,46,3.535366041580528
3,12,48,0.6916194380259977
3,12,49,-0.5524240822027899
3,12,51,0.11789145429716066
3,13,1,0.5370601057433819
3,13,2,0.11868664553482898
3,13,4,-0.7465711252649155
3,13,5,2.197772712475608
3,13,6,0.285467548494663
3,13,7,-0.644917325659064
3,13,9,0.18878135548769226
3,13,11,-0.08390040077118048
3,13,12,0.2573930792589855
3,13,13,0.2530212633776186
3,13,14,0.8225404276510504
3,13,15,-0.6260099999868659
3,13,16,0.004477712764331848
3,13,17,-0.19572412884019172
3,13,19,0.2463021143291629
3,13,20,0.38588952734087534
3,13,21,-0.5850280065185147
3,13,23,-1.155223901308285
3,13,25,-0.550758708585652
3,13,26,0.32751302566588464
3,13,28,-0.7165695924061917
3,13,33,-0.23108984965859058
3,13,34,-0.009883032157383925
3,13,35,-0.1894063846400918
3,13,36,-0.26300480463478004
3,13,37,-1.0747545741885898
3,13,40,1.2411053513175307
3,13,42,0.19625190105939747
3,13,43,0.07844111738971697
3,13,44,0.32428162821906703
3,14,1,-0.8181927647481092
3,14,2,-0.06953907996170326
3,14,3,0.29301547324792343
3,14,4,-0.1694086055936922
3,14,7,-0.627618915323368
3,14,8,0.10036283534134788
3,14,9,0.4252025262188222
3,14,10,0.8580323421208403
3,14,11,0.3209943600875273
3,14,12,0.033707865168539325
3,14,13,0.1328333844401144
3,14,15,0.17159538617265702
3,14,16,1.0891797121488431
3,14,17,0.019928175054783337
3,14,18,-0.94504020239165
3,14,19,0.09325256252237377
3,14,21,-1.7506787537877506
3,14,22,0.7415346719579071
3,14,23,-0.6142761315545725
3,14,25,0.5518660237505372
3,14,26,0.6273315754269652
3,14,27,0.3085895548061525
3,14,28,-5.205526756587654
3,14,29,-0.8003082159264753
3,14,31,0.20965496902484979
3,14,32,0.46957240586273086
3,14,33,0.6428125507228444
3,14,34,-0.4562515129368904
3,14,35,1.2725380983227819
3,14,37,-0.18160722996141399
3,14,38,-0.10300340273426567
3,14,39,0.16385990888337676
3,14,40,0.3752081458783395
3,14,41,0.2990705282619185
3,14,42,0.42706172086669464
3,14,43,-0.9803022592466455
3,14,44,0.5545612727037574
3,14,45,0.21914000968444652
3,15,1,-0.3499618779291762
3,15,2,0.17782673245913597
3,15,6,-0.5042541456475179
3,15,8,0.17447238751533126
3,15,9,0.3597116706609881
3,15,10,0.0033296914711480052
3,15,12,1.0000133791365777
3,15,13,0.07001003440711408
3,15,16,0.22182284438491826
3,15,17,-0.13816451898912893
3,15,18,-0.6196035471588586
3,15,19,-0.03187573142349773
3,15,20,0.27235885098335655
3,15,22,-0.5264344995061446
3,15,24,0.14305050915670442
3,15,25,2.990898634051022
3,15,27,-0.03238717148253675
3,15,28,0.9431001281141626
3,15,29,0.8302044797308366
3,15,30,-0.13621347935343975
3,15,31,0.35487034392453387
3,15,32,-0.21780641105129342
3,15,33,0.5231599753836984
3,15,34,0.20601313595555049
3,15,35,0.5625075257643251
3,15,37,-0.14578906991973142
3,15,38,0.5286560881310287
3,15,39,0.29850769221240286
3,15,40,0.29564386051944735
3,15,41,0.027235025643815768
3,15,42,0.6550727341636101
3,15,43,0.6356278383544696
3,15,44,0.3676338343573935
3,15,45,0.3380134224972564
3,15,48,0.5621775094151861
3,15,49,0.1767414025448308
3,15,52,0.2138951434089534
3,15,53,0.31357025945244466
3,15,54,0.09972715771495039
3,15,55,0.30931103101935903
3,16,1,-0.8693132194276305
3,16,3,0.08898374083947973
3,16,4,-1.0334032803868507
3,16,5,-0.3321653401243449
3,16,6,0.576576062784813
3,16,7,1.245449317025511
3,16,8,0.3738145596708501
3,16,9,3.1813452458069547
3,16,11,0.9914453268281804
3,16,13,0.7146355464965906
3,16,14,-0.20225503939514264
3,16,18,-0.04311322272843621
3,16,19,0.13440440500041118
3,16,20,-0.6503691119534725
3,16,21,-0.3079217508392101
3,16,22,0.022119403657610177
3,16,23,0.4882661757215482
3,16,24,0.2319342627431685
3,16,25,-2.1776813330791533
3,16,26,0.0491026827506635
3,16,27,-0.7055137659156403
3,16,28,-0.33176616668254844
3,16,29,-1.3162365481524365
3,16,30,0.10360968296129784
3,16,32,0.9829670448568465
3,16,33,0.4475853870706306
3,16,34,0.4596601832790216
3,16,35,0.8307913988886844
3,16,37,3.321198178734696
3,16,38,0.204784801011843
3,16,39,0.9900349350911619
3,16,40,-0.2460213106341055
3,16,41,0.42686145411133747
3,16,42,1.237547004712558
3,16,43,0.637841124499676
3,16,44,0.18678545378447042
3,16,45,-0.11504770257811497
3,16,46,0.8492461521685255
3,16,48,-0.056705044452086864
3,16,49,0.04358018158497517
3,16,50,0.8194663208837746
3,16,51,0.2034058913579945
3,16,53,0.427749405760934
3,16,54,-0.7368497342953548
3,16,55,0.664008617680221
3,16,56,2.529456863436122
3,16,57,0.3028628376055954
3,17,3,-0.0029002335776357547
3,17,4,0.0
3,17,5,-1.3749704232837863
3,17,6,0.09921823353812122
3,17,7,0.6608357079907262
3,17,8,-0.006973952023200787
3,17,9,0.19745207696533368
3,17,10,0.3414791062334691
3,17,11,0.23402628394779074
3,17,12,1.5054064435816146
3,17,15,0.28679503779203996
3,17,16,0.10140868488879723
3,17,17,-0.0486883145026466
3,17,18,0.8179871903424347
3,17,19,-0.18446595240007835
3,17,20,0.5203374346230125
3,17,21,-0.1720810362101444
3,17,23,0.36376380027231686
3,17,24,1.5906726229034773
3,17,25,-0.7750524602901381
3,17,26,0.32031613488229843
3,17,28,0.4270554906626128
3,17,29,-0.33899064631611525
3,17,30,-0.033845178805191924
3,17,31,0.614354403035529
3,17,32,1.9207397182235408
3,17,34,1.3475899667195348
3,17,35,0.6413820126696845
3,17,36,-4.00542201283853
3,17,37,-1.5732522239447435
3,17,38,0.32394098073137484
3,17,39,0.38031463045056557
3,17,40,-0.2754420772302715
3,17,41,0.45301425466418405
3,17,43,0.11987402986059104
3,17,45,-0.08768012784876082
3,17,46,-2.2138110402842734
3,17,47,-0.335029328890818
3,17,48,0.6180418770202911
3,17,49,0.267033164340146
3,17,50,0.15358860075888225
3,17,51,-0.45681643900850366
3,17,52,-0.07651281734105751
3,17,56,-0.46823844427083844
3,17,57,-0.7969739433485438
3,17,58,0.016804256859084894
3,17,59,-0.13531144783826346
3,17,60,0.2891079543696607
3,17,61,-0.12478252555624719
3,18,1,0.5549307262663671
3,18,2,0.07141254791363023
3,18,3,0.020253894145707274
3,18,5,0.7008622084796348
3,18,7,-0.24129650341819908
3,18,8,-0.03623135698011246
3,18,9,-1.0708203921096546
3,18,10,0.0
3,18,12,0.8191496772414393
3,18,13,-0.19100321167841647
3,18,14,-0.03984002815966742
3,18,15,0.00933513129173541
3,18,19,0.22332922743964348
3,18,20,-0.1826540764585262
3,18,21,-0.18507225748220685
3,18,23,-1.1904602192576208
3,18,24,-0.6038144853864785
3,18,25,0.4991363840954171
3,18,27,-0.005493731327117057
3,18,28,-0.5780234612500167
3,18,29,0.8287790466544653
3,18,30,0.26915511715211077
3,18,31,-0.11089760231230807
3,18,32,-0.732084639489368
3,18,35,0.717111186511831
3,18,36,-0.07610178032613496
3,18,37,-0.5373984307340015
3,18,38,0.21661971269390243
3,18,39,-0.5502747463346771
3,18,41,0.10352214489645445
3,18,43,0.25582461015609714
3,18,44,0.05467770126887036
3,18,45,-0.06898221837195065
3,18,46,-0.3938679306219063
3,18,47,0.4275900014892134
3,18,48,-0.5937786458979547
3,18,49,-0.156969561469035
3,18,50,0.20806172456931696
3,18,52,0.7778185312038447
3,18,53,0.5869597294236556
3,18,54,-0.013953033916213768
3,18,55,-0.10568030985094362
3,18,56,0.6489241784075359
3,18,57,0.005016483087051878
3,19,1,1.228708806071058
3,19,2,-0.06615932619045897
3,19,3,2.457417612142116
3,19,4,-0.055720754699499705
3,19,5,-0.6288287956980785
3,19,6,0.0
3,19,7,0.3308907849724417
3,19,8,-0.09728770070395205
3,19,10,-0.7950424999855754
3,19,11,-1.1360294110439626
3,19,12,-0.18809482467069083
3,19,13,0.1377140214892113
3,19,14,1.3477296154185825
3,19,15,0.4867086348987772
3,19,16,-4.330515883091828
3,19,17,-0.45219073191118586
3,19,18,-0.943414520979802
3,19,19,-1.2162923474042548
3,19,20,0.00012990967434551673
3,19,21,0.25386638185293686
3,19,22,3.9676212829531514
3,19,23,0.7989397958782166
3,19,25,-0.6629652283466316
3,19,26,-0.25695189024647475
3,19,27,-0.046868977053063164
3,19,28,-0.11411205509777216
3,19,29,-0.6493374752632336
3,19,31,0.6821966288697082
3,19,32,-0.4137053856915375
3,19,33,-0.7652371394996261
3,19,34,0.5316760900729259
3,19,35,-2.7657825524387505
3,19,36,-0.8984826741305527
3,19,37,-0.1334451892083146
3,19,38,0.1973028394761852
3,19,39,0.033611226780985645
3,19,40,-0.236913002553529
3,19,41,0.07813694954322437
3,19,42,0.0
3,19,43,-0.06609104503027825
3,19,45,0.03117641361490267
3,19,46,2.881109577335311
3,19,47,1.1284464508249894
3,19,48,-0.9026002708554473
3,19,49,-0.02615331236068181
3,19,50,-0.2615013964613306
3,19,51,-0.08425495973091812
3,19,52,0.0340461913780886
3,19,53,0.0
3,19,54,-0.4619422814770098
3,19,55,0.09525024400118547
3,19,57,-0.1465618245891547
3,19,58,-0.05082916026008858
3,20,1,-0.8866324596445132
3,20,2,0.2533157932748751
3,20,3,0.014999038480029647
3,20,4,-0.9159968031051039
3,20,5,-0.13476085849408623
3,20,6,0.45881813565184093
3,20,8,-0.15969867114305492
3,20,10,0.6269734795050805
3,20,11,0.3841248803580577
3,20,12,-0.1429012057581115
3,20,14,0.17295063400717353
3,20,15,-0.8319400144658622
3,20,16,0.2413625272878224
3,20,17,1.006713014804982
3,20,18,1.5687677931997508
3,20,19,0.37019628006845184
3,20,20,1.2021823901370432
3,20,21,0.5435242565906303
3,20,22,0.14127582948702436
3,20,23,0.49261261432985226
3,20,24,0.4828945331185901
3,20,25,-0.002386704225367381
3,20,26,-1.5032739497900058
3,20,28,0.10834138183231361
3,20,29,-0.33578199944017567
3,20,31,0.6367713918880404
3,20,32,1.2681161545086124
3,20,33,-0.814260268980403
3,20,34,0.28572196334945366
3,20,35,0.2137063579276692
3,20,36,-0.8602553174527077
3,20,39,0.24574176121421162
3,20,40,-0.2897254650676909
3,20,41,1.13027226144363
3,20,42,-0.018447196487434786
3,20,44,-0.07080900797945629
3,20,45,4.471352680622025
3,20,46,-0.20004887626261295
3,20,47,0.07301044404889544
3,20,48,-0.05281677875278583
3,20,49,-0.29719969478426694
3,20,50,-0.2857098286300337
3,20,51,-0.49815225184710715
3,20,52,-0.8762654007395241
3,20,53,-0.4635745567880828
3,20,54,0.999065908956949
3,20,55,0.13019729943903666
3,20,56,0.055929657900985655
3,20,57,-0.3258712605268442
3,20,58,-0.2435924701988658
3,20,59,-0.001068824895538334
3,20,60,-0.47265709773562203
3,20,61,0.7965418795485852
3,20,63,0.22217443620725177
3,20,64,0.3775383465154601
3,20,65,0.7776105267253812
3,20,66,-0.20095250178125143
3,20,67,0.4460480083361715
3,20,68,0.677060001142583
3,20,69,0.27388337491298576
3,20,70,0.49148352242842325
3,20,71,0.2325941211293069
3,20,72,0.14723772868165208
3,20,73,-0.4979737130353614
3,20,74,-0.14218538766555378
3,20,75,-0.22877669433557857
3,21,1,0.04216975832087393
3,21,2,-0.03596395025863184
3,21,4,-0.029218950799923343
3,21,5,0.17362651850071684
3,21,6,0.08637095617630954
3,21,7,0.1379017952305125
3,21,8,0.001776540393816428
3,21,9,-0.15310215682939093
3,21,10,0.13389488076174477
3,21,11,0.09726128307504198
3,21,12,-1.0530206481955229
3,21,13,0.03508761284777998
3,21,15,-0.09175941287501149
3,21,16,-0.08032471786800822
3,21,17,0.42333664746986027
3,21,18,-0.37354588618736156
3,21,19,-0.4481627513187587
3,21,20,-1.3523440312985973
3,21,21,0.3307900291127581
3,21,24,0.36493670210104967
3,21,25,0.6638863644226088
3,21,26,-0.04646492882285891
3,21,27,0.19632988953531375
3,21,28,0.000838772636336885
3,21,31,-0.03319902150490228
3,21,32,-0.008484669895606006
3,21,33,0.19088071474841728
3,21,34,0.22899986007458087
3,21,35,-2.5041130150155797
3,21,36,0.6763665981951885
3,21,37,-0.28276284373461774
3,21,39,1.5685696296156555
3,21,40,0.23934781846961237
3,21,41,-0.037027546529027504
3,21,42,-0.0999843378994369
3,21,43,0.7393418676740998
3,21,45,0.4550620481888238
3,21,46,0.1298508263594675
3,21,48,-0.6201590679243297
3,21,51,-0.5325046062750198
3,21,52,-1.7322063532367313
3,21,53,0.06725924175955064
3,21,55,-1.0741202114867638
3,21,56,-0.3566853376790098
3,21,57,1.8600081450367685
3,21,58,-0.3242593978900089
3,21,59,-9.300629523481657
3,21,60,-0.1521394461768088
3,22,1,-1.2268424965980167
3,22,2,-0.23289740700337422
3,22,3,-0.07822156167604871
3,22,4,0.7459504326739937
3,22,5,0.34655947913418433
3,22,6,0.26434829654266956
3,22,7,-0.31968301216956446
3,22,8,1.5879425185213052
3,22,9,0.2845153468821293
3,22,10,0.880180554195058
3,22,12,0.42961713129505824
3,22,15,-0.5413432963732342
3,22,16,0.0017034565124518994
3,22,17,0.7048243171732731
3,22,18,0.0
3,22,19,-0.026472413886649337
3,22,22,0.03147322654059542
3,22,23,-1.0670865279329174
3,22,24,-0.11439884461972358
3,22,25,0.409569602023686
3,22,27,-0.5481476723209645
3,22,28,-0.045014104690880026
3,22,29,0.4533209099536818
3,22,30,0.7703237245411987
3,22,31,0.21769632949137016
3,22,32,0.0551403710884942
3,22,33,0.06597428581021862
3,22,34,0.20575933216726897
3,22,35,-0.15085969648571088
3,22,36,0.24292885605651537
3,22,38,-1.8633000212177862
3,22,39,-0.708118339610124
3,22,40,-1.9566474742695898
3,22,41,-0.307182807902763
3,22,42,-0.06294683432150375
3,22,43,-0.2153028964750058
3,22,44,9.89320520831269
3,22,45,-0.8158805620787181
3,22,46,0.4275241646932301
3,22,47,-0.38005860617892173
3,22,48,-2.286419292129784
3,22,49,-0.19824436944414922
3,22,50,-1.9606694863684277
3,22,51,-0.3317910526158532
3,22,52,0.5515964684439069
3,22,53,0.5012175869219185
3,22,55,0.016882541598341287
3,22,56,0.27362905399676907
3,22,57,-0.04070034688460849
3,22,58,-0.25827905818597824
3,22,60,-0.6438530722829563
3,22,61,0.08277581784774646
3,22,62,-0.17401267502078732
3,22,64,-0.4865057326183088
3,22,65,-0.09734402073400407
3,22,66,0.21730078799548785
3,22,67,0.4321753472475151
3,22,68,-0.972784180794677
3,22,71,-0.4564421405270123
3,22,72,-0.580616772459565
3,22,73,-0.46656631603522875
3,22,74,0.0
3,22,75,-0.20785629928452581
3,22,77,-0.11271121679900413
3,23,1,0.5062138455781396
3,23,2,-0.18392865585071494
3,23,3,-0.20344063004218754
3,23,4,-0.4308260789198215
3,23,6,0.0680265123858738
3,23,7,-2.5381801215657718
3,23,8,0.017909711947136975
3,23,9,-0.24488328794465475
3,23,10,-0.11581452757996914
3,23,11,-1.6654307612792223
3,23,12,-0.8640641431805053
3,23,13,-0.18737269894817224
3,23,15,0.06191267664518113
3,23,16,-0.20460212240235798
3,23,18,-0.2918419479218919
3,23,21,0.2529567088270324
3,23,22,-0.828552263109145
3,23,23,2.886868026277946
3,23,24,-0.504125068121735
3,23,25,1.0489471244251252
3,23,26,-0.04292243121117631
3,23,29,-0.077714565862652
3,23,30,-0.35372937006898986
3,23,31,-0.05138390369725676
3,23,32,0.5302242076344924
3,23,33,0.10280451099429046
3,23,34,0.380249867881278
3,23,36,1.0595606688935646
3,23,37,0.21744703172093896
3,23,38,0.0003683022366641718
3,23,40,-4.330515883091828
3,23,41,0.31364377557856815
3,23,42,0.4942827965842982
3,23,43,0.49148352242842325
3,23,44,-0.048075223190816245
3,23,45,0.9761960675034438
3,23,46,0.1104801887993915
3,23,48,-0.006832706924482117
3,23,49,-0.8777733471673314
3,23,50,0.47772635873519154
3,23,51,0.22789328663468666
3,23,52,0.12083831180683358
3,23,53,-0.07302071126009335
3,23,54,-1.115503628691817
3,23,55,-0.2591625795829802
3,23,57,0.9412834042367713
3,23,58,0.8869846603492146
3,23,59,1.7692983912256492
3,23,60,-0.40348575743466775
3,23,61,-0.06473442520487678
3,23,62,-0.2683048291756879
3,23,63,-2.9676212829531514
3,23,64,1.1759948641448663
3,23,65,-2.0023930862444725
3,23,66,-0.2614593731119557
3,23,67,0.3549649407480719
3,23,68,0.307752651874454
3,23,69,-0.13476807966883117
3,23,71,-0.504789330917491
3,23,72,-0.08997145448247916
3,23,73,0.34766820589419206
3,23,74,0.0879593918491766
3,23,75,-0.06318890280976767
3,23,76,0.8657238147650448
3,23,78,0.21091757694936938
3,23,79,0.5173774540782845
3,23,80,0.10953153179018318
3,23,82,0.15685265755228442
3,23,84,1.7338106414765757
3,23,85,0.2950352693000084
3,23,86,-0.8035780219204909
3,23,87,-0.10937799389187565
3,23,88,0.044325401032732706
4,1,1,0.14526457032438828
4,1,2,0.09625001592226944
4,1,3,2.0806431271843246
4,1,4,0.004305856325242233
4,1,5,0.15358860075888225
4,1,6,0.27826962119103643
4,1,7,1.0108563955589989
4,1,8,-0.04114527000686528
4,1,10,-0.6107294786782491
4,1,11,0.3285536165581885
4,1,12,-0.5479938988314687
4,1,13,0.18391162094117283
4,1,14,0.0
4,1,15,0.22065297051870073
4,1,16,-0.6311515226146353
4,1,17,0.10028967082652351
4,1,18,-0.11346538939097232
4,1,19,1.0081491845880384
4,1,20,-0.1250400676814607
4,1,21,-0.14761585034420027
4,1,22,0.32862110008778256
4,1,23,-0.0697564673087846
4,1,24,-0.16597731393153994
4,1,25,-0.33856901610263995
4,1,26,0.11283187123958732
4,1,27,0.3841888174994152
4,1,29,-0.07894805307778825
4,1,30,1.3964689825996113
4,1,31,0.07338246589426738
4,1,32,-0.08787440653256748
4,1,33,0.32547287392786245
4,1,34,-0.04607849986534255
4,1,35,0.14601259046963316
4,1,36,-0.05257020869059289
4,1,37,0.156159149821264
4,1,38,-0.27740970263625214
4,1,39,-0.5889708315697079
4,1,40,-0.08565251276322379
4,1,41,-1.246990465075262
4,1,43,0.171677264622694
4,1,44,-0.46670184308585827
4,1,45,0.6375873325138315
4,1,46,2.061328201543129
4,1,47,-0.5412224381100034
4,1,48,0.03735013499172993
4,1,50,1.163920290368249
4,1,52,0.1728434433609824
4,1,54,0.8198691220738461
4,1,55,0.47461032143426385
4,1,56,-0.6205526756587654
4,1,57,-0.14860905103331062
4,1,59,-2.240973503275515
4,1,60,-0.8089729016743477
4,1,61,0.7729980755786734
4,1,63,-0.06817517555161849
4,1,65,0.3446397749478687
4,1,66,-0.0019467625230802435
4,1,67,0.34355470025718815
4,1,68,0.19324951889466835
4,1,69,0.07002104072556486
4,1,71,0.9882259210738733
4,1,72,-0.2011946632510611
4,1,73,0.3054499790444683
4,1,74,0.1372234628657366
4,1,75,-0.24763378691064744
4,1,76,-2.9458640594796854
4,1,77,0.44368722889450046
4,1,79,-0.481578490064436
4,1,80,-0.31168250397246816
4,1,81,-0.4856218947543386
4,1,82,0.05115149768219601
4,1,83,-0.6441465518104945
4,1,84,-0.1670362465246832
4,1,85,-0.7137654372196016
4,1,86,-0.04135971998591107
4,1,87,-6.605526428612451e-05
4,1,88,-0.7040258617581339
4,1,89,0.2891079543696607
4,1,90,0.10664602018227655
4,1,91,-0.145735045119426
4,2,1,-0.4103382216160063
4,2,2,0.2936193346569296
4,2,4,0.7763246900112473
4,2,7,0.5310066009625234
4,2,8,-0.7656255499887697
4,2,9,-0.5625790670096606
4,2,10,0.4250429152974345
4,2,11,-0.012729046065327338
4,2,12,0.32161121892922295
4,2,13,-0.1459416569444543
4,2,14,-0.22712500056903404
4,2,15,-0.7577955292255746
4,2,16,-0.06271480980271463
4,2,18,0.33867045492435643
4,2,19,0.19630568511768567
4,2,20,1.5769780180066326
4,2,21,-0.4287036172743345
4,2,22,0.6989949184284641
4,2,23,-2.905639404592255
4,2,24,0.8588761307194069
4,2,26,1.0984740397062307
4,2,27,0.3964247515108155
4,2,28,-0.04298197893010521
4,2,29,1.1081845460501074
4,2,31,-0.11785990481345843
4,2,32,-0.048824127596006794
4,2,33,0.4431514638504638
4,2,35,-0.23089999862868046
4,2,36,-0.1790379471613955
4,2,37,1.1985145494890825
4,2,38,0.0
4,2,39,-1.145694333178344
4,2,40,0.2732130869525943
4,2,41,0.5286965930853391
4,2,42,2.8109004172317777
4,2,43,0.21869994181646724
4,2,44,1.6027422502107758
4,2,45,0.5314964893472228
4,2,47,1.0051150540061524
4,2,48,0.3387842278212169
4,2,50,-0.4974641781467198
4,2,51,0.4320959994940418
4,2,52,0.6475505564645541
4,2,53,0.24705733014863585
4,2,54,0.03887100408403783
4,2,55,0.23045748929360935
4,2,56,0.033297046637349975
4,2,57,-0.2413120650432105
4,2,58,0.6434249298118045
4,2,59,-0.22757287727589565
4,2,60,-0.16379578433178762
4,2,62,-0.21512460946284187
4,2,63,0.027378466983294075
4,2,64,-0.23912849393820512
4,2,66,-0.2369785964399261
4,2,67,0.09906119284788757
4,2,68,0.1622779978477145
4,2,69,0.03279466944563755
4,2,70,1.2754686676642297
4,2,71,0.12304362428926119
4,2,73,0.1720198944668164
4,2,77,-1.192809730490691
4,2,79,0.03545559158437318
4,3,1,-0.06803300679356501
4,3,2,-0.1379017952305125
4,3,4,-0.3066655463835914
4,3,6,0.0
4,3,7,0.5221605696079741
4,3,8,0.09784706508557028
4,3,9,-1.1843322707197779
4,3,12,-0.008088657269293503
4,3,13,-0.02304482920534233
4,3,14,-0.9428139084699643
4,3,15,0.029109386455894393
4,3,16,0.07797769927103679
4,3,17,-0.4413952023640893
4,3,18,0.0
4,3,19,-0.2868975598611731
4,3,20,-0.32599152896195804
4,3,21,0.14666796583861846
4,3,22,-1.0685473068603837
4,3,23,0.7597262875864356
4,3,24,1.2197325909730834
4,3,25,0.309796174314242
4,3,26,-0.7436792637823924
4,3,27,-0.4006659447686107
4,3,28,3.4814067923701693
4,3,29,-0.18743223651226257
4,3,30,0.06754390379327582
4,3,31,0.25858045900799614
4,3,32,0.48405317288526567
4,3,33,-0.04091575330516806
4,3,34,0.5728431930328072
4,3,35,0.07548592404029233
4,3,38,-0.9437561499203504
4,3,42,0.04877815658702403
4,3,43,-0.007883441498406104
4,3,44,1.168032516062373
4,3,45,-0.34954275253875294
4,3,46,-0.20458253320909564
4,3,47,-0.31888158926950333
4,3,50,-0.6396375673934959
4,3,51,0.4574150095343183
4,3,52,-0.33429927488701017
4,3,53,-1.709084933743441
4,3,56,0.04206768262474636
4,3,57,-2.531962652529335
4,3,59,-0.1354192599500442
4,3,60,0.9829670448568465
4,3,62,2.424009790760267
4,3,63,0.22786942266615218
4,3,65,-0.2905634111280988
4,3,66,0.13896837959353445
4,3,67,0.267870986242994
4,3,68,-0.04877309142046743
4,3,69,0.5549068872376162
4,3,70,0.26556421593851137
4,3,71,-0.8815699169475748
4,3,72,-1.914028038338897
4,3,75,-0.2778027088039696
4,3,76,0.3677281466232173
4,3,77,-0.08105339203022444
4,3,78,-0.1323845446043976
4,3,79,-0.1453389181898193
4,3,80,-0.3206370256209587
4,3,81,-0.3993711959467506
4,3,82,0.5513321517598235
4,3,83,1.3704932365056333
4,3,84,-0.15246933645051897
4,3,86,-0.008160632631900165
4,3,87,-0.14270534326430306
4,3,88,0.13533582409330855
4,3,89,-1.586721322562178
4,4,2,-0.4430960939334847
4,4,5,0.34440834767071604
4,4,6,-0.12124062840757688
4,4,7,-0.06249999999999997
4,4,8,0.33818329909759426
4,4,9,0.20515477701883555
4,4,10,0.047567569966127154
4,4,14,-0.2597684979923608
4,4,15,0.37666834865450044
4,4,16,-0.18259416512547288
4,4,17,0.17552982943872256
4,4,19,-0.09562595821017476
4,4,20,-1.3572001631725679
4,4,21,-0.00029888305258061744
4,4,22,0.3262679529376865
4,4,23,0.1547407469323713
4,4,24,-1.2043821186080779
4,4,25,0.19288489697740857
4,4,27,1.321247380326196
4,4,29,-0.20971822924508662
4,4,30,0.6054219332163543
4,4,31,-0.06869858529917175
4,4,32,-0.3914015924111275
4,4,33,-0.21144323824028385
4,4,34,-0.15407016855237612
4,4,35,3.0798441645220858
4,4,36,-0.01886860119906138
4,4,37,-3.9625947785384854
4,4,38,-0.28955001757277393
4,4,39,-0.10201829100303765
4,4,40,-0.7461226350522763
4,4,41,1.2058228853024646
4,4,42,0.7776105267253812
4,4,43,0.30916266275977156
4,4,44,0.30205704497457486
4,4,45,0.25679033027554804
4,4,47,0.3902185381520391
4,4,48,0.15051684710345395
4,4,49,-0.5646913710467114
4,4,50,0.17552982943872256
4,4,51,-0.6923008878318186
4,4,52,2.1739176591697245
4,4,53,0.15777298542041535
4,4,55,0.26434829654266956
4,4,56,-0.2512140424952885
4,4,57,0.253535559368286
4,4,58,0.03995359209012794
4,4,59,-0.6052152897318535
4,4,60,-0.21432479973955273
4,4,61,0.12404873660711058
4,4,62,-4.182852345641748
4,4,63,0.09613582307147782
4,4,64,0.06463658014424202
4,4,65,0.17894305763287105
4,4,66,0.3941508777857482
4,4,68,-0.26700194556409607
4,4,70,0.567334245687238
4,4,71,1.284178236171679
4,4,72,-0.720781900645536
4,4,73,0.1638278408094744
4,4,74,0.38986745790806177
4,4,76,-0.08561602403588453
4,4,78,1.313635170778479
4,4,79,0.5690549034857142
4,4,81,-0.268019580267225
4,4,83,0.004087284878867632
4,4,84,0.2695219431796012
4,4,85,-0.2589500776357093
4,4,86,0.37227502536192053
4,4,87,0.26292576527081507
4,4,88,-0.583055839831075
4,4,89,0.23349826118669625
4,4,91,0.7699641541391293
4,4,92,0.18625910151437525
4,5,1,1.1734005594736028
4,5,2,0.07420927626334056
4,5,3,2.142066931835848
4,5,4,0.7022075316797148
4,5,5,0.36216991605910337
4,5,8,0.016846519917128225
4,5,9,0.13098971584911764
4,5,10,-0.1023405452371012
4,5,11,0.018438813459628736
4,5,13,0.14931111249130358
4,5,14,-0.6236070674231206
4,5,15,-0.24058421572732377
4,5,16,0.26292576527081507
4,5,18,0.40853827647503477
4,5,20,-1.0276614291688722
4,5,21,-0.6289431794451535
4,5,23,0.02668082405693953
4,5,24,0.35187042753541437
4,5,25,-1.6644116618063347
4,5,26,-0.2812324707200012
4,5,27,-0.10930993702800143
4,5,28,0.20299936873632488
4,5,29,0.21869290688699974
4,5,30,0.17552982943872256
4,5,31,-0.17454282941172136
4,5,32,0.6385349497869163
4,5,33,0.2061328201543129
4,5,34,-0.23861029976981138
4,5,35,0.179559287088697
4,5,37,0.34306928972686945
4,5,38,0.011785981301319843
4,5,39,2.2453257884075764
4,5,40,1.0342558491599017
4,5,41,0.13350365694573077
4,5,42,0.16709587930195519
4,5,43,0.03156629674733825
4,5,44,0.6119125138941154
4,5,45,0.7730039729922701
4,6,1,0.9761960675034438
4,6,2,0.044138172041954166
4,6,3,0.26368161904388177
4,6,5,0.8242600415161923
4,6,6,0.717269575296055
4,6,7,0.08790002207553232
4,6,8,4.811417012547941
4,6,9,-0.979893982341336
4,6,10,0.20974118418001061
4,6,11,0.4380980337517219
4,6,13,-0.5080178062618673
4,6,14,-0.046581250650768714
4,6,15,0.33184679652189353
4,6,16,0.3987858343999774
4,6,17,-0.010389273696299883
4,6,18,-0.7578445660552643
4,6,19,0.48087914897735295
4,6,20,-0.032766057183521186
4,6,21,-0.2879943256438584
4,6,22,0.5346382370594037
4,6,23,0.26864183227701943
4,6,25,-0.11091818937810889
4,6,26,-0.4452812089086037
4,6,27,-0.009180386192999018
4,6,28,1.0579820461533171
4,6,30,-0.11504378225094042
4,6,31,0.22340160110382873
4,6,32,0.22062263936484472
4,6,33,0.23377067716284572
4,6,34,-0.014745880913710888
4,6,35,0.6301743519692417
4,6,36,0.023247491265081632
4,6,37,0.4546874695219562
4,6,38,0.6451777177096134
4,6,39,-0.4190084932342957
4,6,40,0.23565520339310775
4,6,41,-0.12395706974683103
4,6,42,0.21693245944520972
4,6,43,0.04012053833159513
4,6,44,-0.13190880531517984
4,6,45,-0.2788568230427832
4,6,46,0.06763936397506402
4,6,47,0.014977473493060655
4,6,48,-0.3356192209757443
4,6,49,-0.9819205105925863
4,6,50,0.19280880277617907
4,7,1,0.26296658191823835
4,7,3,0.8181927647481092
4,7,5,0.19922368724560074
4,7,6,0.2653052743252458
4,7,7,0.28862165067564577
4,7,9,-1.087585327017136
4,7,11,-0.578012364425031
4,7,12,-0.08185373965530328
4,7,13,0.3971097970386659
4,7,14,-0.16086187034770116
4,7,15,-0.07289180830321447
4,7,16,-0.5019422814770098
4,7,17,-0.1021152627781666
4,7,18,0.5518073058879798
4,7,19,0.21315651848717157
4,7,20,0.4856223397148688
4,7,21,0.03168250018518833
4,7,22,0.9054603343409957
4,7,23,0.8450963120515962
4,7,24,0.2392167547861516
4,7,26,0.2539105179262274
4,7,27,0.0
4,7,28,-0.14473149352512268
4,7,29,0.0
4,7,30,0.27791737278162826
4,7,31,0.6352648964835241
4,7,32,1.651377405940501
4,7,33,0.9640754816886417
4,7,34,0.02661652442780129
4,7,35,0.0037156921189141845
4,7,37,-0.4175521126572915
4,7,38,0.3461584773934308
4,7,40,0.7843998813720666
4,7,41,0.16468196495429135
4,7,42,0.27904312949555865
4,7,43,0.18187167305043525
4,7,45,0.2227866953319563
4,7,46,-0.18373168990795463
4,7,47,0.281074271172581
4,7,48,-0.639251383585056
4,7,49,0.4383644677766357
4,7,50,-0.30713806577728625
4,7,51,0.09113817147146104
4,7,52,-0.738150413936779
4,7,53,-0.05543289204104543
4,7,54,1.0382304529175153
4,7,55,0.05108850016872716
4,7,56,0.42054255788471767
4,7,57,0.29177413404162894
4,7,59,0.7951832669368324
4,7,61,-0.35150927038789764
4,8,1,0.6802629824329262
4,8,2,-0.16101719610306095
4,8,3,0.18903212401093203
4,8,4,2.7543849393543316
4,8,5,0.3158905141078409
4,8,6,0.08020774171810549
4,8,7,0.5107890443192535
4,8,8,0.49952887868346885
4,8,11,-1.2688495481866588
4,8,12,-0.31103567157091444
4,8,14,-0.4141211055843085
4,8,15,0.0
4,8,16,-0.3842105734966686
4,8,17,-0.39313714187002213
4,8,18,1.0358947976662836
4,8,19,0.2073482637108223
4,8,20,-0.03290813457074953
4,8,21,0.1965934089713693
4,8,22,0.5148194052725042
4,8,23,0.38897606900843795
4,8,25,-0.13000950320032092
4,8,27,0.5219429080872767
4,8,28,-0.5723388608633572
4,8,29,0.22579798476864218
4,8,30,0.25642872516108206
4,8,31,0.04411252966422095
4,8,32,0.586514773666186
4,8,33,0.13808160827846933
4,8,34,-0.8336374972701057
4,8,35,0.043192615963324084
4,8,36,0.1926084342921063
4,8,38,0.1253413840640474
4,8,39,1.3630384577238839
4,8,40,0.3108973926749835
4,8,41,0.3590438490461777
4,8,42,-0.4446360409581687
4,8,43,-0.4107221162939518
4,8,44,-0.28116530744235235
4,8,45,-0.2656579811161813
4,8,46,0.24699133999406195
4,9,1,-0.5451658518057779
4,9,2,-0.019653055291390026
4,9,4,-0.4953186059565951
4,9,5,0.46395130259065437
4,9,6,0.038574000963215005
4,9,7,0.012447842366894423
4,9,8,0.31598774884148884
4,9,10,1.8638523247158887
4,9,11,0.25507039353408545
4,9,12,0.4044206874879932
4,9,13,-0.14936623399847607
4,9,15,0.2951167049321831
4,9,16,-0.9517365140123768
4,9,17,-0.06877872951976852
4,9,18,0.05495523128786443
4,9,19,0.25880864743620213
4,9,20,-0.22153089604104975
4,9,21,-0.584606077493425
4,9,22,-0.8777733471673314
4,9,28,-0.048884082586962904
4,9,29,0.6216095175807467
4,9,30,-0.16328883261958216
4,9,31,-0.22684462252394286
4,9,32,0.7485363881378951
4,9,33,-0.21317235950283647
4,9,34,0.08247057241518488
4,9,35,-1.0027983761316517
4,10,1,-0.10294829038004016
4,10,2,-0.8837062130275156
4,10,3,0.2473593841851755
4,10,4,-1.2264404161357652
4,10,5,0.5841307116689625
4,10,7,-0.21331344118572118
4,10,9,0.5293141728404351
4,10,13,0.06220488178415872
4,10,14,0.12356308669018548
4,10,15,-0.4912331561969032
4,10,16,-0.0044978661780792975
4,10,17,-0.38478926756374104
4,10,18,-0.08231493170089917
4,10,19,0.14796529506525546
4,10,21,-0.18765627511959862
4,10,22,0.014061051829225188
4,10,23,0.3928142348318282
4,10,24,-0.7972253653029584
4,10,25,0.7975729690802725
4,10,26,-0.14897540391979214
4,10,27,0.2208783859593892
4,10,28,-0.025507355321974935
4,10,30,0.30003421014660664
4,10,31,0.8995224209510214
4,10,33,0.037008151057180985
4,10,35,0.914670146476341
4,10,37,0.21422005586737236
4,10,38,0.7471870547564932
4,10,39,-0.060130708137362376
4,10,40,-0.33932095711653
4,10,41,-0.4805506056715077
4,10,42,0.19416597235205357
4,10,43,-7.435242565906303
4,10,44,0.3583858162882927
4,10,45,0.8806216405461813
4,10,47,-0.13329724703831633
4,10,48,0.28308758400414114
4,10,49,-0.5534551246842391
4,11,1,-0.5536661748441505
4,11,2,0.49284776891141097
4,11,4,0.13891712102040732
4,11,5,-4.1350388210103874
4,11,7,1.3330466172435107
4,11,8,1.0604484152689848
4,11,9,0.09603199781493958
4,11,10,0.7226778018289088
4,11,11,-0.047486962147727144
4,11,12,0.630940936899562
4,11,13,0.6197462210906238
4,11,14,-0.09582269829730912
4,11,15,-0.39817904942458004
4,11,16,0.2600051122196526
4,11,18,-1.25876720012007
4,11,19,-0.35713806577728624
4,11,20,0.7021193177548902
4,11,21,0.18230656569105722
4,11,22,-0.1866265264140915
4,11,23,0.2387893832378656
4,11,24,0.11397457073801104
4,11,25,-0.8908237724345194
4,11,27,0.11735944273583274
4,11,28,-0.2521902622545262
4,11,29,0.11220266906140644
4,11,30,0.7416384903857831
4,11,31,-0.7877162417431908
4,11,34,0.46520339037525105
4,11,35,-0.22402717608535783
4,11,36,-0.06624135746851383
4,11,37,0.1177211442432613
4,11,38,0.027919631391570193
4,11,39,0.13336729880103487
4,11,40,1.8950323419785644
4,11,41,0.0113510066549517
4,11,42,-0.23669292749646478
4,11,43,-0.5282944798762034
4,11,44,0.03264852088496817
4,11,45,0.04665708124801102
4,11,46,0.3326884461222593
4,11,48,0.3160894345644286
4,11,49,-0.577402117745577
4,11,50,0.15358964045215484
4,11,51,1.1359459849340015
4,12,1,0.6431778200780198
4,12,2,0.16694540166310118
4,12,3,0.050014145152043485
4,12,4,0.686770450823497
4,12,5,0.14684967001899027
4,12,6,-0.02294550967471795
4,12,7,-0.011355009521631869
4,12,8,-0.32738919876198924
4,12,9,0.14507096803528874
4,12,11,-0.2588095524838867
4,12,12,0.31404304540718253
4,12,13,0.025943972222780262
4,12,14,0.11853538574384297
4,12,15,-0.2710970248837725
4,12,17,0.8668697966459065
4,12,18,-0.9146042361792351
4,12,19,-0.009891707233938035
4,12,20,1.6556056189089052
4,12,22,-0.19457007291585277
4,12,23,-0.3650127666266475
4,12,24,-0.2277875829455082
4,12,25,0.03435982098423034
4,12,26,-0.3269033556760233
4,12,27,0.30372957467308725
4,12,28,0.12663220136702083
4,12,29,0.20484774403823053
4,12,30,-0.334551794030927
4,12,31,0.0051161393643293545
4,12,32,-0.7554538964096104
4,12,33,-0.5068618700867678
4,12,35,-0.14361528121168163
4,12,36,0.0472391430690437
4,12,37,-0.5551872124697497
4,12,38,0.6360374996132536
4,12,39,0.005224480887215804
4,13,1,1.1567731659401075
4,13,3,0.3147085428329869
4,13,4,0.008175975919440442
4,13,5,0.050210440042052946
4,13,6,-0.06793662406950714
4,13,8,0.5076681793420789
4,13,9,-0.1783435803947021
4,13,10,0.2430984460858083
4,13,14,-0.09478029948037532
4,13,15,-0.13253484850443398
4,13,16,-0.3461416069738771
4,13,20,-0.6271742885054634
4,13,21,0.28467412960583105
4,13,22,-0.19875140602716102
4,13,23,-0.19311191840139835
4,13,24,-1.0550495222739644
4,13,26,-0.22353988943484282
4,13,28,0.29815203543221896
4,13,30,-1.2754243752104808
4,13,31,-0.02513442877880727
4,13,32,0.3424877388281701
4,13,33,0.484592353008348
4,13,34,2.3507159622148635
4,13,35,0.8951836755002832
4,13,36,0.0067067305755789675
4,13,37,0.015113418276279995
4,13,39,0.7215996335049624
4,13,41,0.48866624590698304
4,13,42,0.7929541798225676
4,13,43,-0.2343300603572166
4,13,44,0.47950136792378895
4,13,45,0.11644972917081564
4,13,46,0.02710946083680668
4,13,47,0.257936598028341
4,13,49,-0.07652522283632932
4,13,50,1.183165943718668
4,13,51,-0.09664043074030682
4,14,1,0.0
4,14,3,-0.03591447646740653
4,14,5,0.2586755381202227
4,14,6,0.0
4,14,7,-0.15292838971538184
4,14,8,0.324733749228084
4,14,9,-0.06674734208385658
4,14,10,0.12678857841465285
4,14,11,0.07756299155721429
4,14,13,0.3900186710123431
4,14,14,1.5906726229034773
4,14,15,0.6863434595554332
4,14,16,0.25520186783916415
4,14,17,-1.0487932152123252
4,14,19,-0.028030624891180623
4,14,20,-0.06221947776007448
4,14,21,-1.0565961471244565
4,14,23,0.7336668020986031
4,14,24,0.42944879549892107
4,14,25,0.7949798846574063
4,14,26,0.8299161510800751
4,14,27,-2.2827824470812765
4,14,28,1.283030489999952
4,14,29,0.06868417379848517
4,14,30,-1.3141166408993152
4,14,31,0.02980686370130592
4,14,32,-0.011312805117437652
4,14,33,-0.09229266311851195
4,14,34,-0.41253027698558475
4,14,35,0.895248449348179
4,14,36,-0.8510100161350002
4,14,38,0.22281684439246127
4,14,39,0.15500824390418794
4,14,41,0.6313606287970236
4,14,42,-0.07216149481329452
4,14,43,0.8834263720899124
4,14,44,-0.15319845766745763
4,14,45,0.1767683020790264
4,14,46,-0.0874745168837339
4,14,47,0.20098091164660054
4,14,48,0.9611010294471103
4,14,51,0.01754223502130271
4,14,52,-0.4087263966467143
4,14,54,0.15527741990316793
4,14,56,1.153181337275881
4,14,57,0.6403123094837606
4,14,59,0.5742064859413303
4,14,61,-0.3529537410736513
4,14,62,-0.24753531187444733
4,14,63,0.7021193177548902
4,14,64,1.4567689914170638
4,14,65,0.006689034376287081
4,14,66,0.9001253168581562
4,14,67,0.16805167962942608
4,14,68,0.28952854319378835
4,14,69,0.36167560937730936
4,14,70,-0.16581438647226368
4,14,71,0.18327300344618808
4,14,72,2.6126260419510006
4,14,73,-1.6771883682925002
4,14,74,-0.11478697925681114
4,14,75,0.056572292618544295
4,14,77,1.0546962574789698
4,14,78,0.1328333844401144
4,14,79,2.9676212829531514
4,14,80,-0.10770385609659554
4,14,81,0.0855300682206266
4,14,82,0.4286847576616804
4,14,83,0.409569602023686
4,14,85,1.0950944285222488
4,14,86,-0.5155364480016577
4,14,87,0.12673975826888317
4,14,88,0.4188921712899598
4,14,89,0.23323109636351044
4,14,90,-0.13988557946748864
4,14,91,0.2586755381202227
4,14,92,0.26352119911639166
4,14,93,0.022864145259549152
4,14,94,-1.5356903288864312
4,14,96,1.540843240021889
4,14,97,0.3136890998344601
4,14,98,0.0
4,14,99,0.30971609950727425
4,14,100,-0.253487720899836
4,14,101,0.09514126022838854
4,14,102,0.026784692562378625
4,14,103,0.3201232863705901
5,1,1,0.16193814971750545
5,1,2,-0.016493855964011334
5,1,3,0.1592942017975767
5,1,4,-0.5752342852760515
5,1,5,-0.00608504392879657
5,1,6,-0.25915741252173985
5,1,7,-0.9157438818546139
5,1,8,-0.0715892631406966
5,1,10,-0.20832377480540248
5,1,12,-0.41891843531267564
5,1,16,0.3141231788748384
5,1,17,-1.1250150515286501
5,1,18,0.1674392234635239
5,1,19,0.3276556816189488
5,1,20,0.7494572091427164
5,1,22,0.4950803814709691
5,1,23,-0.06253989817766474
5,1,24,-0.3502975338865289
5,1,26,0.09941703893146733
5,1,27,-0.03125230277794443
5,1,28,-1.7748829590923898
5,1,29,-0.29156007762904057
5,1,30,0.7425656460583123
5,1,31,0.1443055921482548
5,1,33,0.16561719826551138
5,1,34,-1.4316779958664039
5,1,35,-0.8663253253724855
5,1,38,-0.1706339161959209
5,1,39,0.34207785212963093
5,1,40,-0.30963089519428366
5,1,41,-0.8182819152955483
5,1,42,-0.8837062130275156
5,1,43,0.3588971661809452
5,1,44,0.28399279412142053
5,1,45,0.39751768965080686
5,1,46,0.3245170620383125
5,1,47,-0.09109302015227472
5,1,48,-0.11701052651602183
5,1,49,0.12067548121315204
5,1,50,0.5283465853710769
5,1,51,1.2146379260270324
5,1,52,-0.3637017837725103
5,1,53,0.5827468076578426
5,1,55,0.989803286108592
5,1,56,0.6590449244312772
5,1,57,-0.007373391327909262
5,1,58,-0.051168787025078
5,1,60,0.05588895867931417
5,1,62,0.32176987312774397
5,1,63,0.14886478458580113
5,1,65,0.3241312614477444
5,1,66,0.10019822265851674
5,1,68,0.2240028538681427
5,1,70,-1.2876384440139022
5,1,71,-0.026035753736349074
5,1,72,-0.4615321819168391
5,1,73,0.08455798556319048
5,1,74,0.36321590763112543
5,1,76,1.1046327662843944
5,1,77,-0.4026105604375039
5,1,78,0.34827868153228564
5,1,79,-0.08287551379223183
5,1,80,-0.3080929383769321
5,1,81,0.39421225815312094
5,1,82,-0.24824598845127807
5,1,83,0.7162446016175772
5,1,84,-0.041270131539432646
5,1,86,-0.49607607944481047
5,1,87,-0.25093346566498836
5,1,88,0.6664857784573501
5,1,89,0.4974165056884703
5,1,91,-0.16167095127697942
5,1,92,-0.018876906801742983
5,1,93,-0.6391100884765282
5,1,94,2.9057914834182346
5,1,95,-1.0342544594312755
5,1,96,0.10418608270929339
5,1,97,1.2851945663091031
5,1,98,0.04630588054717157
5,1,99,-0.05942768039380186
5,1,100,-0.08227536981678578
5,1,102,0.1324454001739181
5,1,103,0.30340536717182814
5,1,105,0.2755567622276694
5,1,106,-0.3998148649285564
5,1,107,0.49243590091158695
5,1,110,0.7319185242135222
5,1,111,0.24938779628096308
5,1,112,0.6273496948529915
5,1,113,0.44678260036129636
5,1,114,0.012372636836470673
5,1,115,-0.3385399401719173
5,2,1,0.6635283228983019
5,2,4,0.029852882264703326
5,2,5,0.4052966898727228
5,2,6,0.17750428039323046
5,2,7,0.3308534654754376
5,2,8,0.19278185256724514
5,2,9,0.740250632264171
5,2,10,-0.373984338345728
5,2,11,-0.26947117059635317
5,2,12,0.03044063638987548
5,2,13,-1.477601361940609
5,2,14,-0.061049181714764485
5,2,15,-0.0935731183584913
5,2,16,0.08291371675079226
5,2,17,0.6259053106961106
5,2,18,0.0021383886666966057
5,2,19,-0.4211147227343298
5,2,20,-0.3385653926258598
5,2,21,0.8069936473066054
5,2,22,-0.8030180045083362
5,2,23,0.13188229612942529
5,2,24,0.4675367134424569
5,2,25,-0.024415486765728654
5,2,26,-6.553964736858404
5,2,27,0.21205215390517104
5,2,28,-0.11737943024421232
5,2,29,-0.7551728900805208
5,2,30,-0.5117041624381986
5,3,1,1.638278408094744
5,3,2,0.07890186379695648
5,3,3,-0.0639009782250973
5,3,4,0.8747344195183886
5,3,5,0.17092877742852947
5,3,7,0.05591127007897761
5,3,8,-0.08103486771196747
5,3,9,0.5642609259071992
5,3,10,0.3518162226657885
5,3,11,-0.08792888199712953
5,3,12,0.06896243735977119
5,3,13,0.41869259493963557
5,3,14,-0.14129148902598243
5,3,15,1.2776327898521047
5,3,16,0.6814041545877892
5,3,17,0.3875736058186471
5,3,18,0.011507979045715173
5,3,19,0.2997489754516844
5,3,20,0.3639904374730189
5,3,21,0.16842195039763194
5,3,22,0.1108234962024196
5,3,23,0.22335787513751984
5,3,24,-0.32176212829531514
5,3,25,-0.19324660768373464
5,3,26,0.03731190828647099
5,3,29,0.8130631700247846
5,3,30,0.3674419816017466
5,3,31,0.7771889391069339
5,3,33,0.9126092226851655
5,3,34,-0.3851739797817763
5,3,36,1.2316870033568403
5,3,37,0.15941119568460774
5,3,38,-0.42294984939555297
5,3,39,0.136523200674562
5,3,40,-0.14082415657791464
5,3,41,-0.19709149354356412
5,3,42,0.036558284768101246
5,3,43,1.0992450231458544
5,3,44,-0.038088532316443796
5,3,45,0.18277217829340628
5,3,46,0.08584124661602348
5,3,48,-0.03875539905908876
5,3,49,0.1236797479673096
5,4,2,0.2160479997470209
5,4,6,0.28056565475968454
5,4,7,0.4172362226206875
5,4,8,0.6481439992410627
5,4,10,-0.24237209065172247
5,4,12,-0.6397679352516709
5,4,13,-1.611653615810525
5,4,14,-0.0015372391846406597
5,4,15,0.44103012392982566
5,4,16,0.44554982209548816
5,4,17,1.4603267791724062
5,4,18,0.0
5,4,19,0.5273378810589665
5,4,20,-0.6247748209762914
5,4,24,-0.0729649283342873
5,4,25,0.26687461769831244
5,4,26,0.9300040725183842
5,4,27,-0.004167981030359341
5,4,28,-0.024850975253533334
5,4,29,0.26592456440873047
5,4,30,-0.10192603882474177
5,4,31,1.0017096349322723
5,4,32,-1.058380010864191
5,4,33,-0.5026304254064584
5,4,34,-1.8358144669740328
5,4,35,-0.31790459689663914
5,4,37,1.064493144453053
5,4,39,-0.11312770889217112
5,4,41,0.06466888453005568
5,4,42,0.6052700219096726
5,4,43,0.46352861448127386
5,4,44,0.49524476461359634
5,4,45,0.004198118038251444
5,4,46,0.5134772519315365
5,4,47,0.0
5,4,48,0.0
5,4,49,0.10554956518812839
5,4,50,0.3312729726584598
5,5,1,-0.19846251105168722
5,5,2,1.1991459502850663
5,5,3,1.0173170494901025
5,5,5,0.03862136479902126
5,5,7,0.3129271669655156
5,5,9,0.003598765307170522
5,5,10,1.5879425185213052
5,5,12,0.44176656863332087
5,5,13,0.4426754865090739
5,5,14,-0.05868460221501054
5,5,15,-0.035760641724227354
5,5,16,0.36731850420638273
5,5,17,1.56868377409394
5,5,18,-0.03176344955245862
5,5,19,0.6128547821784461
5,5,21,-0.8708753473170001
5,5,22,1.228708806071058
5,5,23,0.3931868179427386
5,5,24,-0.190955732361035
5,5,27,-0.1511848065594351
5,5,28,-0.1078872206377158
5,5,29,0.5463745882362976
5,5,30,0.14714789990974494
5,5,31,-0.10236125506407229
5,5,35,0.7062795878366234
5,5,36,-0.19877869739965856
5,5,37,0.6348194052725042
5,5,38,0.20073837224232244
5,5,40,0.3862738454010615
5,5,41,-0.3437434450763345
5,5,42,-0.37422027532263735
5,5,43,0.1613417514940109
5,5,44,-0.11908676476947828
5,5,45,-0.22613896081750284
5,5,46,-0.06182894201625555
5,5,47,0.2141643648983525
5,5,48,0.5713406671667627
5,5,49,-0.20023710491904395
5,5,50,-0.7701926258988487
5,5,52,0.8017905059618028
5,5,53,0.09688149631131397
5,5,54,0.4461691901544963
5,6,1,0.8298159358536816
5,6,2,0.3488137113672116
5,6,3,1.032380389363789
5,6,4,0.13142680065802037
5,6,5,0.167457130464098
5,6,6,0.23663318874373357
5,6,7,0.08560101919501185
5,6,8,-0.8157412541334947
5,6,9,0.5149308587906406
5,6,10,0.2881978948405911
5,6,11,0.4417567719187784
5,6,12,0.5282980735622282
5,6,13,0.3021365750011875
5,6,14,0.1620656307238722
5,6,17,-0.6774278518462622
5,6,18,0.04906925490389706
5,6,19,-0.2641202643304638
5,6,20,-0.04924210724135189
5,6,21,-0.6726981187859803
5,6,24,1.2208065486009698
5,6,25,0.31874412974620525
5,6,26,-1.714814469097338
5,6,27,0.17461033681559412
5,6,28,-1.1397363094023676
5,6,29,-0.2926901711794426
5,6,30,0.6532133427987004
5,6,31,0.43303217688479223
5,6,34,-0.62287459960086
5,6,35,-0.03691378352407636
5,6,37,0.5457854463409347
5,6,38,0.7565861023303158
5,6,39,0.6014672316811817
5,6,40,0.1346642321415341
5,6,41,0.28497809109312094
5,6,42,0.7024209656987302
5,6,43,0.3296424074039139
5,6,44,-0.4142761315545725
5,6,45,-0.23806827948197137
5,6,46,-0.09333502133832616
5,6,47,1.0492479140976974
5,6,49,-0.011012474646445208
5,6,50,-1.1558737609843837
5,6,51,0.1548842559206054
5,7,1,-0.07406435593549439
5,7,2,0.0
5,7,3,-0.4623495043937535
5,7,5,-0.20858914667984174
5,7,7,0.6811809642020981
5,7,8,0.060034851859002245
5,7,9,0.09627669012282604
5,7,10,-0.006870723324552261
5,7,11,0.6262698394849618
5,7,12,0.1771436328606446
5,7,13,-0.4070938035589575
5,7,15,0.5047998486987044
5,7,16,0.247646398187353
5,7,17,-0.10906938841863116
5,7,18,0.720312100941251
5,7,19,-0.10245421190407374
5,7,20,-0.011254720878610056
5,7,21,0.5950351546852434
5,7,22,-0.27405705523710394
5,7,24,0.14807084955244923
5,7,26,1.1228767867413254
5,7,27,0.530805927098872
5,7,28,-0.18397006087979406
5,7,29,0.38516584108743424
5,7,30,0.2926710333420012
5,7,31,0.4581214700376362
5,7,32,0.017105211386320776
5,7,33,0.19017932084720954
5,7,35,0.2208532915538861
5,7,36,1.2492409500776134
5,8,1,-0.024899266350821896
5,8,2,-3.3543767365850004
5,8,3,-0.8715845530578185
5,8,4,-0.4233994258928897
5,8,5,-0.3444373904172161
5,8,6,-0.024403100645936926
5,8,7,-0.40348575743466775
5,8,8,0.03356728031033191
5,8,9,0.5473687013448617
5,8,10,-0.7907337167082531
5,8,11,0.7016319626644455
5,8,12,-0.06088527970814361
5,8,13,-0.6536972982748899
5,8,14,0.11261823661770654
5,8,15,-1.1665380431393921
5,8,16,-0.19714105632255868
5,8,17,0.10941486061176972
5,8,18,-0.5188680748057287
5,8,20,0.08170575776167098
5,8,21,0.16985016079952847
5,8,22,-0.7557602176528251
5,8,23,0.6733932315959269
5,8,24,-0.9559458832002833
5,8,25,-0.09067750290004
5,8,27,0.07682736717461451
5,8,28,1.153371515892907
5,8,29,0.02501051587522889
5,9,1,0.5262446219924192
5,9,2,0.02540952572410257
5,9,3,-0.16603623493034217
5,9,4,0.409569602023686
5,9,5,0.7066575148794778
5,9,6,-0.2576087400676683
5,9,7,-0.6969193264687257
5,9,9,-0.7476540049218295
5,9,10,0.23938594902965563
5,9,13,0.8815584546007599
5,9,14,0.7215787465284003
5,9,15,-0.3927701630205352
5,9,16,0.22723894612906817
5,9,17,0.4644278886089547
5,9,18,1.041958313404619
5,9,19,0.1033504425936839
5,9,20,0.3313806647097567
5,9,21,0.029889377672996265
5,9,22,-0.4031364263785209
5,9,23,-0.14140267418051075
5,9,24,0.05884198130254408
5,9,25,0.6201590679243297
5,9,27,-0.3049807912798425
5,9,28,0.15242502916811984
5,9,29,0.08712598685841039
5,9,30,13.548557036925244
5,10,1,-0.19141646138476365
5,10,3,0.10283157258954785
5,10,4,0.7133706753580196
5,10,7,1.1462106977927742
5,10,8,-0.23561141400455388
5,10,10,-0.015851256158800675
5,10,11,0.063489450236881
5,10,12,-0.09452700051238838
5,10,13,1.2606595579938835
5,10,14,2.1097114073850487
5,10,16,0.8932810011321956
5,10,17,2.0432589558939194
5,10,23,0.0
5,10,24,-0.06567334136528626
5,10,25,-0.22902598415777095
5,10,26,0.0
5,10,27,-0.03863371896569639
5,10,28,0.28935033271497906
5,10,29,0.07887772958124453
5,10,30,-0.2155335143685759
5,10,31,-0.34560467854461385
5,10,32,-0.4651085331723766
5,10,33,-0.7717814910637547
5,10,34,-0.4511715182044137
5,10,35,-0.027492167010398083
5,10,36,0.0877007710414612
5,10,38,-0.6456976454649456
5,10,40,0.4151769397358905
5,10,41,0.23597701971976276
5,10,43,0.4652417447987084
5,10,44,-0.39099603691578666
5,10,45,-0.2997165442790375
5,10,46,0.5688260226554015
5,10,48,-0.24528484524605132
5,10,49,0.08898700920661812
5,11,2,-0.1660260177416118
5,11,3,-2.3426092389378486
5,11,4,0.1289305261959376
5,11,5,0.06250833391008818
5,11,7,0.2035212345787366
5,11,8,0.1232601053250684
5,11,9,-0.051768602245863535
5,11,10,-0.10836316509228598
5,11,12,0.5852275318692163
5,11,13,-1.1845590851315173
5,11,14,0.5142960022009819
5,11,15,-0.05464893300787339
5,11,16,0.07120869968549119
5,11,17,1.844687448526896
5,11,19,-0.04953007814753613
5,11,21,0.14183500268916668
5,11,22,1.6913233076013743
5,11,23,-0.11681401452625079
5,11,24,-0.48915111452811333
5,11,25,0.3533287574397389
5,11,26,-0.07829779188763952
5,11,28,1.229236689972778
5,11,29,-0.1630254199201368
5,11,30,2.061328201543129
5,11,31,-0.3390537860251873
5,11,32,-0.5084027073854962
5,11,33,0.03316249935770196
5,12,2,-0.09997726281644513
5,12,3,-0.04002138029911643
5,12,5,-0.22385089637903458
5,12,6,-0.4606260032006446
5,12,7,0.40709185996209263
5,12,8,0.1435526389072953
5,12,9,0.7148391468868589
5,12,10,0.27233333458696857
5,12,11,0.022110326720571227
5,12,12,0.6257369573505227
5,12,13,0.09900290057675647
5,12,14,-0.057217372273154536
5,12,15,-0.1321182752719458
5,12,17,0.33136007429167824
5,12,18,-0.3678360102971726
5,12,19,0.3317406542551237
5,12,20,-0.0467594163916226
5,12,22,0.5500390426856252
5,12,23,0.14017461498383935
5,12,24,-0.2761210082769837
5,12,25,-1.8073907751120468
5,12,26,-0.057291499523824285
5,12,27,0.80190206728842
5,13,1,0.000995868989965884
5,13,2,-0.2967346362654374
5,13,3,-0.27587073034747656
5,13,4,-0.2949290623193691
5,13,5,-0.05034207380998254
5,13,6,0.9335579489301533
5,13,7,0.4431196852621198
5,13,8,-0.5246230159560105
5,13,9,0.010766479126657846
5,13,10,1.2986838755537682
5,13,11,-1.866265264140915
5,13,13,0.03213090899234511
5,13,14,-0.9116522797513573
5,13,15,-0.3543896755469422
5,13,16,0.43386674722298035
5,13,17,0.43557845573638926
5,13,18,0.04718019544797801
5,13,19,-1.6744767368507336
5,13,20,0.7257294560975001
5,13,22,0.4529368804921919
5,13,23,-0.30840685170744075
5,13,24,0.4838196373983334
5,13,26,-0.0023937756904420767
5,13,27,0.9171932198443588
5,13,31,0.7092554623426142
5,13,32,0.819139204047372
5,13,33,0.11451823341906271
5,13,34,0.16752664401063938
5,13,35,1.0106210787546124
5,13,36,0.36032590779599805
5,13,38,0.15043624828133692
5,13,39,-0.7217848148078277
5,13,40,0.05711867164283371
5,13,41,0.1293982326177427
5,13,42,0.2763788115376338
5,13,43,1.124360837205343
5,13,44,-0.15930215351252502
5,13,45,0.3181909244791745
5,13,46,0.0035360160336591062
5,13,47,0.9965013768606378
5,13,48,1.997568416490153
5,13,49,0.4120546602273622
5,13,50,-0.38559457456204843
5,13,53,-0.24683170322740294
5,13,54,-3.2369199456706643
5,13,55,0.23043082497795617
5,13,57,-0.02470328776366223
5,13,59,-0.12702610984998342
5,13,60,-0.12363969717513779
5,13,62,0.15145734967064506
5,13,64,-0.030537605305867455
5,13,66,0.32151640811831556
5,13,67,-0.10114675149147548
5,13,68,0.0363957170903507
5,13,69,0.19437606851220385
5,13,70,0.016058658423899974
5,14,1,0.9181283131181105
5,14,2,-0.16413671728679835
5,14,3,1.433493607082901
5,14,4,0.09654929330819746
5,14,5,1.0926502643584548
5,14,6,0.4404513063965178
5,14,7,0.2157190255176686
5,14,8,-0.8823741783994548
5,14,9,-0.5892045300897766
5,14,10,-0.09251873878248557
5,14,11,-0.36409433376136674
5,14,12,1.3262742940848788
5,14,14,-0.32065611334603733
5,14,15,0.18935183156407978
5,14,16,-0.15801965527977418
5,14,17,-0.22314833615939017
5,14,18,0.17440747770566253
5,14,19,-0.6220611950803367
5,14,20,-1.6438866881267356
5,14,21,-0.3716577042271882
5,14,22,0.3895655105052785
5,14,23,0.02621055305899451
5,14,24,-0.8549241407723018
5,14,25,0.3929267951279784
5,14,26,-0.039086672342567845
5,14,27,-2.209265532568789
5,14,28,0.07585435597471973
5,14,29,0.2001694155996637
5,14,30,0.42505719822092575
5,15,1,0.4255050080675001
5,15,3,-0.0790935260687467
5,15,4,1.592437616731304
5,15,5,0.4292406858426283
5,15,6,1.0089125418287945
5,15,7,0.24407764072715904
5,15,8,0.32128128390523103
5,15,9,0.17777378862968082
5,15,10,-0.554859200351074
5,15,12,2.8707688060047265
5,15,14,1.638278408094744
5,15,15,0.0
5,15,16,-0.3649055452398101
5,15,17,0.46446421200083643
5,15,18,0.3641056675421554
5,15,19,0.4408506123671625
5,15,20,-0.243424935847983
5,15,21,-1.2902501961018977
5,15,22,0.23795664706364417
5,15,23,0.23571978192891627
5,15,24,0.19077006615761727
5,15,26,-0.11909760823437149
5,15,27,-0.03879787092689329
5,15,29,2.375736423463128
5,15,31,0.0935037716901839
5,15,32,0.1325003873738333
5,15,33,0.12629972118748517
5,16,1,-4.655192409465071
5,16,2,0.21527667422296415
5,16,3,0.4672013336016467
5,16,4,-0.442850754369715
5,16,5,0.46887064578898574
5,16,7,0.07147401294854243
5,16,8,0.03609162005693093
5,16,9,0.404919238773687
5,16,11,-0.22672121616875152
5,16,12,-0.3218171170066066
5,16,14,0.09618640182825376
5,16,15,0.14907579045900074
5,16,16,0.3747722850232841
5,16,18,-0.13630641517496747
5,16,19,-1.2444423006895964
5,16,20,0.015189210946579743
5,16,21,-0.005356364483761745
5,16,22,0.2226229872286669
5,16,23,0.41226564030862584
5,16,24,0.3706731392771031
5,16,28,-0.04376178710044048
5,16,29,0.5307481820946707
5,16,30,-0.8541460052935766
5,16,31,-0.3463418694972704
5,16,32,-0.6594713962118114
5,16,34,-0.04550021389207398
5,16,35,1.638278408094744
5,16,36,-0.06969694145011067
5,16,37,0.6480077333227334
5,16,38,0.06434826981474638
5,16,39,-2.1218084120287255
5,17,1,0.34009380928502864
5,17,2,0.43477388522514365
5,17,3,0.17652878661831084
5,17,4,0.07893577601463925
5,17,5,0.11948973787133803
5,17,6,0.19745372151849655
5,17,7,0.2205174084022523
5,17,8,-0.13755996290772024
5,17,9,-1.2728408307815027
5,17,10,-0.4096698265641202
5,17,13,-0.0025753792003498505
5,17,14,-0.030143753076010128
5,17,15,-0.05363128839601181
5,17,16,-0.28284368450533864
5,17,17,0.4945988045845753
5,17,18,-0.16637113635582476
5,17,19,-0.2178427934761445
5,17,20,-0.5317800139820889
5,17,21,0.011746680842722797
5,17,22,0.16800888243570117
5,17,23,0.24034137888751125
5,17,24,0.46848149652795906
5,17,25,-1.1981353641187946
5,17,26,-0.26149232161180425
5,17,27,1.5922718975959032
5,17,28,-0.06224412971873894
5,17,29,0.4101578524434418
5,17,30,0.7125247547003749
5,17,32,0.050119702809309184
5,18,1,0.22788549234292246
5,18,3,0.8767597542053982
5,18,4,-0.13431138206640947
5,18,5,0.26933283402055097
5,18,6,0.3583037030821142
5,18,7,0.12877749679544098
5,18,8,-0.3185217967543917
5,18,9,-0.018943477354804672
5,18,10,-1.200462323889713
5,18,11,0.28406271052497784
5,18,13,0.4300505812488602
5,18,14,0.48415329566996024
5,18,15,-0.13910313003391958
5,18,17,0.828694356583906
5,18,18,-0.3093225630779877
5,18,19,0.7911940485454961
5,18,21,-0.13029332441166233
5,18,22,-0.0545368448143328
5,18,24,1.5291919683461106
5,18,25,-0.07263383789718818
5,18,26,0.20783869059817744
5,18,29,0.33781622507042075
5,18,30,9.89320520831269
5,18,31,0.03962876664662729
5,18,35,0.20467705239191455
5,18,36,0.42951751240941743
5,19,1,-0.01386295238607541
5,19,2,0.750920051925726
5,19,3,-0.6297770965965295
5,19,4,0.18417243523164903
5,19,5,0.0
5,19,7,-0.19924348583713594
5,19,8,0.05023131014807987
5,19,9,-0.5994665196528112
5,19,11,0.7096586383930961
5,19,12,-0.708118339610124
5,19,14,-0.5649234465363355
5,19,17,-1.2548557036925245
5,19,19,-1.8593870803705237
5,19,20,0.22683892543383324
5,19,22,0.9611526249210476
5,19,23,-0.26835373378720956
5,19,25,0.4676165448129094
5,19,26,-0.00043678758239076854
5,19,28,0.5729833479610574
5,19,29,1.3221161332385152
5,19,30,-0.7678451644432156
5,19,31,0.11788811329251708
5,19,33,0.06612742822758738
5,19,34,-0.4909478961263975
5,19,36,4.914835224284232
5,19,37,0.04596105770155329
5,19,38,0.6350280065185148
5,19,39,-0.0364967210178027
5,19,43,1.0300635877361641
5,19,44,0.0
5,19,45,0.04363050434906899
5,19,46,-0.2723635169445665
5,20,1,-0.45062076157007896
5,20,3,-0.41671268182013393
5,20,5,-0.4479235310753987
5,20,6,1.3278197022961276
5,20,7,0.9829670448568465
5,20,8,0.8478917951294718
5,20,9,0.45882128791186044
5,20,11,-1.114178437803289
5,20,12,0.001333848360968115
5,20,13,0.6636849048105893
5,20,14,-1.440277740219454
5,20,15,-0.39706609224551787
5,20,16,0.20153418020924949
5,20,17,0.17984488199262819
5,20,18,0.7585992469658583
5,20,21,0.48625688412346296
5,20,22,0.0611726423874616
5,20,24,-0.21772257281389074
5,20,26,-0.7379131113615539
5,20,30,0.1542366060165471
5,20,32,0.9542091102987164
5,20,33,0.42267463074038075
5,20,34,0.6875331689344737
5,20,35,0.30698656008456177
5,20,36,0.15962466753105958
5,20,37,-0.28226160493594254
5,20,39,0.9046349224655915
5,20,40,0.003034917608734001
5,21,1,-0.20911656495099717
5,21,2,0.5175135832561004
5,21,3,0.3125327674308578
5,21,5,-0.16167345881916934
5,21,6,-0.31793940737587295
5,21,7,0.0674553620281001
5,21,8,0.16737039183949629
5,21,11,-0.5335041755211434
5,21,12,-0.12028540757493339
5,21,13,-0.18578907242660878
5,21,15,-1.4308471521583928
5,21,16,-0.33022518518224325
5,21,17,0.4195526257122333
5,21,18,-0.6395235075418406
5,21,19,0.7811861176016724
5,21,20,0.00975167544576247
5,21,21,-0.5448657617994008
5,21,23,-1.460398460687213
5,21,24,-0.04193588490119223
5,21,25,-0.42004485939928937
5,21,26,0.394955943029831
5,21,28,-0.05942374534182562
5,21,29,-0.7557602176528251
5,21,30,-0.31886359153170196
5,21,31,0.46008996300090155
5,21,32,0.6005817638513319
5,21,34,0.9330807292682144
5,21,35,-0.5244875777309254
5,21,36,0.39008839239813287
5,21,38,1.1737397880438882
5,21,39,0.10513395156437005
5,21,40,-2.565350742237487
5,22,2,0.8824905574593789
5,22,5,-0.6114639476989149
5,22,6,0.6616439038952869
5,22,7,0.12179529428354781
5,22,8,-0.25281538644987916
5,22,9,0.370610889268156
5,22,10,-1.023793552590954
5,22,11,-0.5544269031604836
5,22,12,-0.7935242565906303
5,22,13,0.02883248457706522
5,22,15,0.3086403923323636
5,22,16,-0.07639194613813342
5,22,17,-0.05252557301651121
5,22,18,-0.06527161109029632
5,22,19,-0.20616177114455386
5,22,20,0.7951621894538011
5,22,21,0.8357858074283094
5,22,24,-1.2798011516790664
5,22,25,4.137017837725102
5,22,26,-0.189129906699612
5,22,27,-0.3852912536614613
5,22,28,1.6520195261729231
5,22,29,0.09327415071669622
5,22,30,-0.5146806738719762
5,22,31,0.14412710184640898
5,22,33,0.24848818420431285
5,22,34,-0.23195923851422312
5,22,35,0.20571242944159182
5,22,36,0.5078277944840474
5,22,37,0.17071607672151903
5,22,38,0.1369931136019222
5,22,39,0.14455397718483035
5,22,40,-0.13268729441648588
5,22,41,0.3259757483179829
5,22,43,-0.12275737545112529
5,22,45,0.20302328267252703
5,22,46,-0.40883870085080537
5,22,47,-1.8588106414765757
5,22,48,-0.389102778386607
5,23,1,-0.18449241604086714
5,23,2,-0.04595902408361881
5,23,3,0.006969756170304209
5,23,5,0.33207307481054343
5,23,6,-0.31178444892678875
5,23,7,0.2787387481621135
5,23,8,-0.6678597726243748
5,23,9,0.13602915576765187
5,23,10,0.8546538966060838
5,23,11,-0.40376247002867144
5,23,13,0.053418532743583845
5,23,14,-0.40801107517735297
5,23,15,0.1500276147698085
5,23,16,0.04633844426545672
5,23,17,0.7940984500108687
5,23,18,-0.2703409239937802
5,23,19,1.1156096066937562
5,23,20,-0.053482320526818505
5,23,21,0.3801461882609378
5,23,22,-0.6290121457201339
5,23,23,0.7553356041338866
5,23,25,0.23659153858009246
5,23,27,0.15724964841395378
5,23,28,0.3527796644256262
5,23,29,3.3502555534776493
5,23,30,0.9226406873896456
5,23,31,0.13847028490872293
5,24,1,-0.0024371657394750695
5,24,2,0.10123144051686903
5,24,3,0.11484659617687573
5,24,4,-0.1783194648673032
5,24,5,-0.5340988867673384
5,24,6,-0.12393817005140187
5,24,7,0.3479701032523527
5,24,8,-0.1647513338686929
5,24,9,0.19027247957106858
5,24,10,0.6626351578781675
5,24,11,-0.4529968155806915
5,24,12,0.0
5,24,13,-0.21099115033206048
5,24,14,0.4263130015639007
5,24,15,0.03571134460643829
5,24,16,-3.592391634351351
5,24,17,0.32123780276327474
5,24,19,0.2589003223531403
5,24,20,-0.14354074892702662
5,24,21,-0.059651375524282846
5,24,23,0.3826055903011282
5,24,24,-0.31671619924789635
5,24,25,-0.17311328368118797
5,24,26,-2.124355018830372
5,24,27,0.320351339900578
5,24,28,0.030908141960698268
5,24,29,0.2586755381202227
5,24,30,-2.3079620735664426
5,24,31,0.32021827502376815
5,24,32,0.051485534287271296
5,24,33,-0.7786169225628544
5,24,34,0.7174010268203898
5,24,35,0.545052020145512
5,25,1,0.21176619703808697
5,25,3,1.049289500706412
5,25,4,0.02416092916066916
5,25,5,-0.2799111917232685
5,25,6,-0.12084281411301513
5,25,8,0.3387842278212169
5,25,9,-0.2152547235210031
5,25,10,-0.8580323421208403
5,25,11,-0.9486947014274962
5,25,12,0.07900005733630414
5,25,13,0.028552059566873633
5,25,14,0.8892912668067348
5,25,15,-0.25757261019070415
5,25,16,-0.0279191366356788
5,25,17,-0.674910120546695
5,25,18,-0.43933178235775594
5,25,19,-0.12733643268797798
5,25,20,-0.016944900474955837
5,25,21,0.17414640839835568
5,25,22,0.3220004768573847
5,25,23,0.01945595879809694
5,25,24,0.05521522000662263
5,25,26,0.0
5,25,27,-0.44417527065097095
5,25,28,0.9089557845162727
5,25,29,0.5078271644882713
5,25,30,0.667637369696828
5,25,32,0.279560992877171
5,25,33,0.22767571032516337
5,25,34,-0.42187109295006536
5,25,35,-0.5918230450779607
5,25,36,0.22417209419477033
5,25,37,0.4562893452176036
5,25,38,1.8105749085112026
5,25,40,-0.6218889969530987
5,25,41,-0.12723235260416285
5,25,42,1.40372728749345
5,25,44,1.2747004504877775
5,25,45,0.3286046720279198
5,25,46,-0.47248507884251073
5,25,48,-0.2162824886713049
5,25,49,-0.3690422953080958
5,25,50,0.06663258919074784
5,25,52,-0.0056991540410661345
5,25,53,-0.18269842965189886
5,25,54,-0.20255876612913254
5,26,2,0.0020323638768561386
5,26,3,0.0
5,26,4,0.20432895125936223
5,26,7,0.4467217615403021
5,26,8,0.8635868416952216
5,26,9,0.16338987361787
5,26,10,-0.12126640321705429
5,26,11,0.0024047548705222743
5,26,12,0.11732278468672219
5,26,13,0.3135485626050298
5,26,14,0.10015229405953435
5,26,16,-2.6477517700032
5,26,17,-1.128427059676243
5,26,18,0.5645232098718851
5,26,19,-0.057293377836376176
5,26,20,-2.0191863839412143
5,26,21,-0.14844466147448868
5,26,23,0.9489659022208178
5,26,24,-0.8820971970685096
5,26,25,-0.2630041765910811
5,26,26,0.4544233437284253
5,26,27,0.11623780442974332
5,26,28,1.4540790065580065
5,26,29,0.2335305145364274
5,26,30,0.9603118044219119
5,26,31,0.5290120344103048
5,26,32,0.11784554034133007
5,26,34,-0.5346357934856321
5,26,36,-0.161150885061659
5,26,37,-0.27184676468506386
5,26,38,0.19385921400725228
5,26,39,0.3859482413623593
5,26,40,0.14279206183117774
5,26,41,0.027803841404798663
5,26,42,0.001610085388077595
6,1,1,-0.16947917680581293
6,1,2,0.9255025270373076
6,1,4,-0.5739295359183338
6,1,5,-0.6859257876389352
6,1,6,0.2711655743065121
6,1,7,-0.5515957302968122
6,1,9,0.36887099754801017
6,1,10,-0.8433872570358696
6,1,12,0.10942479134043126
6,1,13,-0.6348194052725042
6,1,14,0.09697551841995394
6,1,15,-0.10141213458352712
6,1,16,0.32819098578716155
6,1,17,-0.011956965533498405
6,1,18,-1.1156030012169702
6,1,19,-0.4204259678489897
6,1,20,0.3312675788125403
6,1,21,-0.14301088894375352
6,1,22,-0.011890282845119733
6,1,23,0.6477250640974846
6,1,25,-0.23189020381713082
6,1,26,-0.5975503350916782
6,1,27,-0.16539819042936527
6,1,29,-0.7790154109234554
6,1,30,-0.03555011491358508
6,1,31,0.006701168879061609
6,2,1,0.7707403457594253
6,2,2,0.4821982627439655
6,2,3,-0.2249331125164259
6,2,4,-0.3161262786642681
6,2,5,0.39936231700400177
6,2,6,0.022232817266232188
6,2,7,-0.029947585583581782
6,2,8,1.228708806071058
6,2,9,-0.2675105218597007
6,2,10,-1.6301505018821867
6,2,12,0.028994993047892364
6,2,13,0.05335878097939726
6,2,14,-0.8303451644432156
6,2,15,0.056510516911789294
6,2,16,0.16708069444570448
6,2,18,-0.6680699704355598
6,2,20,0.3240331891067649
6,2,23,0.6500311183539051
6,2,24,-0.25144140459157543
6,2,25,-0.5341531578735412
6,2,26,-0.07750779397670778
6,2,27,-0.40385545516468785
6,2,28,-0.25439614621235224
6,2,29,0.39893019334541113
6,2,30,-0.2868002376947574
6,2,31,0.2688193038688127
6,2,32,-0.3256596248359882
6,2,34,0.4457687208173906
6,3,2,-9.300629523481657
6,3,3,-1.12061499180878
6,3,4,-2.351049785902941
6,3,5,-0.03473287463016022
6,3,6,0.11170080055191436
6,3,7,0.27609913326891944
6,3,8,0.43092442489594057
6,3,9,0.025157254162816944
6,3,10,0.317909650984076
6,3,11,1.3646308920426995
6,3,12,-0.9843754703256962
6,3,13,0.01867516925956223
6,3,14,0.06616769882985635
6,3,16,0.743384410866125
6,3,17,-0.21088131160462617
6,3,18,0.432475020572733
6,3,19,-0.2947398937181419
6,3,20,-0.2223344263247925
6,3,21,0.6704152109688746
6,3,22,0.35353309049512516
6,3,23,-0.23104758214023594
6,3,24,-0.1082277897517843
6,3,25,-0.23786392115391697
6,3,26,0.13413482103839616
6,3,27,0.3013262685771121
6,3,28,0.7385335920968019
6,4,1,-0.34582523562354894
6,4,2,-0.27911493034828605
6,4,3,-0.8326339689178808
6,4,5,-0.06199921366392758
6,4,6,1.5960311269829113
6,4,7,-0.2042595182845473
6,4,8,-0.39546404454634343
6,4,9,0.7518696121627079
6,4,10,-0.6472466400494249
6,4,11,0.1282211115113411
6,4,12,-0.5813540135790962
6,4,13,-0.029579773276197152
6,4,14,0.4945837761783191
6,4,15,0.7853378659993279
6,4,16,0.21472439774946053
6,4,17,0.8381397958951627
6,4,18,-0.11348027376040479
6,4,19,-0.7705825073229225
6,4,20,-3.116477968333432
6,4,21,0.4711907217715908
6,4,22,0.3612242796079751
6,4,24,0.07397383578934448
6,4,25,0.6880603380856964
6,4,27,0.8973168301647824
6,4,28,0.6555222623928298
6,4,29,0.1540820877825674
6,4,30,0.09666508761149088
6,4,31,0.26589655521335465
6,4,33,-0.06442051806843921
6,4,34,-1.1545963754882085
6,4,35,0.22718919698680032
6,4,36,-0.25847506310251794
6,4,37,0.444209656924319
6,4,38,0.5772433013512915
6,4,40,0.5818495083035436
6,4,41,-0.18554423406079554
6,4,42,0.6765293304117147
6,4,43,-0.550071793692938
6,4,44,-0.1902818464752183
6,4,45,1.1207889147965895
6,4,46,1.66035712408671
6,4,47,-0.39342805993959334
6,4,48,0.0
6,4,49,-0.047126638010639446
6,4,50,1.09438919619831
6,4,51,-0.4828435281076828
6,4,52,0.38128311917264757
6,4,53,0.2018314684286282
6,4,54,-1.3546378926012181
6,4,55,0.39953111608794184
6,4,56,-0.5318755542640042
6,4,58,0.6871094005143763
6,4,59,-1.473932982503861
6,4,60,-0.6356278383544696
6,4,61,0.2738148047789261
6,4,62,-0.8042086806503335
6,4,63,0.4023832627062109
6,4,65,0.47141102619958025
6,4,66,-1.0336917863850266
6,4,67,0.2891079543696607
6,4,69,0.49918026915928787
6,4,70,-0.23328315801761437
6,4,71,-0.12604441042836184
6,4,72,-0.335817833531562
6,4,73,-0.13959774378380918
6,4,74,0.6435242565906303
6,4,75,-0.8003082159264753
6,4,76,0.20217338799993853
6,4,77,0.18688813920113817
6,4,78,0.1546584430350593
6,5,1,0.005043731766415661
6,5,3,-0.37361061093789444
6,5,4,0.2908732699406992
6,5,5,-0.042814659198894434
6,5,6,0.27605779376308387
6,5,7,-0.7609938629455265
6,5,8,-0.6948359116945736
6,5,9,0.11027546009331096
6,5,11,-0.5767374980875415
6,5,12,0.16059555399711192
6,5,13,-0.41635367754933006
6,5,14,-0.10206355109654212
6,5,15,0.538333215706029
6,5,17,-1.5185492277321666
6,5,18,1.3299762131587252
6,5,19,-0.48470016688061895
6,5,20,-0.32167092219756854
6,5,21,-0.36506607142376624
6,5,22,-0.22240699887035603
6,5,23,0.7413308596773521
6,5,24,0.15060714036578568
6,5,25,0.19124555020982387
6,5,26,-0.4624118229346257
6,5,27,-0.1841136043749691
6,5,28,-0.14570116526068363
6,5,29,-0.3406578821915597
6,5,31,0.389874504619371
6,6,1,1.1734931121128118
6,6,2,0.7911359007703543
6,6,3,-0.1693873599484078
6,6,4,0.15081064233947342
6,6,5,0.819139204047372
6,6,6,0.33260022838235265
6,6,7,-0.08446912501234216
6,6,8,1.2506938195944648
6,6,9,0.5796391983309815
6,6,10,0.3123285488528456
6,6,12,0.6173674057428516
6,6,13,0.5449455366563446
6,6,14,-0.5998858699906535
6,6,15,0.9829670448568465
6,6,16,0.15500219586166894
6,6,19,0.18574605550942433
6,6,20,0.07579744044709785
6,6,21,0.0
6,6,22,-0.08258522323562098
6,6,23,0.3730635609299995
6,6,25,0.285240927265945
6,6,26,0.24533744850198802
6,6,27,-0.43532811891518675
6,6,29,0.6303846208753107
6,6,31,-0.06209263704161163
6,7,1,-0.09943690860048437
6,7,2,-0.3921424074039139
6,7,3,-1.0910917282889963
6,7,4,-0.7926988191944097
6,7,5,1.0315384705232356
6,7,6,-1.2264404161357652
6,7,7,0.20184236072975864
6,7,8,0.22687894634527578
6,7,10,0.5994016111372722
6,7,11,0.2118393723853029
6,7,12,1.1411053513175309
6,7,13,-1.2716263451494119
6,7,14,0.14082214929349735
6,7,15,0.5672191314964303
6,7,16,0.2013722999377073
6,7,17,0.257704725736307
6,7,18,-0.07955166349136228
6,7,19,-0.5239083854516923
6,7,20,-0.028102852869129363
6,7,21,-0.5113092947290048
6,7,22,-0.8968145454185568
6,7,23,-0.03672741707744533
6,7,24,-0.02015723164751072
6,7,25,-0.06721742706287064
6,7,27,0.9106396837151713
6,7,28,-0.4857325424018926
6,7,29,0.3461400686125404
6,7,30,0.6399632907287033
6,7,31,-0.08127774263195614
6,7,32,-0.2547434370972305
6,7,33,0.3789911666398254
6,7,34,-0.536704694778392
6,7,35,-0.671347286068315
6,7,36,0.10457096221881344
6,7,37,-2.2822107026350618
6,7,38,0.42259514369775103
6,7,39,-0.155352727046882
6,8,1,0.7101304715849799
6,8,2,0.5202689741992891
6,8,4,0.30248591769751504
6,8,5,0.056664385384319886
6,8,6,0.5849611337306381
6,8,7,0.22622090705729678
6,8,9,0.327558682292051
6,8,11,1.1698437278767289
6,8,13,0.1404550829560122
6,8,14,0.31755487440033964
6,8,15,0.26449940311320275
6,8,16,-0.6897948783837061
6,8,17,0.31584772305431263
6,8,18,0.4255342996572683
6,8,19,0.10872292856460702
6,8,21,0.20555583845885197
6,8,23,1.0350833967852484
6,8,24,0.257280713238153
6,8,25,0.39981467444428515
6,8,26,-1.2854405500499468
6,8,27,-1.1700560130370294
6,8,28,0.18636065997138632
6,8,29,0.5580650673039294
6,8,30,0.17295948346442466
6,8,32,0.8751544059089099
6,8,34,0.6731121109833026
6,8,35,-0.2201488481988542
6,8,36,-0.38870138403156457
6,8,37,-0.8284279418994651
6,8,38,-2.3086267770905424
6,8,39,-0.14101500462320807
6,8,40,-0.24753072247365174
6,8,41,-0.03129674978200517
6,8,42,-0.6564919022512742
6,8,43,-0.00880024812585524
6,8,44,-0.2802718676173974
6,9,1,-0.7221384888858127
6,9,3,-0.08725194729837008
6,9,4,1.5694391650174409
6,9,5,0.0
6,9,6,-0.18552240511048576
6,9,7,0.25617494040741545
6,9,8,-2.0548583601584194
6,9,11,0.10525669427665127
6,9,12,-0.10948354561223503
6,9,13,0.1678875164688105
6,9,14,-0.1535872471160292
6,9,15,-0.14116289217523834
6,9,17,0.41336370692521707
6,9,18,0.09745666126710117
6,9,19,0.4575414858526393
6,9,20,0.11826716395258412
6,9,21,-0.2987649306997844
6,9,22,-0.11672662287237139
6,9,24,-0.4972136833486299
6,9,26,-0.18693746980703868
6,9,27,0.32645306762098236
6,9,28,-0.29538130605157237
6,9,29,-0.9126223299581995
6,9,30,0.8669053207382879
6,9,31,-0.3075402255260933
6,9,32,-0.04309057076247852
6,9,33,-0.23867410602260208
6,9,34,-0.24862059723820318
6,9,36,1.033885186272267
6,9,37,0.37481829545494444
6,9,38,0.5323709511410246
6,9,39,-1.6352586590851879
6,9,40,-0.04062533456277123
6,9,41,-0.17336185420031236
6,9,42,0.2641604167868593
6,9,45,0.04780646966606957
6,9,46,-0.9293944498898452
6,9,47,-0.02394636388659019
6,9,48,-0.3389959255279644
6,9,49,0.02800891598616717
6,10,2,0.22718919698680032
6,10,3,0.30271096660817715
6,10,7,-1.6935696296156555
6,10,8,-0.6992380332153394
6,10,9,-2.574097026362521
6,10,11,-0.6051655334813967
6,10,12,0.45893849701098693
6,10,13,-0.31472235677559685
6,10,14,0.07146006614517372
6,10,15,-1.0210720099824753
6,10,17,-0.1486624354614407
6,10,18,0.13196433094709945
6,10,19,-0.04999895892709973
6,10,21,4.715125137642932
6,10,22,-0.2778556072567187
6,10,23,0.5444697224435044
6,10,24,1.4089372265634053
6,10,25,1.3194317321438254
6,10,26,-0.12736811420858318
6,10,28,-0.2609007190775238
6,10,29,1.8117475219687675
6,10,30,-0.29106289538838853
6,10,31,0.6807596520662843
6,10,32,0.05133841486731
6,10,33,1.0065815253428538
6,10,35,0.2806424673326759
6,10,36,-0.27037245694204737
6,10,37,-0.2185832805072078
6,10,38,1.0604484152689848
6,10,39,-0.33125581365692075
6,10,40,-0.09611290731238414
6,10,41,-0.5067012387925945
6,10,42,-0.10901833472223482
6,10,43,-0.028234465262419694
6,10,44,-0.00888390264897868
6,10,45,0.3906954380790635
6,10,47,0.01382854336031726
6,10,50,0.6533642730391819
6,11,1,0.2326522421602587
6,11,2,-0.6289503235509243
6,11,3,0.0
6,11,4,-0.829956188392269
6,11,5,-0.7461016528771905
6,11,10,-0.5423650854483972
6,11,11,0.011805083998420396
6,11,12,0.07208156991235239
6,11,13,-0.07554458916307318
6,11,14,1.1139741243758159
6,11,15,0.8067676333840108
6,11,16,0.3070079715699676
6,11,17,1.9207397182235408
6,11,20,0.17874470897144037
6,11,21,0.24407953685350614
6,11,22,0.3322704001450824
6,11,23,0.007484005668965637
6,11,24,-0.4830515883091828
6,11,26,0.023953516397750375
6,11,29,-0.06005610564880462
6,11,30,-1.1438834716778927
6,11,31,-0.4393885703253189
6,11,32,0.38271582208507493
6,11,33,-1.1892966224818684
6,11,35,-1.2771342888631902
6,11,36,-0.013297007082584932
6,11,37,0.06774994704543791
6,12,1,2.0180211521227136
6,12,2,-0.32148253063245946
6,12,3,0.9567401693607955
6,12,4,0.6913724678808281
6,12,5,-0.22362511577233338
6,12,6,1.1942478574260955
6,12,7,0.008064516129032251
6,12,8,-0.23259462738844233
6,12,9,-0.20312206707816163
6,12,10,0.020320032060527626
6,12,12,-1.4308471521583928
6,12,13,-0.10316541262958459
6,12,14,0.1221720246665774
6,12,15,-0.32823584398617506
6,12,17,-1.135331645300015
6,12,18,-0.09459542697002098
6,12,19,-0.3859115240188117
6,12,20,-1.3594061903256882
6,12,21,0.3075177363903302
6,12,22,-0.10790279205074636
6,12,23,-0.5639218366325067
6,12,25,0.46920962694020446
6,12,27,1.2676474893268188
6,12,28,-0.3829641343448366
6,12,30,0.019893970935832082
6,12,33,0.06322553861675057
6,12,35,-0.29019613508461806
6,12,36,0.38599639872558095
6,12,38,-0.5679621830328262
6,12,39,-0.731634548700995
6,12,40,1.375452837351329
6,12,41,0.6913724678808281
6,12,44,0.5472057945620947
6,12,45,1.243542699567515
6,13,1,0.011075723925408811
6,13,2,0.787917516159838
6,13,3,-0.1325715071069948
6,13,6,0.5004759173828476
6,13,7,0.34815797756926076
6,13,8,0.4599847277286763
6,13,9,0.1794485830904726
6,13,10,-0.3464178563027338
6,13,11,1.1922150462807193
6,13,12,1.671508590052899
6,13,13,-0.007685879616274899
6,13,14,-0.4153508902934164
6,13,15,0.0
6,13,16,0.28711649044218934
6,13,17,-0.17576974982696597
6,13,18,1.4756641319475245
6,13,20,0.5831305512108742
6,13,21,1.047261306292378
6,14,1,-0.3923538714469108
6,14,5,-2.8759166007925137
6,14,7,1.0069527471097832
6,14,8,0.15368973114740347
6,14,9,-0.37031112244087216
6,14,10,-0.5298279555143538
6,14,11,0.2903280582814278
6,14,12,0.3464931496732563
6,14,13,-0.5472581079935381
6,14,14,8.613097289119954
6,14,16,0.5519408392727952
6,14,18,-0.6104032743004849
6,14,19,0.12307466417923549
6,14,21,0.2891079543696607
6,14,22,0.0436836239979858
6,14,23,0.02471506457387132
6,14,25,0.11771966522963824
6,14,26,0.0
6,14,27,0.26822174428176065
6,14,29,0.37527194232242217
6,14,30,0.09395845920144504
6,14,31,-0.02735949582395386
6,14,32,0.18947032522167234
6,14,33,-0.7031731309660512
6,14,34,0.8515803420409781
6,14,36,1.0604484152689848
6,14,39,-0.11465417419398542
6,14,40,0.25857579728330504
6,14,42,0.44381064446440033
6,14,43,-0.4794798653147838
6,15,1,0.03523432900277048
6,15,2,-0.05055171182110205
6,15,3,0.8844292016644539
6,15,5,0.07605471868452761
6,15,6,0.7764632237009004
6,15,7,-0.5549782311076784
6,15,8,0.5702759129190914
6,15,9,0.013856670632165696
6,15,10,0.5681920170391467
6,15,11,1.3157558525340258
6,15,12,0.16612067813877043
6,15,13,0.24574176121421162
6,15,14,0.5153320503857822
6,15,15,-0.0126743308747828
6,15,16,0.22222079973979295
6,15,17,0.24949667833429606
6,15,18,0.354085253945634
6,15,19,0.2666317181280444
6,15,20,0.0
6,15,21,-0.06910474302490636
6,15,24,-1.5324691372595858
6,15,25,-0.4028760923858978
6,15,26,-0.47937726018544874
6,15,27,-0.3484850728507401
6,15,29,-1.2316870033568403
6,15,30,-1.1714546608549872
6,15,31,0.15438330041179357
6,15,32,0.2342725434730733
6,15,33,0.06523689242420391
6,15,34,-0.9149980526360766
6,15,35,0.20071819969064564
6,15,36,-1.2836855966720457
6,15,37,-1.556735230498106
6,15,38,0.30836843987005325
6,15,41,0.5145059548643579
6,15,42,0.6558737609843838
6,15,43,-0.018602278930683447
6,16,1,0.004844888555845385
6,16,2,0.23423267813955254
6,16,4,-0.291060214139829
6,16,5,0.9494563321882817
6,16,6,0.01953199131622278
6,16,7,0.13137910193308844
6,16,8,0.3446608631358572
6,16,9,0.1206752694529079
6,16,10,0.514898713101234
6,16,11,0.0
6,16,12,0.15684952430348384
6,16,14,0.24170971439605987
6,16,15,1.7642751084381065
6,16,16,0.5060463341322976
6,16,17,-0.7252441271147363
6,16,18,0.6135310781260749
6,16,19,0.15780229531044954
6,16,20,0.13865329837587456
6,16,21,0.0
6,16,22,0.3762415781071256
6,16,23,1.0646984898320067
6,16,24,-0.8455117748619688
6,16,26,0.18179115690325454
6,16,27,0.515409451472614
6,16,28,0.18836304046819258
6,16,29,0.05241684251875385
6,16,30,-0.06881003584370056
6,16,31,-0.042440630406539684
6,16,33,-0.11259305279792137
6,16,34,0.2014641349574947
6,16,35,-0.21175138363790894
6,16,36,0.41007685368876745
6,16,37,0.7998768137268911
6,16,38,0.45759607654679924
6,16,39,0.31367484742649576
6,16,40,0.5596097213540605
6,16,41,0.0
6,16,42,0.7904955720075195
6,16,43,0.014727458243411826
6,16,44,0.999940184541568
6,16,46,0.44680320220765746
6,16,48,0.15260751788745786
6,16,49,1.4805856377053614
6,16,50,11.700560130370294
6,16,51,0.34029973023406235
6,16,52,0.18305943142873704
6,16,53,-0.21580558410149273
6,16,54,0.4857384776274025
6,16,55,0.7440032580147075
6,16,57,1.77042626972817
6,16,58,-0.009465243869980142
6,16,59,-0.09038014189599143
6,16,60,0.6339474173986281
6,16,61,0.6595943824043886
6,16,62,0.7068171787675646
6,16,63,0.7539152155291619
6,16,64,-0.035124770125528705
6,16,65,-0.11972548829435165
6,16,66,0.421800379766403
6,16,68,-0.05140724393425004
6,16,70,0.05521241380619283
6,16,71,-0.02167203071034865
6,17,1,0.18841108014168687
6,17,2,0.05100414200307529
6,17,3,0.29618058227774485
6,17,4,0.3510596588774451
6,17,5,-0.1649637300068835
6,17,6,0.4830492131036521
6,17,7,0.09788754602482938
6,17,8,0.993074769141634
6,17,11,0.033343373185074174
6,17,13,-0.49582210102621305
6,17,14,0.18244411913580805
6,17,15,-0.9315896280134969
6,17,16,-0.20701991733633263
6,17,17,0.22751461884287938
6,17,20,0.8865038223696647
6,17,21,0.3109686241291787
6,17,22,-0.35372937006898986
6,17,23,-0.06637198557520788
6,17,24,-0.2871005539822369
6,17,26,-0.3624107095021598
6,17,27,-0.26807595113670374
6,17,28,0.2805035685265657
6,17,30,-0.805093393001086
6,17,32,0.4056681804557171
6,17,33,0.14740320335292242
6,17,34,-0.2367213979574093
6,17,36,0.7842059992095728
6,17,38,-0.41056233445228013
6,17,39,-0.3781790390691601
6,17,40,-0.354059169805062
6,17,41,0.06663328668960496
6,17,42,-0.12941027914945083
6,17,43,1.8141480214281243
6,17,44,-0.05996049448493661
6,17,45,-0.6847025188097792
6,18,1,-2.4484011079973316
6,18,2,-0.07713456520224382
6,18,3,0.01128816773680826
6,18,4,0.14030556092448349
6,18,7,0.2975968939511227
6,18,8,0.17451541668759976
6,18,9,1.2502205798698711
6,18,10,0.032052757240004136
6,18,11,0.7352809861877735
6,18,12,-0.2531740066597218
6,18,13,0.23882842587610736
6,18,14,0.275379354292826
6,18,15,0.409569602023686
6,18,16,0.6839715152547534
6,18,17,-0.09580153861251536
6,18,18,0.7781868103330423
6,18,19,-0.1644757168957329
6,18,20,-2.3130741770192307
6,18,21,0.10208570961454265
6,18,22,-0.2526907237975397
6,18,24,-0.38911730048945337
6,18,25,0.561586886421666
6,18,26,-0.18805925059015655
6,18,27,0.29046969282213425
6,18,28,-0.2851958600418865
6,18,29,-0.3111245331648692
6,18,30,0.2191466380265772
6,18,31,-0.03590981646264138
6,18,32,0.6113251199921773
6,18,33,1.038623710779254
6,18,34,0.2525391649518187
6,18,35,0.46352861448127386
6,19,1,0.7656177635802077
6,19,2,0.2702552512602168
6,19,3,0.0
6,19,4,1.7083431181310265
6,19,6,0.07904469751980772
6,19,7,1.04993203869636
6,19,9,-0.037252966660963165
6,19,10,0.7970831530543728
6,19,11,0.3370137780615583
6,19,12,0.6362690491613909
6,19,13,0.26043672306962856
6,19,15,2.002507303944434
6,19,16,1.7543416792557558
6,19,17,0.22355607710475497
6,19,18,-0.043397559245161255
6,19,19,0.49865120271287733
6,19,20,0.039395917512505735
6,19,21,1.1469748542688283
6,19,23,1.1180907899260033
6,19,24,-0.1772215381574974
6,19,25,0.467664109454893
6,19,26,-0.26763277404398716
6,19,28,-0.046871372434816705
6,19,29,0.12385145773736772
6,19,30,0.13187285312492564
6,19,33,0.8635817827672745
6,19,34,0.798927127422384
6,19,35,-0.03266305088106919
6,19,36,0.0
6,19,37,-0.03929187097560183
6,19,38,1.216771587246943
6,19,39,0.10565093046687357
6,19,40,0.03311712719186578
6,19,41,0.17860398319049148
6,19,42,-0.5805445100771995
6,19,43,1.9018422521958844
6,19,45,0.7300629523481659
6,19,46,0.7657087774705996
6,19,47,-0.5642041939111133
6,19,49,0.37019334761010864
6,19,50,0.4795575595230022
6,19,51,0.09937694441379956
6,19,52,-0.009916343002523387
6,20,1,0.49279847619201383
6,20,2,-0.050576931318933954
6,20,6,0.02271378206326045
6,20,7,-0.6665233086217554
6,20,8,0.44368722889450046
6,20,9,0.4669369289637255
6,20,10,0.013821958202460505
6,20,11,0.0874926020985087
6,20,12,-0.8935893804675994
6,20,13,0.1540207170095486
6,20,14,-0.06371966265624558
6,20,15,0.18951602300362497
6,20,16,0.41966282394703114
6,20,17,-0.5084859694741729
6,20,18,1.3465146726041788
6,20,19,0.25280393530750744
6,20,20,-1.1163495268124841
6,20,21,0.4756911234330298
6,20,22,0.37413875807747016
6,20,23,-0.48698233057323237
6,20,24,-0.1980959453488514
6,20,25,-0.16149184220677035
6,20,26,0.18847855235856492
6,20,27,0.45978731241181253
6,20,28,1.1107302568041797
6,20,29,-0.550758708585652
6,20,30,0.13917734159095285
6,20,31,0.45350857155840374
6,20,32,-1.045242180034481
6,20,33,-0.382069065343707
6,20,34,0.4372491739895892
6,20,36,-0.15000000000000002
6,20,37,0.5766916275114093
6,21,2,0.2371137418405291
6,21,4,0.04512501259912135
6,21,7,-0.8661031766183657
6,21,8,0.23453598801998282
6,21,9,1.0375937051716948
6,21,10,1.1804506882947134
6,21,11,0.17840799555225614
6,21,12,0.8507633483656327
6,21,13,-0.3786768477855973
6,21,14,0.027655035278443096
6,21,15,0.3302496459955382
6,21,16,0.7913309337429224
6,21,17,0.046142843174199186
6,21,19,-0.10578945743293469
6,21,20,0.22439988048294865
6,21,21,-0.013843555429104504
6,21,22,-0.40095103364421
6,21,23,0.14730691839918866
6,21,24,-0.24399117407750126
6,21,25,-0.9379222766229484
6,21,26,0.20837009664497855
6,21,27,0.007244959930337969
6,21,28,0.7777727990892753
6,21,29,0.17095011431079854
6,21,30,-0.2505455201658285
6,21,31,0.1425736380432129
6,21,32,-1.3441512598968466
6,21,33,0.21208968305379697
6,21,34,-3.1582574987229735
6,21,35,0.0030954624508400252
6,21,36,-1.6477086389076123
6,21,38,-0.6171702725171145
6,21,39,0.9053840430949726
6,21,40,0.2347668086867903
6,21,41,-0.02513321587552116
6,21,42,0.5949276510190222
6,21,45,0.015330863326576682
6,21,46,0.4009578608040137
6,21,48,0.9348917922965813
6,21,49,0.204784801011843
6,22,1,-0.45035669935903216
6,22,2,-0.018559758825188816
6,22,3,0.3798435291739777
6,22,5,0.21920820642587016
6,22,6,0.45956310378504756
6,22,7,0.0035090506592754997
6,22,8,-0.12841578051925998
6,22,9,-0.0424942804655766
6,22,10,0.2925712708623597
6,22,11,0.2549363982881357
6,22,12,0.18825901065712858
6,22,13,-0.050540737644289666
6,22,14,-0.8416372389098512
6,22,15,0.38609520624571486
6,22,16,0.1540498346404012
6,22,17,-0.19161009110400518
6,22,18,0.2026939732118185
6,22,19,-0.4274100794384014
6,22,20,0.07847707803456284
6,22,21,-0.5276352212607194
6,22,22,-1.0789121231372094
6,22,24,0.19428212087403274
6,22,25,-0.148500175156607
6,22,26,0.8175254180883975
6,22,27,0.001294493186886514
6,22,29,0.924699008787507
6,22,31,0.12372645247261771
6,22,32,-0.16094584335311962
6,22,33,-0.9438703958414447
6,22,35,1.2019956752613874
6,22,36,-0.10160102759383202
6,22,37,0.03676147213763914
6,22,38,-0.3003045755680617
6,22,39,-0.14347253207720037
6,22,40,-0.056198300354978595
6,22,41,-3.3213806577728624
6,22,42,-0.05017458926761892
6,23,1,-0.4151725822216078
6,23,2,-0.07194422617816842
6,23,3,-0.05200561023733324
6,23,4,0.685893212668998
6,23,5,-0.2622062787516858
6,23,6,-0.25789853007865726
6,23,7,2.4784141886354343
6,23,8,0.09205486164501771
6,23,9,-0.703777068437961
6,23,10,-0.7842544594312756
6,23,11,-0.21638591134411658
6,23,13,-0.6761136340928618
6,23,15,-0.7391681724321095
6,23,16,-0.6223719659534355
6,23,17,-0.09752624880510177
6,23,18,-2.6148147292020862
6,23,20,0.23770402787756786
6,23,21,0.29072393255518963
6,23,22,-0.3992415131535182
6,23,23,0.7119626313758761
6,23,24,1.3081869134549773
6,23,25,-0.7412545830936382
6,23,26,-0.4845717266159758
6,23,27,-0.22481012257679917
6,23,28,0.49593653779913205
6,23,29,-0.7617717079893667
6,23,30,-0.015309447133677089
6,23,32,-0.4758185805699971
6,23,33,0.9369307125582101
6,23,34,0.047705647472185864
6,23,38,-0.21990966869270967
6,23,39,-0.1188639710062767
6,23,40,-0.06140501191346445
6,23,41,0.059949737619133366
6,23,42,-0.021865263180247875
6,24,1,-0.23494659543350963
6,24,2,0.14083606142591762
6,24,3,0.0784172285262989
6,24,4,0.2592093396796255
6,24,5,0.028123390007368854
6,24,6,0.016879384521282393
6,24,7,0.48327705901090945
6,24,8,0.04111681512384477
6,24,9,-0.10445694383660815
6,24,10,-0.2638833382462104
6,24,11,-0.5310357261117512
6,24,12,-0.08185395166980018
6,24,13,0.4039702853297011
6,24,14,0.33407717772124246
6,24,15,0.24605013797892636
6,24,16,1.542627010519462
6,24,17,-1.7322063532367313
6,24,18,0.6960422055919732
6,24,19,0.29447545736330416
6,24,21,0.0
6,24,22,-0.8396674150847201
6,24,24,-0.012014543980851958
6,24,25,-0.029863763570341838
6,24,26,-1.9189906665059575
6,24,27,0.0007952403028284247
6,24,28,0.6666770560086669
6,24,29,0.08763820083066881
6,24,30,-1.5825742834109466
6,24,31,-0.2764877510400581
6,24,32,0.2831937218657796
6,24,33,0.383665929574843
6,24,34,-0.1739529246904128
6,24,35,0.5772433013512915
6,24,36,0.0
6,24,37,0.12125266794461913
6,24,38,0.22045315794839299
6,24,39,0.41704683471992593
6,24,40,1.18028417981878
6,24,41,0.02852570436803581
6,24,43,-0.15685468523908963
6,24,44,1.0525177672334298
7,1,1,0.1965412695211547
7,1,2,-0.08763698339957456
7,1,3,-0.7832871950574403
7,1,4,0.7891627024389146
7,1,5,0.2405889351798049
7,1,6,-0.028782633859057133
7,1,7,-0.23245072890247903
7,1,8,0.5220929296364254
7,1,11,-0.33237178620448943
7,1,12,-0.5682959862460975
7,1,13,0.4359449114532912
7,1,14,-0.053947841579475984
7,1,15,0.2413994335128255
7,1,17,0.7056762552226679
7,1,18,-0.2612667086215261
7,1,20,0.03782438490800212
7,1,21,0.11640452224052623
7,1,22,-0.16246903393836531
7,1,23,0.32752448792104494
7,1,24,0.7058004746275351
7,1,25,-0.2311726119101476
7,1,26,-0.3244826913064595
7,1,27,0.36121747969754586
7,1,29,-0.370998476185753
7,1,30,0.6546511529942427
7,1,31,0.7102567789225627
7,1,33,0.6863815446906281
7,1,35,-0.11943456769403805
7,1,37,-0.6400088054713002
7,2,1,-0.5147271172205801
7,2,2,0.08307834185907723
7,2,3,0.20937998129437618
7,2,4,-0.528513137934198
7,2,5,-0.28053353131330416
7,2,6,0.14025243955889777
7,2,7,-0.2863990609206007
7,2,8,-0.5990567939201259
7,2,9,0.33782107984360155
7,2,10,0.5256163442041613
7,2,11,0.46317505922691204
7,2,12,0.06828474551621151
7,2,13,0.007433943896014876
7,2,15,0.3829895724603108
7,2,17,0.4468646809059862
7,2,20,0.19340329130223
7,2,21,1.6950075689452522
7,2,22,-0.244973495585334
7,2,23,-0.24614372420535277
7,2,24,0.07097790090038489
7,2,25,1.351117628724913
7,2,26,-0.23209362502942124
7,2,27,-0.8562217338968126
7,2,28,-0.022301155585782252
7,2,29,2.008962340963984
7,2,30,0.08775910177427947
7,2,31,-0.039890096950869244
7,2,33,-0.8003082159264753
7,2,34,-0.12081428576562346
7,2,36,0.16084880637955745
7,2,37,-0.9907489379866147
7,2,38,0.007121188218010971
7,2,39,-0.04796416471934704
7,2,40,-0.08182546236016042
7,2,41,0.4605169252666079
7,2,42,-0.3295867975665695
7,3,1,-1.7170165825900714
7,3,2,0.013513513513513514
7,3,4,-0.14255381217797775
7,3,5,0.060868387702959624
7,3,6,-0.20034711369682714
7,3,7,0.5703889562238748
7,3,8,-0.6548854818146154
7,3,9,-0.14226485196189412
7,3,10,-0.6086425397503289
7,3,11,0.3747722850232841
7,3,12,-1.0575765707983376
7,3,13,0.25569406114457754
7,3,14,-0.8459945081650209
7,3,16,0.7797349158161235
7,3,18,0.9557211933813202
7,3,19,0.15997116329997424
7,3,21,-0.10278684495962569
7,3,23,2.564594680812989
7,3,24,-0.644917325659064
7,3,25,0.0627761794284171
7,3,27,0.18179115690325454
7,3,28,0.07892267222460847
7,3,29,0.476681989891056
7,3,30,0.002555473608036929
7,3,31,0.3087917470095448
7,3,33,-0.9242616187319272
7,3,34,0.012463391030524204
7,3,36,-0.8549892894697332
7,3,37,0.39857612826960576
7,3,38,-0.027120941901157342
7,3,39,-0.735900337202731
7,3,40,-0.5601512604356593
7,3,41,0.805241430593875
7,3,42,0.0
7,3,43,-0.013746481088938495
7,4,2,-2.209265532568789
7,4,4,0.5529189627319762
7,4,5,-1.330314004203708
7,4,6,0.22340160110382873
7,4,7,-0.0041114615854676295
7,4,8,-1.2713174519299535
7,4,9,0.24574176121421162
7,4,10,-1.071330534770075
7,4,11,-0.4230299582846777
7,4,12,-0.20388986914663537
7,4,13,-0.029850574686681827
7,4,14,-0.24155323235392226
7,4,15,0.48285674011988355
7,4,16,-1.1519030949288203
7,4,17,0.1487733501722538
7,4,18,-0.4557429143236087
7,4,20,0.2048482454776411
7,4,21,-0.0699036675301739
7,4,22,-0.3052808984742681
7,4,23,-0.6848193391571005
7,4,25,0.21975241636178358
7,4,26,-0.20397413820494933
7,4,27,-1.1407779124477495
7,4,28,0.28202649103399074
7,4,29,-0.1564572213766686
7,4,30,-1.4526494195532964
7,4,31,0.28869892655028023
7,4,32,-0.0959650072155586
7,4,33,-0.6785820737558567
7,4,34,-0.08426718517018043
7,4,35,-0.03662532093750828
7,4,36,-0.7981355987314319
7,5,1,0.4031097956770016
7,5,3,0.4417131860449562
7,5,4,-2.414284686112048
7,5,5,1.6569493009801164
7,5,6,-0.022806649785006492
7,5,7,0.020611149900193637
7,5,8,-5.033064962493432
7,5,11,-0.6162404872826094
7,5,12,0.030403307553740527
7,5,13,0.5601693337027194
7,5,14,0.67474041103427
7,5,15,2.068508918862551
7,5,17,-0.19180718062263638
7,5,18,0.03318545204150342
7,5,19,-2.525116385014132
7,5,21,0.25332639085646924
7,5,22,0.47794802891250676
7,5,23,0.4314580452992584
7,5,24,0.4151080014171945
7,5,25,0.6411581482074896
7,5,26,0.08632307323556143
7,5,27,-0.011528819424412307
7,5,29,-0.14751514235519364
7,5,30,0.01953476778087164
7,5,31,-0.2793191243582835
7,5,32,-0.6081677190380482
7,5,33,-0.26063831016306455
7,5,34,-0.19146809240108878
7,5,35,0.6461582623157317
7,6,1,-0.18680530546894722
7,6,2,0.0
7,6,3,1.1005494926693542
7,6,5,2.4404901687586094
7,6,6,0.15906726229034773
7,6,7,0.6176005701670457
7,6,8,-0.24999999999999994
7,6,9,-0.10803190276169838
7,6,11,0.37003666707942323
7,6,13,-0.7770802118805846
7,6,14,0.5968292495274614
7,6,15,0.46680820802348155
7,6,16,-0.2753126034171258
7,6,17,-0.28014979899659426
7,6,18,1.11133551311861
7,6,19,-0.09845868323850529
7,6,20,0.31862139951166196
7,6,24,0.3448919634944965
7,6,25,0.03883095086872079
7,6,26,-0.7952008064263734
7,6,27,-0.7620023602782491
7,6,28,0.2324372683158876
7,6,29,-0.15083683575374585
7,6,30,-0.030366345960535612
7,6,31,-0.5695463202858168
7,6,32,0.7653885472709343
7,6,33,0.26037266193247766
7,6,34,-0.43439657728116043
7,6,36,0.7572867483532253
7,6,37,2.9251400325925734
7,6,38,0.17451541668759976
7,6,39,0.010954913613808875
7,6,40,-0.3160901137037966
7,6,41,0.14817040600951037
7,6,42,-0.23953675153628334
7,6,43,-1.5242795280865225
7,6,44,0.3985511931834772
7,6,45,-0.07639488336727407
7,6,46,-4.891511145281133
7,6,47,0.22602562918358005
7,6,48,0.41929709207312504
7,6,49,2.6751400325925734
7,6,50,0.29402070950727704
7,6,51,0.0
7,6,53,0.37806424802186406
7,7,1,-0.5403825210797633
7,7,2,-0.08931357050833048
7,7,3,0.2890787684906304
7,7,4,0.9036134358408836
7,7,5,0.4769489488923725
7,7,6,0.2368131492125382
7,7,10,0.5282980735622282
7,7,11,0.18628111255025742
7,7,12,0.05219690061566113
7,7,13,1.2117497452965096
7,7,14,-0.0008298139574603458
7,7,15,0.1649434219865448
7,7,16,-0.5367239870102031
7,7,17,0.11892278085825746
7,7,19,0.06064626213111592
7,7,20,0.126767779684143
7,7,21,0.3547725666859528
7,7,22,1.763471802396614
7,7,23,1.4072381464373975
7,7,24,0.4159935091683426
7,7,25,0.2761855743081943
7,7,26,0.3510596588774451
7,7,27,0.939678145597982
7,7,28,0.36055039406281414
7,7,30,-0.6570614949218537
7,7,31,0.7368004545466921
7,7,32,0.24437525971610208
7,7,33,0.7058004746275351
7,7,34,0.001673364736205703
7,7,35,0.055032031916264185
7,7,36,0.28465234867437383
7,7,37,1.3015947566712582
7,7,38,0.3284780840540559
7,7,39,-0.7763246900112473
7,7,41,-0.1053803081264807
7,7,42,0.5759357119604701
7,7,43,-0.981895792252795
7,7,44,-0.21226867672593025
7,7,45,0.24331453774756223
7,7,46,-0.0932876815362596
7,7,48,1.3559650554763856
7,8,1,0.06316893726623109
7,8,2,0.02687753277488475
7,8,4,-0.5228565432052185
7,8,6,0.02794672592575544
7,8,7,0.26224196108163045
7,8,8,0.29523383624647664
7,8,9,-0.4334526603691439
7,8,10,0.10052608508129168
7,8,11,0.7069656101793232
7,8,13,0.9380203646958487
7,8,15,0.21868360487959715
7,8,17,-3.1370178377251023
7,8,19,0.7698723534121271
7,8,20,0.39043071729105594
7,8,21,-0.4303809831685027
7,8,22,0.6402063195349311
7,8,23,0.02831295320350981
7,8,24,-1.3330466172435107
7,8,25,0.6148636412419791
7,8,26,-0.05901105744676068
7,8,27,-0.660151816971652
7,8,29,-0.01993522981521654
7,8,30,0.49234116310637627
7,8,32,0.8361911639855851
7,8,33,-0.33878934341382927
7,8,34,0.12289908576158223
7,8,35,1.0604484152689848
7,8,36,0.7227146364890711
7,8,37,2.0980035537321178
7,8,38,0.08601910277328235
7,8,39,-0.552818460862694
7,8,40,-0.4220198089095858
7,8,41,0.3174186749339851
7,8,42,0.45807473697758616
7,9,1,-0.09285506556131207
7,9,4,-0.8458996987911059
7,9,5,0.13146288263540754
7,9,6,0.9040153955851997
7,9,7,-0.009165956007456226
7,9,8,1.274233652037656
7,9,10,0.15088933439570756
7,9,11,-0.010547917049787858
7,9,12,0.08555920544334286
7,9,13,-0.43499060040924237
7,9,14,0.213735427511864
7,9,15,0.6442861805024416
7,9,16,-1.0537706181368918
7,9,18,-0.63105416135206
7,9,19,0.27820753061326536
7,9,20,-0.05121528618830562
7,9,21,0.019905430460070025
7,9,23,1.2376601193024217
7,9,24,-0.3068391821703109
7,9,25,1.6748337832314668
7,9,27,0.9610186091178187
7,9,28,-0.3141706613493887
7,9,29,-0.37512397641933487
7,9,30,-0.16977949688160854
7,9,31,0.6427827163099534
7,9,32,0.048326537995219986
7,9,33,-0.03345598599264521
7,9,35,-0.17791296959775965
7,9,37,0.44772543284070404
7,9,38,-0.19145937687240575
7,10,1,-0.3959278500556788
7,10,2,-1.1496581306395102
7,10,3,0.013488104228473222
7,10,4,-0.08685919640477398
7,10,6,-0.03154650610466886
7,10,7,0.16656546001034847
7,10,8,-0.45466849330214515
7,10,9,2.061328201543129
7,10,10,0.5011618343300763
7,10,12,-0.14136453546990918
7,10,15,0.6183984604629388
7,10,17,1.3846886444032616
7,10,18,0.9145268888338773
7,10,19,0.31483143516326545
7,10,20,-0.06389092564734133
7,10,21,0.306183357347006
7,10,22,-2.056092788145105
7,10,23,-0.11921405018686979
7,10,24,-0.9299696223967646
7,10,25,-0.29954481456379256
7,10,26,-0.009758669679368615
7,10,27,0.11816032137122565
7,10,29,0.37200162900735373
7,10,30,-0.0013478888446023518
7,10,31,-0.31105791930188453
7,10,32,-0.19190026505732313
7,10,33,0.40480239807922835
7,10,34,-0.7472212218757889
7,10,35,-0.5948150758010133
7,11,1,0.3394377230436136
7,11,2,-0.09595850904442534
7,11,3,-0.41262222512545743
7,11,4,1.2440758905779685
7,11,5,0.1927739843482567
7,11,6,0.32812226760364366
7,11,7,0.20729469732276637
7,11,8,0.8220032079945043
7,11,11,0.1088126639192491
7,11,12,0.25780435316641703
7,11,13,0.8937792401937499
7,11,14,-0.13456090713207738
7,11,15,-0.2919325884246986
7,11,16,-0.07734358763816997
7,11,17,0.09936675157669907
7,11,18,0.4730443201289876
7,11,19,0.024924946382532526
7,11,21,0.18060587757192487
7,11,22,0.17169782559467955
7,11,23,0.1803404095929771
7,11,24,0.772122701357528
7,11,25,0.004425226493235401
7,11,26,0.11276076291373255
7,11,27,1.5496743491158693
7,11,28,0.20901958331280848
7,11,29,-0.1717636858301875
7,11,30,0.0
7,11,31,-0.3921424074039139
7,11,32,-0.2897748318452455
7,11,33,0.04165479184289134
7,11,34,0.6953580032130606
7,11,35,0.20806537662692398
7,11,36,0.8405493585350218
7,11,37,0.3820786191677613
7,11,39,-1.4148938565964715
7,11,40,-1.8588106414765757
7,11,41,0.0
7,11,43,0.4388798687071839
7,11,44,-1.9509897638071378
7,11,45,-0.19671402996979667
7,11,46,0.9557211933813202
7,11,47,-0.43170435260916123
7,11,49,0.6410552145609762
7,11,50,-0.06620443618119379
7,11,52,0.17333050504426703
7,11,53,0.2280649456620465
7,11,56,0.23919526123429327
7,11,57,0.6958294060008757
7,11,58,0.9597020153104977
7,11,59,0.2586755381202227
7,11,60,1.797446056920585
7,11,62,0.3747722850232841
7,11,63,3.1296589465122477
7,11,64,3.4648353240096883
7,11,65,5.330515883091828
7,11,67,-0.5579981641545854
7,11,69,-1.1894651630726314
7,11,70,0.5445785051343618
7,11,72,0.2317368531753893
7,11,74,-0.02527641273338248
7,11,75,-2.184998132849875
7,11,76,0.031633931336413824
7,11,77,2.8985410995635283
7,11,78,0.46901018234792435
7,11,79,0.13200104743352814
7,11,80,-0.0010980101162954559
7,12,2,0.18840722221272185
7,12,3,1.120422470931636
7,12,4,0.14900336964012853
7,12,5,0.019570951213141174
7,12,6,-0.16307695497435032
7,12,7,1.0164198373148043
7,12,8,-0.23447773107729974
7,12,9,-0.6117135588615273
7,12,10,1.668521214068518
7,12,11,0.06313417059719047
7,12,12,-0.023909601899873296
7,12,13,1.044038286568208
7,12,14,0.8172838350600377
7,12,16,-0.5062129852118948
7,12,17,0.26420618647238725
7,12,18,0.8775373307922464
7,12,20,0.8927328424993058
7,12,21,0.10302836023495568
7,12,22,0.18676889150755116
7,12,23,-0.016451434283979147
7,12,25,-0.024894354763885528
7,12,27,0.23064752756520793
7,12,29,-0.6849975628519569
7,12,30,1.1012504136685033
7,12,31,-0.7300222727101255
7,12,33,0.06989910868169502
7,12,34,-0.2595398329232542
7,12,36,2.943900576419562
7,13,1,1.4198212186032586
7,13,3,-0.07364327169328166
7,13,4,-1.275051580122685
7,13,5,0.09983325789656991
7,13,6,-0.37197907000901365
7,13,7,-0.14909497775302383
7,13,9,0.6162887643380545
7,13,10,-0.05798208150762496
7,13,11,0.15483467941713616
7,13,12,-0.13207361996905084
7,13,13,0.37806424802186406
7,13,14,0.8647174585259212
7,13,15,0.15005291182723524
7,13,16,1.1339846355871315
7,13,17,-0.7472212218757889
7,13,18,2.4984819001552268
7,13,19,0.354059169805062
7,13,20,-0.026226969971027345
7,13,22,0.1794664694899108
7,13,23,0.31851917497588367
7,13,24,-0.1942303301620294
7,13,25,0.4322489394623596
7,13,26,0.22911125177059266
7,13,27,-0.9665069372973806
7,13,28,0.6773939543059265
7,13,29,-1.7627396162246682
7,13,31,0.29737403364061776
7,13,32,-0.2508992043875045
7,13,33,0.029607711254053554
7,13,34,0.02229704692945156
7,13,35,0.3866118743947918
7,13,36,0.28710324297066514
7,13,37,0.2802933570686712
7,13,39,-0.29422268804280494
7,13,40,-1.3809204385152416
7,13,42,0.5695277987746126
7,13,43,-1.53968399768672
7,13,44,1.3771602186498206
7,13,46,0.5916137435819155
7,13,47,-0.17856542290677235
7,14,1,0.40853862087808746
7,14,2,-0.0769843387394086
7,14,3,0.14510018612629427
7,14,4,0.4736274632071423
7,14,5,0.7133570406537016
7,14,6,0.6253713317556144
7,14,7,-0.13966463976981888
7,14,8,0.42095731333412034
7,14,9,0.06498929090151699
7,14,10,0.2610416928762231
7,14,11,-0.8519151959728359
7,14,12,0.011002200889473814
7,14,13,0.9596346880165938
7,14,14,-0.47221067083962476
7,14,15,0.3770724496674964
7,14,17,-0.5701167052775509
7,14,18,-0.4864308096144923
7,14,19,-0.15939832113071742
7,14,20,-0.28333163090667646
7,14,21,-0.13032627908415703
7,14,22,-2.5598863210476517
7,14,24,0.18325474568209688
7,14,25,2.3176430724063692
7,14,26,0.2229566282691386
7,15,1,0.29575287771046443
7,15,2,-0.4455986228666881
7,15,5,0.511896776295477
7,15,6,0.28204216173441726
7,15,7,-0.4903103305334193
7,15,8,-0.3991460609941078
7,15,9,0.053442777750380234
7,15,10,0.4355733254870174
7,15,11,-0.6859257876389352
7,15,12,0.850531101453452
7,15,13,-0.22490829338251603
7,15,14,-1.617486718122964
7,15,15,0.24338779652873435
7,15,16,0.46405734493161993
7,15,17,0.3408115388631925
7,15,18,0.3348784469270478
7,15,19,0.00791222632286572
7,15,20,0.17494821096294969
7,15,21,-0.284852812244954
7,15,23,0.7266256431273646
7,15,24,0.5528704202517905
7,15,25,2.356087522639824
7,15,26,-0.41559441940595016
7,15,27,0.6096654853750699
7,15,28,-1.8622995099250377
7,15,29,0.1070983405341055
7,15,30,0.5727306688362711
7,15,31,1.0577665142642165
7,15,32,-0.06908516651469289
7,15,33,0.3740319753057508
7,15,34,0.3348784469270478
7,15,35,0.2983835541071696
7,15,37,-0.013435057398252598
7,15,40,0.8622435979796326
7,15,41,1.1097602313834183
7,16,2,-0.02593096500560227
7,16,3,-0.35030274712786663
7,16,4,-0.10377580657197823
7,16,5,0.734673031124201
7,16,6,-0.979893982341336
7,16,7,0.48621787514699255
7,16,9,0.26414890061821467
7,16,13,-0.023282239693222295
7,16,17,-0.1710920606026508
7,16,27,0.1328333844401144
7,16,30,-0.46656631603522875
7,16,41,0.23782531031275414
7,16,42,0.9750327473249687
7,16,43,0.06179442602503476
7,16,44,-0.02066548507319889
7,16,45,0.08680330600240171
7,16,48,-0.22311246824225273
7,16,50,0.5481810838387275
7,16,61,0.3081246660359658
7,17,1,-0.04868999629133017
7,17,2,0.15902923225420687
7,17,3,-0.14200925159475672
7,17,5,0.6042030189167891
7,17,6,1.9355081481321776
7,17,7,-0.1841151846626534
7,17,8,-0.18568529973463302
7,17,9,0.498453981217829
7,17,10,0.22784105730118107
7,17,11,0.2949882507651737
7,17,12,-0.2708186113083531
7,17,13,-0.032681106062132
7,17,14,-0.33210984055992077
7,17,15,0.2357287262615318
7,17,16,-0.057615802126311386
7,17,17,-0.14657855074905315
7,17,18,-0.007191182133103898
7,17,19,-0.006529719351401955
7,17,20,0.1854640490929523
7,17,21,-0.20652590321230777
7,17,22,-0.05926775877935342
7,17,23,-1.1068628259519335
7,17,24,0.15930837590971703
7,17,25,0.34836284956644054
7,17,26,0.0030886869532613104
7,17,27,0.322128396138316
7,17,28,-0.6659171052309776
7,17,29,0.6546099651414969
7,18,3,0.6763384815960206
7,18,4,-0.5099029894920556
7,18,5,0.3792282511795053
7,18,6,-0.7587541155977872
7,18,7,-1.8810818102597013
7,18,8,0.09418208363716069
7,18,9,-0.3673620474477454
7,18,10,0.5883270383062525
7,18,11,0.2353410113784747
7,18,12,-0.37018060436574823
7,18,13,-0.4477182286534726
7,18,15,0.08222342727013196
7,18,16,-0.06651066567863372
7,18,17,-0.378433312696216
7,18,18,0.6628279214629088
7,18,20,0.412677806848491
7,18,21,0.34387101031271927
7,18,24,0.031834495550790015
7,18,25,0.3124649725272905
7,18,26,-0.0005052122908152379
7,18,29,-0.1570667284099451
7,18,30,0.9722159988615942
7,18,31,-1.4089487918240604
7,18,33,-0.006690123685933497
7,18,34,0.848302392791325
7,18,35,0.9811407092516696
7,18,36,0.02811935536763151
7,18,37,-0.3358699387149269
7,18,39,0.8880074762887304
7,19,1,0.7760361299598438
7,19,2,-0.33636850081166764
7,19,5,0.3375685952097664
7,19,8,0.43536208874638266
7,19,9,-0.07262586674363472
7,19,12,0.562336215952166
7,19,16,0.3632049255740319
7,19,17,0.35879814639578783
7,19,18,0.39572670958302236
7,19,19,-0.2808450946773831
7,19,20,1.684002296156913
7,19,21,0.11854161181419806
7,19,22,0.06329336283531077
7,19,24,0.8613097289119955
7,19,25,0.29076667322695365
7,19,26,-0.3334650724514635
7,19,27,0.39766815572586933
7,19,28,0.7021193177548902
7,19,29,1.2285536931578454
7,19,32,-0.2314599585062526
7,19,33,0.4514526647138022
7,19,35,0.4851188824524321
7,20,1,0.4009171576769748
7,20,2,9.315896280134968
7,20,3,-0.2758261483372797
7,20,5,-1.3756088694661326
7,20,6,0.4163902184620779
7,20,7,-0.0373588248874612
7,20,8,-0.2552592847022925
7,20,10,0.10618618736964971
7,20,11,0.25188815786504226
7,20,12,0.5287483070610715
7,20,13,-0.2045598468067368
7,20,15,0.09663194772706625
7,20,16,0.14679055349927228
7,20,17,0.8403248606524382
7,20,19,-0.7477328853435166
7,20,20,0.07155098728190966
7,20,21,0.2732897073579487
7,20,22,-0.1589287977114987
7,20,23,0.5528704202517905
7,20,24,-0.08061742826554738
7,20,25,0.7157237220355063
7,20,26,-0.09236516847417968
7,20,27,-0.048253521163374634
7,20,28,-0.17083400685063396
7,20,29,-0.058618183765904934
7,21,1,0.254134166104878
7,21,2,0.3983173742981353
7,21,4,-0.5276539803363374
7,21,5,-0.47273590486960376
7,21,7,0.8283123161874766
7,21,8,0.0
7,21,9,0.717195667486583
7,21,10,-0.07783479793382347
7,21,11,-0.1717636858301875
7,21,12,0.7495445700465682
7,21,13,-0.02130375177113521
7,21,15,-0.04903089819774591
7,21,16,0.18256071590548795
7,21,17,0.032671504022367806
7,21,18,0.033746390668874124
7,21,19,0.5617796621895805
7,21,20,-0.6273496948529915
7,21,21,2.3860267032791307
7,21,22,0.8146252191451037
7,21,23,0.5181258609408704
7,21,24,0.7354823117897852
7,21,25,-0.41263585120539875
7,21,26,0.5972725954610535
7,21,27,-1.2474032157819865
7,21,28,0.047441974348127816
7,21,29,0.30136546647326606
7,21,30,-0.200023391144709
7,21,31,0.25078939180203225
7,21,32,0.45785560435279926
7,21,33,-0.022098634244588536
7,21,34,0.030853956043712754
7,21,35,0.3338809126570569
7,21,36,0.421391297088871
7,21,37,0.07013111340134011
7,21,38,-0.17439452702949354
7,21,39,0.3995136832980306
7,21,40,0.031302747980926506
7,21,41,-0.6205033551132496
7,21,43,-0.7978603866908223
7,21,44,0.45445627091439733
7,21,45,-0.06853045179895259
7,21,46,0.013863937355591762
7,21,47,0.6998266322355442
7,21,49,-0.1497335291786674
7,21,51,0.01377252581407229
7,21,52,0.09612818505756306
7,21,53,0.0035355753994162804
7,22,1,-0.9976276609590666
7,22,2,-0.006112950864817598
7,22,3,0.1855471337446478
7,22,5,0.36685384700854445
7,22,6,-0.15082539890169547
7,22,8,0.7936401461717472
7,22,9,-0.19149192366445109
7,22,10,-0.06468127481626487
7,22,12,0.11246897487572265
7,22,13,0.4241700424235975
7,22,14,-0.0842077809092564
7,22,15,-0.5318524614127704
7,22,16,0.01314593819160604
7,22,17,0.6718058620649993
7,22,18,-0.13644113819270107
7,22,19,0.6077361443952825
7,22,21,-2.2278377926067763
7,22,23,1.5870485131812606
7,22,24,-0.01828235286392149
7,22,25,-0.37487797653547583
7,22,26,-0.6095043118166271
7,22,28,-1.1579513782010944
7,22,29,0.038743169777672
7,22,30,0.4267923001488487
7,22,32,0.2224517085020806
7,22,33,-0.09163495695909957
7,22,35,-0.016853782037279618
7,22,37,-0.0987969466401737
7,22,38,0.0
7,22,39,-0.9479517143529521
7,23,1,0.22825717620843622
7,23,2,-0.020251365839579014
7,23,3,-2.261335170261668
7,23,5,-0.08574482569998258
7,23,6,1.2797635663428961
7,23,7,-0.202026766986112
7,23,8,0.07042373759573528
7,23,9,-0.03041927275615019
7,23,11,0.47175600161286046
7,23,12,-0.08212623937800542
7,23,13,0.22904554276027334
7,23,14,0.49821209973708364
7,23,15,-0.08429977988958832
7,23,16,-0.04430217449590296
7,23,17,-0.02511290495444334
7,23,18,0.15249179079299857
7,23,19,0.440119432235826
7,23,20,-0.48442164210570393
7,23,21,-0.21437901946983565
7,23,22,-0.2875058516483
7,23,23,-0.11174381706762875
7,23,24,-0.1516770388284496
7,23,25,0.38823111146266037
7,23,26,-0.6739388931601417
7,23,27,0.2712589555386453
7,23,28,0.645765350444367
7,23,29,-0.16713788406721355
7,23,30,1.062177509415186
7,23,31,0.11711633906977627
7,23,32,2.0354132251988553
7,24,1,0.16666889652276298
7,24,2,0.62836951666323
7,24,6,0.17552982943872256
7,24,8,1.1737145890250564
7,24,9,0.027237768681468814
7,24,10,1.2933183224052374
7,24,11,0.09525466673941776
7,24,12,0.5341900105791643
7,24,13,0.14617791599271732
7,24,15,0.6004516860258053
7,24,16,0.04923363527807323
7,24,17,0.6832582749665683
7,24,18,0.5776189940224772
7,24,19,0.3510263687453612
7,24,21,0.47138213887740377
7,24,22,0.14087365280347264
7,24,23,-0.42792846517683913
7,24,24,-0.16370747931060656
7,24,25,0.33207307481054343
7,24,26,-0.42487100376607445
7,24,27,-0.3556430219281246
7,24,28,-0.6158189542300154
7,24,30,0.6022978624308296
7,24,31,0.03797447556035319
7,24,32,-0.3560347656921517
7,24,33,0.6900210926875046
7,24,34,-0.6893003028951432
7,24,35,-0.05594681668544801
7,24,36,0.8126406327580309
7,24,37,-0.3690752069683895
7,24,38,-0.2514347774944319
7,24,39,-0.13558188722600484
7,24,43,0.1581836373650428
7,24,44,0.6319897072207604
7,24,45,-2.3117475219687673
7,24,46,-0.6844129711116306
7,24,48,0.024025210017591715
7,24,49,1.1793076077286555
7,24,51,0.999276863821071
7,24,52,-0.34146676848793456
7,24,53,0.28085331577616973
7,24,54,-0.10616217324500556
7,24,55,0.385578409646514
7,24,56,0.11508995104447808
7,24,58,-0.2545424508642312
7,24,59,0.29005870525236266
7,24,60,0.42719285701080395
7,24,61,-0.264311793566052
7,24,62,0.11987402986059104
7,24,63,0.6492232441634247
7,24,64,0.03551822679706198
7,24,65,0.29845361979662854
7,24,66,0.10402019497522244
7,24,67,-0.13775401047877686
7,24,68,0.1647835118955863
7,24,69,0.5488900902503441
7,24,71,0.11703824056120603
7,24,72,-0.924699008787507
7,24,73,0.8519594887005011
7,24,74,-0.46719162196293945
7,24,76,-0.14199965031515913
7,24,77,-0.1714814469097338
7,24,78,-0.012518618361046563
7,24,80,0.5191403672496804
8,1,2,-0.3347340031384886
8,1,3,0.27235885098335655
8,1,4,0.7758411885378693
8,1,5,0.13015947566712585
8,1,6,0.5633393696950306
8,1,8,0.06873883624504872
8,1,10,-0.006615548255410081
8,1,11,0.06758853306076057
8,1,14,-0.5437997516456403
8,1,15,-0.2600781420913932
8,1,17,-0.5252639464442183
8,1,18,-0.44286075989183804
8,1,19,0.04967442112925214
8,1,20,-0.25346059729339643
8,1,21,-0.18410546104739905
8,1,23,0.546076589408616
8,1,24,0.053592457233677816
8,1,25,0.409569602023686
8,1,26,-0.11532768188943461
8,1,27,-1.0251287775296687
8,1,28,-0.11291307452356973
8,1,29,-0.2079947038349087
8,1,30,-0.8486017118470438
8,1,32,-1.087585327017136
8,1,33,0.050719860478111445
8,1,34,1.0034674238184929
8,1,37,-0.3430952685661198
8,1,39,-0.0017605100650298598
8,1,40,0.003946223300712329
8,1,42,0.6298812819354983
8,1,43,1.774801608769306
8,1,45,-0.007407309641248018
8,1,46,-0.2120493409342029
8,1,48,-0.33962549633257294
8,1,50,1.0306641007715645
8,1,51,0.07021193177548903
8,1,53,0.49148352242842325
8,1,54,0.2160479997470209
8,1,56,1.433493607082901
8,1,58,1.264039921415308
8,1,59,0.0009605677352351627
8,2,2,-0.26563643137385495
8,2,3,-0.03378950837595457
8,2,4,0.2165445013703576
8,2,5,0.8172737372036745
8,2,6,-0.3942226400787332
8,2,7,-0.531088754707593
8,2,8,-0.42669708686733987
8,2,9,0.1691130537727044
8,2,10,0.8897672077810318
8,2,11,0.7496526961305466
8,2,12,1.0725404276510504
8,2,13,-0.0779051310230688
8,2,14,-0.33815817993199954
8,2,15,0.39738159384036015
8,2,16,-0.22864192921297838
8,2,17,-0.1412351675635522
8,2,18,1.1877443531243126
8,2,19,0.003821420207607513
8,2,20,0.3429658605526274
8,2,21,0.10990649326085851
8,2,22,0.10452033257417503
8,2,23,3.3236089024750455
8,2,24,-0.18195893797748716
8,2,25,-1.8143657329100418
8,2,26,0.7789102646462993
8,2,27,0.7136448008547439
8,2,30,-0.22234141569459698
8,2,31,0.48168340026517165
8,2,33,1.0115071372449813
8,2,34,0.12048842451749192
8,2,35,-1.6006164318529505
8,2,36,-0.30105502658198874
8,2,38,-0.014200353077654493
8,2,40,0.24550115160825697
8,3,1,-0.07779255641498847
8,3,2,1.1111039986989646
8,3,3,-0.04223193129253816
8,3,4,0.03832601954783623
8,3,5,0.43706010574338194
8,3,6,0.13199502041275418
8,3,7,0.030263446672237265
8,3,8,-0.17627746939689948
8,3,9,0.5782159087393214
8,3,10,0.2215241268635238
8,3,11,0.10072680529737217
8,3,12,-0.5337867183032821
8,3,13,-0.17964512612596226
8,3,14,-0.167456135359196
8,3,15,-0.20713806577728625
8,3,16,0.49183994044581514
8,3,17,-0.0022881341850704007
8,3,19,0.1298920709265905
8,3,20,0.3741322572718293
8,3,21,-0.531420905243658
8,3,22,-0.13475870392071956
8,3,23,0.05487797729741767
8,3,24,0.26615219062309897
8,3,25,-0.1996530909988455
8,3,26,1.4194027153079214
8,3,27,0.1575286916797837
8,3,28,-0.13110053762638363
8,3,29,-0.5525270139115711
8,3,30,0.27390674916446967
8,3,31,0.011713535283437881
8,3,32,0.055691836368120605
8,3,33,-1.4728436883791924
8,3,34,0.3258889434985079
8,3,35,-0.23009456585390922
8,3,36,-0.10421102299896015
8,3,38,0.04048804278795786
8,3,40,-0.7733153749612965
8,3,42,3.5105965887744515
8,4,1,1.488006516029415
8,4,2,-0.3933037191673226
8,4,3,0.8263154818062995
8,4,4,0.44735885647636264
8,4,5,-0.638575895474095
8,4,6,0.6637259425403248
8,4,7,0.49799185658147943
8,4,8,0.585018193618749
8,4,9,-0.22931645732446182
8,4,10,0.4711050099196519
8,4,11,-0.30230913707846363
8,4,12,-0.006775657469810022
8,4,13,-0.467776205918245
8,4,14,-0.22897771940493114
8,4,15,0.6562676966507659
8,4,16,0.546092802698248
8,4,18,0.3889759491205208
8,4,19,-1.0219632793147269
8,4,20,-1.1548557036925244
8,4,22,0.09171935458550312
8,4,23,1.2962879984821254
8,4,25,-0.07572385522599667
8,4,26,0.9820679257865892
8,4,27,1.0942352576426835
8,4,28,0.5371194253740929
8,4,29,0.9848117318784152
8,4,30,-1.3781024410325378
8,4,31,0.6891501364695793
8,4,32,0.5096073592907102
8,4,33,0.817119816797617
8,4,34,-0.531420905243658
8,4,35,0.24329485473562357
8,4,37,1.4163410157825362
8,4,39,0.7339662124432943
8,4,40,0.09577762800547296
8,4,42,0.36457012442094844
8,4,43,0.38198304794600757
8,4,44,0.2843831081715757
8,4,46,0.5293503559706514
8,4,47,-0.41986678758490276
8,4,49,-4.6503147617408285
8,4,50,-0.15829732182100306
8,4,52,0.02641237286616142
8,4,53,0.6565411545856101
8,4,54,1.024167281643276
8,5,3,-0.2990035191825676
8,5,4,-1.824415722940455
8,5,6,-0.38229799208652765
8,5,7,-0.544297092073125
8,5,11,-0.29409542228672836
8,5,12,0.007548122467192914
8,5,13,0.11297569162435987
8,5,14,-0.03290563493702099
8,5,15,-0.2917949886879046
8,5,16,-1.0012504136685034
8,5,17,-0.05483420715277824
8,5,18,-0.26907652775911467
8,5,20,-0.2892426758788704
8,5,21,-0.6024191122082421
8,5,22,0.568138857021585
8,5,23,-0.3928030200598511
8,5,24,-0.11613423756884592
8,5,25,-0.23350584932989388
8,5,26,4.050606927305876
8,5,27,-0.8387809607484116
8,5,28,-0.25312602246717436
8,5,29,-0.80190206728842
8,5,31,0.2877687265433538
8,5,32,-0.06068549493989264
8,5,33,-0.4771053766689869
8,5,34,0.7469910213776747
8,5,35,8.613097289119954
8,5,36,-0.07193676314468844
8,5,37,-0.3332616543108777
8,5,38,-0.014828581096936282
8,5,39,-0.6305825182036231
8,5,40,0.8044053207382879
8,5,41,-0.6670081249598198
8,5,43,0.10217558308922475
8,5,44,-0.05263157894736842
8,5,47,0.0887138924490254
8,5,48,-0.1981585209327832
8,5,49,0.06147204787039437
8,5,50,-0.2284535673178385
8,5,51,0.21478720019284936
8,5,52,0.2828219931503108
8,6,2,-0.24653865186626567
8,6,3,0.364208406693116
8,6,4,-0.19414149239172493
8,6,5,0.13345852881527748
8,6,6,0.26660932344870214
8,6,8,0.2692837690747051
8,6,9,0.0014160416786859337
8,6,10,-0.010430367939855868
8,6,11,0.15358860075888225
8,6,13,-1.0147630959138818
8,6,14,0.605965409493671
8,6,15,-0.2645520183984
8,6,16,0.40725741141305843
8,6,17,0.5550069953249377
8,6,18,-0.5491143572356741
8,6,19,0.028782306891401915
8,6,20,0.15358860075888225
8,6,22,2.457417612142116
8,6,24,1.3548557036925244
8,6,25,0.2732130869525943
8,6,26,0.4880539543481394
8,6,27,0.014596483386941167
8,6,28,-0.11907047044431973
8,6,29,-0.013082798086101211
8,6,30,-0.2975990208824455
8,6,31,-1.5140602925625772
8,6,32,1.5526493800224945
8,6,33,-0.937769334621877
8,6,34,-1.032529985635801
8,6,35,1.228708806071058
8,6,37,-0.14170573186458651
8,6,38,-0.9741598815760799
8,6,39,0.9435120032257209
8,6,40,-0.982104951364568
8,6,42,0.976966163874638
8,6,43,-0.025241225490351814
8,6,44,-1.5275233343711507
8,6,45,-0.9091274301701058
8,6,46,-0.2177377809329001
8,6,47,0.017118288178007812
8,6,48,-0.18355692593505793
8,6,49,0.07762240781862191
8,6,51,-0.040802132156606455
8,6,52,-0.5260853409256002
8,7,1,0.454604815474503
8,7,2,0.6749057122479628
8,7,3,-0.5031565104877501
8,7,4,-0.21512542028241394
8,7,5,-1.5974794312674887
8,7,6,-0.06920877798361988
8,7,7,1.5981020477464367
8,7,8,1.2065183196724167
8,7,9,-0.2714709547403939
8,7,10,2.4800108600490245
8,7,11,0.06778247842401276
8,7,12,0.6049717952389136
8,7,13,-0.035727652370357535
8,7,14,0.10087304102226743
8,7,15,1.4119383536079306
8,7,16,0.12526947820837397
8,7,17,0.41795445764224315
8,7,18,0.4954078124358125
8,7,19,-0.9172754515902941
8,7,21,-0.5571107109143967
8,7,22,1.8693846351511185
8,7,23,-1.0663146006311293
8,7,24,1.1046327662843944
8,7,25,-0.06514964024889208
8,7,26,-0.3139049776944732
8,7,29,0.2761168714950903
8,7,30,0.3149532312459614
8,7,32,-0.2635561459650154
8,7,34,0.06667935472896748
8,7,35,-0.5981746005001976
8,7,36,0.7335483139106405
8,8,1,0.36520732481969487
8,8,2,0.5483241004434092
8,8,3,0.8042086806503335
8,8,4,2.4126260419510004
8,8,5,1.5571161051413451
8,8,6,0.6116976348659713
8,8,7,-0.7300057181345073
8,8,8,0.1349819239790934
8,8,9,-0.8173563095966535
8,8,10,-0.4329464856034928
8,8,11,0.14698887186272877
8,8,13,-0.17174018392875753
8,8,14,0.36337448556392277
8,8,16,0.8033891753809491
8,8,17,0.09690295413433601
8,8,18,-0.269856563110985
8,8,19,0.24340090827343028
8,8,20,0.1754721169696655
8,8,21,0.4281688992524455
8,8,23,0.253535559368286
8,8,24,0.18867729994489504
8,8,26,0.3073274040026799
8,8,27,0.19141678814463434
8,8,28,0.3432104398103593
8,8,29,0.295071044954695
8,8,30,-0.39851500866031564
8,8,31,0.17311072249110493
8,8,32,-0.043852725525667005
8,8,33,0.23501221703350048
8,8,34,-0.8977358796092524
8,8,35,0.028143210633712445
8,8,36,-0.03963693677357046
8,8,37,0.5862170037809813
8,8,39,0.43124290264651777
8,8,40,0.21302077869878006
8,8,42,0.1633076809137938
8,8,43,-0.022470107242584497
8,8,44,0.2764300251367601
8,8,45,-0.9012504136685033
8,9,2,0.5877957456226891
8,9,3,-0.2804639972797615
8,9,4,1.4580501636188998
8,9,5,0.5316269964360248
8,9,6,0.44314028845806663
8,9,7,0.12689124083637224
8,9,8,-0.8238392780799483
8,9,9,0.15871372969388656
8,9,10,-0.04442145359709
8,9,13,0.07987834359975442
8,9,14,0.25354261278482315
8,9,15,0.37693480392102385
8,9,16,0.8270278871109783
8,9,18,0.16890427481850515
8,9,19,-0.09179723583842826
8,9,20,-0.021049121810740257
8,9,21,0.207282218566227
8,9,22,-0.3496190166076697
8,9,23,0.44741147564525946
8,9,25,-0.027980023666563852
8,9,26,0.34857102880347896
8,9,27,-0.8007602585856016
8,9,28,-0.5021042828012744
8,9,29,-0.07140317684659586
8,9,30,-0.5209083910489265
8,9,31,-1.4548679136034992
8,9,33,-0.21652579415459142
8,9,34,1.1007153765630644
8,9,35,1.534457444981091
8,9,36,-0.9391814018807453
8,9,37,0.34004832424213305
8,9,38,0.25974960873191066
8,9,41,0.02836509388180669
8,9,42,0.360116926658217
8,9,43,-0.2564130031023054
8,9,44,1.5906726229034773
8,9,46,2.1853005287169096
8,9,47,-0.03408040424358102
8,9,48,-2.56446697160953
8,10,1,0.21027869357165818
8,10,2,1.526950662690324
8,10,3,-0.0017553840690887612
8,10,4,-0.1114692284881718
8,10,5,0.3589945437232315
8,10,6,0.41049616074928447
8,10,7,0.38553524182020504
8,10,8,-0.10160718263303532
8,10,9,0.5170665108206418
8,10,10,0.28264389274304635
8,10,11,0.24256138324402818
8,10,12,-0.5789033606615809
8,10,14,0.2973640485238688
8,10,15,-1.4375171315699322
8,10,16,0.2124511523673804
8,10,17,0.1434883656588768
8,10,18,2.065788704515749
8,10,19,2.457417612142116
8,10,20,-0.5323898700352394
8,10,21,1.642187879827075
8,10,22,0.15647550473178992
8,10,23,-0.22357819401326637
8,10,24,-0.9754490339905828
8,10,25,0.017280859228170697
8,10,27,0.37257530986210863
8,10,28,0.0922687914993185
8,10,29,-0.04059909391804481
8,10,31,0.2100881106050164
8,10,33,0.28488264688048326
8,10,34,-0.1586143796673067
8,10,36,0.9380203646958487
8,10,37,1.9101959679417047
8,10,38,0.0936967364337786
8,10,39,0.21607128188348496
8,10,40,1.0590343956329593
8,10,41,0.09328871651127288
8,10,44,-0.6168753946670504
8,10,45,-0.1546321356923193
8,10,46,-0.2918894063748334
8,10,47,1.2838066849720136
8,10,49,-0.21970914633493224
8,10,50,0.17552982943872256
8,10,52,0.3144153868963532
8,10,54,1.8193814702376216
8,10,55,0.7620040876767002
8,11,1,-0.061626647035128324
8,11,2,1.045863078810471
8,11,5,0.6307396130449935
8,11,6,0.004717439521944811
8,11,7,0.8605352081781215
8,11,8,-0.30354603697845445
8,11,9,0.17627026865252882
8,11,10,0.0307324164752915
8,11,11,0.7123100325720759
8,11,12,-0.7053113125212496
8,11,13,-0.48915111452811333
8,11,14,0.3212158539205778
8,11,15,0.3830949601487151
8,11,16,1.7779737472966515
8,11,18,0.8271277335472882
8,11,19,-0.8194186044968725
8,11,20,2.439582316753876
8,11,21,0.0012201842527816073
8,11,22,0.48627975849263483
8,11,24,-0.5723388608633572
8,11,25,-0.014655260395832592
8,11,26,1.1168126217203007
8,11,27,0.1652630963612599
8,11,28,0.5152512997168052
8,11,29,-0.03686064208288792
8,11,30,0.025436038018050805
8,11,31,0.0911808224846836
8,11,32,0.23759361162367898
8,11,33,-0.16733370369298606
8,12,2,-0.014662325726599543
8,12,4,1.3515796866781637
8,12,5,-1.0334032803868507
8,12,8,0.5753683034006946
8,12,9,0.11753591506842316
8,12,10,-0.08581291066392523
8,12,11,-0.9206136256768277
8,12,12,-0.3129144427533372
8,12,13,-0.5632815085428146
8,12,14,0.17652878661831084
8,12,15,0.21870361514278178
8,12,16,0.10272117693155691
8,12,17,-0.49613276144240465
8,12,18,0.10929686435846303
8,12,19,0.18032830432760255
8,12,20,-0.5910428395571931
8,12,21,-0.7828745028958065
8,12,22,2.407395753802705
8,12,23,-0.563187375282647
8,12,24,-0.2093806197859855
8,12,25,0.008321811214243718
8,12,26,-0.848225996223513
8,12,27,-1.128334454577455
8,12,28,-0.6897948783837061
8,12,29,0.0
8,12,30,0.07318292416523782
8,12,31,0.449976105465407
8,12,32,-1.469360375870207
8,12,33,-0.5091163695622861
8,12,34,-0.06124814616249877
8,12,35,0.7151200091212807
8,12,36,-0.2409550224364652
8,12,37,-1.6253227474493739
8,12,38,-2.309267331716965
8,12,39,0.3071772015177645
8,12,40,0.004633175444509335
8,12,41,0.47581827952767775
8,12,42,0.16388535418701827
8,12,43,-0.8728402442888917
8,12,44,0.1524480095447212
8,12,45,0.23176598541606744
8,13,1,1.574857819455499
8,13,2,0.2089630257508027
8,13,3,-0.6122224618396315
8,13,4,-0.2177954529687123
8,13,5,0.5725210361421044
8,13,6,0.12364954341940522
8,13,7,-0.3319874133323484
8,13,8,0.1965934089713693
8,13,9,0.7371859843797122
8,13,10,0.045426936050585204
8,13,11,-0.25177108991838393
8,13,12,-0.06062093960705988
8,13,13,0.04410881549677533
8,13,15,0.4705336497516901
8,13,16,0.04674036197229838
8,13,17,0.25052154354375655
8,13,18,-0.15780280492351076
8,13,19,-0.042273892888269216
8,13,20,-0.011765721356211789
8,13,21,-0.11450912388679167
8,13,23,0.5356143310069514
8,13,24,0.20010336277400353
8,13,25,0.6333171620263517
8,13,26,0.7422766273739312
8,13,27,-1.7078004375127005
8,13,29,0.5261887609512969
8,13,30,0.3186332284565279
8,13,31,0.598115487165309
8,13,32,0.3787721247795092
8,13,33,-0.5155054262234786
8,13,34,0.7732922151752964
8,13,36,-0.2728977298395558
8,13,37,-0.24174804237157874
8,13,38,-0.17607027111479068
8,13,39,-0.21789589412539004
8,13,40,-0.88778504997728
8,13,41,-0.08711889924349271
8,13,42,-0.3219198806602928
8,14,1,0.3583232645660938
8,14,2,0.47978822749359124
8,14,3,0.13157031742731357
8,14,4,0.21401562321558695
8,14,7,0.16036347808456802
8,14,8,0.4236943651830603
8,14,9,0.3331893035054884
8,14,10,0.16184558044207556
8,14,11,0.10269975490582055
8,14,12,1.2419743627450273
8,14,14,-0.37833616178584356
8,14,16,-0.02604996599398469
8,14,17,-0.05690206134652831
8,14,18,-0.08326449926534918
8,14,19,-0.24808171896465314
8,14,20,0.13337004934435198
8,14,21,0.32318088171928905
8,14,22,-0.3757099998888095
8,14,23,-0.05505275217568071
8,14,24,0.37478500627679073
8,14,25,0.15867459634712483
8,14,26,-1.1132349520583809
8,14,27,0.3118125946283751
8,14,29,-0.48648129067069834
8,14,30,-0.18048389098115236
8,14,31,-0.4082228190548438
8,14,32,-5.056713534270265
8,14,33,-0.0021051523871894857
8,14,34,0.45447789225813634
8,14,37,0.5152117572726406
8,14,38,0.08701039638967029
8,14,40,3.730202193976047
8,14,41,0.19250390678166876
8,15,1,0.041232633318054546
8,15,3,-0.9525607008212588
8,15,4,0.819139204047372
8,15,5,0.39589525720541496
8,15,6,-0.16752758820460784
8,15,7,-0.6779812926322305
8,15,8,0.08320069592176348
8,15,9,0.0
8,15,10,-0.24219150916424212
8,15,11,-0.5246114163680159
8,15,12,-0.14357661790078705
8,15,15,0.3292129414314657
8,15,16,-0.07550796154189708
8,15,17,-0.6745062227319276
8,15,18,-1.0219632793147269
8,15,20,-0.4366298010346889
8,15,21,-2.0809937665710025
8,15,22,-0.26948413135923244
8,15,23,0.7456628502070103
8,15,24,-1.1027025030928723
8,15,25,1.1183461456109836
8,15,26,0.0
8,15,28,1.335274739393656
8,15,29,0.3858061430306795
8,15,30,-0.23006912569623247
8,15,31,0.27642945519050127
8,15,32,0.5644487858117768
8,15,33,-0.35412865160673185
8,15,34,0.29066272025679574
8,15,35,0.4589983809522702
8,15,36,0.16507507144569306
8,16,1,-0.4045225278206339
8,16,2,-0.8940027834560969
8,16,4,-2.2693846351511184
8,16,5,0.15052089399019844
8,16,6,0.48694282909085446
8,16,7,0.2600414658901816
8,16,9,0.6214699737013818
8,16,10,-0.009389816952755037
8,16,11,-0.2632258202101414
8,16,12,0.021171569847930102
8,16,13,0.45040367922657404
8,16,14,-0.025344326824409763
8,16,15,-0.35489056717500744
8,16,16,-1.3797319629524716
8,16,17,-0.24215949684898738
8,16,18,-1.067454641534587
8,16,19,-0.599789657831997
8,16,20,-0.737387538733254
8,16,21,0.1136071693652881
8,16,22,0.4187895627955707
8,16,23,0.3768021243686322
8,16,24,0.39743129134439986
8,16,25,0.3262679529376865
8,16,26,-0.01954471057672888
8,16,27,-0.2833435869103408
8,16,28,0.2835045603360117
8,16,29,0.0012993954182132367
8,16,30,-0.5569456996934481
8,16,31,-0.4093270735107795
8,16,32,-0.24486554206981426
8,16,33,-0.10696082116197458
8,16,34,0.11420406467788198
8,16,35,-0.10113057299428765
8,16,36,0.6116632226567701
8,16,37,1.0266475381773905
8,16,38,-0.06809575431925391
8,16,39,0.5768369105274844
8,16,40,-0.20540634946831746
8,17,1,0.06423922961823587
8,17,2,0.04765470061589929
8,17,3,-0.34750369570933115
8,17,4,2.3132878121790803
8,17,6,0.17498081402230273
8,17,7,0.26403685399363686
8,17,8,0.050410968144704194
8,17,9,0.2522459052025823
8,17,10,0.2286020717031505
8,17,11,0.7028954840117342
8,17,12,0.18598100961196473
8,17,13,-1.0454743536269309
8,17,14,0.011461762299517564
8,17,15,-0.48116843145464755
8,17,16,0.050927925105731665
8,17,17,-0.5217615397568117
8,17,18,-0.08753171749248334
8,17,19,0.10414166063652568
8,17,20,0.30023499440302936
8,17,21,0.23609514318297048
8,17,22,0.0640454453794157
8,17,23,-0.16367293512473602
8,17,24,-0.6087446477560269
8,17,25,-0.22391462615058685
8,17,26,0.6655098204660128
8,17,27,0.04416664907753165
8,17,28,-0.09277113561721774
8,17,29,2.1740970263625212
8,18,1,0.45635603305065164
8,18,2,0.2218848767195279
8,18,3,-0.15063288769408634
8,18,4,0.6153374533983096
8,18,5,0.045724790567880896
8,18,6,0.4950137996615263
8,18,7,0.06642211885349962
8,18,8,-1.4233498704940064
8,18,9,0.21180881705067203
8,18,10,0.2764601811530603
8,18,11,0.1482701504468881
8,18,12,0.1244393368979218
8,18,13,-0.4761840877030483
8,18,15,0.09428897821304295
8,18,16,-0.23918200887941884
8,18,17,-1.0219632793147269
8,18,18,0.17578639860973316
8,18,19,-0.03454942146656817
8,18,21,-0.4261501668064911
8,18,22,-0.28979818599701984
8,18,23,0.39263587551621426
8,18,24,0.21438014086645532
8,18,25,1.0542255782934944
8,18,27,0.005347767268796951
8,18,28,0.04509557904210156
8,18,29,-2.2078858871484575
8,18,30,-0.16338600223251756
8,18,31,-0.13641876231433345
8,18,32,0.7304734958598486
8,18,33,0.7177581074266628
8,18,34,0.7568487508638897
8,18,35,0.13635756738600874
8,18,36,-2.262680834042567
8,18,38,-0.03988469897106112
8,18,39,-0.1120671937982062
8,18,40,-0.04578442174744877
8,19,1,-0.09030705945053032
8,19,3,0.2913534978504431
8,19,4,0.5196095151671278
8,19,5,-0.7857347464019576
8,19,6,-0.41338774908147663
8,19,7,-0.2320473397142251
8,19,8,-0.42004485939928937
8,19,9,0.42487100376607445
8,19,10,0.6458627887831971
8,19,11,0.1865924326162467
8,19,12,1.3838746883491215
8,19,13,-0.40174611208562216
8,19,14,-1.9355081481321776
8,19,16,-0.045864179534053744
8,19,19,-1.2474032157819865
8,19,20,0.36323118907692886
8,19,21,-0.04941273609652885
8,19,22,-0.5433835006273956
8,19,23,0.35267744737361345
8,19,25,0.2651384528554854
8,19,26,-0.34221668550577433
8,19,27,1.1050573561088108
8,19,28,0.35968025200690124
8,19,29,0.9867407543533585
8,19,31,0.5187771245866643
8,19,32,-0.44585667209876223
8,19,33,0.24665058871310724
8,19,34,0.22340160110382873
8,19,35,-1.2904216159361694
8,19,36,-0.6699198527180159
8,19,37,0.0676629390443432
8,19,38,-0.03704107161062137
8,19,39,0.36939679289055233
8,19,40,0.10372400220358768
8,19,41,-0.019286988523254694
8,20,1,0.1875483034648442
8,20,2,-0.22611220948240612
8,20,3,-0.6447435175084355
8,20,7,0.21141144050813315
8,20,8,0.6923169547868616
8,20,9,1.8095798340906082
8,20,10,0.19529246966826844
8,20,11,0.10396793122927134
8,20,12,0.23983780460259915
8,20,13,1.2070055048412316
8,20,14,-0.06820807236198169
8,20,15,-0.14498131342223589
8,20,16,-0.129246908388735
8,20,17,0.6025261702603548
8,20,18,-0.5502821768051089
8,20,19,-0.2073555539866449
8,20,20,0.24884643405309764
8,20,21,0.07258825838695818
8,20,22,1.1257123494545223
8,20,23,0.5940187846004508
8,20,24,-0.7175182903453288
8,20,25,-0.244973495585334
8,21,4,0.7069656101793232
8,21,6,-0.5900111170623409
8,21,7,0.18264743365852626
8,21,8,0.6130922984623007
8,21,9,-0.12423871306493585
8,21,10,-0.17818201387765858
8,21,11,0.16665824317082484
8,21,12,0.359580051925837
8,21,13,-0.22819053029943284
8,21,14,0.676794711718143
8,21,15,-0.35848553991599513
8,21,16,0.1278782323891757
8,21,17,0.3862314710347018
8,21,18,0.07574631537635607
8,21,19,0.7293924232801178
8,21,20,-0.5512084447101145
8,21,21,-1.7856903288864312
8,21,23,0.66301248014403
8,21,24,0.14957628684751542
8,21,25,0.10784221172226965
8,21,26,-0.24875193477768884
8,21,27,0.3928142348318282
8,21,29,0.11616453402698412
8,21,30,0.1638278408094744
8,21,31,-0.37714862850584413
8,21,33,0.3086610128792887
8,21,34,-0.26991436344743747
8,21,35,-0.3000766420276945
8,21,37,-0.07721140639013262
8,21,39,-0.19113403336254595
8,21,41,-0.040168050407248496
8,21,42,0.07385373706709882
8,21,43,-0.06507958253156552
8,21,44,0.27842264183374366
8,21,45,0.19516779397758574
8,21,46,-0.00167092306476239
8,21,47,-0.3460498767781797
8,21,48,-0.7392607357272981
8,21,50,0.04763277263755034
8,22,1,0.3050207688987318
8,22,2,0.13353316373738136
8,22,3,0.2564130031023054
8,22,4,-0.44956571978731197
8,22,5,-0.4860191837404151
8,22,7,-0.146406616287182
8,22,8,-0.807629500726433
8,22,10,0.16264615847526273
8,22,12,0.2895840042684162
8,22,14,0.7842848148078277
8,22,16,-0.012421197466927592
8,22,18,0.15984233994437755
8,22,20,0.8328273000517423
8,22,21,-0.15989404331504245
8,22,22,2.6107455578039027
8,22,23,-0.15623387947069706
8,22,24,-0.09114810819120722
8,22,25,0.6270653263962657
8,22,26,0.0680748115275651
8,22,29,-0.488504549524501
8,22,32,0.45642148308592007
8,22,33,1.2028990013837946
8,22,34,-0.4979737130353614
8,22,35,0.4009592962723815
8,22,36,-0.3577165201339099
8,22,37,-0.7033771347159096
8,22,38,-0.11915695718067609
8,23,1,-0.3838043348246719
8,23,3,0.6362690491613909
8,23,4,-0.7364388931601417
8,23,5,-0.220816155201491
8,23,7,0.18760309369128556
8,23,8,-0.413069031439239
8,23,9,9.89320520831269
8,23,10,-0.24926000511691726
8,23,11,-0.15843151348792311
8,23,14,-0.47790679236568956
8,23,15,0.313547730099603
8,23,16,-0.7807480087099438
8,23,17,-0.10000676906969523
8,23,18,-0.10942455142658931
8,23,19,-2.4641683611398024
8,23,20,-0.9713370545596147
8,23,21,0.6142761315545725
8,23,22,-0.7033433126225477
8,23,26,0.337190489362095
8,23,27,-0.47026188411870357
8,23,28,-0.18536906461720642
8,23,29,-0.3547448610176465
8,23,31,0.4320959994940418
8,23,32,-0.08160440301877529
8,23,33,0.24056977745705596
8,23,34,0.28398649623350036
8,23,35,0.3982287866179837
8,23,36,1.5757065728627133
8,24,1,-0.37501680033936924
8,24,3,0.30810936203904193
8,24,4,1.7142537718485749
8,24,6,0.3122255129656623
8,24,7,0.2241082248189219
8,24,8,-0.5413144853864785
8,24,9,0.6759311423551184
8,24,10,-0.40374795590951246
8,24,11,-0.04429280300974589
8,24,12,1.2457175351298253
8,24,13,2.1097114073850487
8,24,14,0.3712369574177006
8,24,16,-0.5653070962596642
8,24,17,2.1075625160981435
8,24,18,-0.15347608064074594
8,24,20,-0.03592246936581954
8,24,21,0.38463471357652834
8,24,22,0.4794798653147838
8,24,23,0.49148352242842325
8,24,24,3.516185678975081
8,24,25,-0.2845562831580491
8,24,26,-0.20969509854505208
8,24,30,-0.32891237246672334
8,24,31,0.0
8,24,32,3.9676212829531514
8,24,33,0.6732645686314257
8,24,35,0.13603507957637034
8,24,36,1.0563587591303847
8,24,37,0.571417923949525
8,24,38,1.0548557036925243
8,24,39,-1.1336060808437576
8,24,40,0.3296424074039139
8,24,41,-0.3552298042446068
8,24,42,-0.14453855178941574
8,24,43,-1.143209646064892
8,24,44,0.0
9,1,1,0.1709542991039481
9,1,2,0.08358287658745413
9,1,4,-0.09928187479820512
9,1,5,-0.7539456381096876
9,1,6,-0.19970718016230077
9,1,7,0.14490300723991245
9,1,8,0.7479254794239878
9,1,9,0.7095958946914707
9,1,10,1.8761188453636883
9,1,12,0.014368783640080027
9,1,13,1.3075865356523027
9,1,15,-5.45894754431673
9,1,17,0.49148352242842325
9,1,19,0.9570108099022171
9,1,21,2.7560002491948894
9,1,22,0.01179327808987421
9,1,25,-0.15786451460228235
9,1,26,0.512005291713931
9,1,27,-0.39203762669319464
9,1,28,0.1273500914203536
9,1,29,-0.10844511638233169
9,1,30,0.06262232529450955
9,1,31,-0.37630736974782475
9,1,33,-0.1993411282660283
9,1,34,0.2642756399030699
9,1,35,1.638278408094744
9,1,37,0.052708313778639125
9,1,38,0.43420448656083477
9,1,39,-0.15499783932061764
9,1,40,0.11621169252315773
9,1,41,-1.5825742834109466
9,1,42,0.2666716368802178
9,1,43,0.07928185390550496
9,1,44,-0.028860976886104416
9,1,45,0.09483887329487724
9,1,46,0.3024694544875403
9,1,47,-0.593465356279105
9,1,48,0.6871094005143763
9,1,52,-0.016686962023430993
9,1,53,-0.9072446933622815
9,1,55,-0.013413670620306739
9,1,56,-1.18028417981878
9,2,1,-0.06072869493825671
9,2,2,-0.5839529033594433
9,2,3,0.2768431611163733
9,2,4,0.10576929614241834
9,2,7,-0.7879635150602645
9,2,8,-0.43260176003335143
9,2,9,0.6025655833579571
9,2,10,0.17137258493986549
9,2,11,2.4984819001552268
9,2,13,0.15903243789076021
9,2,14,-0.01305116089126032
9,2,15,1.7633872368680672
9,2,16,0.09037071243617185
9,2,17,0.6526611396230928
9,2,18,-0.22420494439626734
9,2,19,-0.05731389488094395
9,2,21,0.13910564305638498
9,2,22,0.6114815159212091
9,2,23,-0.08573549324561536
9,2,24,0.5531838824396142
9,2,25,-0.3427499239396455
9,2,26,-0.7099819853035513
9,2,27,-0.33246432392887126
9,2,29,0.17126645511574307
9,2,31,-0.8529852861349155
9,2,32,0.19948337434288346
9,2,33,0.8337958797296432
9,2,35,0.5323993994715587
9,2,36,-0.4192569495883254
9,2,37,0.6236232496796539
9,2,39,0.27985266715405105
9,2,40,0.07240312893013061
9,2,42,0.8498601084875097
9,2,43,-0.7001508199983171
9,2,45,-0.6017816893725144
9,2,46,0.2956591936148407
9,2,47,-0.27568417190556666
9,3,1,-0.5463572816091368
9,3,2,0.530108126302534
9,3,4,0.12993047351958742
9,3,5,-0.23418889559166312
9,3,6,0.31961383000981647
9,3,8,1.0833916947696651
9,3,9,-0.2449304395639356
9,3,10,-1.224897305223925
9,3,12,-0.012345679012345678
9,3,13,-0.1997185455273652
9,3,14,0.32853074746092686
9,3,15,1.328552263109145
9,3,16,0.657015304833195
9,3,17,0.42719285992449973
9,3,19,0.1965934089713693
9,3,20,0.016505436081207886
9,3,21,-2.125958899378421
9,3,22,0.06457090076667461
9,3,23,0.6047121819733371
9,3,24,-0.7705825073229225
9,3,25,-0.8949042218789712
9,3,26,-1.098886356237804
9,3,27,-0.35470964021736057
9,3,30,0.6737784778010621
9,3,31,0.05154360493881973
9,3,33,1.4479080809139429
9,3,34,-0.16949532315805763
9,3,35,-1.0756407962122085
9,3,36,0.0038430880643576804
9,3,37,-0.17306119086622213
9,3,38,0.09834790369413537
9,3,39,0.819139204047372
9,3,40,-0.02766742329174042
9,3,41,-0.2678382796622979
9,3,43,-1.0580323421208404
9,3,44,0.0
9,3,45,-0.5748290653197551
9,3,48,2.234009082734303
9,4,1,-0.28316918124566387
9,4,2,0.37962543729608894
9,4,3,-0.45002154347578055
9,4,5,-0.03726479816632698
9,4,6,-0.4887051500024088
9,4,7,-0.020334166650640972
9,4,8,-0.26662371239330135
9,4,9,0.8057925514317894
9,4,10,-0.08707753665716973
9,4,11,0.11314225448162062
9,4,12,-1.1364977042308277
9,4,13,0.514740451099592
9,4,15,-0.1499590750010684
9,4,16,1.464722663505851
9,4,17,-2.361055094277627
9,4,18,0.20813492387369834
9,4,19,0.1528418559591714
9,4,20,-4.5062520683425165
9,4,22,0.3091992302314694
9,4,23,0.4151044533469574
9,4,24,0.6169053207382879
9,4,25,0.725320277471668
9,4,26,-0.5781490587979136
9,4,27,0.5451263619830458
9,4,28,-0.7846024796128653
9,4,29,0.04906145943928652
9,4,30,-0.40042513512212724
9,4,31,-0.18706275418881313
9,4,32,0.5261713502644326
9,4,33,0.995256756748148
9,4,36,0.07880424567222767
9,4,37,-1.6931678928829255
9,4,38,0.7729980755786734
9,5,2,-0.6004563587250552
9,5,3,-0.6904602192576208
9,5,4,-1.5872802923434943
9,5,5,-0.8816936184340336
9,5,6,-0.17807996093852557
9,5,7,-0.04204324190176042
9,5,9,-0.07732107372659518
9,5,10,0.12829479959118706
9,5,11,0.2944661813107227
9,5,12,-0.42830575145745436
9,5,13,0.023744260722002482
9,5,14,-0.08344478604368398
9,5,15,-2.536593083227829
9,5,17,-0.012240074952660746
9,5,18,-1.6666455351361755
9,5,20,0.546092802698248
9,5,21,0.9319680886323791
9,5,22,-0.056492321931382615
9,5,23,-1.064467526701801
9,5,24,-0.2155839117340065
9,5,25,0.27157353241850685
9,5,27,0.8608516119117102
9,5,28,0.36628073523005356
9,5,29,-0.46633396280597905
9,5,32,0.697338897022338
9,5,33,0.009489236527048795
9,5,34,-0.3523104487923776
9,5,35,0.08951698004255022
9,5,36,-0.18868295383354605
9,5,37,0.314689482434947
9,5,38,0.5983982143846264
9,5,39,-0.3529142903077279
9,6,2,0.18127090564878703
9,6,3,0.5344376185600568
9,6,4,2.7123672844098095
9,6,5,-0.16789631573855637
9,6,6,0.4766969249660355
9,6,7,0.036175156588208135
9,6,8,-0.1969925020062546
9,6,9,0.3909100794351039
9,6,10,-0.5577534807807413
9,6,11,0.6156369024609731
9,6,12,-0.14241023584275944
9,6,13,-0.6133895766227174
9,6,14,0.6760453020277293
9,6,15,-0.008002629001028017
9,6,17,0.745830430275522
9,6,22,0.0037657038561558914
9,6,23,-1.048314531654396
9,6,24,-0.7384065991079087
9,6,27,-0.43543767365850006
9,6,28,-0.5415236139280646
9,6,29,-0.7666691438010406
9,6,30,0.43045474965578967
9,6,31,0.6162478152631498
9,6,32,-0.410004859409074
9,6,33,-0.0516462068818976
9,6,34,0.39130958314040004
9,6,35,0.2995622052682442
9,6,36,0.11473492820032347
9,6,37,0.15901470283414157
9,6,38,0.12598929103318535
9,6,39,0.27462910789757145
9,6,40,-0.4287036172743345
9,6,41,0.4650020362591921
9,6,42,0.269455411695045
9,6,44,0.026091360590533186
9,6,45,0.310736861384858
9,6,46,0.2515118798546296
9,6,48,-0.5579313208810894
9,7,1,-0.3044926461190851
9,7,2,0.052046217184271805
9,7,3,-0.2151706149060602
9,7,5,0.8685986527681299
9,7,6,1.235979422199524
9,7,7,0.2739308835944216
9,7,8,1.0637468263891836
9,7,9,0.24966228006807678
9,7,10,3.329280694150255
9,7,11,0.2577443910753047
9,7,13,0.43004973616704106
9,7,14,6.183984604629387
9,7,16,0.6936755467793899
9,7,17,-1.3692975589929082
9,7,19,-0.387718315471826
9,7,20,-0.5400474581079746
9,7,21,-0.07683878893862106
9,7,22,-0.03127427301169838
9,7,23,0.14501974621773459
9,7,24,0.01146169585504529
9,7,25,0.25254480891569103
9,7,26,1.3273871860875741
9,7,27,-0.06927523250795559
9,7,28,0.17362913075651581
9,7,29,-0.5645232098718851
9,7,30,-0.620755934353274
9,7,31,-0.06204720207856615
9,7,32,0.023530983246603916
9,7,33,-0.4585227636608572
9,7,34,0.05278543192263033
9,7,35,0.1751104039362987
9,7,36,0.6750269665541493
9,7,37,-0.8349028980527171
9,7,39,0.30653672516162744
9,8,1,-0.060184811100326065
9,8,2,-0.007021769136833296
9,8,3,0.16797686944993395
9,8,4,1.1689842825534933
9,8,5,-0.22405704374848057
9,8,6,-0.1317064385021795
9,8,8,-0.1487776575132213
9,8,9,-0.49599836813740916
9,8,10,0.19351141423180734
9,8,11,0.5892213522477423
9,8,12,0.5373737024111077
9,8,13,-1.8175914027801428
9,8,14,-0.7316719941350479
9,8,15,-5.063152712161805
9,8,16,-0.5009441265532818
9,8,17,-0.2607268245448831
9,8,18,1.329288281800454
9,8,19,0.1562817570415585
9,8,20,1.1753315373905902
9,8,22,-0.20918776568796868
9,8,23,-0.40545129104887023
9,8,24,-0.32538387925691936
9,8,25,0.04629727626642703
9,8,26,1.1433980994416664
9,8,27,2.3826587822319953
9,8,28,0.32947397099376946
9,8,29,1.5903243789076023
9,8,30,0.026568019777203005
9,8,31,-0.11373029517146907
9,8,32,-0.3615264870433403
9,8,33,0.32652610383619224
9,8,34,0.7105930070022695
9,8,35,-1.4939211391060843
9,8,36,0.42289025516287676
9,9,1,0.5021111755184888
9,9,2,0.014699037439081764
9,9,3,0.03714591245779506
9,9,4,-0.04220280443409821
9,9,5,0.3947737295492003
9,9,7,-1.6774029032407642
9,9,8,0.061340596802586134
9,9,9,0.24910091834547896
9,9,10,-1.0410843018706262
9,9,11,0.05860312461813011
9,9,13,0.21210376034167341
9,9,14,0.13326886202929514
9,9,16,-0.226053079127947
9,9,17,1.9676212829531514
9,9,18,-0.18538534801052303
9,9,19,0.2640774712978246
9,9,20,-0.20283409022785856
9,9,21,0.08526875804522582
9,9,22,-0.20081624546013288
9,9,23,-0.18674014238826053
9,9,24,-0.3377358126495854
9,9,25,-0.023842350768896237
9,9,26,0.04891498324450324
9,9,27,-0.11454557883801206
9,9,28,0.09482371437558974
9,9,29,-0.038129398557714175
9,9,30,1.1059105621497771
9,9,31,0.20281521398829164
9,9,32,0.13836007278406448
9,9,33,-0.18160246278701594
9,9,34,-0.682529035060636
9,9,35,-1.1149864344003717
9,9,37,-0.31470183372065613
9,9,38,0.26151460840037916
9,9,39,-0.08723215620318907
9,9,40,1.545095381604246
9,10,1,-0.18793080296856354
9,10,3,-0.8371052642728104
9,10,4,-0.6172618886654803
9,10,5,-2.2290722053564327
9,10,6,0.16260894713287952
9,10,7,1.228708806071058
9,10,8,-0.06856604887141267
9,10,9,0.052424289215594444
9,10,10,2.1990492334797724
9,10,12,-0.0026510947119590053
9,10,14,-0.30230408706113
9,10,16,0.584238443403102
9,10,17,-0.05809800332369083
9,10,18,0.13197372602043578
9,10,19,-0.29952839696006295
9,10,20,-0.0019752629005873323
9,10,21,0.20244813295591513
9,10,22,-0.169371576199648
9,10,23,0.19666594119303618
9,10,24,0.15986007546783243
9,10,25,0.6871094005143763
9,10,27,-0.14209278585483004
9,10,28,0.125211965311288
9,10,29,0.10354899278378953
9,10,30,0.03715295660472555
9,10,32,0.6604992919910764
9,10,33,-1.7782376525834067
9,10,35,-0.3575931827750546
9,10,36,0.13381228495001599
9,10,37,0.8129839894084834
9,10,38,-0.4069109577105187
9,10,40,-0.00956687254365629
9,10,43,0.6814041545877892
9,10,45,-0.6254564766144144
9,10,47,-0.007214378501241431
9,10,49,-0.35372937006898986
9,10,50,0.49756649523157004
9,10,51,-0.11280307692062452
9,10,52,0.15209644840586786
9,11,1,-0.7678451644432156
9,11,2,-0.026040043261777765
9,11,3,0.1480893153519558
9,11,4,0.4819027289944542
9,11,5,0.735601615781406
9,11,6,-0.05048363021561399
9,11,7,0.1394919178975994
9,11,8,0.34482366113331336
9,11,9,-0.5365676820593973
9,11,10,-0.22562659100017587
9,11,11,-0.1032603420789138
9,11,12,-1.1064509526055069
9,11,13,0.10349151815582171
9,11,14,1.3059150264442632
9,11,15,-1.945114840345119
9,11,16,-0.8182761420037695
9,11,17,0.008419448961622545
9,11,18,0.3888052633626906
9,11,19,-2.075310569073917
9,11,20,0.7019178725220759
9,11,23,0.022942925568690875
9,11,24,-0.06922912452104076
9,11,25,-1.1621240517756006
9,11,26,0.11650676932234967
9,11,27,0.12800227540162243
9,11,28,-0.2897256095536983
9,11,29,-0.7325553776926712
9,11,30,0.18760407293916975
9,11,31,-0.22030122980318456
9,11,32,0.033450977122497644
9,11,33,0.24082059015803892
9,11,34,-0.1435070477527769
9,11,35,0.9461094195674904
9,12,1,-0.20611019651704685
9,12,2,0.4972500062495849
9,12,3,-0.2923969010073182
9,12,10,-0.8478917951294718
9,12,13,1.2338106414765757
9,12,16,0.24565203833210666
9,12,17,-2.0713806577728624
9,12,18,0.10593964159809505
9,12,19,0.041456834505424145
9,12,20,-0.25359916487410333
9,12,21,0.614354403035529
9,12,22,0.7926395408613358
9,12,24,1.0917878902726834
9,12,25,-0.0372617222014042
9,12,26,0.14276444801979676
9,12,27,0.1963169715755361
9,12,28,2.8730990591942507
9,12,29,0.06653275022800811
9,12,30,1.1427043783225714
9,12,31,0.29447545736330416
9,12,32,-0.3846891456950788
9,12,33,-0.3008908929607196
9,12,34,-2.571006399224371
9,12,35,-0.3110442106901525
9,12,36,-0.47694905071946425
9,12,38,1.0335424659574195
9,12,39,0.501955943703628
9,12,40,3.8024112101466967
9,12,41,0.3609288146579769
9,12,43,0.033195273280281934
9,12,44,-0.574600110849769
9,12,45,0.11997367782870363
9,12,47,-0.12873697552627017
9,12,48,0.1570641124260647
9,12,49,0.8469285428257498
9,12,50,-0.27570970037403986
9,12,51,1.0328943522578744
9,13,1,-0.46447563273279924
9,13,3,0.02827994100281105
9,13,4,0.28713812196731436
9,13,5,0.08878989016614869
9,13,7,-0.6337119893754499
9,13,8,-0.2795313947154167
9,13,9,-0.7677850450932961
9,13,10,0.19310181700557652
9,13,11,-1.5020840227808387
9,13,12,-0.04307701996788632
9,13,13,-0.2667071428556631
9,13,14,-0.4169371560330198
9,13,15,0.3465797651246583
9,13,16,0.8565621286905615
9,13,17,1.383511370663887
9,13,18,0.42610953925157835
9,13,19,0.6138096355820266
9,13,21,-1.2988166392272897
9,13,22,-0.24885023559000682
9,13,23,0.9786330752585848
9,13,24,0.5753338895325866
9,13,25,0.1618112316690591
9,13,26,-0.3439042505220534
9,13,27,-1.0028959927833592
9,13,28,0.3156508202604294
9,13,32,0.5670800793940829
9,13,34,0.24953798842001268
9,13,35,0.5152888435895937
9,13,36,0.40220950928479565
9,13,37,-0.016496790399335923
9,13,39,0.1567764920274089
9,13,40,0.2766387170266917
9,13,41,0.4554058648203254
9,13,43,-0.5906730920862555
9,13,44,0.30654158236355844
9,13,46,-0.510145033377378
9,13,47,-0.03429564347849947
9,14,3,0.06819402930422475
9,14,4,0.6468063262732512
9,14,5,-0.005291196736841974
9,14,6,0.12856903288864313
9,14,7,-0.011273769893061177
9,14,8,0.2902583628982245
9,14,9,0.15518757296619293
9,14,10,0.0719845892150406
9,14,12,-0.1308993671132091
9,14,14,-0.06032589898235078
9,14,15,-0.1455970016170016
9,14,16,0.007052961206208186
9,14,17,-0.2386092093743705
9,14,18,-0.18496076147315155
9,14,19,-0.5214116283376479
9,14,20,0.38337107448709684
9,14,21,0.02977063542660413
9,14,22,0.712195214070372
9,14,23,0.9612196075942109
9,14,24,-0.4629543388679998
9,14,25,-0.08407383789743653
9,14,26,0.7702988864113415
9,14,27,0.43155059050884215
9,14,28,-0.018963392937362294
9,14,29,0.21280679884713297
9,14,30,-0.13504647830968677
9,14,31,0.15248672663315033
9,14,32,0.16158653320019226
9,14,33,0.3048743071949534
9,14,34,0.002046993671461772
9,14,35,-0.5750965043820512
9,14,36,0.09344168904602679
9,14,37,0.0947853011775846
9,14,38,-2.5320502669740246
9,15,1,-0.4116253736166429
9,15,2,-0.7613097289119954
9,15,3,-0.022751172814493854
9,15,4,0.03474149498873513
9,15,5,0.24939064328647506
9,15,6,0.04457110226439139
9,15,7,-0.013183404712097932
9,15,8,-0.28889369960536226
9,15,9,-0.251277234841313
9,15,10,0.030457713816649055
9,15,11,0.1174261510462614
9,15,12,-0.16345613184865215
9,15,14,0.14458697071598695
9,15,15,-0.359864050814907
9,15,16,-0.3304123221659051
9,15,17,0.5407305495274664
9,15,18,-0.20748904709806726
9,15,19,0.16409320773713426
9,15,21,-0.6267344332232181
9,15,22,-1.5456338752256378
9,15,23,0.7982570220874351
9,15,24,0.7865836710571801
9,15,25,-0.22593932451508195
9,15,26,-0.25109367355113005
9,15,27,-0.22113208625670283
9,15,28,-0.24307031997587766
9,15,29,0.3615396390472502
9,15,30,-0.15009198583128694
9,15,31,-0.9447002720660312
9,15,32,0.25015839756745
9,15,33,-1.299085955965
9,15,34,0.3625252083902001
9,15,35,-0.34489743919185306
9,16,1,-0.3913684950645815
9,16,2,2.457417612142116
9,16,3,-0.10412206140163267
9,16,4,-1.1558737609843837
9,16,5,0.06943236064597048
9,16,7,-0.017310925299381316
9,16,8,0.1816337278694964
9,16,9,-0.2963743557226662
9,16,10,-0.26991436344743747
9,16,11,0.9287621030657991
9,16,12,0.26074298137080204
9,16,13,0.6467899565276467
9,16,14,0.006616185785375123
9,16,15,1.276405861985776
9,16,16,-0.10970534648439292
9,16,17,0.3126734548986162
9,16,18,0.03261809625084082
9,16,20,-0.5342272570270278
9,16,21,-0.3596823682651218
9,16,22,-0.004876981857549589
9,16,23,0.8834263720899124
9,16,24,1.1422790014134745
9,16,25,-0.14002652670504961
9,16,26,-0.4089819431805679
9,16,27,0.22459743178155694
9,16,28,0.20631470250542433
9,16,29,0.14735131549005276
9,16,30,-0.2819514899433831
9,16,31,-0.04857255221585864
9,16,32,0.08915112487853896
9,16,35,-0.05629321464891068
9,16,36,0.7584011808178014
9,16,37,1.4512115962067615
9,16,39,0.11658173789547771
9,16,40,-0.0691102934678801
9,16,41,-0.15684978020915985
9,16,42,0.08511005963355313
9,16,43,0.015354013501411324
9,16,44,0.0
9,16,45,0.335475580061871
9,16,46,-0.9308841073832758
9,16,47,-0.1713264525546868
9,16,48,-0.2825012614908754
9,16,49,0.7021511685205946
9,16,51,0.0
9,16,52,0.009986822126258184
9,17,2,0.2016424766018207
9,17,3,0.2687029197878916
9,17,4,-0.2836896767897669
9,17,5,-0.4260221834867223
9,17,6,-0.5003748114012815
9,17,7,0.6000080274819467
9,17,8,0.20269284770974566
9,17,9,-0.46614101181782547
9,17,10,-0.18850543219550062
9,17,11,-0.025491645543900654
9,17,12,-0.7518696121627079
9,17,13,0.040929577427341324
9,17,14,0.25679548807002184
9,17,15,-0.26790354206907835
9,17,16,-0.2320052463902791
9,17,17,0.6951825019188216
9,17,18,-0.2063893812400068
9,17,20,2.1276213249650286
9,17,21,0.47421457255665717
9,17,22,-0.1284286475099012
9,17,23,-0.6091333214514342
9,17,24,0.5290161710604202
9,17,25,3.687710069918334
9,17,26,-0.21414967556975414
9,17,27,0.23545359994430234
9,17,28,-1.60380413457684
9,17,29,0.6987828061879546
9,17,30,0.0032799015142832787
9,17,31,-0.1445360275785055
9,17,32,-0.14745315622531344
9,17,33,-0.8109064687341109
9,17,34,0.24901011020830577
9,17,35,1.2819719109621748
9,17,36,-0.43214969236652107
9,18,2,-4.233520043456764
9,18,3,-0.18482321316890707
9,18,4,-1.2680100515097112
9,18,5,1.5509287719288403
9,18,7,0.11647850525220654
9,18,8,0.14836385993262843
9,18,10,-0.6218277508833044
9,18,11,-0.41770690401078225
9,18,13,0.7826571122006634
9,18,14,1.7856903288864312
9,18,16,-0.451987528421487
9,18,17,0.08434431872615368
9,18,18,0.8163005691590874
9,18,19,-0.16853619582647553
9,18,20,0.1018973958393729
9,18,21,0.2357647423296036
9,18,22,-0.03274056243837342
9,18,23,0.188480780953819
9,18,26,-0.0050649854579867225
9,18,27,0.34145125863969145
9,18,28,-0.2287408354503197
9,18,29,0.7202802007902872
9,18,30,0.1288716527947681
9,18,31,-0.04541459616026704
9,18,32,-0.7952867317721066
9,18,33,0.532858661075589
9,18,34,0.5054374202748617
9,18,35,0.24959646301223104
9,19,1,-0.780462082995487
9,19,2,0.18329634156604005
9,19,3,-0.43305158830918283
9,19,5,-3.9676212829531514
9,19,6,0.0018433655847674424
9,19,7,-0.05409086348764153
9,19,8,-1.0368140356338416
9,19,9,2.4404901687586094
9,19,11,0.26569900663535906
9,19,12,-0.10208155374155142
9,19,13,0.3111440272422716
9,19,14,0.6424742064058669
9,19,15,1.0247766814052839
9,19,16,-1.0525556190474414
9,19,17,-0.2967326781395525
9,19,18,0.0069997592300884565
9,19,19,0.7197232033150437
9,19,20,-0.05634499723732783
9,19,21,-0.7190403569881524
9,19,22,0.29587130366958564
9,19,23,0.1545996151157347
9,19,24,0.819139204047372
9,19,25,0.09618712263580864
9,19,26,0.3472607728102921
9,19,31,-0.33389948027422295
9,19,32,0.30558389248628837
9,19,33,0.129749756143095
9,19,34,-0.1349236526609779
9,19,35,0.394955943029831
9,19,37,-0.11976997233399728
9,19,38,0.3656241240368174
9,19,39,-0.9530337935482137
9,19,40,-2.035920172485803
9,19,41,0.16573618898551354
9,19,42,-0.020073335502300588
9,19,44,1.3278197022961276
9,19,45,0.7567929235013794
9,19,47,0.0994468826908696
9,19,48,0.15783430063038975
9,19,49,-0.20430981045597146
9,20,1,1.1674756265445476
9,20,3,-0.00430119485824379
9,20,4,-0.9680073424079432
9,20,5,1.2208065486009698
9,20,6,-0.8430744345140231
9,20,7,0.16847030159745285
9,20,8,-0.6326439348138785
9,20,10,-0.22579164329554685
9,20,11,0.6855719321686174
9,20,13,-1.1963594536204087
9,20,14,-0.14046348527127325
9,20,16,-0.20911656495099717
9,20,17,0.17056152897889834
9,20,18,-0.062203763503777404
9,20,19,-0.2440813340241795
9,20,22,-0.004410664184606672
9,20,23,-0.9489659022208178
9,20,24,0.31813452458069547
9,20,27,0.34198813479398515
9,20,28,0.24858739433986243
9,20,29,-0.6196035471588586
9,20,30,0.582367705823045
9,20,31,-0.02828883991829425
9,20,32,0.6253469097972324
9,20,33,0.09828444011244432
9,20,34,0.202216903847804
9,20,36,-0.29350023825489635
9,20,37,0.45065759858816207
9,20,39,0.646606454267971
9,20,41,0.10390636296582101
9,20,42,0.08302627498311706
9,20,43,0.04383990389098
9,20,44,0.6251410981416367
9,20,45,0.19991715982683875
9,20,46,2.1208968305379696
9,21,1,0.8271924505309389
9,21,2,0.3205403119691684
9,21,3,-1.414358629770443
9,21,4,-0.3869007963280119
9,21,5,-0.16189127966436545
9,21,6,0.35161889238701616
9,21,7,0.15175798457757464
9,21,8,-0.37361061093789444
9,21,9,0.3071772015177645
9,21,10,0.023985667253651023
9,21,11,0.24039267319995816
9,21,12,1.183165943718668
9,21,13,0.03488322191140819
9,21,14,-0.27126710578221763
9,21,15,0.409569602023686
9,21,16,0.32730617473784074
9,21,18,-0.05321540907400979
9,21,20,-0.33524636999257584
9,21,21,0.21422005586737236
9,21,22,-0.9907965295545736
9,21,23,0.11585621452955919
9,21,24,-0.040850579331231485
9,21,25,-0.0007648857165654851
9,21,26,0.2314848568180178
9,21,27,-0.35736667133189903
9,21,28,0.13826376267551543
9,21,30,-0.534143273482387
9,21,31,-0.23095769580429987
9,21,32,-0.35736667133189903
9,21,33,-0.16117168486215336
9,21,34,-0.2599878450829421
9,21,35,1.4979022006036855
9,21,36,-0.6542747122777034
9,21,37,0.1415633655601276
9,21,38,0.1827424428336108
9,21,39,0.614618344986389
9,21,41,-0.006133548927276581
9,21,42,-0.6368777729589807
9,21,43,-0.03733456574330944
9,21,44,-0.031695376104534025
9,21,45,0.13462505047783296
9,21,46,0.1566640286981169
9,21,47,0.1964188592529687
9,21,48,-0.42659108765900966
9,21,49,0.31414082926018216
9,21,50,0.2383238418891391
9,21,51,-0.1955402589583486
9,21,52,0.8340339660384638
9,21,53,0.13430346894036596
9,22,2,0.09844261883351502
9,22,4,-0.7350951405675685
9,22,5,0.7477246585127555
9,22,6,1.2492409500776134
9,22,7,-0.303909395708559
9,22,8,0.9870485131812606
9,22,9,-1.3060806681784867
9,22,10,0.006760959559866914
9,22,11,0.1328333844401144
9,22,12,0.20137136331638325
9,22,14,0.06660713531434731
9,22,16,0.019834791506171706
9,22,17,0.017404120033716625
9,22,18,0.3082383482209701
9,22,19,-0.3905953625262482
9,22,20,0.33348004729936376
9,22,21,-0.2547752411992927
9,22,22,0.3307843098226585
9,22,23,0.04302349091524005
9,22,24,-0.24608258746213557
9,22,25,0.5221908657673073
9,22,26,-0.720138870109727
9,22,27,0.6961929038504051
9,22,28,0.554353685519046
9,22,29,1.4979736804084607
9,22,30,0.7226488064697354
9,22,32,1.4920314824443581
9,22,33,0.04113716294364292
9,22,34,-0.9652510625276692
9,22,35,-1.7008228157804939
9,22,36,-0.31166975313961487
9,22,37,0.22391066829943843
9,22,38,-0.5160185009470203
9,22,39,0.7695598939520178
9,22,40,-0.5439370717137462
9,22,41,0.29597441793397067
9,22,42,1.0306641007715645
9,22,43,-0.5084859694741729
9,22,44,-0.11806242688898089
9,22,45,0.7898898448107903
9,22,46,-0.08611302964152007
9,22,47,0.6898356745453771
9,22,48,-0.03394865624852131
9,22,49,0.27257647057774526
9,22,50,0.2675412179288907
9,22,51,0.20331849257893922
9,22,52,0.42599053949574905
9,22,53,0.42548948140593057
9,22,54,-0.007841002795783737
9,22,56,-0.3414318228452876
9,22,58,1.6083710719631257
9,22,59,1.4083772267891765
9,22,60,-0.6046544289787625
9,22,61,0.056593748691550094
9,22,62,2.1389521687908957
9,22,63,0.2130354397892806
9,22,65,-0.3675057659533351
9,22,66,0.06811388404210711
9,22,67,1.0981804144491785
9,22,69,0.8162400866056527
9,22,70,0.54067060780437
9,23,1,1.9373415573488664
9,23,2,0.11086420527493326
9,23,3,0.2932185132329789
9,23,4,0.18203093423274933
9,23,5,0.6794053207382879
9,23,6,2.0105217016258337
9,23,8,0.2904952941175401
9,23,9,-0.015477052528689436
9,23,10,0.9135420488171916
9,23,13,-0.12569002995713632
9,23,14,-0.41305579377149065
9,23,15,-0.19378460613195264
9,23,16,-1.2158040737403253
9,23,17,-0.2816407542714073
9,23,18,-0.5744450245331733
9,23,19,0.00941766534878663
9,23,20,-0.19306686896488273
9,23,21,0.15247291572095586
9,23,22,0.8294433196113722
9,23,23,-0.16429569948974457
9,23,24,1.0807708048019404
9,23,25,-0.3506608107036324
9,23,26,0.599391701836041
9,23,29,2.065788704515749
9,23,30,0.15142019033069187
9,23,31,-0.2357049185614577
9,23,32,0.7043691362593384
9,23,33,3.9878648454013623
9,23,34,0.6991634937144574
9,23,35,1.2984464883268494
9,23,36,2.1208968305379696
9,23,37,0.4814993692797454
9,23,38,-0.732799506510186
9,23,39,-0.49323006775247247
9,23,40,-0.01962310816998375
9,23,41,0.5786188902123964
9,23,42,-0.06777060215247244
9,23,43,0.26234950439375354
9,23,44,-0.13733855712658793
9,23,45,-3.494084506654052
9,23,46,1.329288281800454
9,23,47,-0.46030681283841385
9,23,49,-0.047199194593817634
9,23,50,-0.10332865169854258
9,23,51,0.36674622923639383
9,23,52,-0.1916129046812328
9,23,54,-0.12906070229297523
9,23,55,0.30731003339407115
9,23,57,-0.16198079338553092
9,23,58,-0.8580323421208403
9,23,59,0.2022072247189482
9,23,60,-0.7026830442071059
9,23,61,0.18587025039323832
9,23,62,2.2625765423493545
9,23,64,0.01613782705827138
9,23,65,0.22045428530781414
9,23,66,0.32970889601960435
9,23,67,-1.0000133791365777
9,23,68,0.5610846069651643
9,23,69,-3.623495043937535
9,23,70,0.0
9,23,71,0.11962297066346808
9,23,72,-0.34376658446723685
9,23,74,0.6180381526416985
9,23,75,-0.01573602277014674
9,23,76,0.8744983479791784
9,23,77,0.9252652448505538
9,23,80,-0.3485575375250114
9,23,81,1.7730094487912278
9,23,82,0.08962905985074444
9,23,83,0.2882863730948339
9,23,84,-0.4481454053893003
9,23,85,1.4900350407105425
9,23,86,-0.1344410082344594
9,23,87,2.9959473608169214
9,23,88,0.8113363609114342
9,23,89,0.42417936610759394
9,23,90,0.13720176153049968
9,23,93,-2.80665723550947
9,23,95,-0.005820327362220041
9,23,97,0.7032652863445342
9,23,98,0.34503319556055434
9,23,99,0.21494037146190212
9,23,100,0.015537028548189877
9,23,101,0.7595568737139988
9,23,102,-0.041038021122812456
9,23,105,0.11359459849340016
9,23,106,0.0697362011892908
9,23,107,1.5237533544837798
9,23,108,-1.0456726125750342
9,23,109,0.48286661688364496
9,23,110,0.21553810073841845
9,23,111,-0.5398287268948749
9,23,112,0.17902588241186318
9,23,113,0.25626738267588434
9,23,114,0.25388661715524535
9,23,115,0.1325560519086231
9,23,116,0.0799010895686974
