term_str,x,y,term_rank,n,p,i,n_chars,max_pos_group,max_pos,n_pos_group,n_pos,stop,porter_stem,df,idf,dfidf
,17.688744,14.624194,1,74801,0.0953091453508744,3.391241535772527,0,",",",",23,34,0,,31560,0.9246755469117847,29182.760260535924
i,-12.518806,10.974394,2,28987,0.03693434842162265,4.7588930632453375,1,PR,PRP,4,8,1,i,18049,1.7308538450679518,31240.18104963146
you,3.3005424,22.530779,3,24251,0.030899882139330426,5.016254854471217,3,PR,PRP,10,16,1,you,17563,1.770233454345829,31090.610158675794
the,7.037895,-19.55845,4,17704,0.022557895072149843,5.470223736871809,3,DT,DT,11,13,1,the,12355,2.2776777415964586,28140.708497424246
to,-2.8673298,20.204994,5,16610,0.02116395374765075,5.562247019823082,2,TO,TO,6,7,1,to,12134,2.303717535779689,27953.308579150744
a,-0.18786122,-26.420578,6,15168,0.019326601471665657,5.693268223774561,1,DT,DT,6,8,1,a,11344,2.4008433145730894,27235.166560517126
it,-10.737704,12.217266,7,13375,0.0170420157359921,5.874760201609586,2,PR,PRP,7,8,1,it,10291,2.54138957324375,26153.44009825143
s,-15.270144,-2.2538512,8,13175,0.016787181855827733,5.89649613126088,1,VB,VBZ,5,9,1,s,10450,2.5192698099569983,26326.36951405063
and,4.770553,-1.3168443,9,11136,0.014189150447552002,6.139067976824092,3,CC,CC,7,8,1,and,7964,2.911207626092103,23184.85753419751
that,-10.714179,12.094161,10,11043,0.014070652693275572,6.151166937567603,4,DT,DT,10,14,1,that,8986,2.7370217852891674,24594.87776260846
is,-16.483833,-2.0768692,11,8632,0.010998630267894117,6.506532323184803,2,VB,VBZ,5,9,1,is,7150,3.0667576052594914,21927.316877605364
do,-19.062513,7.6312423,12,8102,0.010323320485458542,6.597949102986384,2,VB,VBP,9,12,1,do,6832,3.1323928721921153,21400.508102816533
of,3.8560567,-31.12745,13,7538,0.009604688943395024,6.702045393008464,2,IN,IN,6,8,1,of,6209,3.2703399154539374,20305.540535053497
nt,-18.444635,6.104385,14,7240,0.009224986461950116,6.760237490702252,2,RB,RB,2,2,0,nt,6253,3.2601523299014716,20385.7325188739
in,27.401112,-12.367205,15,6835,0.008708947854617271,6.843285850179398,2,IN,IN,6,8,1,in,5900,3.3439858926760397,19729.516766788634
what,-9.2339735,15.366258,16,6496,0.008277004427738668,6.916675555487644,4,WP,WP,7,7,1,what,5908,3.3420310210478164,19744.7192723505
no,8.830781,14.907317,17,5988,0.007629726372121173,7.034152966614403,2,DT,DT,11,16,1,no,4396,3.7685094608633745,16566.367589955393
we,-18.882132,-21.156628,18,5880,0.007492116076832415,7.0604110329490934,2,PR,PRP,7,10,1,we,4794,3.643470938163473,17466.79967755569
this,-12.181326,-20.169455,19,5876,0.007487019399229127,7.06139279211654,4,DT,DT,9,10,1,thi,5163,3.5364912490512457,18258.904318851583
on,29.814672,-11.704173,20,5176,0.00659510081865384,7.244389570680313,2,IN,IN,4,5,1,on,4650,3.6874701309298494,17146.7361088238
me,-8.646379,23.960066,21,5034,0.006414168763737139,7.2845219715118406,2,PR,PRP,5,7,1,me,4399,3.7675252459024815,16573.343556725016
have,-27.32038,-10.500077,22,5020,0.006396330392125633,7.288539823834686,4,VB,VBP,3,5,1,have,4460,3.7476571370049383,16714.550831042026
my,14.673062,2.4469352,23,5017,0.006392507883923168,7.289402249908523,2,PR,PRP$,6,8,1,my,4232,3.82336121969858,16180.46468176439
just,-14.072109,12.2704,24,4747,0.006048482145701271,7.369211138243388,4,RB,RB,5,8,1,just,4325,3.7920007144011563,16400.403089785003
m,1.051677,18.047209,25,4456,0.0056776988500621154,7.460477955332789,1,VB,VBP,4,6,1,m,3788,3.9832645163442204,15088.605987911908
know,-22.257778,6.8047614,26,4422,0.0056343770904341735,7.471528162856594,4,VB,VBP,5,9,0,know,3913,3.9364257369118114,15403.233908535918
not,-9.2579565,9.339425,27,4395,0.005599974516611984,7.480364022642053,3,RB,RB,6,8,1,not,3949,3.923213479352257,15492.770029962063
so,-7.432888,12.915611,28,4384,0.005585958653202943,7.483979389712293,2,RB,RB,6,10,1,so,4013,3.90001969103261,15650.779020113865
for,10.340026,-1.7658234,29,4357,0.005551556079380754,7.492892074757652,3,IN,IN,4,4,1,for,3955,3.9210231524524515,15507.646567949445
oh,17.104254,16.529127,30,4247,0.0054113974452903515,7.529783079325418,2,UH,UH,12,16,0,oh,3940,3.926505217468867,15470.430556827336
are,-24.573833,-15.638456,31,4019,0.005120886821902972,7.609390610614075,3,VB,VBP,7,9,1,are,3616,4.050306169397418,14645.907108541063
was,-20.340723,0.6603851,32,3813,0.004858407925333673,7.685300656946705,3,VB,VBD,9,13,1,wa,3113,4.266395270343426,13281.288476579086
be,-31.635242,20.223228,33,3594,0.00457936482655369,7.770636779162879,2,VB,VB,3,4,1,be,3177,4.237035757099113,13461.062600303881
your,14.739263,2.4562316,34,3463,0.004412448635046029,7.8242048004755915,4,PR,PRP$,4,4,1,your,3061,4.290697802285614,13133.825972796263
he,-11.330385,20.667398,35,3404,0.004337272640397541,7.848996150986857,2,PR,PRP,4,5,1,he,2562,4.547430371470959,11650.516611708597
with,11.78671,-3.306147,36,3393,0.004323256776988501,7.853665757961844,4,IN,IN,3,4,1,with,3095,4.274761437710978,13230.386649715478
like,-13.743136,8.338251,37,3354,0.004273564170356449,7.870344499108474,4,IN,IN,5,7,0,like,2983,4.327936869477393,12910.235681651064
re,-24.577656,-15.611651,38,3303,0.004208581530914535,7.892450218387295,2,VB,VBP,2,2,1,re,2922,4.357744669009107,12733.32992284461
yeah,14.627379,16.651005,39,3218,0.004100277131844679,7.930062861949374,4,NN,NN,10,15,0,yeah,3039,4.301104172290311,13071.055579590256
all,4.6772056,18.403526,40,3176,0.004046762017010161,7.949016275529862,3,DT,DT,6,7,1,all,2870,4.3836501102495555,12581.075816416225
okay,9.894054,20.2021,41,2970,0.0037842831204408624,8.045764256984691,4,NN,NN,10,16,0,okay,2713,4.4648117995307395,12113.034412126895
michael,26.950428,17.433817,42,2863,0.0036479469945529257,8.098699517673467,7,NN,NNP,7,9,0,michael,2591,4.531191831632511,11740.318035759836
but,-11.193686,9.070258,43,2822,0.0035957060491192305,8.119509200075555,3,CC,CC,6,7,1,but,2656,4.495445700465681,11939.903780436849
up,29.651112,-9.398063,44,2813,0.0035842385245118337,8.12411763535812,2,RP,RP,6,8,1,up,2598,4.527299416364724,11761.923883715554
here,3.3571122,10.067921,45,2716,0.0034606440926321157,8.174743708428089,4,RB,RB,6,7,1,here,2486,4.5908745507601205,11412.914133189659
right,9.161275,21.850069,46,2691,0.0034287898576115697,8.188084797032403,5,NN,NN,5,9,0,right,2468,4.601358452663187,11356.152661172746
out,28.391016,-9.101294,47,2663,0.0033931131143885578,8.203174759462206,3,RP,RP,4,5,1,out,2457,4.607802989450441,11321.371945079734
get,-28.81179,21.959772,48,2610,0.0033255821361450003,8.232177381215573,3,VB,VB,3,5,0,get,2438,4.619002721192394,11261.128634267056
at,23.61475,-10.199742,49,2594,0.003305195425731851,8.24104870842112,2,IN,IN,3,3,1,at,2370,4.659813788026984,11043.758677623951
about,-12.928028,0.87564075,50,2529,0.0032223744146784314,8.27766015100958,5,IN,IN,6,7,1,about,2344,4.675728277390358,10959.907082202999
well,4.8279467,14.260707,51,2518,0.0032083585512693914,8.283948904953803,4,RB,RB,11,15,0,well,2434,4.6213716790988775,11248.418666926667
can,-33.586403,1.2451731,52,2496,0.003180326824451311,8.296609253810573,3,MD,MD,3,4,1,can,2309,4.69743267403849,10846.372044354874
did,-17.377602,7.7101483,53,2440,0.003108973338005288,8.329346040222571,3,VB,VBD,4,7,1,did,2205,4.7639221913677225,10504.448431965828
there,3.3079035,9.969563,54,2436,0.0031038766604020007,8.331713054766487,5,EX,EX,4,6,1,there,2183,4.778388716821815,10431.222568822022
hey,25.489609,10.19069,55,2403,0.0030618290701748796,8.351390539542955,3,NN,NNP,10,15,0,hey,2163,4.791667181850627,10364.376114342907
go,-29.033278,24.442064,56,2394,0.0030503615455674832,8.356804035729319,2,VB,VB,6,9,0,go,2153,4.798352527645372,10330.852992020486
think,-22.983553,6.655199,57,2276,0.002900009556270506,8.429726630366238,5,VB,VBP,3,6,0,think,2135,4.810464777304753,10270.342299545648
dwight,27.289467,15.054336,58,2267,0.0028885420316631097,8.435442796932033,6,NN,NNP,5,8,0,dwight,2005,4.9010986104703225,9826.702713992996
good,-2.6692195,2.1669621,59,2205,0.0028095435288121554,8.475448532227936,4,JJ,JJ,5,8,0,good,1986,4.914835224284232,9760.862755428485
one,-9.450045,-16.551376,60,2131,0.0027152549931513397,8.524696594890116,3,CD,CD,4,5,0,one,1928,4.957595795582644,9558.244693883336
they,-18.872318,-21.160204,61,2091,0.002664288217118466,8.55203412608324,4,PR,PRP,3,4,1,they,1717,5.124810807810471,8799.300157010579
if,-15.950617,11.31399,62,2057,0.0026209664574905235,8.575685394147886,2,IN,IN,3,4,1,if,1925,4.959842401342979,9547.696622585236
jim,29.213331,13.922223,63,2055,0.00261841811868888,8.577088794103775,3,NN,NNP,5,8,0,jim,1803,5.0543014503802635,9112.905515035614
really,-9.89387,7.071627,64,2028,0.0025840155448666902,8.59616953566948,6,RB,RB,3,3,0,realli,1897,4.98098116840113,9448.921276456944
how,-8.550112,14.827976,65,2001,0.0025496129710445,8.615506020767079,3,WR,WRB,6,7,1,how,1884,4.990901882199823,9402.859146064466
going,-3.6242378,15.467515,66,1993,0.0025394196158379256,8.621285477833762,5,VB,VBG,3,3,0,go,1790,5.064741259660987,9065.886854793167
na,-4.2960725,21.186554,67,1987,0.0025317745994329947,8.62563531542315,2,TO,TO,8,10,0,na,1702,5.1374698101266425,8743.973616835545
would,-31.079222,-0.9837592,68,1900,0.002420921861561495,8.69022776945451,5,MD,MD,3,4,0,would,1708,5.132392872192115,8766.127025704132
want,-29.353022,5.046623,69,1856,0.0023648584079253338,8.724030477545249,4,VB,VBP,3,5,0,want,1641,5.190125608298893,8516.996123218483
she,-11.326564,20.675407,70,1853,0.0023610358997228683,8.726364306645554,3,PR,PRP,3,4,1,she,1421,5.3977942925698255,7670.265689741722
pam,29.18763,13.929741,71,1715,0.0021852005224094542,8.838018611612645,3,NN,NNP,8,12,0,pam,1530,5.291169194232591,8095.4888671758645
yes,12.465606,16.382475,72,1707,0.0021750071672028796,8.844764129645082,3,UH,UH,10,14,0,ye,1569,5.254855494844508,8244.868271411033
got,-24.882843,-3.3610165,73,1706,0.002173732997802058,8.84560954135453,3,VB,VBD,3,8,0,got,1565,5.258538189992625,8229.612267338458
her,-7.5712104,24.265018,74,1657,0.0021112986971617877,8.887653585451368,3,PR,PRP$,4,6,1,her,1380,5.440032580147074,7507.244960602962
now,4.6847725,18.379103,75,1557,0.0019838817570796037,8.977458243593784,3,RB,RB,4,6,1,now,1488,5.331326320704574,7933.013565208405
his,15.723936,2.6591008,76,1556,0.001982607587678782,8.978385127686629,3,PR,PRP$,3,3,1,hi,1368,5.452632616926707,7459.201419955736
gon,-5.9065895,17.470085,77,1555,0.00198133341827796,8.979312607654855,3,VB,VBG,5,12,0,gon,1384,5.435856904175881,7523.225955379419
uh,13.280433,18.849133,78,1531,0.001950753352658236,9.001752905173033,2,NN,NNP,9,13,0,uh,1372,5.448420365639794,7475.232741657796
ok,10.083669,20.065022,79,1524,0.0019418341668524831,9.008364285179498,2,NN,NN,12,16,0,ok,1424,5.394751700846208,7682.126422005001
who,-10.885468,16.617584,80,1492,0.0019010607460261842,9.038979652417582,3,WP,WP,7,8,1,who,1322,5.501978670304914,7273.6158021430965
from,25.421644,-8.448556,81,1490,0.0018985124072245405,9.040914857323296,4,IN,IN,3,3,1,from,1421,5.3977942925698255,7670.265689741722
let,-1.7889931,22.900896,82,1484,0.0018908673908196094,9.046736096052017,3,VB,VB,4,8,0,let,1366,5.454743363522515,7451.179434571755
an,-1.4316521,-26.295275,83,1483,0.0018895932214187876,9.047708590218189,2,DT,DT,5,5,1,an,1396,5.423401905602954,7571.069060221724
come,-26.909834,25.80476,84,1472,0.0018755773580097473,9.058449516615807,4,VB,VB,4,8,0,come,1356,5.465343668676262,7411.006014725011
ll,-33.248142,1.8978761,85,1454,0.0018526423087949543,9.076199918753225,2,MD,MD,1,1,1,ll,1338,5.484622731171145,7338.425214306992
back,8.764271,1.6748655,86,1426,0.0018169655655719428,9.104253206228933,4,RB,RB,5,8,0,back,1338,5.484622731171145,7338.425214306992
as,-8.804657,-6.166875,87,1418,0.001806772210365368,9.112369655433303,2,IN,IN,3,3,1,as,1129,5.729655361039605,6468.780902613714
him,-8.358463,23.987228,88,1417,0.0018054980409645462,9.113387429754802,3,PR,PRP,3,4,1,him,1231,5.604870085328148,6899.59507503895
will,-32.67454,1.8147962,89,1414,0.0018016755327620807,9.116445067863422,4,MD,MD,3,3,1,will,1239,5.595524659672004,6932.855053333613
am,1.0623105,18.122454,90,1376,0.0017532570955308508,9.155746717970722,2,VB,VBP,3,5,1,am,1232,5.603698591117704,6903.756664257011
why,-20.931206,8.009413,91,1342,0.0017099353359029082,9.191842516472637,3,WR,WRB,5,5,1,whi,1279,5.5496845829309684,7098.0465815687085
or,-12.491198,-13.7244215,92,1316,0.0016768069314815404,9.220067698937578,2,CC,CC,6,7,1,or,1161,5.6893328749470395,6605.315467813513
see,-29.676298,14.186391,93,1306,0.001664065237473322,9.23107229112639,3,VB,VB,2,4,0,see,1237,5.597855346836235,6924.547064036423
time,-7.593901,-29.839357,94,1289,0.0016424043576593508,9.24997492431117,4,NN,NN,1,2,0,time,1195,5.647690228944494,6748.98982358867
could,-33.518387,0.49902406,95,1254,0.0015978084286305864,9.289689839870782,5,MD,MD,3,4,0,could,1154,5.698057623167124,6575.558497134861
some,-6.687759,-22.134104,96,1233,0.0015710508712133279,9.31405438826998,4,DT,DT,3,4,1,some,1146,5.708093803055701,6541.475498301833
because,-11.799926,8.178785,97,1232,0.001569776701812506,9.31522493197792,7,IN,IN,6,7,1,becaus,1148,5.705578205136918,6550.003779497182
say,-18.032503,14.569448,98,1201,0.001530277450387029,9.351991036967187,3,VB,VB,3,5,0,say,1109,5.755441481650895,6382.784603150843
when,-24.404123,-9.462448,99,1160,0.0014780365049533336,9.402102382657885,4,WR,WRB,4,5,1,when,1084,5.788336090458734,6274.556322057268
look,12.487771,1.4717495,100,1134,0.0014449081005319657,9.434806547730592,4,VB,NN,3,6,0,look,1048,5.8370621302751555,6117.241112528363
need,-29.373196,5.0683026,101,1132,0.001442359761730322,9.437353229840937,4,VB,VBP,4,6,0,need,1039,5.849505192908394,6077.635895431821
then,6.242106,4.2886357,102,1123,0.0014308922371229255,9.448869260272218,4,RB,RB,4,4,1,then,1032,5.859257876389352,6046.754128433811
great,-3.1548324,1.827298,103,1089,0.0013875704774949829,9.493223233955913,5,JJ,JJ,3,4,0,great,1020,5.876131694953748,5993.654328852823
should,-33.56489,0.38658035,104,1085,0.0013824737998916956,9.49853214534098,6,MD,MD,3,3,1,should,1039,5.849505192908394,6077.635895431821
people,-7.0894017,-23.864721,105,1067,0.0013595387506769026,9.522667011848394,6,NN,NNS,1,2,0,peopl,968,5.951621894538011,5761.169993912795
thank,16.802103,19.558252,106,1058,0.001348071226069506,9.534887560558793,5,NN,NN,6,10,0,thank,990,5.919200416845634,5860.008412677177
um,13.258776,18.867031,107,1057,0.0013467970566686841,9.536251811290137,2,NN,NNP,8,11,0,um,976,5.939747794249719,5797.193847187726
very,-7.7733564,11.178833,108,1043,0.0013289586850571784,9.555488030153054,4,RB,RB,4,4,1,veri,943,5.989371171137509,5647.977014382671
andy,26.049812,16.244034,109,1040,0.001325136176854713,9.559643659644365,4,NN,NNP,3,5,0,andi,950,5.978701428594295,5679.766357164581
guys,11.215133,14.173141,110,1026,0.001307297805243207,9.579196457065766,4,NN,NNS,3,9,0,guy,945,5.98631461270417,5657.067309005441
take,-29.389292,19.035496,111,1022,0.0013022011276399197,9.584831991735198,4,VB,VB,2,4,0,take,963,5.959093143969146,5738.606697642288
office,19.000956,-10.802856,112,1015,0.001293281941834167,9.594747460600281,6,NN,NN,1,2,0,offic,968,5.951621894538011,5761.169993912795
ve,-27.48765,-9.740205,113,998,0.0012716210620201955,9.61911546733556,2,VB,VBP,1,1,1,ve,942,5.990901882199823,5643.429573032233
little,-8.649551,-11.510081,114,985,0.0012550568598095116,9.638031558329082,6,JJ,JJ,5,6,0,littl,921,6.02342778572127,5547.57699064929
been,-28.438957,-4.885025,115,985,0.0012550568598095116,9.638031558329082,4,VB,VBN,4,5,1,been,917,6.029707208217551,5529.241509935494
were,-24.579926,-15.57244,116,977,0.001244863504602937,9.649796720704435,4,VB,VBD,7,12,1,were,919,6.026564080523571,5538.412390001162
does,-16.253658,8.118307,117,977,0.001244863504602937,9.649796720704435,4,VB,VBZ,3,5,1,doe,929,6.010950345429952,5584.1728709044255
make,-29.994747,17.379364,118,965,0.001229573471793075,9.667626340517378,4,VB,VB,4,6,0,make,910,6.040762396726547,5497.093781021157
ca,-17.614944,8.258647,119,959,0.0012219284553881438,9.676624467654689,2,MD,MD,4,4,0,ca,893,6.067968766691383,5418.696108655405
had,-25.519102,-4.1885176,120,949,0.0012091867613799254,9.691747195651711,3,VB,VBD,2,4,1,had,868,6.108933899368126,5302.554624651533
down,28.858164,-9.76341,121,949,0.0012091867613799254,9.691747195651711,4,RP,RP,6,8,1,down,889,6.074445522982836,5400.18206993174
has,-17.787004,-5.222463,122,946,0.00120536425317746,9.696315099333425,3,VB,VBZ,2,4,1,ha,889,6.074445522982836,5400.18206993174
over,28.06821,-10.138205,123,929,0.0011837033733634887,9.722476686290168,4,IN,IN,5,6,1,over,891,6.071203510290684,5409.4423276689995
man,9.581541,10.832959,124,925,0.0011786066957602014,9.728701917269145,3,NN,NN,4,5,0,man,877,6.094052099367873,5344.483691145624
mean,-21.795616,5.546948,125,924,0.0011773325263593794,9.730262431256763,4,VB,VBP,3,7,0,mean,876,6.095698072211432,5339.8315112572145
our,7.271774,-28.971464,126,920,0.001172235848756092,9.736521421728446,3,PR,PRP$,3,3,1,our,841,6.154523141557461,5175.953962049824
sorry,-1.1758373,11.720574,127,919,0.0011709616793552703,9.738090421383786,5,JJ,JJ,6,9,0,sorri,845,6.147677600643059,5194.787572543384
tell,-31.487705,13.513075,128,913,0.0011633166629503393,9.747540422688598,4,VB,VB,4,6,0,tell,861,6.120615704415761,5269.8501215019705
something,-14.416324,15.477754,129,896,0.001141655783136368,9.774656550615216,9,NN,NN,2,3,0,someth,851,6.1374698101266425,5222.986808417772
them,-18.8751,-16.051928,130,890,0.001134010766731437,9.78434994681906,4,PR,PRP,3,4,1,them,776,6.270572289625478,4865.964096749371
god,18.063438,17.575487,131,889,0.0011327365973306152,9.78597186384305,3,NN,NNP,6,10,0,god,824,6.183984604629387,5095.603314214615
us,-18.869604,-16.056625,132,886,0.0011289140891281495,9.790848584117802,2,PR,PRP,3,4,0,us,831,6.171780465042261,5128.749566450118
way,-11.2473,-10.396865,133,886,0.0011289140891281495,9.790848584117802,3,NN,NN,1,2,0,way,836,6.163125999731723,5152.373335775721
phone,19.749825,1.247629,134,874,0.0011136240563182876,9.810522003172222,5,NN,NN,2,3,0,phone,808,6.212273649060811,5019.517108441135
into,27.520668,-11.71638,135,860,0.0010957856847067817,9.83381862308336,4,IN,IN,2,2,1,into,824,6.183984604629387,5095.603314214615
more,-13.457831,-16.282515,136,845,0.0010766731436944541,9.859203941503274,4,JJ,JJR,4,4,1,more,794,6.2374899346696475,4952.5670081277
thing,-6.7279143,-13.552208,137,844,0.0010753989742936323,9.860912283965636,5,NN,NN,2,2,0,thing,806,6.215849103284638,5009.9743772474185
where,-9.211268,15.768797,138,834,0.0010626572802854139,9.878107899228157,5,WR,WRB,4,4,1,where,784,6.255775287697397,4904.527825554759
work,-30.333979,23.552904,139,832,0.0010601089414837702,9.881571754531729,4,VB,NN,4,7,0,work,789,6.246603641799147,4928.570273379527
day,-7.3202925,-29.880041,140,819,0.0010435447392730863,9.904291831031811,3,NN,NN,1,2,0,day,744,6.331326320704574,4710.506782604203
love,-25.3529,6.784182,141,814,0.0010371738922689772,9.913126488406574,4,VB,VBP,6,8,0,love,728,6.362690491613909,4632.038677894926
off,28.02434,-7.9017572,142,808,0.001029528875864046,9.923799989921026,3,RP,RP,5,6,1,off,765,6.291169194232591,4812.744433587932
by,26.296312,-11.337761,143,796,0.001014238843054184,9.945386852129172,2,IN,IN,1,1,1,by,753,6.313979077140678,4754.42624508693
doing,-1.5335568,9.376406,144,754,0.0009607237282196668,10.023590759404156,5,VB,VBG,3,3,1,do,733,6.352815743678794,4656.613940116556
please,7.6434026,12.730625,145,749,0.0009543528812155576,10.03318956421407,6,VB,VB,5,8,0,pleas,692,6.435856904175881,4453.61297768971
two,-1.9268398,-34.153786,146,748,0.0009530787118147357,10.035117012785184,3,CD,CD,2,2,0,two,706,6.406960758541425,4523.314295530246
too,-7.4847913,12.836464,147,743,0.0009467078648106266,10.044793072134224,3,RB,RB,4,5,1,too,712,6.394751700846208,4553.0632110025
d,-31.083555,-0.90104187,148,700,0.0008919185805752875,10.13080036084049,1,MD,MD,4,7,1,d,654,6.517338306314523,4262.339252329698
everyone,22.712261,18.556301,149,693,0.0008829993947695346,10.145299930535607,8,NN,NN,2,3,0,everyon,655,6.515134035387793,4267.412793179004
much,-11.528167,-5.881105,150,682,0.0008689835313604944,10.168383543648648,4,JJ,JJ,3,3,0,much,661,6.501978670304914,4297.807901071548
said,-21.775444,2.0378587,151,681,0.0008677093619596726,10.17050048466075,4,VB,VBD,2,3,0,said,630,6.571277113425327,4139.904581457956
call,-27.887424,18.335974,152,681,0.0008677093619596726,10.17050048466075,4,VB,VB,3,7,0,call,621,6.592035673592124,4093.6541533007094
maybe,-14.607332,10.10388,153,674,0.0008587901761539197,10.185406691490961,5,RB,RB,3,5,0,mayb,633,6.564423442384264,4155.28003902924
never,-29.11239,-7.677561,154,663,0.0008447743127448794,10.209146412560232,5,RB,RB,3,4,0,never,622,6.589714361682003,4098.802332966206
new,8.791075,-25.171638,155,662,0.0008435001433440576,10.211324065865602,3,JJ,JJ,3,3,0,new,608,6.62255761836902,4026.515031968364
lot,3.3288627,-27.039434,156,649,0.0008269359411333737,10.239936804673683,3,NN,NN,2,3,0,lot,622,6.589714361682003,4098.802332966206
give,-28.804684,18.003841,157,644,0.0008205650941292645,10.251094594558204,4,VB,VB,3,5,0,give,606,6.627311148339654,4016.15055589383
sure,-0.32268226,10.632474,158,637,0.0008116459083235116,10.26686191041652,4,JJ,JJ,4,6,0,sure,621,6.592035673592124,4093.6541533007094
kevin,26.380161,13.814199,159,632,0.0008052750613194024,10.278230724495717,5,NN,NNP,3,4,0,kevin,569,6.718200289506024,3822.6559647289278
talk,-30.831179,12.373964,160,626,0.0007976300449144714,10.291992625740201,4,VB,VB,2,3,0,talk,600,6.641666441316724,3984.9998647900347
ryan,25.860435,14.769332,161,621,0.0007912591979103621,10.30356201445234,4,NN,NNP,6,9,0,ryan,551,6.764576623241448,3727.2817194060376
wait,7.046101,9.492171,162,621,0.0007912591979103621,10.30356201445234,4,NN,NN,8,11,0,wait,516,6.859257876389352,3539.3770642169056
alright,10.033744,20.125534,163,615,0.0007836141815054311,10.317568872446218,7,NN,NN,5,7,0,alright,577,6.698057623167124,3864.7792485674304
any,-10.994863,-13.647926,164,613,0.0007810658427037875,10.322268208982038,3,DT,DT,3,4,1,ani,582,6.685609788904322,3891.0248971423152
guy,-3.248263,-9.563016,165,613,0.0007810658427037875,10.322268208982038,3,NN,NN,3,4,0,guy,563,6.733494019732376,3790.9571331093275
even,-19.640247,8.930798,166,613,0.0007810658427037875,10.322268208982038,4,RB,RB,3,3,0,even,583,6.683133058612109,3896.2665731708594
stop,8.307677,16.585749,167,612,0.0007797916733029656,10.324623629980168,4,VB,VB,5,10,0,stop,485,6.948644194738115,3370.092434447986
nice,-2.953829,1.4971501,168,609,0.0007759691651005002,10.331713054766487,4,JJ,JJ,4,6,0,nice,590,6.665913987563402,3932.889252662407
actually,-10.456562,7.993402,169,605,0.0007708724874972128,10.341220140510863,8,RB,RB,2,2,0,actual,587,6.673268438702554,3917.208573518399
these,-6.44459,-24.892765,170,580,0.0007390182524766668,10.402102382657885,5,DT,DT,3,3,1,these,548,6.772453048852078,3711.304270770939
angela,26.154003,15.309262,171,579,0.000737744083075845,10.404591934683584,6,NN,NNP,3,6,0,angela,529,6.82336121969858,3609.5580852205485
put,-28.759703,20.63835,172,579,0.000737744083075845,10.404591934683584,3,VB,VB,2,6,0,put,545,6.780372712148317,3695.3031281208328
thought,-21.918629,3.3754728,173,574,0.0007313732360717357,10.417104545997132,7,VB,VBD,3,6,0,thought,554,6.756742965763417,3743.235603032933
today,2.3959222,11.941478,174,561,0.0007148090338610518,10.450154512064028,5,NN,NN,1,2,0,today,539,6.7963436690601,3663.229237623394
its,0.35587126,15.316282,175,555,0.0007071640174561208,10.465667511435353,3,NN,NNP,8,12,1,it,497,6.91338309025032,3435.951395854409
big,-5.699258,-6.330832,176,555,0.0007071640174561208,10.465667511435353,3,JJ,JJ,4,4,0,big,517,6.856464661497671,3544.7922299942957
room,21.078634,-8.404444,177,542,0.0006905998152454369,10.499862431318949,4,NN,NN,1,2,0,room,512,6.870485131812606,3517.688387488054
wow,16.566505,16.933676,178,540,0.0006880514764437932,10.50519587562199,3,NN,NN,9,12,0,wow,525,6.834311519259121,3588.013547611038
first,11.993888,-23.064375,179,535,0.000681680629439684,10.518616391384311,5,JJ,JJ,6,6,0,first,510,6.876131694953748,3506.8271644264114
around,27.370195,-10.507733,180,533,0.0006791322906380404,10.524019749913645,6,IN,IN,4,4,0,around,514,6.864860582618728,3528.538339466026
laughs,20.518501,13.026148,181,532,0.0006778581212372184,10.52672903717163,6,VB,VBZ,2,4,0,laugh,525,6.834311519259121,3588.013547611038
only,-9.641598,-18.500998,182,529,0.000674035613034753,10.534887560558793,4,RB,RB,4,4,1,onli,514,6.864860582618728,3528.538339466026
ever,-29.221962,-7.9349003,183,527,0.0006714872742331093,10.540352321035606,4,RB,RB,2,2,0,ever,491,6.930905917497912,3403.074805491475
anything,-14.428891,15.645452,184,524,0.0006676647660306438,10.54858847113537,8,NN,NN,2,3,0,anyth,503,6.896070542007078,3468.7234826295603
paper,1.2409928,-19.530615,185,520,0.0006625680884273565,10.559643659644365,5,NN,NN,2,3,0,paper,466,7.006298987158325,3264.9353280157793
oscar,26.082264,13.465098,186,518,0.0006600197496257127,10.565203184986267,5,NN,NNP,5,8,0,oscar,461,7.021862191383268,3237.0784702276865
things,-6.902455,-23.844097,187,516,0.0006574714108240691,10.570784217249566,6,NN,NNS,2,3,0,thing,483,6.954605752976833,3359.07457868781
job,-6.6902556,-15.209808,188,512,0.0006523747332207817,10.58201147267282,3,NN,NN,1,2,0,job,473,6.9847887584732105,3303.8050827578286
other,-4.7939277,-26.033081,189,510,0.000649826394419138,10.587658035813963,5,JJ,JJ,1,1,1,other,490,6.933847192810035,3397.585124476917
everybody,22.454283,18.71006,190,508,0.0006472780556174944,10.593326785900654,9,NN,NN,3,7,0,everybodi,476,6.975667368504662,3320.417667408219
looks,21.666487,2.7842085,191,500,0.0006370847004109196,10.616227188010733,5,VB,VBZ,2,3,0,look,481,6.960592048042564,3348.044775108473
hi,26.565708,9.97245,192,498,0.0006345363616092759,10.62200954060474,2,NN,NN,8,12,0,hi,482,6.957595795582644,3353.561173470834
thanks,16.657661,19.76014,193,495,0.0006307138534068105,10.630726757705848,6,NN,NNS,2,4,0,thank,481,6.960592048042564,3348.044775108473
those,-6.392839,-24.948566,194,492,0.0006268913452043449,10.63949696733358,5,DT,DT,1,1,1,those,470,6.993968185247606,3287.165047066375
feel,-19.373285,3.9703412,195,492,0.0006268913452043449,10.63949696733358,4,VB,VBP,3,5,0,feel,466,7.006298987158325,3264.9353280157793
away,28.040913,-7.5394945,196,490,0.0006243430064027013,10.64537353367025,4,RB,RB,4,4,0,away,469,6.997041019297229,3281.6122380504003
party,-3.8825364,-15.283061,197,485,0.000617972159398592,10.660170535598331,5,NN,NN,1,2,0,parti,445,7.072823605958845,3147.406504651686
fine,8.515791,19.63195,198,483,0.0006154238205969484,10.666132093837048,4,JJ,JJ,4,6,0,fine,439,7.0924080022772475,3113.5671129997118
phyllis,23.311602,12.844438,199,482,0.0006141496511961266,10.669122136442859,7,NN,NNP,3,8,0,phylli,425,7.139166100787541,3034.145592834705
stanley,25.430368,13.436215,200,477,0.0006077788041920173,10.684166016667309,7,NN,NNP,2,3,0,stanley,416,7.170045413671513,2982.7388920873495
than,-12.704052,-16.717506,201,477,0.0006077788041920173,10.684166016667309,4,IN,IN,2,2,1,than,468,7.000120412229201,3276.056352923266
erin,24.48229,15.0245075,202,476,0.0006065046347911955,10.687193709364877,4,NN,NNP,4,7,0,erin,443,7.079322243257588,3136.1397537631115
still,-5.964142,8.975778,203,476,0.0006065046347911955,10.687193709364877,5,RB,RB,1,1,0,still,460,7.02499508086823,3231.497737199386
three,-1.971205,-33.972107,204,470,0.0005988596183862645,10.70549452610782,5,CD,CD,3,4,0,three,437,7.098995662312007,3102.261104430347
talking,-2.914972,12.437715,205,467,0.0005950371101837989,10.714732732963158,7,VB,VBG,3,3,0,talk,455,7.040762396726547,3203.5468905105786
kind,4.675608,-26.741013,206,457,0.0005822954161755806,10.745961117614751,4,NN,NN,2,3,0,kind,437,7.098995662312007,3102.261104430347
car,20.967163,-14.432759,207,453,0.0005771987385722932,10.758644232626585,3,NN,NN,2,3,0,car,424,7.142564677249406,3028.4474231537483
better,-13.383131,-16.27033,208,451,0.0005746503997706495,10.76502784941744,6,JJ,JJR,4,8,0,better,430,7.122292282223145,3062.5856813559526
last,1.9383897,-33.9466,209,451,0.0005746503997706495,10.76502784941744,4,JJ,JJ,2,2,0,last,435,7.105613541076515,3090.941890368284
jan,25.255629,16.716476,210,445,0.0005670053833657185,10.78434994681906,3,NN,NNP,5,8,0,jan,403,7.215849103284638,2907.9871886237092
which,-11.889721,-19.992626,211,444,0.0005657312139648967,10.787595606322714,5,WD,WDT,4,5,1,which,427,7.132392872192115,3045.531756426033
head,22.184208,-15.111628,212,441,0.0005619087057624311,10.7973766271153,4,NN,NN,3,6,0,head,410,7.191005032307159,2948.3120632459354
toby,25.020992,15.759609,213,440,0.0005606345363616093,10.800651759148161,4,NN,NNP,5,7,0,tobi,380,7.300629523481658,2774.23921892303
best,-9.120927,-19.610678,214,439,0.0005593603669607875,10.803934343137461,4,JJ,JJS,5,7,0,best,405,7.208707034040619,2919.5263487864504
hello,26.767279,10.018173,215,437,0.0005568120281591438,10.810522003172222,5,NN,NNP,7,10,0,hello,407,7.201600147546358,2931.051260051368
im,0.8146643,16.913946,216,436,0.0005555378587583219,10.813827147895894,2,NN,NNP,6,7,0,im,379,7.304431093641514,2768.379384490134
their,7.2506537,-28.963451,217,425,0.0005415219953492817,10.850692441647755,5,PR,PRP$,1,1,1,their,389,7.266858786826414,2826.808068075475
again,10.367431,8.329241,218,418,0.0005326028095435289,10.874652340591938,5,RB,RB,3,4,1,again,400,7.226628942037881,2890.6515768151526
cool,-4.1422963,1.726164,219,411,0.0005236836237377759,10.899016888991138,4,JJ,JJ,3,7,0,cool,386,7.278028094544525,2809.3188444941866
fun,-10.572234,-1.4212716,220,406,0.0005173127767336668,10.916675555487643,3,NN,NN,6,9,0,fun,380,7.300629523481658,2774.23921892303
cause,-11.023336,8.391313,221,406,0.0005173127767336668,10.916675555487643,5,IN,IN,8,12,0,caus,397,7.2374899346696475,2873.28350406385
made,-26.024237,-4.344591,222,390,0.0004969260663205173,10.97468115892321,4,VB,VBD,2,4,0,made,371,7.335209755191802,2721.3628191761586
darryl,25.56645,13.932394,223,387,0.0004931035581180518,10.98582171652841,6,NN,NNP,3,5,0,darryl,340,7.461094195674904,2536.7720265294674
life,17.181915,-23.203947,224,386,0.00049182938871723,10.98955443540474,4,NN,NN,2,3,0,life,362,7.3706392447294,2668.171406592043
baby,1.5338042,-7.8425198,225,386,0.00049182938871723,10.98955443540474,4,NN,NN,6,8,0,babi,332,7.495445700465681,2488.487972554606
desk,22.647018,-15.594644,226,384,0.0004892810499155863,10.997048971951664,4,NN,NN,3,4,0,desk,372,7.331326320704574,2727.2533913021016
help,-31.099068,15.080115,227,383,0.00048800688051476443,11.000810890747863,4,VB,VB,2,5,0,help,355,7.398809917420561,2626.577520684299
wanted,-28.975079,2.8692904,228,381,0.0004854585417131208,11.008364285179498,6,VB,VBD,2,4,0,want,363,7.366659393816855,2674.097359955518
someone,-13.830245,17.794119,229,377,0.0004803618641098334,11.023590759404156,7,NN,NN,3,4,0,someon,369,7.34300812575221,2709.5699984025655
ah,16.687014,15.528808,230,376,0.00047908769470901157,11.027422620995182,2,NN,NNP,4,8,0,ah,340,7.461094195674904,2536.7720265294674
company,3.6416485,-21.326487,231,375,0.00047781352530818974,11.031264687289577,7,NN,NN,1,2,0,compani,348,7.427541635963877,2584.7844893154293
idea,-6.5792994,-10.345398,232,375,0.00047781352530818974,11.031264687289577,4,NN,NN,2,2,0,idea,351,7.415157911508045,2602.7204269393237
business,2.415717,-20.569664,233,374,0.00047653935590736787,11.035117012785184,8,NN,NN,1,2,0,busi,351,7.415157911508045,2602.7204269393237
name,21.61254,-19.156275,234,374,0.00047653935590736787,11.035117012785184,4,NN,NN,6,7,0,name,351,7.415157911508045,2602.7204269393237
keep,-30.7898,19.79981,235,373,0.00047526518650654604,11.038979652417582,4,VB,VB,3,4,0,keep,358,7.386669354548349,2644.427628928309
always,-28.34842,-7.006193,236,372,0.0004739910171057242,11.042852661564789,6,RB,RB,4,5,0,alway,357,7.390704867783506,2638.4816377987117
after,10.292792,-1.9144162,237,371,0.00047271684770490235,11.046736096052017,5,IN,IN,1,1,1,after,363,7.366659393816855,2674.097359955518
place,-4.5526495,-15.788229,238,371,0.00047271684770490235,11.046736096052017,5,NN,NN,2,4,0,place,349,7.423401905602954,2590.767265055431
hand,27.116385,-1.4832081,239,371,0.00047271684770490235,11.046736096052017,4,NN,NN,1,2,0,hand,336,7.478167709033845,2512.664350235372
guess,-22.913822,4.4719634,240,369,0.0004701685089032587,11.054534466612424,5,VB,VBP,4,7,0,guess,360,7.378632035482931,2656.307532773855
nothing,-12.311168,15.139404,241,365,0.00046507183129997136,11.07025881890544,7,NN,NN,3,4,0,noth,352,7.411053513175308,2608.6908366377083
next,6.871436,-22.116383,242,364,0.0004637976618991495,11.074216832474123,4,JJ,JJ,4,4,0,next,356,7.394751700846208,2632.53160550125
long,-11.17982,-6.336436,243,363,0.00046252349249832766,11.078185734677069,4,JJ,JJ,3,3,0,long,345,7.440032580147074,2566.8112401507406
bad,-8.51174,-1.3128353,244,362,0.00046124932309750584,11.082165585589614,3,JJ,JJ,2,3,0,bad,338,7.469605695530421,2524.7267250892824
find,-27.999489,21.655645,245,362,0.00046124932309750584,11.082165585589614,4,VB,VB,6,7,0,find,349,7.423401905602954,2590.767265055431
night,-6.449679,-30.383087,246,360,0.00045870098429586214,11.090158376343146,5,NN,NN,3,4,0,night,334,7.486780839338554,2500.584800339077
old,-0.6581049,-18.441902,247,358,0.00045615264549421844,11.098195695408563,3,JJ,JJ,2,2,0,old,338,7.469605695530421,2524.7267250892824
kelly,24.773266,14.269183,248,357,0.0004548784760933966,11.10223120864372,5,NN,NNP,2,2,0,kelli,320,7.548557036925243,2415.5382518160777
getting,-0.06673372,6.586723,249,353,0.0004497817984901093,11.11848709940164,7,VB,VBG,1,1,0,get,344,7.444220377110508,2560.811809726015
pretty,-7.7920246,11.02678,250,353,0.0004497817984901093,11.11848709940164,6,RB,RB,4,6,0,pretti,345,7.440032580147074,2566.8112401507406
every,1.8956372,-33.88038,251,352,0.0004485076290892874,11.122579854035523,5,DT,DT,3,3,0,everi,329,7.508541358077364,2470.310106807453
years,-3.528127,-32.86869,252,351,0.0004472334596884656,11.126684252368259,5,NN,NNS,1,3,0,year,324,7.530635128927981,2439.925781772666
real,-5.5866356,-5.8247457,253,351,0.0004472334596884656,11.126684252368259,4,JJ,JJ,4,4,0,real,330,7.50416291756679,2476.3737627970404
everything,-11.227962,15.166851,254,347,0.00044213678208517823,11.143219620094559,10,NN,NN,2,3,0,everyth,329,7.508541358077364,2470.310106807453
year,-5.5394006,-30.592821,255,341,0.0004344917656802472,11.168383543648648,4,NN,NN,1,2,0,year,308,7.603698591117704,2341.9391660642527
door,24.917366,-2.5878723,256,341,0.0004344917656802472,11.168383543648648,4,NN,NN,5,6,0,door,325,7.526189223896789,2446.011497766456
done,-26.921314,-6.6595855,257,340,0.00043321759627942537,11.172620536535119,4,VB,VBN,3,4,0,done,323,7.5350947771186805,2433.835613009334
before,-24.752718,-8.816478,258,338,0.00043066925747778167,11.181132036390636,6,IN,IN,4,4,1,befor,328,7.512933127194522,2464.242065719803
might,-31.442192,0.1389191,259,335,0.00042684674927531615,11.193994187327686,5,MD,MD,4,6,0,might,316,7.566704383635503,2391.0785852288186
being,-9.028368,0.6971312,260,334,0.0004255725798744943,11.198307180198768,5,VB,VBG,2,3,1,be,326,7.5217569775815285,2452.092774691578
through,26.988876,-10.774658,261,331,0.0004217500716720288,11.211324065865602,7,IN,IN,2,2,1,through,318,7.55760217652825,2403.3174921359837
told,-25.76151,1.9698131,262,331,0.0004217500716720288,11.211324065865602,4,VB,VBD,5,7,0,told,323,7.5350947771186805,2433.835613009334
meredith,23.416733,14.803757,263,330,0.000420475902271207,11.215689258427004,8,NN,NNP,5,8,0,meredith,309,7.599022103908231,2348.0978301076434
home,8.199594,1.6606053,264,330,0.000420475902271207,11.215689258427004,4,NN,NN,4,7,0,home,304,7.62255761836902,2317.2575159841817
leave,-27.25689,19.199099,265,327,0.00041665339406874146,11.228864647174738,5,VB,VB,4,6,0,leav,318,7.55760217652825,2403.3174921359837
listen,10.898017,16.939854,266,323,0.00041155671646545406,11.246621117978895,6,VB,VB,5,12,0,listen,303,7.627311148339654,2311.0752779469153
wan,-5.927639,17.491749,267,321,0.0004090083776638104,11.255581985550517,3,VB,VBP,6,10,0,wan,306,7.6130972891199535,2329.607770470706
dont,-17.687538,6.227655,268,318,0.0004051858694613449,11.269128517388465,4,VB,VBP,4,8,0,dont,293,7.675728277390358,2248.988385275375
second,6.6698236,8.777397,269,318,0.0004051858694613449,11.269128517388465,6,JJ,JJ,3,5,0,second,295,7.665913987563402,2261.444626331204
coming,14.323537,-2.920847,270,316,0.0004026375306597012,11.278230724495717,6,VB,VBG,3,4,0,come,306,7.6130972891199535,2329.607770470706
hands,26.722794,-0.8355608,271,316,0.0004026375306597012,11.278230724495717,5,NN,NNS,2,5,0,hand,303,7.627311148339654,2311.0752779469153
walks,26.140938,-3.5369356,272,315,0.0004013633612588794,11.282803454285542,5,NN,NNS,3,7,0,walk,311,7.589714361682003,2360.401166483103
show,-26.26175,17.535606,273,314,0.00040008919185805756,11.287390723781193,4,VB,NN,4,6,0,show,285,7.715667022760502,2198.965101486743
looking,4.463982,6.126749,274,314,0.00040008919185805756,11.287390723781193,7,VB,VBG,2,2,0,look,308,7.603698591117704,2341.9391660642527
gets,28.698484,-3.476099,275,313,0.0003988150224572357,11.291992625740201,4,VB,VBZ,2,3,0,get,306,7.6130972891199535,2329.607770470706
five,-1.5199342,-32.862114,276,313,0.0003988150224572357,11.291992625740201,4,CD,CD,3,3,0,five,287,7.705578205136918,2211.5009448742953
another,-0.622983,-26.2159,277,310,0.00039499251425477016,11.305887067398583,7,DT,DT,2,2,0,anoth,293,7.675728277390358,2248.988385275375
face,21.586807,-16.075937,278,309,0.00039371834485394834,11.310548444768445,4,NN,NN,2,4,0,face,289,7.695559449311927,2224.0166808511467
trying,-4.0140147,15.108151,279,309,0.00039371834485394834,11.310548444768445,6,VB,VBG,1,2,0,tri,299,7.646483457614501,2286.2985538267358
try,-26.06715,18.68446,280,308,0.0003924441754531265,11.31522493197792,3,VB,VB,3,5,0,tri,294,7.670812786976241,2255.218959371015
else,-18.42237,-0.38861945,281,308,0.0003924441754531265,11.31522493197792,4,RB,RB,5,8,0,els,294,7.670812786976241,2255.218959371015
hear,-29.79877,12.699398,282,308,0.0003924441754531265,11.31522493197792,4,VB,VB,4,6,0,hear,297,7.656166011011839,2273.8813052705163
whoa,22.396679,10.13164,283,306,0.0003898958366514828,11.324623629980168,4,NN,NN,4,8,0,whoa,197,8.248433312356228,1624.941362534177
stuff,-5.0526214,-17.041504,284,300,0.00038225082024655177,11.35319278217694,5,NN,NN,5,10,0,stuff,289,7.695559449311927,2224.0166808511467
together,5.2841244,2.366911,285,300,0.00038225082024655177,11.35319278217694,8,RB,RB,4,5,0,togeth,292,7.680660572932588,2242.7528872963157
scott,27.684122,10.752541,286,299,0.00038097665084572995,11.358009798474715,5,NN,NNP,1,2,0,scott,281,7.736058811591679,2173.832526057262
also,-7.4039135,7.419387,287,299,0.00038097665084572995,11.358009798474715,4,RB,RB,1,1,0,also,291,7.685609788904322,2236.5124485711576
own,18.287704,-23.97625,288,298,0.0003797024814449081,11.36284295221066,3,JJ,JJ,2,3,1,own,283,7.725826888980723,2186.4090095815445
makes,-19.724628,-3.496429,289,298,0.0003797024814449081,11.36284295221066,5,VB,VBZ,2,3,0,make,288,7.7005601303702935,2217.7613175466445
dunder,33.197403,4.0274134,290,297,0.00037842831204408625,11.367692351872055,6,NN,NNP,2,3,0,dunder,278,7.751544059089098,2154.9292484267694
huh,15.714668,15.415946,291,296,0.00037715414264326443,11.37255810704387,3,NN,NN,5,8,0,huh,277,7.756742965763417,2148.6178015164664
ask,-30.764309,13.419121,292,293,0.0003733316344407989,11.387254618250573,3,VB,VB,6,9,0,ask,278,7.751544059089098,2154.9292484267694
whole,9.775276,-22.746014,293,291,0.0003707832956391552,11.397136129764537,5,JJ,JJ,2,2,0,whole,287,7.705578205136918,2211.5009448742953
money,-6.139125,-20.786213,294,291,0.0003707832956391552,11.397136129764537,5,NN,NN,1,2,0,money,273,7.777727990892753,2123.3197415137215
saying,-2.4431653,10.65043,295,287,0.00036568661803586787,11.417104545997132,6,VB,VBG,3,3,0,say,276,7.7619606750344365,2142.3011463095045
probably,-14.782786,10.20402,296,287,0.00036568661803586787,11.417104545997132,8,RB,RB,2,2,0,probabl,282,7.730933779413812,2180.123325794695
happy,-6.6775084,0.79941213,297,285,0.00036313827923422417,11.427193363620717,5,JJ,JJ,3,3,0,happi,256,7.870485131812606,2014.844193744027
mifflin,33.189114,4.032315,298,284,0.00036186410983340235,11.432264353168138,7,NN,NNP,1,1,0,mifflin,270,7.793669534761775,2104.290774385679
wrong,-2.9980636,4.8872128,299,283,0.0003605899404325805,11.437353229840937,5,JJ,JJ,5,6,0,wrong,261,7.842579135242721,2046.91315429835
having,-0.96132207,4.392589,300,283,0.0003605899404325805,11.437353229840937,6,VB,VBG,1,1,1,have,276,7.7619606750344365,2142.3011463095045
manager,10.920724,-27.769075,301,281,0.0003580416016309368,11.447585152451895,7,NN,NN,2,3,0,manag,263,7.831566142520304,2059.70189548284
believe,-26.286457,9.91035,302,279,0.0003554932628292932,11.457890160843633,7,VB,VB,2,5,0,believ,263,7.831566142520304,2059.70189548284
boss,20.015255,-22.939741,303,276,0.00035167075462682766,11.473487015894651,4,NN,NN,4,6,0,boss,246,7.927970626473366,1950.280774112448
use,-28.687765,16.26467,304,276,0.00035167075462682766,11.473487015894651,3,VB,VB,4,6,0,use,270,7.793669534761775,2104.290774385679
same,11.574721,-23.966059,305,276,0.00035167075462682766,11.473487015894651,4,JJ,JJ,2,3,1,same,263,7.831566142520304,2059.70189548284
scranton,7.4921904,-18.847275,306,272,0.00034657407702354026,11.49454863142248,8,NN,NNP,1,2,0,scranton,255,7.876131694953748,2008.4135822132057
went,-21.264105,-9.971891,307,270,0.0003440257382218966,11.50519587562199,4,VB,VBD,2,3,0,went,259,7.853676844126052,2034.1023026286475
hot,-3.9939976,-1.5419531,308,268,0.0003414773994202529,11.515922282215048,3,JJ,JJ,3,5,0,hot,216,8.115597629649137,1752.9690880042137
ta,-3.3897116,23.227427,309,268,0.0003414773994202529,11.515922282215048,2,JJ,JJ,5,9,0,ta,253,7.887491557118295,1995.5353639509287
friends,-2.6469266,-21.7877,310,266,0.0003389290606186092,11.52672903717163,7,NN,NNS,3,5,0,friend,236,7.987842082450764,1885.1307314583803
both,12.178378,4.170645,311,266,0.0003389290606186092,11.52672903717163,4,DT,DT,3,3,1,both,255,7.876131694953748,2008.4135822132057
anyone,-13.940308,16.835659,312,262,0.0003338323830153219,11.54858847113537,6,NN,NN,2,3,0,anyon,252,7.893205208312689,1989.0877124947976
called,-21.03381,-1.8061078,313,260,0.00033128404421367823,11.559643659644365,6,VB,VBD,1,2,0,call,253,7.887491557118295,1995.5353639509287
friend,20.522572,-22.798777,314,260,0.00033128404421367823,11.559643659644365,6,NN,NN,2,3,0,friend,242,7.951621894538011,1924.2924984781987
care,-22.517145,8.558618,315,259,0.00033000987481285636,11.565203184986267,4,VB,VB,2,5,0,care,245,7.933847192810035,1943.7925622384585
thinking,-2.6812623,12.101403,316,258,0.00032873570541203453,11.570784217249566,8,VB,VBG,2,2,0,think,245,7.933847192810035,1943.7925622384585
sales,0.045064777,-20.866219,317,256,0.00032618736661039083,11.58201147267282,5,NN,NNS,1,3,0,sale,233,8.006298987158326,1865.4676640078899
start,-30.822132,21.077005,318,256,0.00032618736661039083,11.58201147267282,5,VB,VB,3,5,0,start,251,7.898941577861834,1982.6343360433202
check,-26.655666,22.753344,319,255,0.000324913197209569,11.587658035813963,5,VB,VB,4,6,0,check,236,7.987842082450764,1885.1307314583803
hard,-10.746461,0.18522713,320,254,0.0003236390278087472,11.593326785900654,4,JJ,JJ,4,6,0,hard,234,8.000120412229201,1872.028176461633
camera,21.645897,-0.9864096,321,254,0.0003236390278087472,11.593326785900654,6,NN,NN,2,4,0,camera,240,7.963594536204087,1911.262688688981
play,-27.831223,14.632254,322,251,0.00031981651960628167,11.610467918722048,4,VB,VB,3,5,0,play,239,7.969618323831857,1904.7387793958137
person,-6.319932,-12.998602,323,248,0.00031599401140381615,11.627815162285945,6,NN,NN,1,1,0,person,225,8.056703940595568,1812.7583866340028
goes,28.787,-4.2030563,324,248,0.00031599401140381615,11.627815162285945,4,VB,VBZ,2,2,0,goe,232,8.012504136685033,1858.9009597109277
meeting,10.80491,-16.289787,325,247,0.00031471984200299427,11.633644241088142,7,NN,NN,2,2,0,meet,238,7.975667368504662,1898.2088337041096
many,-11.392797,-6.8787856,326,244,0.0003108973338005288,11.651274135109933,4,JJ,JJ,2,2,0,mani,231,8.018736090396548,1852.3280368816024
hold,19.7339,1.1646203,327,242,0.0003083489949988851,11.663148235398225,4,VB,VB,3,5,0,hold,206,8.183984604629387,1685.9008285536538
remember,-20.838966,6.518161,328,238,0.00030325231739559776,11.687193709364877,8,VB,VB,2,4,0,rememb,228,8.037595117647864,1832.571686823713
david,25.070995,17.683264,329,237,0.0003019781479947759,11.693268223774561,5,NN,NNP,2,2,0,david,216,8.115597629649137,1752.9690880042137
sounds,-13.521158,-1.3294694,330,237,0.0003019781479947759,11.693268223774561,6,VB,VBZ,3,4,0,sound,230,8.02499508086823,1845.748868599693
already,-27.415201,-6.7775793,331,236,0.00030070397859395406,11.699368423310979,7,RB,RB,1,1,0,alreadi,234,8.000120412229201,1872.028176461633
takes,25.83088,0.0031429254,332,236,0.00030070397859395406,11.699368423310979,5,VB,VBZ,2,2,0,take,228,8.037595117647864,1832.571686823713
most,-8.24522,-19.321842,333,235,0.00029942980919313224,11.70549452610782,4,RB,RBS,3,4,1,most,229,8.031281343715662,1839.1634277108867
tonight,3.1030588,12.343552,334,234,0.00029815563979231037,11.711646753089417,7,NN,NN,6,10,0,tonight,228,8.037595117647864,1832.571686823713
understand,-21.74529,7.2456613,335,234,0.00029815563979231037,11.711646753089417,10,VB,VB,2,3,0,understand,230,8.02499508086823,1845.748868599693
morning,16.3523,21.47079,336,234,0.00029815563979231037,11.711646753089417,7,NN,NN,2,3,0,morn,228,8.037595117647864,1832.571686823713
watch,-22.534788,19.84249,337,233,0.00029688147039148854,11.71782532801854,5,VB,VB,3,5,0,watch,211,8.14938594310542,1719.5204339952436
woman,-1.1802692,-9.568825,338,233,0.00029688147039148854,11.71782532801854,5,NN,NN,3,4,0,woman,219,8.095698072211432,1772.9578778143036
making,-0.4278723,4.988474,339,233,0.00029688147039148854,11.71782532801854,6,VB,VBG,2,2,0,make,229,8.031281343715662,1839.1634277108867
stay,-29.077297,23.720142,340,231,0.00029433313158984484,11.730262431256763,4,VB,VB,2,5,0,stay,223,8.069585231892301,1799.517506711983
question,-5.4662294,-10.553156,341,231,0.00029433313158984484,11.730262431256763,8,NN,NN,2,4,0,question,224,8.063130209755002,1806.1411669851204
may,-31.60996,0.69192976,342,231,0.00029433313158984484,11.730262431256763,3,MD,MD,3,3,0,may,222,8.0760692654625,1792.8873769326751
enough,-10.618043,-0.74042827,343,231,0.00029433313158984484,11.730262431256763,6,RB,RB,4,5,0,enough,209,8.163125999731722,1706.09333394393
voice,19.001385,10.876849,344,229,0.0002917847927882012,11.742807684575876,5,NN,NN,3,4,0,voic,199,8.233860511268956,1638.5382417425224
girl,-2.6240904,-9.580776,345,229,0.0002917847927882012,11.742807684575876,4,NN,NN,3,7,0,girl,213,8.135775511586766,1732.9201839679813
part,5.0618134,-26.023949,346,229,0.0002917847927882012,11.742807684575876,4,NN,NN,2,3,0,part,214,8.12901814541146,1739.6098831180523
mr,27.037584,11.842809,347,228,0.0002905106233873794,11.749121458508078,2,NN,NNP,5,9,0,mr,209,8.163125999731722,1706.09333394393
left,-23.53949,-4.4332952,348,228,0.0002905106233873794,11.749121458508078,4,VB,VBD,3,7,0,left,223,8.069585231892301,1799.517506711983
point,-5.0427575,-14.957647,349,227,0.0002892364539865575,11.755462985381905,5,NN,NN,3,5,0,point,214,8.12901814541146,1739.6098831180523
while,2.0033042,0.100148685,350,227,0.0002892364539865575,11.755462985381905,5,IN,IN,3,3,1,while,226,8.050306169397418,1819.3691942838163
funny,-4.7519197,1.2660663,351,226,0.0002879622845857357,11.761832510257632,5,JJ,JJ,5,7,0,funni,207,8.17699817431328,1692.6386220828488
meet,-28.855675,14.956353,352,225,0.00028668811518491386,11.768230281455782,4,VB,VB,3,6,0,meet,222,8.0760692654625,1792.8873769326751
totally,-8.746088,8.240942,353,225,0.00028668811518491386,11.768230281455782,7,RB,RB,2,2,0,total,219,8.095698072211432,1772.9578778143036
says,-17.479908,-2.662086,354,224,0.000285413945784092,11.774656550615216,4,VB,VBZ,2,2,0,say,210,8.156239614146482,1712.8103189707613
christmas,4.7571487,-6.8119316,355,223,0.00028413977638327016,11.781111572752515,9,NN,NNP,2,3,0,christma,195,8.263154818062995,1611.315189522284
weird,-8.403644,1.9957644,356,222,0.00028286560698244834,11.787595606322714,5,JJ,JJ,3,6,0,weird,213,8.135775511586766,1732.9201839679813
bit,-8.613627,-11.752741,357,222,0.00028286560698244834,11.787595606322714,3,NN,NN,3,7,0,bit,216,8.115597629649137,1752.9690880042137
crazy,-9.134877,4.766383,358,221,0.00028159143758162646,11.794108913281388,5,JJ,JJ,3,5,0,crazi,201,8.219433440633678,1652.1061215673692
starts,23.908762,-0.7270761,359,218,0.00027776892937916094,11.813827147895894,6,VB,VBZ,2,2,0,start,214,8.12901814541146,1739.6098831180523
heard,-27.30163,-4.6058273,360,218,0.00027776892937916094,11.813827147895894,5,VB,VBN,4,9,0,heard,213,8.135775511586766,1732.9201839679813
holly,24.536749,15.8760195,361,218,0.00027776892937916094,11.813827147895894,5,NN,NNP,3,3,0,holli,195,8.263154818062995,1611.315189522284
used,-28.87541,1.8886907,362,217,0.0002764947599783391,11.820460240228341,4,VB,VBD,2,3,0,use,213,8.135775511586766,1732.9201839679813
number,0.64386666,-31.2226,363,217,0.0002764947599783391,11.820460240228341,6,NN,NN,1,2,0,number,191,8.293056303776856,1583.9737540213796
youre,0.6006679,16.379303,364,216,0.0002752205905775173,11.827123970509351,5,NN,NNP,10,15,0,your,199,8.233860511268956,1638.5382417425224
world,5.5614767,-19.677525,365,216,0.0002752205905775173,11.827123970509351,5,NN,NN,4,5,0,world,203,8.20514921462743,1665.6452905693682
thats,0.9516312,14.63942,366,215,0.0002739464211766954,11.83381862308336,5,NN,NNP,7,12,0,that,205,8.19100503230716,1679.156031622968
mind,-22.137075,11.137485,367,214,0.0002726722517758736,11.840544486271673,4,NN,NN,3,5,0,mind,210,8.156239614146482,1712.8103189707613
each,-4.9353037,-26.113737,368,214,0.0002726722517758736,11.840544486271673,4,DT,DT,1,1,1,each,202,8.21227364906081,1658.8792771102837
break,21.722872,-7.03287,369,214,0.0002726722517758736,11.840544486271673,5,NN,NN,3,5,0,break,202,8.21227364906081,1658.8792771102837
stupid,-7.647726,2.5194917,370,213,0.00027139808237505177,11.847301852446982,6,JJ,JJ,3,5,0,stupid,199,8.233860511268956,1638.5382417425224
somebody,-13.781869,17.724731,371,213,0.00027139808237505177,11.847301852446982,8,NN,NN,3,6,0,somebodi,201,8.219433440633678,1652.1061215673692
game,13.031936,-11.600668,372,212,0.00027012391297422995,11.85409101810962,4,NN,NN,1,2,0,game,186,8.331326320704575,1549.6266956510508
fire,-21.343565,13.402635,373,211,0.0002688497435734081,11.860912283965636,4,NN,NN,4,7,0,fire,199,8.233860511268956,1638.5382417425224
ready,0.46955886,8.92702,374,211,0.0002688497435734081,11.860912283965636,5,JJ,JJ,3,5,0,readi,206,8.183984604629387,1685.9008285536538
course,4.4304175,-24.438772,375,210,0.00026757557417258625,11.867765955006698,6,NN,NN,3,4,0,cours,203,8.20514921462743,1665.6452905693682
end,12.064774,-20.291119,376,210,0.00026757557417258625,11.867765955006698,3,NN,NN,2,3,0,end,198,8.241128511732995,1631.743445323133
myself,-18.37769,12.195002,377,210,0.00026757557417258625,11.867765955006698,6,PR,PRP,3,4,1,myself,202,8.21227364906081,1658.8792771102837
points,21.902071,-0.15742064,378,209,0.00026630140477176443,11.874652340591938,6,NN,NNS,2,3,0,point,187,8.323590671924968,1556.511455649969
wants,-18.442747,-4.587516,379,209,0.00026630140477176443,11.874652340591938,5,VB,VBZ,2,3,0,want,201,8.219433440633678,1652.1061215673692
important,-8.935893,-3.312994,380,208,0.00026502723537094255,11.881571754531729,9,JJ,JJ,2,3,0,import,193,8.278028094544526,1597.6594222470935
later,-1.9145684,20.98745,381,208,0.00026502723537094255,11.881571754531729,5,RB,RB,4,7,0,later,208,8.170045413671513,1699.3694460436748
welcome,2.1744127,7.677212,382,208,0.00026502723537094255,11.881571754531729,7,JJ,JJ,5,9,0,welcom,191,8.293056303776856,1583.9737540213796
happened,-18.01221,1.1335341,383,206,0.0002624788965692989,11.895510945489601,8,VB,VBD,1,2,0,happen,201,8.219433440633678,1652.1061215673692
ha,23.482588,8.901624,384,205,0.00026120472716847703,11.902531373167374,2,NN,NN,3,5,0,ha,107,9.12901814541146,976.8049415590261
conference,22.072906,-7.626107,385,204,0.0002599305577676552,11.909586130701324,10,NN,NN,1,2,0,confer,194,8.270572289625477,1604.4910241873426
gabe,23.409021,15.697226,386,203,0.0002586563883668334,11.916675555487643,4,NN,NNP,4,6,0,gabe,173,8.43585690417588,1459.4032444224272
singing,19.87522,10.073631,387,203,0.0002586563883668334,11.916675555487643,7,VB,VBG,3,4,0,sing,198,8.241128511732995,1631.743445323133
once,-18.346586,-12.050114,388,202,0.0002573822189660115,11.923799989921026,4,RB,RB,4,4,1,onc,199,8.233860511268956,1638.5382417425224
deal,-7.7432394,-8.973705,389,202,0.0002573822189660115,11.923799989921026,4,NN,NN,3,5,0,deal,191,8.293056303776856,1583.9737540213796
laughing,19.46147,13.693843,390,200,0.00025483388016436787,11.938155282898096,8,VB,VBG,3,4,0,laugh,195,8.263154818062995,1611.315189522284
though,-10.671327,6.8484025,391,199,0.000253559710763546,11.945386852129172,6,IN,IN,4,6,0,though,195,8.263154818062995,1611.315189522284
sighs,20.235266,12.793918,392,199,0.000253559710763546,11.945386852129172,5,NN,NNS,2,4,0,sigh,197,8.248433312356228,1624.941362534177
taking,0.23184574,6.2949004,393,199,0.000253559710763546,11.945386852129172,6,VB,VBG,2,2,0,take,196,8.255775287697398,1618.13195638869
seen,-27.804611,-4.8077946,394,198,0.00025228554136272417,11.952654852593211,4,VB,VBN,3,3,0,seen,192,8.28552263109145,1590.8203451695583
lunch,8.402004,-4.956635,395,198,0.00025228554136272417,11.952654852593211,5,NN,NN,3,6,0,lunch,179,8.38666935454835,1501.2138144641544
hmm,15.245822,14.456232,396,197,0.00025101137196190235,11.959959653216444,3,NN,NN,3,4,0,hmm,190,8.300629523481657,1577.1196094615148
under,24.682579,-12.166109,397,196,0.00024973720256108047,11.967301628557612,5,IN,IN,2,2,1,under,190,8.300629523481657,1577.1196094615148
sometimes,-14.208004,6.372634,398,195,0.00024846303316025865,11.97468115892321,9,RB,RB,3,4,0,sometim,183,8.354785293528563,1528.925708715727
problem,-7.2716813,-9.004129,399,195,0.00024846303316025865,11.97468115892321,7,NN,NN,2,3,0,problem,192,8.28552263109145,1590.8203451695583
creed,24.496319,13.388568,400,194,0.0002471888637594368,11.982098630485693,5,NN,NNP,4,7,0,creed,173,8.43585690417588,1459.4032444224272
exactly,-4.469054,4.1687293,401,194,0.0002471888637594368,11.982098630485693,7,RB,RB,2,2,0,exactli,193,8.278028094544526,1597.6594222470935
excuse,-17.545143,21.510164,402,190,0.00024209218615614945,12.012155864341873,6,IN,IN,3,5,0,excus,180,8.37863203548293,1508.1537663869274
mom,20.87419,-19.844158,403,190,0.00024209218615614945,12.012155864341873,3,NN,NN,6,7,0,mom,179,8.38666935454835,1501.2138144641544
family,16.335428,-22.112762,404,190,0.00024209218615614945,12.012155864341873,6,NN,NN,2,3,0,famili,172,8.444220377110508,1452.4059048630074
minutes,-2.1887782,-31.814842,405,189,0.00024081801675532763,12.019769048451748,7,NN,NNS,1,2,0,minut,174,8.427541635963877,1466.3922446577146
schrute,26.843267,5.177478,406,189,0.00024081801675532763,12.019769048451748,7,NN,NNP,3,4,0,schrute,174,8.427541635963877,1466.3922446577146
eat,-25.577286,12.869643,407,188,0.00023954384735450578,12.027422620995182,3,VB,VB,4,7,0,eat,169,8.469605695530422,1431.3633625446414
move,-25.314505,22.66526,408,188,0.00023954384735450578,12.027422620995182,4,VB,VB,3,6,0,move,176,8.411053513175307,1480.3454183188542
saw,-22.493921,-3.2988255,409,187,0.00023826967795368393,12.035117012785184,3,VB,VBD,3,6,0,saw,175,8.419274019980277,1473.3729534965485
bring,-28.39204,19.84938,410,187,0.00023826967795368393,12.035117012785184,5,VB,VB,2,5,0,bring,181,8.3706392447294,1515.0857032960214
hit,-24.684408,19.20944,411,186,0.0002369955085528621,12.042852661564789,3,VB,VB,4,8,0,hit,171,8.452632616926708,1445.400177494467
working,1.7552173,2.7463655,412,186,0.0002369955085528621,12.042852661564789,7,VB,VBG,3,4,0,work,183,8.354785293528563,1528.925708715727
four,-1.9477416,-32.399223,413,186,0.0002369955085528621,12.042852661564789,4,CD,CD,2,3,0,four,180,8.37863203548293,1508.1537663869274
high,8.281252,-21.129251,414,186,0.0002369955085528621,12.042852661564789,4,JJ,JJ,4,6,0,high,170,8.461094195674903,1438.3860132647335
true,-9.2409525,3.821754,415,185,0.00023572133915204026,12.050630012156509,4,JJ,JJ,2,3,0,true,175,8.419274019980277,1473.3729534965485
bye,19.750727,15.3541975,416,184,0.0002344471697512184,12.058449516615807,3,NN,NN,3,4,0,bye,158,8.566704383635502,1353.5392926144093
kids,-4.5053377,-21.634869,417,184,0.0002344471697512184,12.058449516615807,4,NN,NNS,2,4,0,kid,166,8.49544570046568,1410.2439862773028
run,-26.24024,21.363688,418,183,0.0002331730003503966,12.066311634388777,3,VB,VB,2,5,0,run,171,8.452632616926708,1445.400177494467
sit,-28.213804,24.056395,419,183,0.0002331730003503966,12.066311634388777,3,VB,VB,3,7,0,sit,175,8.419274019980277,1473.3729534965485
times,-3.2243547,-30.175064,420,182,0.00023189883094957474,12.074216832474123,5,NN,NNS,3,5,0,time,173,8.43585690417588,1459.4032444224272
comes,28.760881,-4.120997,421,182,0.00023189883094957474,12.074216832474123,5,VB,VBZ,2,4,0,come,177,8.402879581729609,1487.3096859661407
awesome,-5.0827093,2.6609836,422,182,0.00023189883094957474,12.074216832474123,7,JJ,JJ,4,5,0,awesom,170,8.461094195674903,1438.3860132647335
turns,25.542294,-4.5075164,423,181,0.00023062466154875292,12.082165585589614,5,VB,VBZ,2,4,0,turn,177,8.402879581729609,1487.3096859661407
supposed,-3.9997008,15.08845,424,181,0.00023062466154875292,12.082165585589614,8,VB,VBN,2,4,0,suppos,176,8.411053513175307,1480.3454183188542
hate,-23.055971,2.574854,425,180,0.00022935049214793107,12.090158376343146,4,VB,VBP,3,7,0,hate,150,8.641666441316724,1296.2499661975087
nope,8.869848,15.104221,426,180,0.00022935049214793107,12.090158376343146,4,NN,NN,3,4,0,nope,147,8.67081278697624,1274.6094796855073
food,1.9220136,-14.524768,427,180,0.00022935049214793107,12.090158376343146,4,NN,NN,1,2,0,food,169,8.469605695530422,1431.3633625446414
week,-5.750394,-30.481035,428,179,0.00022807632274710922,12.098195695408563,4,NN,NN,2,3,0,week,167,8.486780839338554,1417.2924001695385
kidding,-4.107925,11.331937,429,178,0.0002268021533462874,12.106278041706423,7,VB,VBG,2,3,0,kid,172,8.444220377110508,1452.4059048630074
ten,-1.4072375,-32.09086,430,177,0.00022552798394546555,12.114405922589823,3,JJ,JJ,6,11,0,ten,171,8.452632616926708,1445.400177494467
wo,-17.528542,8.045355,431,177,0.00022552798394546555,12.114405922589823,2,MD,MD,4,4,0,wo,160,8.548557036925244,1367.769125908039
few,1.8071574,-28.536842,432,174,0.00022170547574300003,12.139067976824093,3,JJ,JJ,1,1,1,few,168,8.478167709033846,1424.3321751176861
different,-2.952145,-17.717833,433,173,0.0002204313063421782,12.147383245036096,9,JJ,JJ,2,3,0,differ,168,8.478167709033846,1424.3321751176861
yet,-15.253487,3.3739789,434,172,0.00021915713694135636,12.155746717970722,3,RB,RB,2,2,0,yet,169,8.469605695530422,1431.3633625446414
couple,2.0312152,-28.27227,435,171,0.0002178829675405345,12.164158957786922,6,NN,NN,2,3,0,coupl,165,8.50416291756679,1403.1868813985202
knew,-22.205687,2.5337985,436,170,0.00021660879813971268,12.172620536535119,4,VB,VBD,2,4,0,knew,156,8.585082912950357,1339.2729344202558
turn,-25.397676,23.77893,437,169,0.00021533462873889083,12.181132036390636,4,VB,VB,2,4,0,turn,154,8.603698591117704,1324.9695830321264
warehouse,12.942508,-15.344459,438,168,0.00021406045933806899,12.18969404989406,9,NN,NN,4,6,0,warehous,158,8.566704383635502,1353.5392926144093
yep,14.5958605,15.257188,439,168,0.00021406045933806899,12.18969404989406,3,NN,NN,3,4,0,yep,159,8.55760217652825,1360.6587460679918
em,-6.636216,22.172888,440,167,0.00021278628993724716,12.198307180198768,2,PR,PRP,8,13,0,em,148,8.661031766183656,1281.8327013951812
robert,23.895811,14.228348,441,167,0.00021278628993724716,12.198307180198768,6,NN,NNP,1,2,0,robert,159,8.55760217652825,1360.6587460679918
wish,-24.5603,4.3423796,442,167,0.00021278628993724716,12.198307180198768,4,VB,VBP,3,5,0,wish,159,8.55760217652825,1360.6587460679918
corporate,7.477562,-4.5347514,443,167,0.00021278628993724716,12.198307180198768,9,JJ,JJ,3,3,0,corpor,161,8.539568253697988,1374.870488845376
branch,3.6715875,-21.080078,444,166,0.0002115121205364253,12.206972041325896,6,NN,NN,1,2,0,branch,158,8.566704383635502,1353.5392926144093
playing,16.703655,0.48342663,445,166,0.0002115121205364253,12.206972041325896,7,VB,VBG,2,3,0,play,160,8.548557036925244,1367.769125908039
until,-19.380941,-7.6525073,446,166,0.0002115121205364253,12.206972041325896,5,IN,IN,1,1,1,until,163,8.521756977581529,1389.046387345789
yourself,-6.8300366,22.228586,447,166,0.0002115121205364253,12.206972041325896,8,PR,PRP,3,3,1,yourself,157,8.575864382920978,1346.4107081185934
came,-21.256922,-9.968139,448,166,0.0002115121205364253,12.206972041325896,4,VB,VBD,1,1,0,came,158,8.566704383635502,1353.5392926144093
birthday,21.611486,-22.381777,449,166,0.0002115121205364253,12.206972041325896,8,NN,NN,2,3,0,birthday,140,8.741202114867638,1223.7682960814693
open,21.908537,-5.790011,450,164,0.00020896378173478164,12.224459468054736,4,VB,JJ,4,5,0,open,152,8.62255761836902,1310.628757992091
buy,-27.449957,17.016602,451,163,0.0002076896123339598,12.233283318441742,3,VB,VB,2,3,0,buy,154,8.603698591117704,1324.9695830321264
front,13.435601,-17.873371,452,163,0.0002076896123339598,12.233283318441742,5,NN,NN,4,5,0,front,156,8.585082912950357,1339.2729344202558
must,-31.53583,0.67322236,453,163,0.0002076896123339598,12.233283318441742,4,MD,MD,3,3,0,must,157,8.575864382920978,1346.4107081185934
leaves,25.893713,4.1209755,454,162,0.00020641544293313797,12.242161469788195,6,VB,VBZ,2,2,0,leav,160,8.548557036925244,1367.769125908039
took,-23.034653,-2.95984,455,162,0.00020641544293313797,12.242161469788195,4,VB,VBD,3,5,0,took,157,8.575864382920978,1346.4107081185934
line,15.894849,-8.581212,456,161,0.00020514127353231612,12.251094594558204,4,NN,NN,1,2,0,line,140,8.741202114867638,1223.7682960814693
walk,-24.268879,24.386257,457,161,0.00020514127353231612,12.251094594558204,4,VB,VB,3,6,0,walk,157,8.575864382920978,1346.4107081185934
hell,-3.167746,4.43254,458,159,0.00020259293473067245,12.269128517388465,4,NN,NN,4,6,0,hell,156,8.585082912950357,1339.2729344202558
read,-26.101566,14.423173,459,159,0.00020259293473067245,12.269128517388465,4,VB,VB,3,6,0,read,149,8.651316611350444,1289.0461750912161
perfect,-6.2039123,2.8408742,460,159,0.00020259293473067245,12.269128517388465,7,JJ,JJ,3,5,0,perfect,153,8.613097289119954,1317.803885235353
school,7.7392507,-15.43106,461,159,0.00020259293473067245,12.269128517388465,6,NN,NN,1,2,0,school,145,8.690576041797671,1260.1335260606622
house,19.727306,-15.672561,462,159,0.00020259293473067245,12.269128517388465,5,NN,NN,1,2,0,hous,148,8.661031766183656,1281.8327013951812
movie,-2.1916704,-10.490755,463,159,0.00020259293473067245,12.269128517388465,5,NN,NN,1,2,0,movi,149,8.651316611350444,1289.0461750912161
holds,28.82691,-0.26222485,464,158,0.0002013187653298506,12.278230724495717,5,VB,VBZ,2,2,0,hold,154,8.603698591117704,1324.9695830321264
such,-7.699621,-2.2141888,465,158,0.0002013187653298506,12.278230724495717,4,JJ,JJ,3,3,1,such,156,8.585082912950357,1339.2729344202558
hope,-23.54503,3.5956085,466,157,0.00020004459592902878,12.287390723781193,4,VB,VBP,3,5,0,hope,153,8.613097289119954,1317.803885235353
women,-4.0637302,-22.962164,467,156,0.00019877042652820693,12.296609253810573,5,NN,NNS,1,2,0,women,139,8.751544059089099,1216.4646242133847
gay,-5.9312077,7.829919,468,156,0.00019877042652820693,12.296609253810573,3,JJ,JJ,5,9,0,gay,133,8.815202696311417,1172.4219586094184
started,-22.481207,-6.746079,469,154,0.00019622208772656326,12.31522493197792,7,VB,VBD,3,4,0,start,152,8.62255761836902,1310.628757992091
picture,13.412402,-13.854532,470,153,0.0001949479183257414,12.324623629980168,7,NN,NN,2,3,0,pictur,140,8.741202114867638,1223.7682960814693
set,-21.780611,21.836605,471,153,0.0001949479183257414,12.324623629980168,3,VB,VB,2,5,0,set,151,8.632080392487527,1303.4441392656165
close,-5.995661,-3.7839081,472,152,0.00019367374892491956,12.334083959229234,5,RB,RB,4,6,0,close,148,8.661031766183656,1281.8327013951812
without,10.974596,-3.1716402,473,152,0.00019367374892491956,12.334083959229234,7,IN,IN,1,1,0,without,148,8.661031766183656,1281.8327013951812
computer,19.61821,-13.848986,474,152,0.00019367374892491956,12.334083959229234,8,NN,NN,1,2,0,comput,136,8.783022290562267,1194.4910315164682
means,-16.235601,0.15166146,475,151,0.00019239957952409774,12.343606733347741,5,VB,VBZ,2,3,0,mean,142,8.720738012307924,1238.3447977477254
hour,2.5310206,-17.135471,476,151,0.00019239957952409774,12.343606733347741,4,NN,NN,2,2,0,hour,138,8.761960675034437,1209.1505731547525
nobody,-11.419656,15.806492,477,150,0.00019112541012327589,12.35319278217694,6,NN,NN,1,2,0,nobodi,145,8.690576041797671,1260.1335260606622
sex,-15.047211,-11.538702,478,150,0.00019112541012327589,12.35319278217694,3,NN,NN,5,7,0,sex,138,8.761960675034437,1209.1505731547525
damn,17.30055,7.8327417,479,150,0.00019112541012327589,12.35319278217694,4,NN,NN,5,7,0,damn,148,8.661031766183656,1281.8327013951812
wedding,14.099125,-22.415863,480,149,0.00018985124072245404,12.36284295221066,7,NN,NN,2,3,0,wed,132,8.826091012454151,1165.044013643948
card,17.713804,-14.400832,481,148,0.00018857707132163221,12.37255810704387,4,NN,NN,4,5,0,card,134,8.804395941354834,1179.7890561415477
mmhmm,13.398817,14.857332,482,148,0.00018857707132163221,12.37255810704387,5,NN,NN,1,3,0,mmhmm,145,8.690576041797671,1260.1335260606622
box,19.174412,-8.433883,483,147,0.00018730290192081037,12.382339127836456,3,NN,NN,4,5,0,box,137,8.772453048852078,1201.8260676927348
puts,25.527855,-1.393025,484,147,0.00018730290192081037,12.382339127836456,4,VB,VBZ,2,4,0,put,145,8.690576041797671,1260.1335260606622
top,13.195761,-19.27054,485,147,0.00018730290192081037,12.382339127836456,3,NN,NN,3,4,0,top,139,8.751544059089099,1216.4646242133847
sound,-17.242117,3.6829638,486,146,0.00018602873251998854,12.392186913792802,5,NN,NN,5,10,0,sound,144,8.700560130370294,1252.8806587733222
side,13.365132,-19.251,487,145,0.0001847545631191667,12.402102382657885,4,NN,NN,3,4,0,side,129,8.859257876389352,1142.8442660542264
days,-3.3160026,-29.34338,488,145,0.0001847545631191667,12.402102382657885,4,NN,NNS,2,5,0,day,134,8.804395941354834,1179.7890561415477
ago,-3.498686,-31.931974,489,145,0.0001847545631191667,12.402102382657885,3,RB,RB,3,3,0,ago,143,8.710613795034217,1245.617772689893
pick,-23.758299,21.695671,490,145,0.0001847545631191667,12.402102382657885,4,VB,VB,3,6,0,pick,134,8.804395941354834,1179.7890561415477
six,-1.166495,-31.894197,491,145,0.0001847545631191667,12.402102382657885,3,CD,CD,2,3,0,six,137,8.772453048852078,1201.8260676927348
shut,30.00669,-0.21653599,492,145,0.0001847545631191667,12.402102382657885,4,NN,NNP,5,9,0,shut,128,8.870485131812606,1135.4220968720135
black,-1.1405078,-11.792754,493,144,0.00018348039371834484,12.412086471230507,5,JJ,JJ,2,3,0,black,134,8.804395941354834,1179.7890561415477
since,-25.564337,-8.099369,494,144,0.00018348039371834484,12.412086471230507,5,IN,IN,1,1,0,sinc,142,8.720738012307924,1238.3447977477254
whatever,-15.119994,12.996448,495,144,0.00018348039371834484,12.412086471230507,8,WD,WDT,6,7,0,whatev,139,8.751544059089099,1216.4646242133847
date,4.9564047,-10.675801,496,143,0.00018220622431752302,12.42214013589443,4,NN,NN,1,2,0,date,134,8.804395941354834,1179.7890561415477
word,-4.00434,-11.440264,497,142,0.00018093205491670117,12.432264353168138,4,NN,NN,1,2,0,word,134,8.804395941354834,1179.7890561415477
wife,20.091915,-20.057787,498,142,0.00018093205491670117,12.432264353168138,4,NN,NN,1,2,0,wife,133,8.815202696311417,1172.4219586094184
serious,-1.4017023,9.930003,499,142,0.00018093205491670117,12.432264353168138,7,JJ,JJ,1,1,0,seriou,138,8.761960675034437,1209.1505731547525
joke,-6.686835,-7.745353,500,142,0.00018093205491670117,12.432264353168138,4,NN,NN,3,6,0,joke,130,8.848117318784151,1150.2552514419397
happen,-25.913797,11.520059,501,142,0.00018093205491670117,12.432264353168138,6,VB,VB,3,5,0,happen,138,8.761960675034437,1209.1505731547525
halpert,25.201307,6.373196,502,142,0.00018093205491670117,12.432264353168138,7,NN,NNP,2,3,0,halpert,135,8.793669534761774,1187.1453871928395
table,18.095827,-6.855473,503,141,0.00017965788551587932,12.442460120274026,5,NN,NN,3,3,0,tabl,134,8.804395941354834,1179.7890561415477
roy,12.526871,9.436373,504,141,0.00017965788551587932,12.442460120274026,3,NN,NNP,1,2,0,roy,127,8.88180044504044,1127.988656520136
found,-23.598368,-3.6262877,505,141,0.00017965788551587932,12.442460120274026,5,VB,VBD,3,7,0,found,138,8.761960675034437,1209.1505731547525
heart,18.336325,-21.926569,506,141,0.00017965788551587932,12.442460120274026,5,NN,NN,1,2,0,heart,124,8.91628882142573,1105.6198138567906
seriously,12.104594,14.130204,507,140,0.0001783837161150575,12.452728455727854,9,RB,RB,1,1,0,serious,138,8.761960675034437,1209.1505731547525
drive,-25.860826,19.650887,508,140,0.0001783837161150575,12.452728455727854,5,VB,VB,4,6,0,drive,132,8.826091012454151,1165.044013643948
kid,-0.42905787,-9.757036,509,140,0.0001783837161150575,12.452728455727854,3,NN,NN,3,7,0,kid,134,8.804395941354834,1179.7890561415477
ya,3.549656,22.304085,510,139,0.00017710954671423565,12.463070399949313,2,NN,NN,7,11,0,ya,130,8.848117318784151,1150.2552514419397
pay,-27.479252,15.122117,511,139,0.00017710954671423565,12.463070399949313,3,VB,VB,2,4,0,pay,136,8.783022290562267,1194.4910315164682
half,0.5265713,-29.907549,512,139,0.00017710954671423565,12.463070399949313,4,NN,NN,4,5,0,half,126,8.89320520831269,1120.543856247399
definitely,6.9060664,15.333701,513,138,0.00017583537731341383,12.473487015894651,10,RB,RB,2,2,0,definit,134,8.804395941354834,1179.7890561415477
team,4.480412,-15.593229,514,138,0.00017583537731341383,12.473487015894651,4,NN,NN,3,4,0,team,123,8.927970626473366,1098.140387056224
anybody,-13.749145,17.042568,515,138,0.00017583537731341383,12.473487015894651,7,NN,NN,3,4,0,anybodi,133,8.815202696311417,1172.4219586094184
chair,19.940022,-14.410957,516,138,0.00017583537731341383,12.473487015894651,5,NN,NN,2,3,0,chair,119,8.975667368504663,1068.1044168520548
gone,-26.065603,-7.6401362,517,138,0.00017583537731341383,12.473487015894651,4,VB,VBN,2,3,0,gone,129,8.859257876389352,1142.8442660542264
bathroom,18.013624,-10.136521,518,138,0.00017583537731341383,12.473487015894651,8,NN,NN,2,3,0,bathroom,130,8.848117318784151,1150.2552514419397
coffee,10.393795,-10.414687,519,137,0.00017456120791259198,12.483979389712294,6,NN,NN,2,6,0,coffe,130,8.848117318784151,1150.2552514419397
dollars,-1.3014215,-30.140137,520,137,0.00017456120791259198,12.483979389712294,7,NN,NNS,1,1,0,dollar,118,8.987842082450765,1060.5653657291903
gave,-22.699898,-1.8983778,521,137,0.00017456120791259198,12.483979389712294,4,VB,VBD,1,1,0,gave,134,8.804395941354834,1179.7890561415477
lost,-23.853283,-6.677147,522,136,0.00017328703851177013,12.49454863142248,4,VB,VBD,3,5,0,lost,131,8.837062130275156,1157.6551390660454
laugh,12.459276,4.96599,523,136,0.00017328703851177013,12.49454863142248,5,IN,IN,6,8,0,laugh,131,8.837062130275156,1157.6551390660454
sign,-20.427248,17.873428,524,136,0.00017328703851177013,12.49454863142248,4,NN,NN,3,6,0,sign,127,8.88180044504044,1127.988656520136
attention,7.091137,12.421169,525,135,0.0001720128691109483,12.50519587562199,9,NN,NN,1,2,0,attent,128,8.870485131812606,1135.4220968720135
throw,-27.585112,20.54149,526,133,0.0001694645303093046,12.52672903717163,5,VB,VB,2,4,0,throw,125,8.904700847150519,1113.0876058938147
sort,4.525044,-26.279173,527,132,0.0001681903609084828,12.537617353314367,4,NN,NN,2,4,0,sort,130,8.848117318784151,1150.2552514419397
terrible,-7.6722856,-1.1148831,528,132,0.0001681903609084828,12.537617353314367,8,JJ,JJ,2,2,0,terribl,124,8.91628882142573,1105.6198138567906
anymore,-14.86112,5.355325,529,132,0.0001681903609084828,12.537617353314367,7,RB,RB,4,5,0,anymor,130,8.848117318784151,1150.2552514419397
seems,-14.557741,-1.1260238,530,131,0.00016691619150766094,12.54858847113537,5,VB,VBZ,3,5,0,seem,129,8.859257876389352,1142.8442660542264
live,-27.850832,12.275459,531,131,0.00016691619150766094,12.54858847113537,4,VB,VB,4,5,0,live,124,8.91628882142573,1105.6198138567906
wallace,24.975958,17.6583,532,131,0.00016691619150766094,12.54858847113537,7,NN,NNP,3,4,0,wallac,117,9.000120412229201,1053.0140882308165
sell,-27.106565,16.224665,533,131,0.00016691619150766094,12.54858847113537,4,VB,VB,2,3,0,sell,121,8.951621894538011,1083.1462492390992
gift,1.3505602,-11.169776,534,131,0.00016691619150766094,12.54858847113537,4,NN,NN,3,6,0,gift,118,8.987842082450765,1060.5653657291903
case,4.9901505,-19.071291,535,131,0.00016691619150766094,12.54858847113537,4,NN,NN,1,2,0,case,123,8.927970626473366,1098.140387056224
easy,-10.162547,2.7185044,536,131,0.00016691619150766094,12.54858847113537,4,JJ,JJ,3,4,0,easi,128,8.870485131812606,1135.4220968720135
dog,2.449707,-8.765576,537,130,0.00016564202210683912,12.559643659644365,3,NN,NN,2,6,0,dog,119,8.975667368504663,1068.1044168520548
needs,-18.512383,-4.223909,538,130,0.00016564202210683912,12.559643659644365,5,VB,VBZ,2,3,0,need,126,8.89320520831269,1120.543856247399
cut,-25.510777,20.770527,539,130,0.00016564202210683912,12.559643659644365,3,VB,VB,2,6,0,cut,121,8.951621894538011,1083.1462492390992
drink,-22.070776,15.956932,540,130,0.00016564202210683912,12.559643659644365,5,NN,NN,3,5,0,drink,125,8.904700847150519,1113.0876058938147
walking,23.882027,-4.589321,541,129,0.00016436785270601727,12.570784217249566,7,VB,VBG,2,3,0,walk,127,8.88180044504044,1127.988656520136
behind,24.822374,-7.0295506,542,129,0.00016436785270601727,12.570784217249566,6,IN,IN,2,2,0,behind,123,8.927970626473366,1098.140387056224
york,8.413219,-25.332605,543,128,0.00016309368330519542,12.58201147267282,4,NN,NNP,1,1,0,york,113,9.050306169397418,1022.6845971419082
dead,-3.009124,8.932297,544,128,0.00016309368330519542,12.58201147267282,4,JJ,JJ,2,2,0,dead,116,9.012504136685033,1045.4504798554638
beautiful,-4.1452613,-1.1245148,545,127,0.0001618195139043736,12.593326785900654,9,JJ,JJ,2,4,0,beauti,117,9.000120412229201,1053.0140882308165
mmm,15.991212,14.218849,546,127,0.0001618195139043736,12.593326785900654,3,NN,NN,2,3,0,mmm,118,8.987842082450765,1060.5653657291903
asked,-25.881195,1.2257742,547,127,0.0001618195139043736,12.593326785900654,5,VB,VBD,1,3,0,ask,123,8.927970626473366,1098.140387056224
hangs,29.266653,0.36904234,548,127,0.0001618195139043736,12.593326785900654,5,VB,VBZ,2,2,0,hang,125,8.904700847150519,1113.0876058938147
matter,-17.91565,3.2923284,549,126,0.00016054534450355175,12.604731549172904,6,NN,NN,2,2,0,matter,122,8.939747794249719,1090.6492308984657
order,-28.605793,10.5333805,550,126,0.00016054534450355175,12.604731549172904,5,NN,NN,2,3,0,order,122,8.939747794249719,1090.6492308984657
sitting,14.899432,-3.634405,551,126,0.00016054534450355175,12.604731549172904,7,VB,VBG,3,3,0,sit,125,8.904700847150519,1113.0876058938147
eyes,20.12537,-17.826311,552,126,0.00016054534450355175,12.604731549172904,4,NN,NNS,2,5,0,eye,119,8.975667368504663,1068.1044168520548
calling,-3.7607794,10.405844,553,126,0.00016054534450355175,12.604731549172904,7,VB,VBG,3,3,0,call,124,8.91628882142573,1105.6198138567906
months,-2.771958,-31.923674,554,126,0.00016054534450355175,12.604731549172904,6,NN,NNS,1,2,0,month,123,8.927970626473366,1098.140387056224
miss,-24.546164,8.970849,555,126,0.00016054534450355175,12.604731549172904,4,VB,VB,3,6,0,miss,120,8.963594536204088,1075.6313443444906
knows,-17.431837,-1.3579252,556,126,0.00016054534450355175,12.604731549172904,5,VB,VBZ,3,4,0,know,124,8.91628882142573,1105.6198138567906
absolutely,6.844527,15.383351,557,125,0.0001592711751027299,12.616227188010733,10,RB,RB,2,2,0,absolut,125,8.904700847150519,1113.0876058938147
plan,-3.5089324,-13.604769,558,125,0.0001592711751027299,12.616227188010733,4,NN,NN,2,4,0,plan,110,9.089125418287946,999.8037960116741
hours,-1.8772296,-31.4605,559,124,0.00015799700570190807,12.627815162285945,5,NN,NNS,1,2,0,hour,121,8.951621894538011,1083.1462492390992
throws,25.295956,-0.55723345,560,123,0.00015672283630108622,12.63949696733358,6,VB,VBZ,2,2,0,throw,117,9.000120412229201,1053.0140882308165
outside,25.873579,-10.0296335,561,123,0.00015672283630108622,12.63949696733358,7,IN,IN,6,7,0,outsid,120,8.963594536204088,1075.6313443444906
amazing,-5.7374477,2.2957144,562,122,0.0001554486669002644,12.651274135109933,7,JJ,JJ,3,4,0,amaz,121,8.951621894538011,1083.1462492390992
sense,-10.08944,-14.67452,563,122,0.0001554486669002644,12.651274135109933,5,NN,NN,1,2,0,sens,121,8.951621894538011,1083.1462492390992
tomorrow,6.776168,1.9032767,564,122,0.0001554486669002644,12.651274135109933,8,NN,NN,1,2,0,tomorrow,119,8.975667368504663,1068.1044168520548
news,-6.4771786,-16.754225,565,122,0.0001554486669002644,12.651274135109933,4,NN,NN,1,3,0,news,111,9.0760692654625,1007.4436884663376
group,16.188835,-5.8592377,566,122,0.0001554486669002644,12.651274135109933,5,NN,NN,1,2,0,group,117,9.000120412229201,1053.0140882308165
whispering,20.447378,11.6141615,567,122,0.0001554486669002644,12.651274135109933,10,VB,VBG,2,2,0,whisper,120,8.963594536204088,1075.6313443444906
story,-5.3755174,-12.762199,568,122,0.0001554486669002644,12.651274135109933,5,NN,NN,1,2,0,stori,114,9.037595117647864,1030.2858434118566
change,-25.561562,15.459754,569,122,0.0001554486669002644,12.651274135109933,6,VB,VB,2,4,0,chang,119,8.975667368504663,1068.1044168520548
mine,-1.000921,1.8307147,570,122,0.0001554486669002644,12.651274135109933,4,NN,NN,5,7,0,mine,120,8.963594536204088,1075.6313443444906
lets,-2.5627618,22.453241,571,121,0.00015417449749944255,12.663148235398225,4,NN,NNP,5,10,0,let,112,9.063130209755002,1015.0705834925602
raise,-14.636941,-6.523565,572,121,0.00015417449749944255,12.663148235398225,5,NN,NN,2,4,0,rais,106,9.142564677249407,969.1118557884371
boy,9.343694,10.747311,573,120,0.0001529003280986207,12.675120877064302,3,NN,NN,5,8,0,boy,117,9.000120412229201,1053.0140882308165
telling,-4.8657684,10.838586,574,120,0.0001529003280986207,12.675120877064302,7,VB,VBG,2,2,0,tell,114,9.037595117647864,1030.2858434118566
excited,-7.146803,0.8041877,575,120,0.0001529003280986207,12.675120877064302,7,JJ,JJ,2,3,0,excit,118,8.987842082450765,1060.5653657291903
list,12.357113,-13.185794,576,120,0.0001529003280986207,12.675120877064302,4,NN,NN,3,5,0,list,104,9.170045413671513,953.6847230218374
parking,3.6006086,-31.056631,577,119,0.00015162615869779888,12.687193709364877,7,NN,NN,3,3,0,park,117,9.000120412229201,1053.0140882308165
late,-5.5835767,-0.057687774,578,119,0.00015162615869779888,12.687193709364877,4,JJ,JJ,2,2,0,late,116,9.012504136685033,1045.4504798554638
answer,-18.763897,17.29606,579,119,0.00015162615869779888,12.687193709364877,6,VB,VB,4,6,0,answer,114,9.037595117647864,1030.2858434118566
girlfriend,19.778196,-21.006695,580,119,0.00015162615869779888,12.687193709364877,10,NN,NN,3,5,0,girlfriend,116,9.012504136685033,1045.4504798554638
forget,-23.731855,9.458484,581,118,0.00015035198929697703,12.699368423310979,6,VB,VB,2,4,0,forget,109,9.102300807035679,992.150787966889
leaving,1.6020428,7.023997,582,118,0.00015035198929697703,12.699368423310979,7,VB,VBG,1,1,0,leav,114,9.037595117647864,1030.2858434118566
least,8.451756,-3.6115077,583,118,0.00015035198929697703,12.699368423310979,5,JJ,JJS,3,3,0,least,116,9.012504136685033,1045.4504798554638
runs,25.057856,-3.9027941,584,118,0.00015035198929697703,12.699368423310979,4,VB,VBZ,2,5,0,run,116,9.012504136685033,1045.4504798554638
sir,11.879144,16.194813,585,118,0.00015035198929697703,12.699368423310979,3,NN,NN,4,7,0,sir,113,9.050306169397418,1022.6845971419082
between,10.576027,-3.8134534,586,117,0.00014907781989615518,12.711646753089417,7,IN,IN,1,1,1,between,115,9.02499508086823,1037.8744342998464
cell,28.416393,3.1437879,587,117,0.00014907781989615518,12.711646753089417,4,NN,NN,2,4,0,cell,116,9.012504136685033,1045.4504798554638
inside,25.792213,-10.140605,588,116,0.00014780365049533336,12.724030477545249,6,IN,IN,5,6,0,insid,112,9.063130209755002,1015.0705834925602
clients,10.573083,-18.099686,589,116,0.00014780365049533336,12.724030477545249,7,NN,NNS,2,3,0,client,113,9.050306169397418,1022.6845971419082
shakes,25.04716,2.3270082,590,116,0.00014780365049533336,12.724030477545249,6,VB,VBZ,2,5,0,shake,109,9.102300807035679,992.150787966889
special,-6.2620096,-11.792245,591,116,0.00014780365049533336,12.724030477545249,7,JJ,JJ,2,3,0,special,110,9.089125418287946,999.8037960116741
reason,-11.185276,-10.215746,592,116,0.00014780365049533336,12.724030477545249,6,NN,NN,1,1,0,reason,109,9.102300807035679,992.150787966889
karen,23.142675,14.137148,593,115,0.0001465294810945115,12.736521421728446,5,NN,NNP,1,2,0,karen,108,9.115597629649137,984.4845440021069
watching,2.7526846,-0.8414774,594,115,0.0001465294810945115,12.736521421728446,8,VB,VBG,2,3,0,watch,112,9.063130209755002,1015.0705834925602
ahead,-2.6442745,22.66192,595,115,0.0001465294810945115,12.736521421728446,5,RB,RB,2,2,0,ahead,111,9.0760692654625,1007.4436884663376
hair,19.8887,-18.313663,596,115,0.0001465294810945115,12.736521421728446,4,NN,NN,1,2,0,hair,109,9.102300807035679,992.150787966889
far,-10.354281,-6.037469,597,115,0.0001465294810945115,12.736521421728446,3,RB,RB,2,2,0,far,111,9.0760692654625,1007.4436884663376
ooh,17.747972,9.671447,598,115,0.0001465294810945115,12.736521421728446,3,NN,NNP,3,4,0,ooh,110,9.089125418287946,999.8037960116741
water,10.30859,-8.886351,599,114,0.0001452553116936897,12.749121458508078,5,NN,NN,1,2,0,water,105,9.156239614146482,961.4051594853806
rings,28.389357,3.310034,600,114,0.0001452553116936897,12.749121458508078,5,NN,NNS,2,3,0,ring,113,9.050306169397418,1022.6845971419082
men,-3.7024238,-23.953428,601,114,0.0001452553116936897,12.749121458508078,3,NN,NNS,1,3,0,men,107,9.12901814541146,976.8049415590261
building,11.358763,-16.864153,602,113,0.00014398114229286784,12.761832510257632,8,NN,NN,2,3,0,build,111,9.0760692654625,1007.4436884663376
salesman,3.0355618,-18.77685,603,113,0.00014398114229286784,12.761832510257632,8,NN,NN,3,5,0,salesman,103,9.183984604629387,945.9504142768269
ball,20.313377,-6.0036607,604,112,0.000142706972892046,12.774656550615216,4,NN,NN,5,7,0,ball,101,9.21227364906081,930.4396385551419
obviously,-8.041167,5.6161456,605,112,0.000142706972892046,12.774656550615216,9,RB,RB,2,2,0,obvious,109,9.102300807035679,992.150787966889
nellie,14.174002,8.712046,606,112,0.000142706972892046,12.774656550615216,6,NN,NNP,3,4,0,nelli,107,9.12901814541146,976.8049415590261
cant,-16.915098,6.28826,607,112,0.000142706972892046,12.774656550615216,4,VB,VBP,4,7,0,cant,107,9.12901814541146,976.8049415590261
either,-11.886034,-13.415025,608,112,0.000142706972892046,12.774656550615216,6,CC,CC,5,7,0,either,110,9.089125418287946,999.8037960116741
almost,-2.464256,-0.3977943,609,112,0.000142706972892046,12.774656550615216,6,RB,RB,2,2,0,almost,107,9.12901814541146,976.8049415590261
win,-23.654804,12.671011,610,111,0.00014143280349122417,12.787595606322714,3,VB,VB,4,6,0,win,99,9.241128511732995,914.8717226615665
small,3.331968,-13.92673,611,111,0.00014143280349122417,12.787595606322714,5,JJ,JJ,3,4,0,small,110,9.089125418287946,999.8037960116741
wearing,-4.1624446,7.0654297,612,111,0.00014143280349122417,12.787595606322714,7,VB,VBG,2,2,0,wear,107,9.12901814541146,976.8049415590261
kinda,-9.602227,7.333721,613,111,0.00014143280349122417,12.787595606322714,5,VB,JJ,4,10,0,kinda,107,9.12901814541146,976.8049415590261
video,16.955965,-5.6390843,614,110,0.00014015863409040232,12.800651759148161,5,NN,NN,4,7,0,video,103,9.183984604629387,945.9504142768269
throat,22.89163,6.7502246,615,110,0.00014015863409040232,12.800651759148161,6,NN,NN,5,5,0,throat,100,9.22662894203788,922.662894203788
free,0.66691434,-14.225896,616,110,0.00014015863409040232,12.800651759148161,4,JJ,JJ,4,4,0,free,105,9.156239614146482,961.4051594853806
hes,0.0021785076,15.376979,617,109,0.00013888446468958047,12.813827147895894,3,NN,NNP,6,13,0,he,96,9.28552263109145,891.4101725847792
gives,23.541779,2.6377082,618,109,0.00013888446468958047,12.813827147895894,5,VB,VBZ,2,3,0,give,109,9.102300807035679,992.150787966889
worry,-22.581367,8.555758,619,109,0.00013888446468958047,12.813827147895894,5,VB,VB,2,3,0,worri,106,9.142564677249407,969.1118557884371
cake,2.7820394,-7.121771,620,109,0.00013888446468958047,12.813827147895894,4,NN,NN,2,3,0,cake,97,9.270572289625477,899.2455120936713
nods,24.695341,5.8584633,621,108,0.00013761029528875865,12.827123970509351,4,NN,NNS,2,3,0,nod,102,9.19805978984111,938.2020985637932
minute,6.741188,8.786174,622,108,0.00013761029528875865,12.827123970509351,6,NN,NN,2,2,0,minut,95,9.300629523481657,883.5598047307574
personal,-0.23634182,-16.867037,623,108,0.00013761029528875865,12.827123970509351,8,JJ,JJ,1,1,0,person,106,9.142564677249407,969.1118557884371
reading,16.855684,-0.69260734,624,107,0.0001363361258879368,12.840544486271673,7,VB,VBG,2,3,0,read,104,9.170045413671513,953.6847230218374
whispers,20.47957,11.781132,625,107,0.0001363361258879368,12.840544486271673,8,NN,NNS,2,3,0,whisper,107,9.12901814541146,976.8049415590261
sees,24.789558,3.7103553,626,107,0.0001363361258879368,12.840544486271673,4,VB,VBZ,2,3,0,see,104,9.170045413671513,953.6847230218374
rest,11.855145,-19.586887,627,107,0.0001363361258879368,12.840544486271673,4,NN,NN,3,4,0,rest,104,9.170045413671513,953.6847230218374
stand,-23.906897,22.68373,628,107,0.0001363361258879368,12.840544486271673,5,VB,VB,3,5,0,stand,96,9.28552263109145,891.4101725847792
works,-16.99178,-1.1480742,629,107,0.0001363361258879368,12.840544486271673,5,VB,VBZ,2,4,0,work,105,9.156239614146482,961.4051594853806
idiot,1.0833567,-4.877543,630,107,0.0001363361258879368,12.840544486271673,5,NN,NN,5,7,0,idiot,95,9.300629523481657,883.5598047307574
luck,16.401508,20.992064,631,106,0.00013506195648711498,12.85409101810962,4,NN,NN,3,7,0,luck,100,9.22662894203788,922.662894203788
chuckles,18.881308,12.685708,632,106,0.00013506195648711498,12.85409101810962,8,NN,NNS,2,3,0,chuckl,106,9.142564677249407,969.1118557884371
fact,-2.7327337,-12.443747,633,106,0.00013506195648711498,12.85409101810962,4,NN,NN,1,2,0,fact,103,9.183984604629387,945.9504142768269
anyway,4.5693903,13.4107065,634,106,0.00013506195648711498,12.85409101810962,6,RB,RB,3,4,0,anyway,106,9.142564677249407,969.1118557884371
pulls,24.970402,-4.3825936,635,106,0.00013506195648711498,12.85409101810962,5,VB,VBZ,2,3,0,pull,104,9.170045413671513,953.6847230218374
month,-1.9652393,-28.759674,636,105,0.00013378778708629313,12.867765955006698,5,NN,NN,1,2,0,month,95,9.300629523481657,883.5598047307574
ladies,17.882154,-2.5762093,637,104,0.00013251361768547128,12.881571754531729,6,NN,NNS,3,4,0,ladi,100,9.22662894203788,922.662894203788
write,-26.86394,20.393606,638,104,0.00013251361768547128,12.881571754531729,5,VB,VB,3,5,0,write,99,9.241128511732995,914.8717226615665
fired,-3.3141267,9.083893,639,104,0.00013251361768547128,12.881571754531729,5,VB,VBN,2,3,0,fire,100,9.22662894203788,922.662894203788
assistant,10.800865,-27.552572,640,104,0.00013251361768547128,12.881571754531729,9,NN,NN,3,4,0,assist,95,9.300629523481657,883.5598047307574
holding,21.717058,-2.497702,641,104,0.00013251361768547128,12.881571754531729,7,VB,VBG,2,2,0,hold,104,9.170045413671513,953.6847230218374
book,2.94881,-9.9503975,642,104,0.00013251361768547128,12.881571754531729,4,NN,NN,1,2,0,book,92,9.346923175755592,859.9169321695144
seat,11.771082,-9.324397,643,104,0.00013251361768547128,12.881571754531729,4,NN,NN,2,3,0,seat,104,9.170045413671513,953.6847230218374
die,-19.719997,11.892171,644,103,0.00013123944828464945,12.895510945489601,3,VB,VB,4,7,0,die,93,9.331326320704575,867.8133478255254
ugh,14.783434,12.811522,645,103,0.00013123944828464945,12.895510945489601,3,NN,NN,3,4,0,ugh,103,9.183984604629387,945.9504142768269
sick,-1.78866,6.7971888,646,103,0.00013123944828464945,12.895510945489601,4,JJ,JJ,4,6,0,sick,94,9.315896280134968,875.694250332687
dating,-4.4019213,8.299524,647,103,0.00013123944828464945,12.895510945489601,6,VB,VBG,3,4,0,date,100,9.22662894203788,922.662894203788
full,4.4860578,-23.816742,648,103,0.00013123944828464945,12.895510945489601,4,JJ,JJ,2,3,0,full,99,9.241128511732995,914.8717226615665
mouth,20.791798,-15.954824,649,103,0.00013123944828464945,12.895510945489601,5,NN,NN,5,5,0,mouth,100,9.22662894203788,922.662894203788
kiss,11.744923,5.058384,650,102,0.0001299652788838276,12.909586130701324,4,VB,VB,3,6,0,kiss,97,9.270572289625477,899.2455120936713
bet,-23.678436,3.8766115,651,101,0.00012869110948300576,12.923799989921026,3,VB,VBP,4,7,0,bet,98,9.255775287697398,907.065978194345
send,-27.839472,19.124718,652,101,0.00012869110948300576,12.923799989921026,4,VB,VB,3,5,0,send,96,9.28552263109145,891.4101725847792
married,-2.7441745,7.2921767,653,101,0.00012869110948300576,12.923799989921026,7,VB,VBN,2,3,0,marri,97,9.270572289625477,899.2455120936713
bob,12.926627,8.912087,654,101,0.00012869110948300576,12.923799989921026,3,NN,NNP,3,4,0,bob,94,9.315896280134968,875.694250332687
hundred,-1.1807573,-30.78993,655,100,0.00012741694008218393,12.938155282898096,7,CD,CD,4,5,0,hundr,94,9.315896280134968,875.694250332687
body,16.690529,-17.83303,656,100,0.00012741694008218393,12.938155282898096,4,NN,NN,1,1,0,bodi,92,9.346923175755592,859.9169321695144
met,-24.8596,-4.9125357,657,100,0.00012741694008218393,12.938155282898096,3,VB,VBD,2,5,0,met,99,9.241128511732995,914.8717226615665
red,9.779098,-12.109007,658,99,0.00012614277068136208,12.952654852593211,3,JJ,JJ,3,5,0,red,89,9.394751700846207,836.1329013753125
surprise,-6.883653,-3.4386666,659,99,0.00012614277068136208,12.952654852593211,8,NN,NN,3,5,0,surpris,94,9.315896280134968,875.694250332687
pizza,0.5016846,-14.369947,660,99,0.00012614277068136208,12.952654852593211,5,NN,NN,3,5,0,pizza,76,9.62255761836902,731.3143789960455
favorite,18.37223,-23.016258,661,98,0.00012486860128054023,12.967301628557612,8,JJ,JJ,3,4,0,favorit,93,9.331326320704575,867.8133478255254
song,3.9438214,-7.082698,662,98,0.00012486860128054023,12.967301628557612,4,NN,NN,3,5,0,song,92,9.346923175755592,859.9169321695144
kill,-24.643227,16.55888,663,97,0.0001235944318797184,12.982098630485693,4,VB,VB,2,4,0,kill,83,9.49544570046568,788.1219931386514
learn,-27.578594,13.063753,664,97,0.0001235944318797184,12.982098630485693,5,VB,VB,3,7,0,learn,90,9.37863203548293,844.0768831934637
cute,-4.1383686,0.26771078,665,97,0.0001235944318797184,12.982098630485693,4,JJ,JJ,3,5,0,cute,92,9.346923175755592,859.9169321695144
floor,17.521078,-7.9842763,666,97,0.0001235944318797184,12.982098630485693,5,NN,NN,1,2,0,floor,96,9.28552263109145,891.4101725847792
seem,-19.24278,4.600416,667,96,0.00012232026247889656,12.997048971951664,4,VB,VB,1,2,0,seem,94,9.315896280134968,875.694250332687
client,3.7992437,-18.101454,668,96,0.00012232026247889656,12.997048971951664,6,NN,NN,1,1,0,client,86,9.444220377110508,812.2029524315037
dinner,8.349245,-5.0867434,669,96,0.00012232026247889656,12.997048971951664,6,NN,NN,2,5,0,dinner,95,9.300629523481657,883.5598047307574
music,10.753658,-7.0212173,670,96,0.00012232026247889656,12.997048971951664,5,NN,NN,2,3,0,music,92,9.346923175755592,859.9169321695144
dad,21.673159,-20.952595,671,96,0.00012232026247889656,12.997048971951664,3,NN,NN,4,7,0,dad,85,9.461094195674903,804.1930066323667
regional,10.871869,-27.71033,672,96,0.00012232026247889656,12.997048971951664,8,JJ,JJ,2,2,0,region,92,9.346923175755592,859.9169321695144
shot,9.618018,-8.721298,673,95,0.00012104609307807473,13.012155864341873,4,NN,NN,3,7,0,shot,93,9.331326320704575,867.8133478255254
machine,14.972001,-9.412473,674,95,0.00012104609307807473,13.012155864341873,7,NN,NN,1,2,0,machin,92,9.346923175755592,859.9169321695144
interesting,-8.676348,-3.001763,675,95,0.00012104609307807473,13.012155864341873,11,JJ,JJ,3,4,0,interest,94,9.315896280134968,875.694250332687
brought,-22.780258,-4.259294,676,95,0.00012104609307807473,13.012155864341873,7,VB,VBD,2,4,0,brought,91,9.36269049161391,852.0048347368657
against,11.271114,-3.7779982,677,95,0.00012104609307807473,13.012155864341873,7,IN,IN,2,2,1,against,92,9.346923175755592,859.9169321695144
seven,-0.47360024,-30.667194,678,94,0.00011977192367725289,13.027422620995182,5,CD,CD,4,5,0,seven,88,9.411053513175307,828.1727091594271
secret,-0.13704567,-10.697298,679,94,0.00011977192367725289,13.027422620995182,6,JJ,JJ,2,3,0,secret,87,9.427541635963877,820.1961223288573
relationship,3.3125844,-19.997768,680,94,0.00011977192367725289,13.027422620995182,12,NN,NN,1,1,0,relationship,88,9.411053513175307,828.1727091594271
lady,16.59406,-15.847182,681,94,0.00011977192367725289,13.027422620995182,4,NN,NN,3,4,0,ladi,91,9.36269049161391,852.0048347368657
weekend,-4.657527,-15.291585,682,93,0.00011849775427643106,13.042852661564789,7,NN,NN,2,3,0,weekend,87,9.427541635963877,820.1961223288573
alone,6.49504,1.2538453,683,93,0.00011849775427643106,13.042852661564789,5,RB,RB,5,7,0,alon,92,9.346923175755592,859.9169321695144
fair,-9.978209,2.9192796,684,93,0.00011849775427643106,13.042852661564789,4,JJ,JJ,3,6,0,fair,87,9.427541635963877,820.1961223288573
weeks,-1.9775052,-30.920826,685,93,0.00011849775427643106,13.042852661564789,5,NN,NNS,1,2,0,week,88,9.411053513175307,828.1727091594271
bernard,20.530909,4.8348775,686,93,0.00011849775427643106,13.042852661564789,7,NN,NNP,1,1,0,bernard,91,9.36269049161391,852.0048347368657
girls,-2.2795365,-23.485312,687,93,0.00011849775427643106,13.042852661564789,5,NN,NNS,2,6,0,girl,85,9.461094195674903,804.1930066323667
soon,-9.595536,-5.9265056,688,93,0.00011849775427643106,13.042852661564789,4,RB,RB,2,2,0,soon,91,9.36269049161391,852.0048347368657
asking,-3.8204782,10.361071,689,92,0.0001172235848756092,13.058449516615807,6,VB,VBG,2,3,0,ask,91,9.36269049161391,852.0048347368657
smart,-6.082363,-0.32087013,690,92,0.0001172235848756092,13.058449516615807,5,JJ,JJ,3,5,0,smart,81,9.530635128927981,771.9814454431665
opens,26.028708,1.6534858,691,92,0.0001172235848756092,13.058449516615807,5,VB,VBZ,2,3,0,open,92,9.346923175755592,859.9169321695144
umm,14.574492,13.682095,692,92,0.0001172235848756092,13.058449516615807,3,NN,NN,3,4,0,umm,90,9.37863203548293,844.0768831934637
tuna,15.989818,10.385594,693,91,0.00011594941547478737,13.074216832474123,4,NN,NNP,3,5,0,tuna,75,9.641666441316724,723.1249830987543
worst,-8.926248,-19.210678,694,91,0.00011594941547478737,13.074216832474123,5,JJ,JJS,3,4,0,worst,85,9.461094195674903,804.1930066323667
ow,22.272161,7.996077,695,91,0.00011594941547478737,13.074216832474123,2,NN,NN,2,3,0,ow,69,9.761960675034437,673.5752865773762
mike,13.3344555,12.497399,696,91,0.00011594941547478737,13.074216832474123,4,NN,NNP,3,5,0,mike,89,9.394751700846207,836.1329013753125
thinks,-17.796936,-2.7075253,697,91,0.00011594941547478737,13.074216832474123,6,VB,VBZ,2,2,0,think,87,9.427541635963877,820.1961223288573
crying,13.724061,12.130008,698,90,0.00011467524607396553,13.090158376343146,6,VB,VBG,2,3,0,cri,88,9.411053513175307,828.1727091594271
sabre,8.21695,-16.420055,699,90,0.00011467524607396553,13.090158376343146,5,NN,NNP,1,2,0,sabr,77,9.603698591117704,739.4847915160632
chance,0.5669552,-12.515801,700,90,0.00011467524607396553,13.090158376343146,6,NN,NN,1,1,0,chanc,87,9.427541635963877,820.1961223288573
shh,17.935068,13.331386,701,90,0.00011467524607396553,13.090158376343146,3,NN,NN,3,4,0,shh,74,9.661031766183656,714.9163506975906
sweet,-3.7454007,-0.36200702,702,90,0.00011467524607396553,13.090158376343146,5,JJ,JJ,3,6,0,sweet,87,9.427541635963877,820.1961223288573
deangelo,18.43934,4.2916355,703,90,0.00011467524607396553,13.090158376343146,8,NN,NNP,2,2,0,deangelo,79,9.566704383635502,755.7696463072047
decided,-26.647007,-1.8532333,704,90,0.00011467524607396553,13.090158376343146,7,VB,VBD,1,2,0,decid,86,9.444220377110508,812.2029524315037
lose,-25.467358,15.346972,705,89,0.0001134010766731437,13.106278041706423,4,VB,VB,2,3,0,lose,86,9.444220377110508,812.2029524315037
along,7.6705027,0.63796854,706,89,0.0001134010766731437,13.106278041706423,5,IN,IN,3,3,0,along,86,9.444220377110508,812.2029524315037
ice,6.71751,-12.066822,707,89,0.0001134010766731437,13.106278041706423,3,NN,NN,2,3,0,ice,76,9.62255761836902,731.3143789960455
eating,3.372827,-2.2336733,708,89,0.0001134010766731437,13.106278041706423,6,VB,VBG,2,2,0,eat,88,9.411053513175307,828.1727091594271
cold,-0.28340966,0.027139015,709,89,0.0001134010766731437,13.106278041706423,4,JJ,JJ,3,6,0,cold,80,9.548557036925244,763.8845629540195
white,-1.577986,-16.771147,710,89,0.0001134010766731437,13.106278041706423,5,JJ,JJ,2,2,0,white,81,9.530635128927981,771.9814454431665
giving,7.944578,-1.4396526,711,88,0.00011212690727232185,13.122579854035523,6,VB,VBG,1,1,0,give,84,9.478167709033846,796.1660875588431
dude,15.35657,12.612359,712,88,0.00011212690727232185,13.122579854035523,4,NN,NN,3,5,0,dude,87,9.427541635963877,820.1961223288573
spend,-10.2036915,-23.116205,713,88,0.00011212690727232185,13.122579854035523,5,VB,VB,3,4,0,spend,88,9.411053513175307,828.1727091594271
jo,13.541201,7.810886,714,88,0.00011212690727232185,13.122579854035523,2,NN,NNP,3,4,0,jo,83,9.49544570046568,788.1219931386514
store,9.275254,-15.957933,715,88,0.00011212690727232185,13.122579854035523,5,NN,NN,3,4,0,store,85,9.461094195674903,804.1930066323667
trip,4.4752274,-10.458096,716,87,0.00011085273787150001,13.139067976824093,4,NN,NN,1,2,0,trip,85,9.461094195674903,804.1930066323667
cat,1.3131714,-9.494866,717,87,0.00011085273787150001,13.139067976824093,3,NN,NN,3,4,0,cat,78,9.585082912950357,747.6364672101279
mother,19.36906,-21.672424,718,87,0.00011085273787150001,13.139067976824093,6,NN,NN,2,3,0,mother,81,9.530635128927981,771.9814454431665
hurt,-21.34438,12.092247,719,87,0.00011085273787150001,13.139067976824093,4,VB,VB,3,9,0,hurt,79,9.566704383635502,755.7696463072047
mose,15.475224,7.4907384,720,87,0.00011085273787150001,13.139067976824093,4,NN,NNP,3,4,0,mose,70,9.741202114867638,681.8841480407347
bunch,3.4431086,-25.913595,721,87,0.00011085273787150001,13.139067976824093,5,NN,NN,1,1,0,bunch,84,9.478167709033846,796.1660875588431
email,2.898382,-11.265155,722,87,0.00011085273787150001,13.139067976824093,5,NN,NN,3,6,0,email,83,9.49544570046568,788.1219931386514
figure,-27.279125,21.876568,723,86,0.00010957856847067818,13.155746717970722,6,VB,VB,2,3,0,figur,84,9.478167709033846,796.1660875588431
feeling,-8.739406,0.1037097,724,86,0.00010957856847067818,13.155746717970722,7,NN,NN,4,5,0,feel,84,9.478167709033846,796.1660875588431
blah,22.04198,5.362428,725,86,0.00010957856847067818,13.155746717970722,4,NN,NN,5,7,0,blah,25,11.22662894203788,280.665723550947
ideas,-5.5108647,-17.718855,726,86,0.00010957856847067818,13.155746717970722,5,NN,NNS,1,1,0,idea,79,9.566704383635502,755.7696463072047
goodbye,14.9286375,11.190937,727,86,0.00010957856847067818,13.155746717970722,7,NN,NN,4,7,0,goodby,78,9.585082912950357,747.6364672101279
questions,-4.975073,-19.873106,728,86,0.00010957856847067818,13.155746717970722,9,NN,NNS,1,1,0,question,84,9.478167709033846,796.1660875588431
air,15.608773,-10.422091,729,86,0.00010957856847067818,13.155746717970722,3,NN,NN,2,4,0,air,80,9.548557036925244,763.8845629540195
moment,1.5307432,-12.783195,730,86,0.00010957856847067818,13.155746717970722,6,NN,NN,1,1,0,moment,86,9.444220377110508,812.2029524315037
piece,12.914734,-16.818438,731,86,0.00010957856847067818,13.155746717970722,5,NN,NN,2,3,0,piec,80,9.548557036925244,763.8845629540195
glad,-1.6629772,11.074799,732,86,0.00010957856847067818,13.155746717970722,4,JJ,JJ,4,7,0,glad,85,9.461094195674903,804.1930066323667
suck,9.018077,6.5417256,733,85,0.00010830439906985634,13.172620536535119,4,VB,VBP,3,7,0,suck,74,9.661031766183656,714.9163506975906
mm,13.86414,11.689999,734,85,0.00010830439906985634,13.172620536535119,2,NN,NN,2,3,0,mm,77,9.603698591117704,739.4847915160632
early,4.652746,1.5915066,735,85,0.00010830439906985634,13.172620536535119,5,JJ,JJ,2,2,0,earli,82,9.512933127194522,780.0605164299508
clear,-11.385026,2.718053,736,85,0.00010830439906985634,13.172620536535119,5,JJ,JJ,2,2,0,clear,83,9.49544570046568,788.1219931386514
ill,-2.7955294,21.019035,737,85,0.00010830439906985634,13.172620536535119,3,NN,NNP,4,6,0,ill,83,9.49544570046568,788.1219931386514
fast,-5.309026,-3.5013127,738,85,0.00010830439906985634,13.172620536535119,4,RB,RB,4,8,0,fast,81,9.530635128927981,771.9814454431665
bed,11.209233,-13.23314,739,85,0.00010830439906985634,13.172620536535119,3,NN,NN,3,4,0,bed,78,9.585082912950357,747.6364672101279
single,5.9294877,-21.760813,740,85,0.00010830439906985634,13.172620536535119,6,JJ,JJ,2,3,0,singl,83,9.49544570046568,788.1219931386514
quick,6.6226416,7.064978,741,85,0.00010830439906985634,13.172620536535119,5,JJ,JJ,4,5,0,quick,82,9.512933127194522,780.0605164299508
bag,18.194036,-12.659377,742,84,0.00010703022966903449,13.18969404989406,3,NN,NN,2,2,0,bag,77,9.603698591117704,739.4847915160632
words,-3.609328,-21.221193,743,84,0.00010703022966903449,13.18969404989406,5,NN,NNS,1,1,0,word,82,9.512933127194522,780.0605164299508
son,16.958897,-21.054773,744,84,0.00010703022966903449,13.18969404989406,3,NN,NN,3,4,0,son,81,9.530635128927981,771.9814454431665
enters,26.366837,3.1533577,745,84,0.00010703022966903449,13.18969404989406,6,NN,NNS,2,2,0,enter,84,9.478167709033846,796.1660875588431
save,-25.928099,16.17694,746,84,0.00010703022966903449,13.18969404989406,4,VB,VB,3,5,0,save,81,9.530635128927981,771.9814454431665
running,13.987364,-5.239548,747,84,0.00010703022966903449,13.18969404989406,7,VB,VBG,3,3,0,run,81,9.530635128927981,771.9814454431665
message,13.503671,-0.73208946,748,84,0.00010703022966903449,13.18969404989406,7,NN,NN,1,2,0,messag,79,9.566704383635502,755.7696463072047
middle,11.9355755,-18.856401,749,84,0.00010703022966903449,13.18969404989406,6,NN,NN,4,4,0,middl,83,9.49544570046568,788.1219931386514
less,-11.580273,-15.698159,750,84,0.00010703022966903449,13.18969404989406,4,JJ,JJR,4,5,0,less,82,9.512933127194522,780.0605164299508
wall,17.581465,-7.997968,751,83,0.00010575606026821266,13.206972041325896,4,NN,NN,3,4,0,wall,76,9.62255761836902,731.3143789960455
eight,-0.3855151,-29.211784,752,83,0.00010575606026821266,13.206972041325896,5,CD,CD,2,2,0,eight,76,9.62255761836902,731.3143789960455
buddy,17.587864,11.934626,753,83,0.00010575606026821266,13.206972041325896,5,NN,NN,3,6,0,buddi,77,9.603698591117704,739.4847915160632
hospital,16.980732,-10.662154,754,83,0.00010575606026821266,13.206972041325896,8,NN,NN,1,2,0,hospit,81,9.530635128927981,771.9814454431665
smiles,24.200947,5.5278053,755,83,0.00010575606026821266,13.206972041325896,6,NN,NNS,2,3,0,smile,82,9.512933127194522,780.0605164299508
city,7.9231296,-18.49043,756,82,0.00010448189086739082,13.224459468054736,4,NN,NN,1,2,0,citi,77,9.603698591117704,739.4847915160632
able,-28.83061,1.8689378,757,82,0.00010448189086739082,13.224459468054736,4,JJ,JJ,1,1,0,abl,81,9.530635128927981,771.9814454431665
charge,6.388312,-17.941656,758,82,0.00010448189086739082,13.224459468054736,6,NN,NN,2,3,0,charg,77,9.603698591117704,739.4847915160632
fight,-12.382637,2.8291583,759,82,0.00010448189086739082,13.224459468054736,5,NN,NN,3,7,0,fight,68,9.783022290562267,665.2455157582341
raises,26.094305,1.0674936,760,82,0.00010448189086739082,13.224459468054736,6,VB,VBZ,2,3,0,rais,76,9.62255761836902,731.3143789960455
picks,28.96896,-0.1285834,761,82,0.00010448189086739082,13.224459468054736,5,VB,VBZ,2,3,0,pick,80,9.548557036925244,763.8845629540195
himself,17.881588,2.5636833,762,82,0.00010448189086739082,13.224459468054736,7,PR,PRP,1,1,1,himself,79,9.566704383635502,755.7696463072047
starting,1.2433,4.7231293,763,81,0.00010320772146656899,13.242161469788195,8,VB,VBG,3,3,0,start,77,9.603698591117704,739.4847915160632
appreciate,-24.748373,8.038477,764,81,0.00010320772146656899,13.242161469788195,10,VB,VBP,2,3,0,appreci,77,9.603698591117704,739.4847915160632
happens,-16.464941,0.9685898,765,81,0.00010320772146656899,13.242161469788195,7,VB,VBZ,2,2,0,happen,79,9.566704383635502,755.7696463072047
accent,18.477982,10.442317,766,81,0.00010320772146656899,13.242161469788195,6,NN,NN,2,3,0,accent,79,9.566704383635502,755.7696463072047
wear,-23.65703,15.81265,767,81,0.00010320772146656899,13.242161469788195,4,VB,VB,4,6,0,wear,77,9.603698591117704,739.4847915160632
offer,-24.939007,14.898088,768,81,0.00010320772146656899,13.242161469788195,5,NN,NN,2,3,0,offer,78,9.585082912950357,747.6364672101279
sale,-0.5898064,-8.404388,769,81,0.00010320772146656899,13.242161469788195,4,NN,NN,1,1,0,sale,77,9.603698591117704,739.4847915160632
respect,-21.088238,10.260263,770,81,0.00010320772146656899,13.242161469788195,7,VB,NN,3,5,0,respect,63,9.89320520831269,623.2719281236995
pull,-24.553047,23.162212,771,81,0.00010320772146656899,13.242161469788195,4,VB,VB,3,5,0,pull,77,9.603698591117704,739.4847915160632
ive,-26.844412,-9.538429,772,80,0.00010193355206574714,13.260083377785458,3,NN,NNP,1,2,0,ive,75,9.641666441316724,723.1249830987543
standing,14.580485,-4.627338,773,80,0.00010193355206574714,13.260083377785458,8,VB,VBG,2,2,0,stand,77,9.603698591117704,739.4847915160632
entire,9.76564,-21.903864,774,80,0.00010193355206574714,13.260083377785458,6,JJ,JJ,2,2,0,entir,78,9.585082912950357,747.6364672101279
worked,-21.609783,-7.118198,775,80,0.00010193355206574714,13.260083377785458,6,VB,VBD,1,2,0,work,78,9.585082912950357,747.6364672101279
nine,-0.51596874,-30.19868,776,80,0.00010193355206574714,13.260083377785458,4,CD,CD,2,3,0,nine,74,9.661031766183656,714.9163506975906
busy,-6.3233824,0.18179783,777,80,0.00010193355206574714,13.260083377785458,4,JJ,JJ,2,2,0,busi,76,9.62255761836902,731.3143789960455
fall,-19.826807,19.089382,778,79,0.0001006593826649253,13.278230724495717,4,VB,VB,2,4,0,fall,78,9.585082912950357,747.6364672101279
calls,8.11861,-2.0952222,779,79,0.0001006593826649253,13.278230724495717,5,NN,NNS,2,3,0,call,74,9.661031766183656,714.9163506975906
feels,-14.317027,-0.7340059,780,79,0.0001006593826649253,13.278230724495717,5,VB,VBZ,2,4,0,feel,78,9.585082912950357,747.6364672101279
trust,-24.518715,11.09267,781,79,0.0001006593826649253,13.278230724495717,5,VB,VB,2,5,0,trust,73,9.680660572932588,706.6882218240789
past,8.850592,-20.798134,782,79,0.0001006593826649253,13.278230724495717,4,JJ,JJ,5,5,0,past,78,9.585082912950357,747.6364672101279
ring,14.452017,-12.0771475,783,79,0.0001006593826649253,13.278230724495717,4,NN,NN,2,4,0,ring,68,9.783022290562267,665.2455157582341
speak,-27.595339,13.712951,784,79,0.0001006593826649253,13.278230724495717,5,VB,VB,3,4,0,speak,76,9.62255761836902,731.3143789960455
huge,-2.0803945,-6.789791,785,79,0.0001006593826649253,13.278230724495717,4,JJ,JJ,2,3,0,huge,75,9.641666441316724,723.1249830987543
ahh,17.817974,12.403897,786,79,0.0001006593826649253,13.278230724495717,3,NN,NN,4,5,0,ahh,73,9.680660572932588,706.6882218240789
ass,18.71277,-17.381058,787,78,9.938521326410346e-05,13.296609253810573,3,NN,NN,2,4,0,ass,66,9.826091012454151,648.522006821974
except,3.074522,-5.191717,788,78,9.938521326410346e-05,13.296609253810573,6,IN,IN,2,2,0,except,78,9.585082912950357,747.6364672101279
follow,-23.775757,17.721258,789,78,9.938521326410346e-05,13.296609253810573,6,VB,VB,4,5,0,follow,77,9.603698591117704,739.4847915160632
window,22.80707,-4.1586475,790,78,9.938521326410346e-05,13.296609253810573,6,NN,NN,3,3,0,window,76,9.62255761836902,731.3143789960455
boom,20.722862,6.4853196,791,78,9.938521326410346e-05,13.296609253810573,4,NN,NN,3,4,0,boom,53,10.142564677249407,537.5559278942186
mistake,-2.7104883,-8.018709,792,78,9.938521326410346e-05,13.296609253810573,7,NN,NN,3,3,0,mistak,74,9.661031766183656,714.9163506975906
sent,-23.65848,-1.7041607,793,78,9.938521326410346e-05,13.296609253810573,4,VB,VBD,3,6,0,sent,75,9.641666441316724,723.1249830987543
santa,-2.9441936,-2.580311,794,78,9.938521326410346e-05,13.296609253810573,5,NN,NNP,3,4,0,santa,70,9.741202114867638,681.8841480407347
clears,22.872374,6.9286637,795,78,9.938521326410346e-05,13.296609253810573,6,NN,NNS,2,3,0,clear,74,9.661031766183656,714.9163506975906
cece,13.428194,7.773977,796,78,9.938521326410346e-05,13.296609253810573,4,NN,NNP,2,3,0,cece,72,9.700560130370294,698.4403293866611
seeing,3.3793106,4.314914,797,77,9.811104386328163e-05,13.31522493197792,6,VB,VBG,3,3,0,see,76,9.62255761836902,731.3143789960455
bought,-22.723753,-4.4204803,798,77,9.811104386328163e-05,13.31522493197792,6,VB,VBD,1,2,0,bought,75,9.641666441316724,723.1249830987543
step,14.707968,-7.0599337,799,77,9.811104386328163e-05,13.31522493197792,4,NN,NN,2,5,0,step,72,9.700560130370294,698.4403293866611
fat,-3.1872845,-4.1382847,800,77,9.811104386328163e-05,13.31522493197792,3,JJ,JJ,4,6,0,fat,64,9.870485131812606,631.7110484360068
unless,-13.902953,5.071758,801,77,9.811104386328163e-05,13.31522493197792,6,IN,IN,3,3,0,unless,76,9.62255761836902,731.3143789960455
instead,3.544998,-24.21729,802,77,9.811104386328163e-05,13.31522493197792,7,RB,RB,1,1,0,instead,75,9.641666441316724,723.1249830987543
feet,18.693474,-15.144166,803,77,9.811104386328163e-05,13.31522493197792,4,NN,NNS,1,1,0,feet,74,9.661031766183656,714.9163506975906
bus,14.27848,-8.282789,804,77,9.811104386328163e-05,13.31522493197792,3,NN,NN,2,4,0,bu,68,9.783022290562267,665.2455157582341
pants,18.565744,-15.930372,805,77,9.811104386328163e-05,13.31522493197792,5,NN,NNS,1,2,0,pant,73,9.680660572932588,706.6882218240789
fake,6.652227,-9.062256,806,77,9.811104386328163e-05,13.31522493197792,4,JJ,JJ,3,5,0,fake,75,9.641666441316724,723.1249830987543
agree,-19.852394,11.000767,807,76,9.683687446245978e-05,13.334083959229234,5,VB,VBP,2,4,0,agre,74,9.661031766183656,714.9163506975906
kitchen,17.911371,-8.444467,808,76,9.683687446245978e-05,13.334083959229234,7,NN,NN,3,5,0,kitchen,75,9.641666441316724,723.1249830987543
possible,-10.36911,-3.2458115,809,76,9.683687446245978e-05,13.334083959229234,8,JJ,JJ,2,2,0,possibl,75,9.641666441316724,723.1249830987543
none,3.1968462,-24.08601,810,76,9.683687446245978e-05,13.334083959229234,4,NN,NN,4,4,0,none,74,9.661031766183656,714.9163506975906
rules,-2.8128433,-20.255892,811,76,9.683687446245978e-05,13.334083959229234,5,NN,NNS,1,1,0,rule,66,9.826091012454151,648.522006821974
normal,15.804754,5.825845,812,76,9.683687446245978e-05,13.334083959229234,6,JJ,JJ,3,3,0,normal,72,9.700560130370294,698.4403293866611
sleep,-19.319616,13.077871,813,76,9.683687446245978e-05,13.334083959229234,5,VB,VB,3,5,0,sleep,72,9.700560130370294,698.4403293866611
power,7.4969873,-13.102011,814,75,9.556270506163794e-05,13.35319278217694,5,NN,NN,3,4,0,power,73,9.680660572932588,706.6882218240789
shows,24.053598,1.472533,815,75,9.556270506163794e-05,13.35319278217694,5,VB,VBZ,2,2,0,show,74,9.661031766183656,714.9163506975906
sits,23.527845,-2.8778334,816,75,9.556270506163794e-05,13.35319278217694,4,VB,VBZ,2,4,0,sit,74,9.661031766183656,714.9163506975906
boat,4.3428674,-11.416541,817,75,9.556270506163794e-05,13.35319278217694,4,NN,NN,3,4,0,boat,69,9.761960675034437,673.5752865773762
forgot,-24.038431,1.7821945,818,75,9.556270506163794e-05,13.35319278217694,6,VB,VBD,2,6,0,forgot,73,9.680660572932588,706.6882218240789
yours,-10.734093,4.711802,819,74,9.428853566081611e-05,13.37255810704387,5,NN,NNS,4,6,1,your,71,9.720738012307924,690.1723988738627
moving,1.2808229,4.608224,820,74,9.428853566081611e-05,13.37255810704387,6,VB,VBG,3,3,0,move,70,9.741202114867638,681.8841480407347
tried,-25.65948,-0.9385458,821,74,9.428853566081611e-05,13.37255810704387,5,VB,VBD,1,3,0,tri,71,9.720738012307924,690.1723988738627
note,8.019392,-7.8673964,822,74,9.428853566081611e-05,13.37255810704387,4,NN,NN,2,4,0,note,69,9.761960675034437,673.5752865773762
worth,-8.167444,2.9775302,823,74,9.428853566081611e-05,13.37255810704387,5,JJ,JJ,4,4,0,worth,71,9.720738012307924,690.1723988738627
talked,-26.154675,-0.39063844,824,74,9.428853566081611e-05,13.37255810704387,6,VB,VBD,1,2,0,talk,72,9.700560130370294,698.4403293866611
pete,14.493108,9.90929,825,74,9.428853566081611e-05,13.37255810704387,4,NN,NNP,2,3,0,pete,64,9.870485131812606,631.7110484360068
beat,-23.427885,18.69247,826,74,9.428853566081611e-05,13.37255810704387,4,VB,VB,4,8,0,beat,70,9.741202114867638,681.8841480407347
packer,14.762819,8.068772,827,74,9.428853566081611e-05,13.37255810704387,6,NN,NNP,1,2,0,packer,61,9.939747794249719,606.3246154492329
hang,-24.553427,23.43817,828,73,9.301436625999427e-05,13.392186913792802,4,VB,VB,3,6,0,hang,71,9.720738012307924,690.1723988738627
thousand,-1.3261073,-29.806288,829,73,9.301436625999427e-05,13.392186913792802,8,CD,CD,4,5,0,thousand,68,9.783022290562267,665.2455157582341
yup,11.577278,12.378119,830,73,9.301436625999427e-05,13.392186913792802,3,NN,NN,4,6,0,yup,72,9.700560130370294,698.4403293866611
dream,16.66326,-21.234133,831,73,9.301436625999427e-05,13.392186913792802,5,NN,NN,2,4,0,dream,65,9.848117318784151,640.1276257209698
lives,9.205163,-17.375723,832,73,9.301436625999427e-05,13.392186913792802,5,NN,NNS,2,2,0,live,69,9.761960675034437,673.5752865773762
theres,-4.950386,-9.106766,833,73,9.301436625999427e-05,13.392186913792802,6,NN,NNP,6,10,0,there,71,9.720738012307924,690.1723988738627
human,0.62702185,-18.006523,834,73,9.301436625999427e-05,13.392186913792802,5,JJ,JJ,2,3,0,human,71,9.720738012307924,690.1723988738627
grabs,24.544043,0.6128717,835,72,9.174019685917242e-05,13.412086471230507,5,NN,NN,2,7,0,grab,72,9.700560130370294,698.4403293866611
hits,23.807419,0.5429398,836,72,9.174019685917242e-05,13.412086471230507,4,VB,VBZ,2,3,0,hit,68,9.783022290562267,665.2455157582341
conversation,-2.830165,-14.4005165,837,72,9.174019685917242e-05,13.412086471230507,12,NN,NN,1,1,0,convers,71,9.720738012307924,690.1723988738627
learned,-26.73188,-2.7683194,838,72,9.174019685917242e-05,13.412086471230507,7,VB,VBD,2,3,0,learn,67,9.804395941354834,656.8945280707738
charles,13.583177,9.356458,839,72,9.174019685917242e-05,13.412086471230507,7,NN,NNP,1,1,0,charl,66,9.826091012454151,648.522006821974
doctor,0.10721684,-9.305868,840,72,9.174019685917242e-05,13.412086471230507,6,NN,NN,2,3,0,doctor,65,9.848117318784151,640.1276257209698
wrote,-19.289503,-2.3780668,841,72,9.174019685917242e-05,13.412086471230507,5,VB,VBD,1,1,0,wrote,68,9.783022290562267,665.2455157582341
enjoy,-3.6554055,-6.6437626,842,72,9.174019685917242e-05,13.412086471230507,5,VB,VB,3,6,0,enjoy,69,9.761960675034437,673.5752865773762
didnt,-16.104635,6.054592,843,71,9.046602745835059e-05,13.432264353168138,5,VB,VBP,3,7,0,didnt,69,9.761960675034437,673.5752865773762
happening,-4.092486,4.348322,844,71,9.046602745835059e-05,13.432264353168138,9,VB,VBG,3,3,0,happen,69,9.761960675034437,673.5752865773762
truck,12.667943,-7.9311285,845,71,9.046602745835059e-05,13.432264353168138,5,NN,NN,1,2,0,truck,63,9.89320520831269,623.2719281236995
ohh,16.826855,12.104001,846,71,9.046602745835059e-05,13.432264353168138,3,NN,NN,1,2,0,ohh,67,9.804395941354834,656.8945280707738
knocks,24.951244,-1.6318066,847,71,9.046602745835059e-05,13.432264353168138,6,NN,NNS,2,3,0,knock,69,9.761960675034437,673.5752865773762
farm,9.570522,-18.951126,848,71,9.046602745835059e-05,13.432264353168138,4,NN,NN,3,4,0,farm,63,9.89320520831269,623.2719281236995
boyfriend,18.440065,-20.610952,849,71,9.046602745835059e-05,13.432264353168138,9,NN,NN,3,4,0,boyfriend,70,9.741202114867638,681.8841480407347
applause,20.28976,8.725059,850,70,8.919185805752875e-05,13.452728455727854,8,NN,NN,3,4,0,applaus,69,9.761960675034437,673.5752865773762
gun,1.0329705,-9.106674,851,70,8.919185805752875e-05,13.452728455727854,3,NN,NN,3,3,0,gun,65,9.848117318784151,640.1276257209698
information,-2.5022218,-15.754045,852,70,8.919185805752875e-05,13.452728455727854,11,NN,NN,1,1,0,inform,68,9.783022290562267,665.2455157582341
town,6.646295,-17.017565,853,70,8.919185805752875e-05,13.452728455727854,4,NN,NN,1,2,0,town,66,9.826091012454151,648.522006821974
dogs,-0.99711204,-4.440541,854,70,8.919185805752875e-05,13.452728455727854,4,NN,NNS,1,2,0,dog,61,9.939747794249719,606.3246154492329
foot,18.641737,-15.76264,855,70,8.919185805752875e-05,13.452728455727854,4,NN,NN,3,3,0,foot,69,9.761960675034437,673.5752865773762
likes,-18.997766,-2.996738,856,70,8.919185805752875e-05,13.452728455727854,5,VB,VBZ,2,3,0,like,66,9.826091012454151,648.522006821974
decision,-4.2070713,-13.136588,857,70,8.919185805752875e-05,13.452728455727854,8,NN,NN,1,1,0,decis,66,9.826091012454151,648.522006821974
ride,-20.886873,20.425337,858,70,8.919185805752875e-05,13.452728455727854,4,NN,NN,4,4,0,ride,63,9.89320520831269,623.2719281236995
mad,4.0768533,6.0938354,859,70,8.919185805752875e-05,13.452728455727854,3,JJ,JJ,4,7,0,mad,61,9.939747794249719,606.3246154492329
truth,-13.342776,2.3702033,860,70,8.919185805752875e-05,13.452728455727854,5,NN,NN,2,3,0,truth,64,9.870485131812606,631.7110484360068
waiting,2.402395,2.047316,861,70,8.919185805752875e-05,13.452728455727854,7,VB,VBG,2,2,0,wait,70,9.741202114867638,681.8841480407347
bar,10.49754,-14.381602,862,70,8.919185805752875e-05,13.452728455727854,3,NN,NN,2,2,0,bar,65,9.848117318784151,640.1276257209698
clean,-21.313864,20.526825,863,69,8.791768865670691e-05,13.473487015894651,5,VB,JJ,3,5,0,clean,69,9.761960675034437,673.5752865773762
felt,-14.80977,0.50758535,864,69,8.791768865670691e-05,13.473487015894651,4,VB,VBD,3,7,0,felt,66,9.826091012454151,648.522006821974
cheers,20.808754,7.5747695,865,69,8.791768865670691e-05,13.473487015894651,6,NN,NNS,2,3,0,cheer,64,9.870485131812606,631.7110484360068
dance,-21.291473,14.5391655,866,69,8.791768865670691e-05,13.473487015894651,5,NN,NN,4,6,0,danc,66,9.826091012454151,648.522006821974
tough,-6.1292114,-1.4191366,867,69,8.791768865670691e-05,13.473487015894651,5,JJ,JJ,2,2,0,tough,68,9.783022290562267,665.2455157582341
young,-3.1290429,-3.8609653,868,69,8.791768865670691e-05,13.473487015894651,5,JJ,JJ,2,2,0,young,64,9.870485131812606,631.7110484360068
blood,5.2270584,-12.5056925,869,69,8.791768865670691e-05,13.473487015894651,5,NN,NN,2,3,0,blood,63,9.89320520831269,623.2719281236995
finally,0.2267047,0.14926794,870,69,8.791768865670691e-05,13.473487015894651,7,RB,RB,1,1,0,final,69,9.761960675034437,673.5752865773762
gosh,17.739359,17.120722,871,69,8.791768865670691e-05,13.473487015894651,4,NN,NN,3,5,0,gosh,69,9.761960675034437,673.5752865773762
club,-0.8452423,-14.056537,872,68,8.664351925588507e-05,13.49454863142248,4,NN,NN,1,2,0,club,62,9.91628882142573,614.8099069283953
customer,1.7619371,-18.478886,873,68,8.664351925588507e-05,13.49454863142248,8,NN,NN,2,3,0,custom,62,9.91628882142573,614.8099069283953
promise,-23.194344,11.935193,874,68,8.664351925588507e-05,13.49454863142248,7,VB,VBP,2,3,0,promis,66,9.826091012454151,648.522006821974
parents,17.311207,-19.703865,875,68,8.664351925588507e-05,13.49454863142248,7,NN,NNS,1,2,0,parent,64,9.870485131812606,631.7110484360068
butt,18.900885,-18.645967,876,68,8.664351925588507e-05,13.49454863142248,4,NN,NN,3,5,0,butt,62,9.91628882142573,614.8099069283953
senator,5.076044,-13.244527,877,68,8.664351925588507e-05,13.49454863142248,7,NN,NN,1,2,0,senat,64,9.870485131812606,631.7110484360068
touch,-21.961771,13.256777,878,68,8.664351925588507e-05,13.49454863142248,5,VB,VB,4,5,0,touch,66,9.826091012454151,648.522006821974
numbers,-2.6208544,-20.19811,879,67,8.536934985506323e-05,13.515922282215048,7,NN,NNS,1,2,0,number,65,9.848117318784151,640.1276257209698
congratulations,16.692814,13.592428,880,67,8.536934985506323e-05,13.515922282215048,15,NN,NNS,1,2,0,congratul,67,9.804395941354834,656.8945280707738
aw,15.900565,11.467473,881,67,8.536934985506323e-05,13.515922282215048,2,NN,NNP,2,3,0,aw,67,9.804395941354834,656.8945280707738
present,7.5426846,-8.833465,882,67,8.536934985506323e-05,13.515922282215048,7,JJ,JJ,3,6,0,present,65,9.848117318784151,640.1276257209698
class,5.714127,-14.273143,883,67,8.536934985506323e-05,13.515922282215048,5,NN,NN,1,2,0,class,59,9.987842082450765,589.2826828645951
grab,-25.146584,17.561863,884,67,8.536934985506323e-05,13.515922282215048,4,VB,VB,2,5,0,grab,65,9.848117318784151,640.1276257209698
florida,3.7490542,2.328099,885,67,8.536934985506323e-05,13.515922282215048,7,NN,NNP,2,2,0,florida,61,9.939747794249719,606.3246154492329
text,12.517571,-0.7122889,886,67,8.536934985506323e-05,13.515922282215048,4,NN,NN,4,6,0,text,64,9.870485131812606,631.7110484360068
ground,16.639074,-9.128759,887,67,8.536934985506323e-05,13.515922282215048,6,NN,NN,2,3,0,ground,67,9.804395941354834,656.8945280707738
child,0.526588,-10.341851,888,67,8.536934985506323e-05,13.515922282215048,5,NN,NN,2,3,0,child,64,9.870485131812606,631.7110484360068
count,-19.936283,16.63096,889,67,8.536934985506323e-05,13.515922282215048,5,VB,VB,2,4,0,count,63,9.89320520831269,623.2719281236995
art,2.4303827,-15.558258,890,66,8.40951804542414e-05,13.537617353314367,3,NN,NN,4,6,0,art,60,9.963594536204088,597.8156721722453
wonderful,-5.6318564,-1.8174909,891,66,8.40951804542414e-05,13.537617353314367,9,JJ,JJ,3,4,0,wonder,63,9.89320520831269,623.2719281236995
situation,-2.0256972,-13.146697,892,66,8.40951804542414e-05,13.537617353314367,9,NN,NN,1,1,0,situat,64,9.870485131812606,631.7110484360068
brother,18.144024,-20.976114,893,66,8.40951804542414e-05,13.537617353314367,7,NN,NN,2,3,0,brother,61,9.939747794249719,606.3246154492329
eye,16.17799,-13.559662,894,66,8.40951804542414e-05,13.537617353314367,3,NN,NN,1,2,0,eye,63,9.89320520831269,623.2719281236995
sad,-7.334632,4.056497,895,66,8.40951804542414e-05,13.537617353314367,3,JJ,JJ,3,5,0,sad,63,9.89320520831269,623.2719281236995
begins,22.392618,-1.1655568,896,66,8.40951804542414e-05,13.537617353314367,6,VB,VBZ,2,2,0,begin,66,9.826091012454151,648.522006821974
cards,7.964048,-13.174115,897,65,8.282101105341956e-05,13.559643659644365,5,NN,NNS,1,1,0,card,59,9.987842082450765,589.2826828645951
excellent,-2.4375267,-2.3067071,898,65,8.282101105341956e-05,13.559643659644365,9,NN,NN,2,3,0,excel,63,9.89320520831269,623.2719281236995
speaking,8.185413,-11.194262,899,65,8.282101105341956e-05,13.559643659644365,8,VB,VBG,3,4,0,speak,63,9.89320520831269,623.2719281236995
needed,-24.592476,-0.04959377,900,65,8.282101105341956e-05,13.559643659644365,6,VB,VBD,1,2,0,need,63,9.89320520831269,623.2719281236995
whoo,16.714323,13.16311,901,65,8.282101105341956e-05,13.559643659644365,4,NN,NN,1,2,0,whoo,57,10.037595117647864,572.1429217059283
hug,11.589652,4.9951396,902,65,8.282101105341956e-05,13.559643659644365,3,VB,NN,3,5,0,hug,62,9.91628882142573,614.8099069283953
choice,-4.734844,-10.119855,903,64,8.154684165259771e-05,13.58201147267282,6,NN,NN,1,2,0,choic,63,9.89320520831269,623.2719281236995
ho,21.878729,7.646636,904,64,8.154684165259771e-05,13.58201147267282,2,NN,NN,2,3,0,ho,32,10.870485131812606,347.8555242180034
basically,-12.537527,3.8102722,905,64,8.154684165259771e-05,13.58201147267282,9,RB,RB,3,3,0,basic,64,9.870485131812606,631.7110484360068
driving,3.2516215,-1.1972418,906,64,8.154684165259771e-05,13.58201147267282,7,VB,VBG,2,2,0,drive,62,9.91628882142573,614.8099069283953
using,4.6725116,-3.9833863,907,64,8.154684165259771e-05,13.58201147267282,5,VB,VBG,1,1,0,use,64,9.870485131812606,631.7110484360068
kisses,24.266893,3.9647722,908,64,8.154684165259771e-05,13.58201147267282,6,VB,VBZ,2,3,0,kiss,61,9.939747794249719,606.3246154492329
completely,-5.8649054,6.097478,909,64,8.154684165259771e-05,13.58201147267282,10,RB,RB,1,1,0,complet,64,9.870485131812606,631.7110484360068
tv,13.157926,-9.402456,910,64,8.154684165259771e-05,13.58201147267282,2,NN,NN,2,4,0,tv,59,9.987842082450765,589.2826828645951
handle,-24.74998,12.718435,911,64,8.154684165259771e-05,13.58201147267282,6,VB,VB,3,5,0,handl,63,9.89320520831269,623.2719281236995
father,17.668142,-21.025883,912,64,8.154684165259771e-05,13.58201147267282,6,NN,NN,2,3,0,father,55,10.089125418287946,554.901898005837
temp,-0.46633324,-3.1942987,913,64,8.154684165259771e-05,13.58201147267282,4,NN,NN,4,5,0,temp,56,10.063130209755002,563.5352917462801
towards,24.804134,1.3290735,914,64,8.154684165259771e-05,13.58201147267282,7,NN,NNS,3,6,0,toward,58,10.012504136685033,580.7252399277319
whats,10.790499,0.70546454,915,64,8.154684165259771e-05,13.58201147267282,5,NN,NNP,5,10,0,what,64,9.870485131812606,631.7110484360068
tries,20.295385,-1.085542,916,63,8.027267225177587e-05,13.604731549172904,5,NN,NNS,2,2,0,tri,61,9.939747794249719,606.3246154492329
rock,0.30199325,-2.44799,917,63,8.027267225177587e-05,13.604731549172904,4,NN,NN,3,5,0,rock,58,10.012504136685033,580.7252399277319
planning,5.432769,-16.37757,918,63,8.027267225177587e-05,13.604731549172904,8,NN,NN,2,3,0,plan,61,9.939747794249719,606.3246154492329
taken,-16.046225,-10.518027,919,63,8.027267225177587e-05,13.604731549172904,5,VB,VBN,1,1,0,taken,61,9.939747794249719,606.3246154492329
future,14.26266,-15.772158,920,63,8.027267225177587e-05,13.604731549172904,6,NN,NN,2,3,0,futur,57,10.037595117647864,572.1429217059283
missed,-23.618755,0.45860478,921,63,8.027267225177587e-05,13.604731549172904,6,VB,VBD,1,2,0,miss,59,9.987842082450765,589.2826828645951
cup,9.899504,-9.942368,922,63,8.027267225177587e-05,13.604731549172904,3,NN,NN,3,4,0,cup,58,10.012504136685033,580.7252399277319
suit,5.342173,-8.833094,923,63,8.027267225177587e-05,13.604731549172904,4,NN,NN,2,3,0,suit,58,10.012504136685033,580.7252399277319
brain,15.603375,-15.549879,924,63,8.027267225177587e-05,13.604731549172904,5,NN,NN,1,2,0,brain,56,10.063130209755002,563.5352917462801
clapping,19.731081,9.143176,925,63,8.027267225177587e-05,13.604731549172904,8,VB,VBG,2,2,0,clap,63,9.89320520831269,623.2719281236995
forward,3.9172854,-2.7296777,926,63,8.027267225177587e-05,13.604731549172904,7,RB,RB,5,7,0,forward,61,9.939747794249719,606.3246154492329
cream,0.32632375,-24.972141,927,63,8.027267225177587e-05,13.604731549172904,5,NN,NN,1,2,0,cream,55,10.089125418287946,554.901898005837
strong,-4.462581,-3.0625277,928,63,8.027267225177587e-05,13.604731549172904,6,JJ,JJ,1,1,0,strong,61,9.939747794249719,606.3246154492329
dancing,16.31164,-1.0729959,929,62,7.899850285095404e-05,13.627815162285945,7,VB,VBG,2,3,0,danc,60,9.963594536204088,597.8156721722453
children,2.1099741,-13.739292,930,62,7.899850285095404e-05,13.627815162285945,8,NN,NNS,1,3,0,children,59,9.987842082450765,589.2826828645951
shirt,16.756483,-16.871538,931,62,7.899850285095404e-05,13.627815162285945,5,NN,NN,2,5,0,shirt,56,10.063130209755002,563.5352917462801
cry,-20.531172,14.7769165,932,62,7.899850285095404e-05,13.627815162285945,3,VB,VB,2,4,0,cri,58,10.012504136685033,580.7252399277319
dressed,-8.238115,-5.92034,933,62,7.899850285095404e-05,13.627815162285945,7,VB,VBN,2,3,0,dress,60,9.963594536204088,597.8156721722453
gentlemen,17.79731,-2.410821,934,62,7.899850285095404e-05,13.627815162285945,9,NN,NNS,2,3,0,gentlemen,62,9.91628882142573,614.8099069283953
loud,10.655213,2.4227555,935,62,7.899850285095404e-05,13.627815162285945,4,JJ,JJ,3,4,0,loud,59,9.987842082450765,589.2826828645951
tape,12.737206,-10.320475,936,62,7.899850285095404e-05,13.627815162285945,4,NN,NN,2,2,0,tape,60,9.963594536204088,597.8156721722453
bitch,-0.16715682,-6.880194,937,62,7.899850285095404e-05,13.627815162285945,5,NN,NN,3,4,0,bitch,57,10.037595117647864,572.1429217059283
listening,1.6109341,5.6651616,938,62,7.899850285095404e-05,13.627815162285945,9,VB,VBG,3,3,0,listen,61,9.939747794249719,606.3246154492329
clothes,9.471181,-13.417628,939,62,7.899850285095404e-05,13.627815162285945,7,NN,NNS,2,2,0,cloth,57,10.037595117647864,572.1429217059283
ridiculous,-6.3292212,3.3656151,940,62,7.899850285095404e-05,13.627815162285945,10,JJ,JJ,1,1,0,ridicul,61,9.939747794249719,606.3246154492329
daughter,19.481766,-20.428415,941,62,7.899850285095404e-05,13.627815162285945,8,NN,NN,1,2,0,daughter,57,10.037595117647864,572.1429217059283
control,-22.262955,14.923977,942,61,7.77243334501322e-05,13.651274135109933,7,NN,NN,3,6,0,control,60,9.963594536204088,597.8156721722453
america,6.499806,-16.881691,943,61,7.77243334501322e-05,13.651274135109933,7,NN,NNP,1,1,0,america,60,9.963594536204088,597.8156721722453
problems,-4.689415,-19.63981,944,61,7.77243334501322e-05,13.651274135109933,8,NN,NNS,1,1,0,problem,56,10.063130209755002,563.5352917462801
quit,-22.640102,13.744192,945,61,7.77243334501322e-05,13.651274135109933,4,VB,VB,4,6,0,quit,56,10.063130209755002,563.5352917462801
roll,9.513023,-6.664438,946,61,7.77243334501322e-05,13.651274135109933,4,NN,NN,2,5,0,roll,54,10.115597629649137,546.2422720010534
bottle,10.694457,-9.4888525,947,61,7.77243334501322e-05,13.651274135109933,6,NN,NN,2,3,0,bottl,59,9.987842082450765,589.2826828645951
push,-22.859703,18.277103,948,61,7.77243334501322e-05,13.651274135109933,4,VB,VB,2,4,0,push,55,10.089125418287946,554.901898005837
dundies,-1.6454849,-20.934797,949,61,7.77243334501322e-05,13.651274135109933,7,NN,NNS,1,3,0,dundi,56,10.063130209755002,563.5352917462801
extra,1.5380375,-16.483849,950,61,7.77243334501322e-05,13.651274135109933,5,JJ,JJ,2,2,0,extra,60,9.963594536204088,597.8156721722453
interview,3.6369426,-12.127419,951,61,7.77243334501322e-05,13.651274135109933,9,NN,NN,1,2,0,interview,60,9.963594536204088,597.8156721722453
scared,-2.2345977,7.0306077,952,61,7.77243334501322e-05,13.651274135109933,6,VB,VBN,3,4,0,scare,56,10.063130209755002,563.5352917462801
shoot,9.354745,4.0921955,953,61,7.77243334501322e-05,13.651274135109933,5,NN,NN,3,6,0,shoot,58,10.012504136685033,580.7252399277319
college,3.4518838,0.67143714,954,61,7.77243334501322e-05,13.651274135109933,7,NN,NN,1,2,0,colleg,58,10.012504136685033,580.7252399277319
laughter,18.1306,10.499565,955,60,7.645016404931035e-05,13.675120877064302,8,NN,NN,2,3,0,laughter,59,9.987842082450765,589.2826828645951
spent,-23.588493,-7.5172467,956,60,7.645016404931035e-05,13.675120877064302,5,VB,VBD,2,4,0,spent,59,9.987842082450765,589.2826828645951
jump,-21.363861,19.005491,957,60,7.645016404931035e-05,13.675120877064302,4,VB,NN,3,5,0,jump,50,10.22662894203788,511.331447101894
shoes,15.252414,-16.897497,958,60,7.645016404931035e-05,13.675120877064302,5,NN,NNS,1,2,0,shoe,58,10.012504136685033,580.7252399277319
cornell,12.766818,-6.6424212,959,60,7.645016404931035e-05,13.675120877064302,7,NN,NNP,1,2,0,cornel,56,10.063130209755002,563.5352917462801
imagine,-24.546043,13.540332,960,60,7.645016404931035e-05,13.675120877064302,7,VB,VB,3,5,0,imagin,59,9.987842082450765,589.2826828645951
during,9.545461,-20.030478,961,60,7.645016404931035e-05,13.675120877064302,6,IN,IN,1,1,1,dure,59,9.987842082450765,589.2826828645951
employees,10.009759,-17.856697,962,60,7.645016404931035e-05,13.675120877064302,9,NN,NNS,2,2,0,employe,59,9.987842082450765,589.2826828645951
king,3.3529515,-14.997358,963,60,7.645016404931035e-05,13.675120877064302,4,NN,NNP,2,3,0,king,53,10.142564677249407,537.5559278942186
hugs,24.336266,4.8655148,964,60,7.645016404931035e-05,13.675120877064302,4,NN,NNS,2,7,0,hug,59,9.987842082450765,589.2826828645951
tiny,-0.6025543,-7.1315255,965,60,7.645016404931035e-05,13.675120877064302,4,JJ,JJ,2,2,0,tini,56,10.063130209755002,563.5352917462801
explain,-25.12,12.175912,966,59,7.517599464848852e-05,13.699368423310979,7,VB,VB,2,3,0,explain,56,10.063130209755002,563.5352917462801
stands,23.221525,-1.6635525,967,59,7.517599464848852e-05,13.699368423310979,6,VB,VBZ,2,2,0,stand,59,9.987842082450765,589.2826828645951
dress,6.89337,-7.773072,968,59,7.517599464848852e-05,13.699368423310979,5,NN,NN,3,4,0,dress,58,10.012504136685033,580.7252399277319
street,13.524331,-9.055142,969,59,7.517599464848852e-05,13.699368423310979,6,NN,NN,2,3,0,street,56,10.063130209755002,563.5352917462801
stick,-20.314262,18.614367,970,59,7.517599464848852e-05,13.699368423310979,5,NN,NN,3,5,0,stick,58,10.012504136685033,580.7252399277319
loves,-18.815508,-2.921801,971,59,7.517599464848852e-05,13.699368423310979,5,VB,VBZ,2,4,0,love,54,10.115597629649137,546.2422720010534
husband,19.207935,-20.208246,972,59,7.517599464848852e-05,13.699368423310979,7,NN,NN,1,1,0,husband,56,10.063130209755002,563.5352917462801
punch,-22.37744,17.294666,973,59,7.517599464848852e-05,13.699368423310979,5,NN,NN,3,4,0,punch,51,10.19805978984111,520.1010492818966
plus,2.031946,-3.470868,974,58,7.390182524766668e-05,13.724030477545249,4,CC,CC,3,3,0,plu,57,10.037595117647864,572.1429217059283
arm,21.493786,-3.4644063,975,58,7.390182524766668e-05,13.724030477545249,3,NN,NN,3,4,0,arm,57,10.037595117647864,572.1429217059283
dundermifflin,10.539487,-11.7406435,976,58,7.390182524766668e-05,13.724030477545249,13,NN,NNP,3,4,0,dundermifflin,58,10.012504136685033,580.7252399277319
pregnant,-5.3618884,5.4015217,977,58,7.390182524766668e-05,13.724030477545249,8,JJ,JJ,3,4,0,pregnant,56,10.063130209755002,563.5352917462801
super,-6.5152473,-1.6568557,978,58,7.390182524766668e-05,13.724030477545249,5,JJ,JJ,4,7,0,super,54,10.115597629649137,546.2422720010534
longer,-4.896305,-8.192566,979,58,7.390182524766668e-05,13.724030477545249,6,RB,JJR,3,4,0,longer,57,10.037595117647864,572.1429217059283
leads,8.366019,-14.014749,980,58,7.390182524766668e-05,13.724030477545249,5,NN,NNS,2,2,0,lead,52,10.170045413671513,528.8423615109186
confused,13.495757,11.0229,981,58,7.390182524766668e-05,13.724030477545249,8,VB,JJ,2,3,0,confus,54,10.115597629649137,546.2422720010534
accounting,16.156597,-1.2551295,982,58,7.390182524766668e-05,13.724030477545249,10,NN,NN,2,3,0,account,54,10.115597629649137,546.2422720010534
wonder,-17.281857,1.1465074,983,57,7.262765584684484e-05,13.749121458508078,6,VB,VBP,3,5,0,wonder,55,10.089125418287946,554.901898005837
fault,20.72889,-21.285324,984,57,7.262765584684484e-05,13.749121458508078,5,NN,NN,2,2,0,fault,56,10.063130209755002,563.5352917462801
space,7.728361,-11.933024,985,57,7.262765584684484e-05,13.749121458508078,5,NN,NN,1,2,0,space,55,10.089125418287946,554.901898005837
yesterday,-0.7733596,-0.9947258,986,57,7.262765584684484e-05,13.749121458508078,9,NN,NN,1,1,0,yesterday,56,10.063130209755002,563.5352917462801
worse,-11.367413,-14.968864,987,57,7.262765584684484e-05,13.749121458508078,5,JJ,JJR,3,5,0,wors,56,10.063130209755002,563.5352917462801
2,7.14691,-14.866502,988,57,7.262765584684484e-05,13.749121458508078,1,CD,CD,1,1,0,2,54,10.115597629649137,546.2422720010534
00,6.312916,-2.2919655,989,57,7.262765584684484e-05,13.749121458508078,2,CD,CD,1,1,0,00,50,10.22662894203788,511.331447101894
position,3.686858,-17.862568,990,57,7.262765584684484e-05,13.749121458508078,8,NN,NN,1,1,0,posit,55,10.089125418287946,554.901898005837
expect,-23.32723,10.792592,991,57,7.262765584684484e-05,13.749121458508078,6,VB,VB,2,3,0,expect,55,10.089125418287946,554.901898005837
usually,-12.797414,3.7195764,992,57,7.262765584684484e-05,13.749121458508078,7,RB,RB,1,1,0,usual,56,10.063130209755002,563.5352917462801
earlier,-6.98162,5.959037,993,57,7.262765584684484e-05,13.749121458508078,7,RB,RBR,3,4,0,earlier,57,10.037595117647864,572.1429217059283
donna,13.784418,7.919078,994,57,7.262765584684484e-05,13.749121458508078,5,NN,NNP,1,1,0,donna,45,10.37863203548293,467.03844159673184
broke,6.253035,-6.0124,995,57,7.262765584684484e-05,13.749121458508078,5,VB,VBD,4,4,0,broke,57,10.037595117647864,572.1429217059283
glasses,19.998676,-3.9243855,996,56,7.1353486446023e-05,13.774656550615216,7,NN,NNS,2,3,0,glass,51,10.19805978984111,520.1010492818966
monster,-0.41678002,-6.4420943,997,56,7.1353486446023e-05,13.774656550615216,7,NN,NN,2,4,0,monster,50,10.22662894203788,511.331447101894
screen,17.723148,-4.6404595,998,56,7.1353486446023e-05,13.774656550615216,6,NN,NN,2,3,0,screen,53,10.142564677249407,537.5559278942186
meant,-15.454826,1.6114236,999,56,7.1353486446023e-05,13.774656550615216,5,VB,VBP,3,7,0,meant,55,10.089125418287946,554.901898005837
breath,16.975683,-12.937182,1000,56,7.1353486446023e-05,13.774656550615216,6,NN,NN,1,1,0,breath,55,10.089125418287946,554.901898005837
claps,19.760586,7.913297,1001,56,7.1353486446023e-05,13.774656550615216,5,NN,NNS,2,3,0,clap,55,10.089125418287946,554.901898005837
realize,-20.871761,7.1664677,1002,56,7.1353486446023e-05,13.774656550615216,7,VB,VB,1,2,0,realiz,56,10.063130209755002,563.5352917462801
honest,-27.896076,0.6911652,1003,56,7.1353486446023e-05,13.774656550615216,6,JJ,JJS,4,6,0,honest,56,10.063130209755002,563.5352917462801
continues,19.65618,7.159661,1004,56,7.1353486446023e-05,13.774656550615216,9,VB,VBZ,2,3,0,continu,55,10.089125418287946,554.901898005837
upset,-6.8310175,5.0143127,1005,56,7.1353486446023e-05,13.774656550615216,5,JJ,JJ,3,6,0,upset,51,10.19805978984111,520.1010492818966
wine,8.471442,-11.563009,1006,56,7.1353486446023e-05,13.774656550615216,4,NN,NN,3,5,0,wine,53,10.142564677249407,537.5559278942186
bear,1.6690474,-6.2300153,1007,56,7.1353486446023e-05,13.774656550615216,4,NN,NN,4,6,0,bear,50,10.22662894203788,511.331447101894
liked,-23.815273,0.292303,1008,55,7.007931704520116e-05,13.800651759148161,5,VB,VBD,2,3,0,like,50,10.22662894203788,511.331447101894
board,11.676271,-11.463869,1009,55,7.007931704520116e-05,13.800651759148161,5,NN,NN,1,2,0,board,55,10.089125418287946,554.901898005837
pause,-1.9948766,-2.39536,1010,55,7.007931704520116e-05,13.800651759148161,5,NN,NN,5,6,0,paus,53,10.142564677249407,537.5559278942186
honestly,-15.409845,5.7389655,1011,55,7.007931704520116e-05,13.800651759148161,8,RB,RB,2,2,0,honestli,55,10.089125418287946,554.901898005837
chocolate,4.2496567,-8.678251,1012,55,7.007931704520116e-05,13.800651759148161,9,NN,NN,3,5,0,chocol,49,10.255775287697398,502.5329890971725
clark,16.612549,9.297947,1013,55,7.007931704520116e-05,13.800651759148161,5,NN,NNP,3,4,0,clark,53,10.142564677249407,537.5559278942186
seconds,-0.6575445,-23.693367,1014,55,7.007931704520116e-05,13.800651759148161,7,NN,NNS,2,4,0,second,52,10.170045413671513,528.8423615109186
todd,15.767709,7.047527,1015,55,7.007931704520116e-05,13.800651759148161,4,NN,NNP,2,3,0,todd,51,10.19805978984111,520.1010492818966
trouble,5.021449,-17.786688,1016,55,7.007931704520116e-05,13.800651759148161,7,NN,NN,2,2,0,troubl,55,10.089125418287946,554.901898005837
cover,-20.720798,16.734814,1017,55,7.007931704520116e-05,13.800651759148161,5,VB,VB,2,4,0,cover,55,10.089125418287946,554.901898005837
chicken,9.3050375,-11.825399,1018,55,7.007931704520116e-05,13.800651759148161,7,NN,NN,3,6,0,chicken,50,10.22662894203788,511.331447101894
road,13.872007,-9.750442,1019,55,7.007931704520116e-05,13.800651759148161,4,NN,NN,1,2,0,road,54,10.115597629649137,546.2422720010534
tree,8.646862,-9.642262,1020,55,7.007931704520116e-05,13.800651759148161,4,NN,NN,3,3,0,tree,47,10.315896280134968,484.8471251663435
nervous,-6.8484926,4.9697638,1021,55,7.007931704520116e-05,13.800651759148161,7,JJ,JJ,2,2,0,nervou,52,10.170045413671513,528.8423615109186
15,-0.239721,-24.14089,1022,55,7.007931704520116e-05,13.800651759148161,2,CD,CD,1,1,0,15,51,10.19805978984111,520.1010492818966
character,-0.376037,-11.206577,1023,55,7.007931704520116e-05,13.800651759148161,9,NN,NN,1,1,0,charact,51,10.19805978984111,520.1010492818966
blue,3.9547827,-8.813538,1024,55,7.007931704520116e-05,13.800651759148161,4,NN,JJ,3,5,0,blue,55,10.089125418287946,554.901898005837
interested,-5.9155188,7.115933,1025,55,7.007931704520116e-05,13.800651759148161,10,JJ,JJ,2,3,0,interest,52,10.170045413671513,528.8423615109186
elevator,10.932167,-6.4616776,1026,55,7.007931704520116e-05,13.800651759148161,8,NN,NN,2,3,0,elev,52,10.170045413671513,528.8423615109186
employee,2.8442369,-16.320135,1027,55,7.007931704520116e-05,13.800651759148161,8,NN,NN,1,2,0,employe,52,10.170045413671513,528.8423615109186
engaged,-4.3927603,8.215671,1028,55,7.007931704520116e-05,13.800651759148161,7,VB,VBN,3,4,0,engag,54,10.115597629649137,546.2422720010534
candy,9.484717,-7.61505,1029,55,7.007931704520116e-05,13.800651759148161,5,NN,NN,3,3,0,candi,52,10.170045413671513,528.8423615109186
theyre,-2.191567,-18.83229,1030,55,7.007931704520116e-05,13.800651759148161,6,NN,NNP,3,6,0,theyr,52,10.170045413671513,528.8423615109186
20,-1.141347,-23.920567,1031,54,6.880514764437932e-05,13.827123970509351,2,CD,CD,1,1,0,20,49,10.255775287697398,502.5329890971725
history,0.27111155,-15.852375,1032,54,6.880514764437932e-05,13.827123970509351,7,NN,NN,1,2,0,histori,51,10.19805978984111,520.1010492818966
prison,-2.310877,-5.390935,1033,54,6.880514764437932e-05,13.827123970509351,6,NN,NN,2,3,0,prison,41,10.512933127194522,431.0302582149754
plays,19.011421,4.900043,1034,54,6.880514764437932e-05,13.827123970509351,5,VB,VBZ,2,2,0,play,52,10.170045413671513,528.8423615109186
service,1.1915821,-18.37701,1035,54,6.880514764437932e-05,13.827123970509351,7,NN,NN,2,3,0,servic,52,10.170045413671513,528.8423615109186
catch,-23.344389,16.985567,1036,54,6.880514764437932e-05,13.827123970509351,5,VB,VB,2,4,0,catch,51,10.19805978984111,520.1010492818966
shake,10.25737,5.3700852,1037,54,6.880514764437932e-05,13.827123970509351,5,VB,VB,2,4,0,shake,46,10.346923175755592,475.9584660847572
join,-24.40618,17.930763,1038,54,6.880514764437932e-05,13.827123970509351,4,VB,VB,2,4,0,join,54,10.115597629649137,546.2422720010534
test,2.6570897,-13.2551155,1039,54,6.880514764437932e-05,13.827123970509351,4,NN,NN,2,4,0,test,52,10.170045413671513,528.8423615109186
copy,6.645519,-12.962675,1040,54,6.880514764437932e-05,13.827123970509351,4,NN,NN,2,4,0,copi,51,10.19805978984111,520.1010492818966
apparently,0.29022276,-5.194039,1041,53,6.753097824355749e-05,13.85409101810962,10,RB,RB,1,1,0,appar,53,10.142564677249407,537.5559278942186
record,2.7227247,-12.707362,1042,53,6.753097824355749e-05,13.85409101810962,6,NN,NN,2,2,0,record,51,10.19805978984111,520.1010492818966
straight,4.54038,0.43203917,1043,53,6.753097824355749e-05,13.85409101810962,8,VB,JJ,5,8,0,straight,50,10.22662894203788,511.331447101894
lie,-21.645367,12.352736,1044,53,6.753097824355749e-05,13.85409101810962,3,VB,VB,2,6,0,lie,48,10.28552263109145,493.7050862923896
afternoon,-1.9967405,-14.249561,1045,53,6.753097824355749e-05,13.85409101810962,9,NN,NN,1,2,0,afternoon,53,10.142564677249407,537.5559278942186
knock,18.588545,7.246727,1046,53,6.753097824355749e-05,13.85409101810962,5,NN,NN,2,5,0,knock,40,10.548557036925244,421.9422814770098
literally,-11.718844,4.046088,1047,53,6.753097824355749e-05,13.85409101810962,9,RB,RB,2,2,0,liter,53,10.142564677249407,537.5559278942186
copier,10.103923,-15.3338785,1048,53,6.753097824355749e-05,13.85409101810962,6,NN,NN,3,4,0,copier,51,10.19805978984111,520.1010492818966
pounds,-0.39399847,-23.138456,1049,53,6.753097824355749e-05,13.85409101810962,6,NN,NNS,2,2,0,pound,49,10.255775287697398,502.5329890971725
falls,22.413986,-2.150676,1050,53,6.753097824355749e-05,13.85409101810962,5,VB,VBZ,2,3,0,fall,50,10.22662894203788,511.331447101894
simple,-4.480471,-3.4608357,1051,53,6.753097824355749e-05,13.85409101810962,6,JJ,JJ,2,3,0,simpl,52,10.170045413671513,528.8423615109186
smell,-16.755117,3.8543258,1052,53,6.753097824355749e-05,13.85409101810962,5,VB,VB,2,5,0,smell,49,10.255775287697398,502.5329890971725
awful,-7.471455,3.4969532,1053,53,6.753097824355749e-05,13.85409101810962,5,JJ,JJ,3,3,0,aw,51,10.19805978984111,520.1010492818966
sandwich,7.9663506,-10.509835,1054,53,6.753097824355749e-05,13.85409101810962,8,NN,NN,3,4,0,sandwich,48,10.28552263109145,493.7050862923896
key,6.50625,-10.383838,1055,53,6.753097824355749e-05,13.85409101810962,3,NN,NN,3,5,0,key,50,10.22662894203788,511.331447101894
5,6.2045016,-2.4244547,1056,53,6.753097824355749e-05,13.85409101810962,1,CD,CD,1,1,0,5,47,10.315896280134968,484.8471251663435
died,-21.097681,-5.6919303,1057,52,6.625680884273564e-05,13.881571754531729,4,VB,VBD,1,2,0,die,49,10.255775287697398,502.5329890971725
become,-19.534632,12.828559,1058,52,6.625680884273564e-05,13.881571754531729,6,VB,VB,3,5,0,becom,48,10.28552263109145,493.7050862923896
corner,11.279203,-15.200886,1059,52,6.625680884273564e-05,13.881571754531729,6,NN,NN,2,3,0,corner,48,10.28552263109145,493.7050862923896
philly,3.227331,1.5631388,1060,52,6.625680884273564e-05,13.881571754531729,6,NN,NNP,2,2,0,philli,50,10.22662894203788,511.331447101894
beet,5.811384,-15.378487,1061,52,6.625680884273564e-05,13.881571754531729,4,NN,NN,2,2,0,beet,44,10.411053513175307,458.08635457971354
race,2.0388436,-6.1347523,1062,52,6.625680884273564e-05,13.881571754531729,4,NN,NN,1,2,0,race,48,10.28552263109145,493.7050862923896
act,-13.998603,4.098908,1063,52,6.625680884273564e-05,13.881571754531729,3,NN,NN,3,5,0,act,50,10.22662894203788,511.331447101894
others,6.006783,0.44598785,1064,52,6.625680884273564e-05,13.881571754531729,6,NN,NNS,2,3,0,other,49,10.255775287697398,502.5329890971725
vance,16.796759,6.093114,1065,52,6.625680884273564e-05,13.881571754531729,5,NN,NNP,1,2,0,vanc,43,10.444220377110508,449.10147621575186
imitating,18.979904,8.385725,1066,52,6.625680884273564e-05,13.881571754531729,9,VB,VBG,2,2,0,imit,52,10.170045413671513,528.8423615109186
file,7.749985,-9.283599,1067,52,6.625680884273564e-05,13.881571754531729,4,NN,NN,3,5,0,file,47,10.315896280134968,484.8471251663435
valentine,7.1320534,-23.270634,1068,52,6.625680884273564e-05,13.881571754531729,9,NN,NNP,1,2,0,valentin,50,10.22662894203788,511.331447101894
giggles,17.452307,11.065979,1069,52,6.625680884273564e-05,13.881571754531729,7,NN,NNS,2,3,0,giggl,51,10.19805978984111,520.1010492818966
committee,4.6901917,-15.2020235,1070,52,6.625680884273564e-05,13.881571754531729,9,NN,NN,1,2,0,committe,49,10.255775287697398,502.5329890971725
honey,15.083305,11.846954,1071,52,6.625680884273564e-05,13.881571754531729,5,NN,NN,3,4,0,honey,51,10.19805978984111,520.1010492818966
finish,-22.85688,18.799883,1072,52,6.625680884273564e-05,13.881571754531729,6,VB,VB,4,5,0,finish,50,10.22662894203788,511.331447101894
la,20.337406,5.8969164,1073,51,6.49826394419138e-05,13.909586130701324,2,NN,NNP,4,5,0,la,21,11.478167709033846,241.04152188971076
shower,0.8872983,-6.3719835,1074,51,6.49826394419138e-05,13.909586130701324,6,NN,NN,3,4,0,shower,43,10.444220377110508,449.10147621575186
arms,16.093935,-12.587263,1075,51,6.49826394419138e-05,13.909586130701324,4,NN,NNS,1,1,0,arm,48,10.28552263109145,493.7050862923896
living,3.2642622,1.1222162,1076,51,6.49826394419138e-05,13.909586130701324,6,NN,NN,3,3,0,live,48,10.28552263109145,493.7050862923896
form,3.7410126,-16.995134,1077,51,6.49826394419138e-05,13.909586130701324,4,NN,NN,2,3,0,form,51,10.19805978984111,520.1010492818966
carol,15.524611,9.889204,1078,51,6.49826394419138e-05,13.909586130701324,5,NN,NNP,3,4,0,carol,46,10.346923175755592,475.9584660847572
romantic,-5.0553584,-5.427,1079,51,6.49826394419138e-05,13.909586130701324,8,JJ,JJ,1,1,0,romant,49,10.255775287697398,502.5329890971725
closed,5.3591256,-4.9290347,1080,51,6.49826394419138e-05,13.909586130701324,6,VB,VBD,2,3,0,close,48,10.28552263109145,493.7050862923896
lead,-21.476204,16.867695,1081,51,6.49826394419138e-05,13.909586130701324,4,NN,NN,3,5,0,lead,48,10.28552263109145,493.7050862923896
forever,5.360066,0.3039184,1082,51,6.49826394419138e-05,13.909586130701324,7,RB,RB,3,3,0,forev,50,10.22662894203788,511.331447101894
disgusting,-5.8091373,3.9858317,1083,51,6.49826394419138e-05,13.909586130701324,10,VB,VBG,3,3,0,disgust,50,10.22662894203788,511.331447101894
hat,11.194591,-7.7988353,1084,51,6.49826394419138e-05,13.909586130701324,3,NN,NN,5,5,0,hat,45,10.37863203548293,467.03844159673184
finger,20.923805,-3.6995087,1085,51,6.49826394419138e-05,13.909586130701324,6,NN,NN,4,6,0,finger,47,10.315896280134968,484.8471251663435
fax,-22.178152,18.416975,1086,51,6.49826394419138e-05,13.909586130701324,3,NN,NN,2,5,0,fax,43,10.444220377110508,449.10147621575186
invited,-24.440649,-0.52875173,1087,51,6.49826394419138e-05,13.909586130701324,7,VB,VBD,2,3,0,invit,42,10.478167709033846,440.08304377942153
uhhuh,-0.87017477,-1.3502536,1088,51,6.49826394419138e-05,13.909586130701324,5,JJ,JJ,2,2,0,uhhuh,50,10.22662894203788,511.331447101894
state,4.7743454,-13.74062,1089,50,6.370847004109197e-05,13.938155282898096,5,NN,NN,1,2,0,state,47,10.315896280134968,484.8471251663435
hire,-23.378056,14.365048,1090,50,6.370847004109197e-05,13.938155282898096,4,VB,VB,2,4,0,hire,50,10.22662894203788,511.331447101894
sing,-21.043396,16.0462,1091,50,6.370847004109197e-05,13.938155282898096,4,VB,VBG,1,3,0,sing,47,10.315896280134968,484.8471251663435
looked,7.8551702,3.820936,1092,50,6.370847004109197e-05,13.938155282898096,6,VB,VBD,1,2,0,look,48,10.28552263109145,493.7050862923896
total,-1.083217,-6.098771,1093,50,6.370847004109197e-05,13.938155282898096,5,JJ,JJ,2,3,0,total,47,10.315896280134968,484.8471251663435
toward,23.699265,0.5714206,1094,50,6.370847004109197e-05,13.938155282898096,6,IN,IN,1,1,0,toward,50,10.22662894203788,511.331447101894
bleep,17.361103,10.262731,1095,50,6.370847004109197e-05,13.938155282898096,5,NN,NN,3,4,0,bleep,45,10.37863203548293,467.03844159673184
smile,10.297588,4.4605327,1096,50,6.370847004109197e-05,13.938155282898096,5,NN,NN,3,5,0,smile,48,10.28552263109145,493.7050862923896
names,-3.5251794,-20.636913,1097,50,6.370847004109197e-05,13.938155282898096,5,NN,NNS,3,3,0,name,43,10.444220377110508,449.10147621575186
safe,-12.4574995,4.7227473,1098,50,6.370847004109197e-05,13.938155282898096,4,JJ,JJ,2,2,0,safe,48,10.28552263109145,493.7050862923896
tie,5.890621,-8.794268,1099,50,6.370847004109197e-05,13.938155282898096,3,NN,NN,3,7,0,tie,49,10.255775287697398,502.5329890971725
private,4.129789,-13.77507,1100,50,6.370847004109197e-05,13.938155282898096,7,JJ,JJ,1,1,0,privat,47,10.315896280134968,484.8471251663435
blow,-22.225739,18.037846,1101,50,6.370847004109197e-05,13.938155282898096,4,VB,VB,3,5,0,blow,48,10.28552263109145,493.7050862923896
training,-1.2691219,-13.647858,1102,50,6.370847004109197e-05,13.938155282898096,8,NN,NN,2,3,0,train,49,10.255775287697398,502.5329890971725
changed,-24.064207,-6.079114,1103,50,6.370847004109197e-05,13.938155282898096,7,VB,VBD,2,4,0,chang,50,10.22662894203788,511.331447101894
rather,-17.279577,10.692855,1104,50,6.370847004109197e-05,13.938155282898096,6,RB,RB,2,2,0,rather,49,10.255775287697398,502.5329890971725
experience,-1.7519364,-16.24208,1105,50,6.370847004109197e-05,13.938155282898096,10,NN,NN,3,4,0,experi,48,10.28552263109145,493.7050862923896
known,-16.030909,-10.639397,1106,50,6.370847004109197e-05,13.938155282898096,5,VB,VBN,2,3,0,known,49,10.255775287697398,502.5329890971725
lying,-5.163985,6.4973526,1107,50,6.370847004109197e-05,13.938155282898096,5,VB,VBG,2,2,0,lie,48,10.28552263109145,493.7050862923896
light,9.1180935,-10.40059,1108,50,6.370847004109197e-05,13.938155282898096,5,NN,NN,3,5,0,light,47,10.315896280134968,484.8471251663435
double,1.0066605,-2.5441904,1109,50,6.370847004109197e-05,13.938155282898096,6,JJ,JJ,4,5,0,doubl,43,10.444220377110508,449.10147621575186
